method,ea_mode,chronological_order,prediction,probability_0,probability_1,loop_predictions
source_only_sinc,paper,0,0,0.5626382827758789,0.4373616874217987,[]
source_only_sinc,paper,1,1,0.4414365291595459,0.5585634708404541,[]
source_only_sinc,paper,2,0,0.5116087794303894,0.4883912205696106,[]
source_only_sinc,paper,3,0,0.5909600257873535,0.4090399146080017,[]
source_only_sinc,paper,4,0,0.5005168318748474,0.499483197927475,[]
source_only_sinc,paper,5,0,0.5836778879165649,0.41632214188575745,[]
source_only_sinc,paper,6,1,0.45234978199005127,0.5476502180099487,[]
source_only_sinc,paper,7,1,0.4575735628604889,0.5424264073371887,[]
source_only_sinc,paper,8,0,0.5249829888343811,0.4750169515609741,[]
source_only_sinc,paper,9,1,0.44386082887649536,0.5561392307281494,[]
source_only_sinc,paper,10,0,0.5983899235725403,0.40161004662513733,[]
source_only_sinc,paper,11,0,0.567733883857727,0.43226608633995056,[]
source_only_sinc,paper,12,1,0.4547504782676697,0.5452495217323303,[]
source_only_sinc,paper,13,0,0.5634524822235107,0.43654757738113403,[]
source_only_sinc,paper,14,0,0.5712477564811707,0.42875224351882935,[]
source_only_sinc,paper,15,0,0.5300143361091614,0.469985693693161,[]
source_only_sinc,paper,16,0,0.5635865926742554,0.436413437128067,[]
source_only_sinc,paper,17,1,0.44951486587524414,0.5504851341247559,[]
source_only_sinc,paper,18,0,0.5570632219314575,0.4429367482662201,[]
source_only_sinc,paper,19,1,0.45770150423049927,0.5422984957695007,[]
source_only_sinc,paper,20,1,0.4913575351238251,0.5086424946784973,[]
source_only_sinc,paper,21,0,0.595508873462677,0.4044911563396454,[]
source_only_sinc,paper,22,1,0.45960184931755066,0.540398120880127,[]
source_only_sinc,paper,23,1,0.47892317175865173,0.5210768580436707,[]
source_only_sinc,paper,24,1,0.49540475010871887,0.5045952796936035,[]
source_only_sinc,paper,25,0,0.5331557393074036,0.46684426069259644,[]
source_only_sinc,paper,26,0,0.5653023719787598,0.43469756841659546,[]
source_only_sinc,paper,27,1,0.4668639898300171,0.5331360101699829,[]
source_only_sinc,paper,28,1,0.45244890451431274,0.5475510358810425,[]
source_only_sinc,paper,29,1,0.4911711513996124,0.5088288187980652,[]
source_only_sinc,paper,30,0,0.5512028932571411,0.4487970769405365,[]
source_only_sinc,paper,31,1,0.49500036239624023,0.504999577999115,[]
source_only_sinc,paper,32,1,0.4747440814971924,0.5252559185028076,[]
source_only_sinc,paper,33,1,0.4760216772556305,0.5239783525466919,[]
source_only_sinc,paper,34,0,0.5199630260467529,0.48003697395324707,[]
source_only_sinc,paper,35,0,0.5538156628608704,0.44618430733680725,[]
source_only_sinc,paper,36,0,0.5908410549163818,0.4091589152812958,[]
source_only_sinc,paper,37,1,0.4910525977611542,0.5089474320411682,[]
source_only_sinc,paper,38,0,0.5479132533073425,0.45208677649497986,[]
source_only_sinc,paper,39,1,0.48531702160835266,0.5146830081939697,[]
source_only_sinc,paper,40,1,0.4551486670970917,0.5448513627052307,[]
source_only_sinc,paper,41,0,0.5138034820556641,0.48619651794433594,[]
source_only_sinc,paper,42,1,0.45398181676864624,0.5460181832313538,[]
source_only_sinc,paper,43,0,0.523470938205719,0.4765290319919586,[]
source_only_sinc,paper,44,1,0.46205031871795654,0.5379496812820435,[]
source_only_sinc,paper,45,1,0.4778491258621216,0.5221508741378784,[]
source_only_sinc,paper,46,1,0.46091872453689575,0.5390812754631042,[]
source_only_sinc,paper,47,0,0.5828690528869629,0.4171310067176819,[]
source_only_sinc,paper,48,0,0.5644292831420898,0.43557074666023254,[]
source_only_sinc,paper,49,1,0.46829649806022644,0.5317034721374512,[]
source_only_sinc,paper,50,1,0.47814854979515076,0.5218514204025269,[]
source_only_sinc,paper,51,0,0.5672092437744141,0.43279075622558594,[]
source_only_sinc,paper,52,0,0.5584846138954163,0.44151538610458374,[]
source_only_sinc,paper,53,1,0.46277374029159546,0.5372262597084045,[]
source_only_sinc,paper,54,0,0.5980494618415833,0.401950478553772,[]
source_only_sinc,paper,55,0,0.578758180141449,0.421241819858551,[]
source_only_sinc,paper,56,1,0.48101332783699036,0.518986701965332,[]
source_only_sinc,paper,57,0,0.5018031001091003,0.49819695949554443,[]
source_only_sinc,paper,58,1,0.47461646795272827,0.5253835320472717,[]
source_only_sinc,paper,59,1,0.47310662269592285,0.5268933773040771,[]
source_only_sinc,paper,60,0,0.5557547807693481,0.44424527883529663,[]
source_only_sinc,paper,61,1,0.49562421441078186,0.5043757557868958,[]
source_only_sinc,paper,62,0,0.5021220445632935,0.49787795543670654,[]
source_only_sinc,paper,63,0,0.6113124489784241,0.38868752121925354,[]
source_only_sinc,paper,64,1,0.48583152890205383,0.5141684412956238,[]
source_only_sinc,paper,65,0,0.6046505570411682,0.3953494429588318,[]
source_only_sinc,paper,66,1,0.467990905046463,0.5320090651512146,[]
source_only_sinc,paper,67,1,0.45663201808929443,0.5433679819107056,[]
source_only_sinc,paper,68,1,0.4793531000614166,0.5206469297409058,[]
source_only_sinc,paper,69,1,0.4741150140762329,0.5258849859237671,[]
source_only_sinc,paper,70,1,0.46861445903778076,0.531385600566864,[]
source_only_sinc,paper,71,0,0.5058878660202026,0.49411219358444214,[]
source_only_sinc,paper,72,1,0.4705272316932678,0.5294727683067322,[]
source_only_sinc,paper,73,1,0.4825422167778015,0.5174577236175537,[]
source_only_sinc,paper,74,0,0.5008458495140076,0.49915412068367004,[]
source_only_sinc,paper,75,0,0.5203010439872742,0.47969895601272583,[]
source_only_sinc,paper,76,1,0.4560320973396301,0.5439679622650146,[]
source_only_sinc,paper,77,1,0.47662049531936646,0.5233795046806335,[]
source_only_sinc,paper,78,1,0.4809678792953491,0.5190321207046509,[]
source_only_sinc,paper,79,1,0.4568950831890106,0.5431049466133118,[]
source_only_sinc,paper,80,1,0.4964990019798279,0.5035009980201721,[]
source_only_sinc,paper,81,1,0.45595213770866394,0.5440478324890137,[]
source_only_sinc,paper,82,1,0.4912717640399933,0.5087282061576843,[]
source_only_sinc,paper,83,1,0.4767133295536041,0.5232866406440735,[]
source_only_sinc,paper,84,1,0.4862404763698578,0.5137595534324646,[]
source_only_sinc,paper,85,1,0.47885188460350037,0.5211480855941772,[]
source_only_sinc,paper,86,0,0.5531347393989563,0.4468652904033661,[]
source_only_sinc,paper,87,0,0.5809853672981262,0.41901466250419617,[]
source_only_sinc,paper,88,1,0.46348944306373596,0.5365105867385864,[]
source_only_sinc,paper,89,0,0.5680519938468933,0.4319480359554291,[]
source_only_sinc,paper,90,1,0.4649503827095032,0.5350496768951416,[]
source_only_sinc,paper,91,1,0.4851498305797577,0.5148501396179199,[]
source_only_sinc,paper,92,0,0.5126912593841553,0.4873088002204895,[]
source_only_sinc,paper,93,0,0.5029436945915222,0.49705633521080017,[]
source_only_sinc,paper,94,1,0.47476592659950256,0.5252341032028198,[]
source_only_sinc,paper,95,0,0.5588182210922241,0.4411817789077759,[]
source_only_sinc,paper,96,1,0.4676171541213989,0.5323827862739563,[]
source_only_sinc,paper,97,1,0.4956818222999573,0.504318118095398,[]
source_only_sinc,paper,98,1,0.47224101424217224,0.5277589559555054,[]
source_only_sinc,paper,99,1,0.45976048707962036,0.5402395129203796,[]
source_only_sinc,paper,100,1,0.48836347460746765,0.5116365551948547,[]
source_only_sinc,paper,101,0,0.5143901705741882,0.48560985922813416,[]
source_only_sinc,paper,102,0,0.5006083250045776,0.49939167499542236,[]
source_only_sinc,paper,103,1,0.4667789041996002,0.5332210659980774,[]
source_only_sinc,paper,104,1,0.46728333830833435,0.5327166318893433,[]
source_only_sinc,paper,105,1,0.47712084650993347,0.5228791832923889,[]
source_only_sinc,paper,106,1,0.4840109050273895,0.5159890651702881,[]
source_only_sinc,paper,107,1,0.4922996163368225,0.5077003240585327,[]
source_only_sinc,paper,108,1,0.45181363821029663,0.5481863617897034,[]
source_only_sinc,paper,109,1,0.47949376702308655,0.5205062031745911,[]
source_only_sinc,paper,110,1,0.47283443808555603,0.5271655917167664,[]
source_only_sinc,paper,111,1,0.4967520236968994,0.5032479763031006,[]
source_only_sinc,paper,112,1,0.488070011138916,0.511929988861084,[]
source_only_sinc,paper,113,1,0.4872261583805084,0.512773871421814,[]
source_only_sinc,paper,114,1,0.4741898477077484,0.525810182094574,[]
source_only_sinc,paper,115,1,0.47782644629478455,0.5221735239028931,[]
source_only_sinc,paper,116,1,0.4538511335849762,0.5461488962173462,[]
source_only_sinc,paper,117,0,0.5004690885543823,0.4995308518409729,[]
source_only_sinc,paper,118,1,0.423777312040329,0.5762227177619934,[]
source_only_sinc,paper,119,0,0.5024418234825134,0.4975581765174866,[]
source_only_sinc,paper,120,1,0.4836854636669159,0.5163145661354065,[]
source_only_sinc,paper,121,1,0.47765424847602844,0.522345781326294,[]
source_only_sinc,paper,122,1,0.47753509879112244,0.5224648714065552,[]
source_only_sinc,paper,123,1,0.4922730624675751,0.5077269673347473,[]
source_only_sinc,paper,124,1,0.47577446699142456,0.5242255330085754,[]
source_only_sinc,paper,125,1,0.48063457012176514,0.5193654298782349,[]
source_only_sinc,paper,126,1,0.47593334317207336,0.5240666270256042,[]
source_only_sinc,paper,127,0,0.5002586841583252,0.4997413158416748,[]
source_only_sinc,paper,128,1,0.457838773727417,0.542161226272583,[]
source_only_sinc,paper,129,1,0.4501548409461975,0.5498451590538025,[]
source_only_sinc,paper,130,1,0.4578062891960144,0.5421936511993408,[]
source_only_sinc,paper,131,1,0.48224887251853943,0.517751157283783,[]
source_only_sinc,paper,132,1,0.4724293649196625,0.5275706052780151,[]
source_only_sinc,paper,133,1,0.480438232421875,0.519561767578125,[]
source_only_sinc,paper,134,1,0.46147504448890686,0.5385249853134155,[]
source_only_sinc,paper,135,1,0.4723381996154785,0.5276618003845215,[]
source_only_sinc,paper,136,1,0.4907776415348053,0.5092223882675171,[]
source_only_sinc,paper,137,0,0.5187860131263733,0.4812139868736267,[]
source_only_sinc,paper,138,1,0.47558698058128357,0.524412989616394,[]
source_only_sinc,paper,139,1,0.49411219358444214,0.5058878660202026,[]
source_only_sinc,paper,140,1,0.49140629172325134,0.508593738079071,[]
source_only_sinc,paper,141,0,0.5225420594215393,0.4774579405784607,[]
source_only_sinc,paper,142,1,0.47656694054603577,0.5234330296516418,[]
source_only_sinc,paper,143,1,0.4850690960884094,0.5149309039115906,[]
btta_dg_official,paper,0,0,0.5626382827758789,0.4373616874217987,[]
btta_dg_official,paper,1,1,0.4414365291595459,0.5585634708404541,[]
btta_dg_official,paper,2,0,0.5116087794303894,0.4883912205696106,[]
btta_dg_official,paper,3,0,0.5909600257873535,0.4090399146080017,[]
btta_dg_official,paper,4,0,0.5005168318748474,0.499483197927475,[]
btta_dg_official,paper,5,0,0.5836778879165649,0.41632214188575745,[]
btta_dg_official,paper,6,1,0.45234978199005127,0.5476502180099487,[]
btta_dg_official,paper,7,1,0.4575735628604889,0.5424264073371887,[]
btta_dg_official,paper,8,0,0.5249829888343811,0.4750169515609741,[]
btta_dg_official,paper,9,1,0.44386082887649536,0.5561392307281494,[]
btta_dg_official,paper,10,0,0.5983899235725403,0.40161004662513733,[]
btta_dg_official,paper,11,0,0.567733883857727,0.43226608633995056,[]
btta_dg_official,paper,12,1,0.4547504782676697,0.5452495217323303,[]
btta_dg_official,paper,13,0,0.5634524822235107,0.43654757738113403,[]
btta_dg_official,paper,14,0,0.5712477564811707,0.42875224351882935,[]
btta_dg_official,paper,15,0,0.5300143361091614,0.469985693693161,[]
btta_dg_official,paper,16,0,0.5635865926742554,0.436413437128067,[]
btta_dg_official,paper,17,1,0.44951486587524414,0.5504851341247559,[]
btta_dg_official,paper,18,0,0.5570632219314575,0.4429367482662201,[]
btta_dg_official,paper,19,1,0.45770150423049927,0.5422984957695007,[]
btta_dg_official,paper,20,1,0.4913575351238251,0.5086424946784973,[]
btta_dg_official,paper,21,0,0.595508873462677,0.4044911563396454,[]
btta_dg_official,paper,22,1,0.45960184931755066,0.540398120880127,[]
btta_dg_official,paper,23,1,0.47892317175865173,0.5210768580436707,[]
btta_dg_official,paper,24,1,0.49540475010871887,0.5045952796936035,[]
btta_dg_official,paper,25,0,0.5331557393074036,0.46684426069259644,[]
btta_dg_official,paper,26,0,0.5653023719787598,0.43469756841659546,[]
btta_dg_official,paper,27,1,0.4668639898300171,0.5331360101699829,[]
btta_dg_official,paper,28,1,0.45244890451431274,0.5475510358810425,[]
btta_dg_official,paper,29,1,0.4911711513996124,0.5088288187980652,[]
btta_dg_official,paper,30,0,0.5512028932571411,0.4487970769405365,[]
btta_dg_official,paper,31,1,0.49500036239624023,0.504999577999115,[]
btta_dg_official,paper,32,1,0.4747440814971924,0.5252559185028076,[]
btta_dg_official,paper,33,1,0.4760216772556305,0.5239783525466919,[]
btta_dg_official,paper,34,0,0.5199630260467529,0.48003697395324707,[]
btta_dg_official,paper,35,0,0.5538156628608704,0.44618430733680725,[]
btta_dg_official,paper,36,0,0.5908410549163818,0.4091589152812958,[]
btta_dg_official,paper,37,1,0.4910525977611542,0.5089474320411682,[]
btta_dg_official,paper,38,0,0.5479132533073425,0.45208677649497986,[]
btta_dg_official,paper,39,1,0.48531702160835266,0.5146830081939697,[]
btta_dg_official,paper,40,1,0.4551486670970917,0.5448513627052307,[]
btta_dg_official,paper,41,0,0.5138034820556641,0.48619651794433594,[]
btta_dg_official,paper,42,1,0.45398181676864624,0.5460181832313538,[]
btta_dg_official,paper,43,0,0.523470938205719,0.4765290319919586,[]
btta_dg_official,paper,44,1,0.46205031871795654,0.5379496812820435,[]
btta_dg_official,paper,45,1,0.4778491258621216,0.5221508741378784,[]
btta_dg_official,paper,46,1,0.46091872453689575,0.5390812754631042,[]
btta_dg_official,paper,47,0,0.5828690528869629,0.4171310067176819,[]
btta_dg_official,paper,48,0,0.5644292831420898,0.43557074666023254,[]
btta_dg_official,paper,49,1,0.46829649806022644,0.5317034721374512,[]
btta_dg_official,paper,50,1,0.47814854979515076,0.5218514204025269,[]
btta_dg_official,paper,51,0,0.5672092437744141,0.43279075622558594,[]
btta_dg_official,paper,52,0,0.5584846138954163,0.44151538610458374,[]
btta_dg_official,paper,53,1,0.46277374029159546,0.5372262597084045,[]
btta_dg_official,paper,54,0,0.5980494618415833,0.401950478553772,[]
btta_dg_official,paper,55,0,0.578758180141449,0.421241819858551,[]
btta_dg_official,paper,56,1,0.48101332783699036,0.518986701965332,[]
btta_dg_official,paper,57,0,0.5018031001091003,0.49819695949554443,[]
btta_dg_official,paper,58,1,0.47461646795272827,0.5253835320472717,[]
btta_dg_official,paper,59,1,0.47310662269592285,0.5268933773040771,[]
btta_dg_official,paper,60,0,0.5557547807693481,0.44424527883529663,[]
btta_dg_official,paper,61,1,0.49562421441078186,0.5043757557868958,[]
btta_dg_official,paper,62,0,0.5021220445632935,0.49787795543670654,[]
btta_dg_official,paper,63,0,0.6113124489784241,0.38868752121925354,[]
btta_dg_official,paper,64,1,0.48583152890205383,0.5141684412956238,[]
btta_dg_official,paper,65,0,0.6046505570411682,0.3953494429588318,[]
btta_dg_official,paper,66,1,0.467990905046463,0.5320090651512146,[]
btta_dg_official,paper,67,1,0.45663201808929443,0.5433679819107056,[]
btta_dg_official,paper,68,1,0.4793531000614166,0.5206469297409058,[]
btta_dg_official,paper,69,1,0.4741150140762329,0.5258849859237671,[]
btta_dg_official,paper,70,1,0.46861445903778076,0.531385600566864,[]
btta_dg_official,paper,71,0,0.5058878660202026,0.49411219358444214,[]
btta_dg_official,paper,72,1,0.4705272316932678,0.5294727683067322,[]
btta_dg_official,paper,73,1,0.4825422167778015,0.5174577236175537,[]
btta_dg_official,paper,74,0,0.5008458495140076,0.49915412068367004,[]
btta_dg_official,paper,75,0,0.5203010439872742,0.47969895601272583,[]
btta_dg_official,paper,76,1,0.4560320973396301,0.5439679622650146,[]
btta_dg_official,paper,77,1,0.47662049531936646,0.5233795046806335,[]
btta_dg_official,paper,78,1,0.4809678792953491,0.5190321207046509,[]
btta_dg_official,paper,79,1,0.4568950831890106,0.5431049466133118,[]
btta_dg_official,paper,80,1,0.4964990019798279,0.5035009980201721,[]
btta_dg_official,paper,81,1,0.45595213770866394,0.5440478324890137,[]
btta_dg_official,paper,82,1,0.4912717640399933,0.5087282061576843,[]
btta_dg_official,paper,83,1,0.4767133295536041,0.5232866406440735,[]
btta_dg_official,paper,84,1,0.4862404763698578,0.5137595534324646,[]
btta_dg_official,paper,85,1,0.47885188460350037,0.5211480855941772,[]
btta_dg_official,paper,86,0,0.5531347393989563,0.4468652904033661,[]
btta_dg_official,paper,87,0,0.5809853672981262,0.41901466250419617,[]
btta_dg_official,paper,88,1,0.46348944306373596,0.5365105867385864,[]
btta_dg_official,paper,89,0,0.5680519938468933,0.4319480359554291,[]
btta_dg_official,paper,90,1,0.4649503827095032,0.5350496768951416,[]
btta_dg_official,paper,91,1,0.4851498305797577,0.5148501396179199,[]
btta_dg_official,paper,92,0,0.5126912593841553,0.4873088002204895,[]
btta_dg_official,paper,93,0,0.5029436945915222,0.49705633521080017,[]
btta_dg_official,paper,94,1,0.47476592659950256,0.5252341032028198,[]
btta_dg_official,paper,95,0,0.5588182210922241,0.4411817789077759,[]
btta_dg_official,paper,96,1,0.4676171541213989,0.5323827862739563,[]
btta_dg_official,paper,97,1,0.4956818222999573,0.504318118095398,[]
btta_dg_official,paper,98,1,0.47224101424217224,0.5277589559555054,[]
btta_dg_official,paper,99,1,0.45976048707962036,0.5402395129203796,[]
btta_dg_official,paper,100,1,0.48836347460746765,0.5116365551948547,[]
btta_dg_official,paper,101,0,0.5143901705741882,0.48560985922813416,[]
btta_dg_official,paper,102,0,0.5006083250045776,0.49939167499542236,[]
btta_dg_official,paper,103,1,0.4667789041996002,0.5332210659980774,[]
btta_dg_official,paper,104,1,0.46728333830833435,0.5327166318893433,[]
btta_dg_official,paper,105,1,0.47712084650993347,0.5228791832923889,[]
btta_dg_official,paper,106,1,0.4840109050273895,0.5159890651702881,[]
btta_dg_official,paper,107,1,0.4922996163368225,0.5077003240585327,[]
btta_dg_official,paper,108,1,0.45181363821029663,0.5481863617897034,[]
btta_dg_official,paper,109,1,0.47949376702308655,0.5205062031745911,[]
btta_dg_official,paper,110,1,0.47283443808555603,0.5271655917167664,[]
btta_dg_official,paper,111,1,0.4967520236968994,0.5032479763031006,[]
btta_dg_official,paper,112,1,0.488070011138916,0.511929988861084,[]
btta_dg_official,paper,113,1,0.4872261583805084,0.512773871421814,[]
btta_dg_official,paper,114,1,0.4741898477077484,0.525810182094574,[]
btta_dg_official,paper,115,1,0.47782644629478455,0.5221735239028931,[]
btta_dg_official,paper,116,1,0.4538511335849762,0.5461488962173462,[]
btta_dg_official,paper,117,0,0.5004690885543823,0.4995308518409729,[]
btta_dg_official,paper,118,1,0.423777312040329,0.5762227177619934,[]
btta_dg_official,paper,119,0,0.5024418234825134,0.4975581765174866,[]
btta_dg_official,paper,120,1,0.4836854636669159,0.5163145661354065,[]
btta_dg_official,paper,121,1,0.47765424847602844,0.522345781326294,[]
btta_dg_official,paper,122,1,0.47753509879112244,0.5224648714065552,[]
btta_dg_official,paper,123,1,0.4922730624675751,0.5077269673347473,[]
btta_dg_official,paper,124,1,0.47577446699142456,0.5242255330085754,[]
btta_dg_official,paper,125,1,0.48063457012176514,0.5193654298782349,[]
btta_dg_official,paper,126,1,0.47593334317207336,0.5240666270256042,[]
btta_dg_official,paper,127,0,0.5002586841583252,0.4997413158416748,[]
btta_dg_official,paper,128,1,0.457838773727417,0.542161226272583,[]
btta_dg_official,paper,129,1,0.4501548409461975,0.5498451590538025,[]
btta_dg_official,paper,130,1,0.4578062891960144,0.5421936511993408,[]
btta_dg_official,paper,131,1,0.48224887251853943,0.517751157283783,[]
btta_dg_official,paper,132,1,0.4724293649196625,0.5275706052780151,[]
btta_dg_official,paper,133,1,0.480438232421875,0.519561767578125,[]
btta_dg_official,paper,134,1,0.46147504448890686,0.5385249853134155,[]
btta_dg_official,paper,135,1,0.4723381996154785,0.5276618003845215,[]
btta_dg_official,paper,136,1,0.4907776415348053,0.5092223882675171,[]
btta_dg_official,paper,137,0,0.5187860131263733,0.4812139868736267,[]
btta_dg_official,paper,138,1,0.47558698058128357,0.524412989616394,[]
btta_dg_official,paper,139,1,0.49411219358444214,0.5058878660202026,[]
btta_dg_official,paper,140,1,0.49140629172325134,0.508593738079071,[]
btta_dg_official,paper,141,0,0.5225420594215393,0.4774579405784607,[]
btta_dg_official,paper,142,1,0.47656694054603577,0.5234330296516418,[]
btta_dg_official,paper,143,1,0.4850690960884094,0.5149309039115906,[]
neuroloop_static_k1,paper,0,0,0.6672936081886292,0.33270642161369324,[0]
neuroloop_static_k1,paper,1,0,0.5013925433158875,0.49860748648643494,[0]
neuroloop_static_k1,paper,2,0,0.5680511593818665,0.43194887042045593,[0]
neuroloop_static_k1,paper,3,0,0.6195130348205566,0.38048696517944336,[0]
neuroloop_static_k1,paper,4,0,0.6360165476799011,0.36398348212242126,[0]
neuroloop_static_k1,paper,5,0,0.6949045062065125,0.3050954341888428,[0]
neuroloop_static_k1,paper,6,1,0.48503559827804565,0.5149644613265991,[1]
neuroloop_static_k1,paper,7,1,0.34826067090034485,0.6517393589019775,[1]
neuroloop_static_k1,paper,8,1,0.46948111057281494,0.5305188894271851,[1]
neuroloop_static_k1,paper,9,1,0.4149516224861145,0.5850483775138855,[1]
neuroloop_static_k1,paper,10,0,0.8018474578857422,0.1981525868177414,[0]
neuroloop_static_k1,paper,11,0,0.6710376739501953,0.3289622962474823,[0]
neuroloop_static_k1,paper,12,0,0.5856553316116333,0.4143446683883667,[0]
neuroloop_static_k1,paper,13,0,0.7329832911491394,0.267016738653183,[0]
neuroloop_static_k1,paper,14,0,0.7697308659553528,0.23026911914348602,[0]
neuroloop_static_k1,paper,15,0,0.6364349126815796,0.363565057516098,[0]
neuroloop_static_k1,paper,16,0,0.5376726984977722,0.4623272716999054,[0]
neuroloop_static_k1,paper,17,1,0.36054354906082153,0.6394563913345337,[1]
neuroloop_static_k1,paper,18,0,0.7964696288108826,0.20353029668331146,[0]
neuroloop_static_k1,paper,19,1,0.41506901383399963,0.584930956363678,[1]
neuroloop_static_k1,paper,20,0,0.5914837718009949,0.4085162281990051,[0]
neuroloop_static_k1,paper,21,0,0.7726340293884277,0.22736594080924988,[0]
neuroloop_static_k1,paper,22,1,0.3486625850200653,0.6513373851776123,[1]
neuroloop_static_k1,paper,23,1,0.33682677149772644,0.6631731986999512,[1]
neuroloop_static_k1,paper,24,1,0.4312829375267029,0.5687170028686523,[1]
neuroloop_static_k1,paper,25,0,0.6443085670471191,0.35569146275520325,[0]
neuroloop_static_k1,paper,26,0,0.7063100934028625,0.2936898469924927,[0]
neuroloop_static_k1,paper,27,1,0.34183135628700256,0.658168613910675,[1]
neuroloop_static_k1,paper,28,1,0.36212214827537537,0.637877881526947,[1]
neuroloop_static_k1,paper,29,1,0.45185354351997375,0.5481464266777039,[1]
neuroloop_static_k1,paper,30,0,0.7342075109481812,0.26579245924949646,[0]
neuroloop_static_k1,paper,31,1,0.39981934428215027,0.6001806855201721,[1]
neuroloop_static_k1,paper,32,1,0.3166161775588989,0.6833838820457458,[1]
neuroloop_static_k1,paper,33,0,0.5198354721069336,0.4801645576953888,[0]
neuroloop_static_k1,paper,34,1,0.4538871645927429,0.5461128354072571,[1]
neuroloop_static_k1,paper,35,0,0.707533061504364,0.29246699810028076,[0]
neuroloop_static_k1,paper,36,0,0.7313143014907837,0.2686856687068939,[0]
neuroloop_static_k1,paper,37,0,0.5204702019691467,0.47952979803085327,[0]
neuroloop_static_k1,paper,38,0,0.6280037760734558,0.3719962239265442,[0]
neuroloop_static_k1,paper,39,1,0.33322569727897644,0.6667742729187012,[1]
neuroloop_static_k1,paper,40,1,0.4245285987854004,0.5754714608192444,[1]
neuroloop_static_k1,paper,41,0,0.5283355116844177,0.4716644585132599,[0]
neuroloop_static_k1,paper,42,1,0.4817492663860321,0.5182507634162903,[1]
neuroloop_static_k1,paper,43,0,0.6997372508049011,0.30026280879974365,[0]
neuroloop_static_k1,paper,44,1,0.2768723964691162,0.7231276035308838,[1]
neuroloop_static_k1,paper,45,1,0.4708496630191803,0.5291503071784973,[1]
neuroloop_static_k1,paper,46,1,0.4704385995864868,0.529561460018158,[1]
neuroloop_static_k1,paper,47,0,0.6825324892997742,0.3174675405025482,[0]
neuroloop_static_k1,paper,48,0,0.6302682161331177,0.3697318136692047,[0]
neuroloop_static_k1,paper,49,1,0.26672250032424927,0.7332774996757507,[1]
neuroloop_static_k1,paper,50,1,0.2533767819404602,0.7466232776641846,[1]
neuroloop_static_k1,paper,51,0,0.8063250184059143,0.1936749964952469,[0]
neuroloop_static_k1,paper,52,0,0.7139889597892761,0.2860110104084015,[0]
neuroloop_static_k1,paper,53,0,0.5418313145637512,0.4581686854362488,[0]
neuroloop_static_k1,paper,54,0,0.7507426738739014,0.24925737082958221,[0]
neuroloop_static_k1,paper,55,0,0.6919682025909424,0.3080317974090576,[0]
neuroloop_static_k1,paper,56,0,0.5612701773643494,0.4387298822402954,[0]
neuroloop_static_k1,paper,57,0,0.626051664352417,0.3739483654499054,[0]
neuroloop_static_k1,paper,58,0,0.5241786241531372,0.4758213758468628,[0]
neuroloop_static_k1,paper,59,1,0.35221508145332336,0.647784948348999,[1]
neuroloop_static_k1,paper,60,0,0.6787010431289673,0.3212989270687103,[0]
neuroloop_static_k1,paper,61,0,0.5477907657623291,0.4522092342376709,[0]
neuroloop_static_k1,paper,62,1,0.43258923292160034,0.5674107670783997,[1]
neuroloop_static_k1,paper,63,0,0.6964244246482849,0.3035755157470703,[0]
neuroloop_static_k1,paper,64,1,0.38972726464271545,0.6102727651596069,[1]
neuroloop_static_k1,paper,65,0,0.674396812915802,0.325603187084198,[0]
neuroloop_static_k1,paper,66,0,0.6212868094444275,0.3787131607532501,[0]
neuroloop_static_k1,paper,67,1,0.48050978779792786,0.5194902420043945,[1]
neuroloop_static_k1,paper,68,1,0.3948313891887665,0.6051686406135559,[1]
neuroloop_static_k1,paper,69,0,0.5312330722808838,0.4687669277191162,[0]
neuroloop_static_k1,paper,70,1,0.412712961435318,0.5872870087623596,[1]
neuroloop_static_k1,paper,71,1,0.37848982214927673,0.6215101480484009,[1]
neuroloop_static_k1,paper,72,1,0.3848670423030853,0.6151329874992371,[1]
neuroloop_static_k1,paper,73,1,0.49689334630966187,0.5031066536903381,[1]
neuroloop_static_k1,paper,74,1,0.41191500425338745,0.5880849957466125,[1]
neuroloop_static_k1,paper,75,0,0.6168938279151917,0.38310617208480835,[0]
neuroloop_static_k1,paper,76,1,0.3626489043235779,0.6373510360717773,[1]
neuroloop_static_k1,paper,77,1,0.31729578971862793,0.6827042102813721,[1]
neuroloop_static_k1,paper,78,1,0.4762318730354309,0.5237681269645691,[1]
neuroloop_static_k1,paper,79,1,0.2464488446712494,0.7535511255264282,[1]
neuroloop_static_k1,paper,80,1,0.4487197995185852,0.5512802004814148,[1]
neuroloop_static_k1,paper,81,1,0.3287959396839142,0.6712040305137634,[1]
neuroloop_static_k1,paper,82,0,0.6255635023117065,0.3744364380836487,[0]
neuroloop_static_k1,paper,83,0,0.5529566407203674,0.44704338908195496,[0]
neuroloop_static_k1,paper,84,1,0.4956301152706146,0.5043699145317078,[1]
neuroloop_static_k1,paper,85,1,0.42224690318107605,0.5777530670166016,[1]
neuroloop_static_k1,paper,86,0,0.7112153172492981,0.2887847423553467,[0]
neuroloop_static_k1,paper,87,0,0.6822507977485657,0.3177492022514343,[0]
neuroloop_static_k1,paper,88,1,0.34374454617500305,0.6562554836273193,[1]
neuroloop_static_k1,paper,89,0,0.6089500784873962,0.39104995131492615,[0]
neuroloop_static_k1,paper,90,1,0.4490389823913574,0.5509609580039978,[1]
neuroloop_static_k1,paper,91,0,0.5987398624420166,0.4012600779533386,[0]
neuroloop_static_k1,paper,92,0,0.6117913722991943,0.38820865750312805,[0]
neuroloop_static_k1,paper,93,1,0.397905558347702,0.6020944714546204,[1]
neuroloop_static_k1,paper,94,1,0.44170063734054565,0.5582993626594543,[1]
neuroloop_static_k1,paper,95,0,0.6207951903343201,0.3792048394680023,[0]
neuroloop_static_k1,paper,96,1,0.27398431301116943,0.7260157465934753,[1]
neuroloop_static_k1,paper,97,0,0.5212286114692688,0.4787714183330536,[0]
neuroloop_static_k1,paper,98,1,0.34210720658302307,0.6578927636146545,[1]
neuroloop_static_k1,paper,99,1,0.2765219509601593,0.7234780788421631,[1]
neuroloop_static_k1,paper,100,1,0.45569461584091187,0.5443053841590881,[1]
neuroloop_static_k1,paper,101,0,0.5909247398376465,0.4090752601623535,[0]
neuroloop_static_k1,paper,102,0,0.6331540942192078,0.36684587597846985,[0]
neuroloop_static_k1,paper,103,1,0.41773921251296997,0.58226078748703,[1]
neuroloop_static_k1,paper,104,0,0.5019614696502686,0.49803853034973145,[0]
neuroloop_static_k1,paper,105,0,0.5761368870735168,0.42386317253112793,[0]
neuroloop_static_k1,paper,106,1,0.36929452419281006,0.6307055354118347,[1]
neuroloop_static_k1,paper,107,1,0.4544528126716614,0.5455471873283386,[1]
neuroloop_static_k1,paper,108,1,0.339795857667923,0.6602041721343994,[1]
neuroloop_static_k1,paper,109,1,0.4223324954509735,0.5776675343513489,[1]
neuroloop_static_k1,paper,110,0,0.530080258846283,0.46991971135139465,[0]
neuroloop_static_k1,paper,111,0,0.5053766965866089,0.4946233034133911,[0]
neuroloop_static_k1,paper,112,0,0.5833371877670288,0.4166628122329712,[0]
neuroloop_static_k1,paper,113,0,0.5390874743461609,0.46091246604919434,[0]
neuroloop_static_k1,paper,114,1,0.34684231877326965,0.653157651424408,[1]
neuroloop_static_k1,paper,115,1,0.4417972266674042,0.5582028031349182,[1]
neuroloop_static_k1,paper,116,0,0.5228351950645447,0.4771648049354553,[0]
neuroloop_static_k1,paper,117,1,0.47549572587013245,0.5245043039321899,[1]
neuroloop_static_k1,paper,118,1,0.3951680064201355,0.6048319339752197,[1]
neuroloop_static_k1,paper,119,1,0.4490886330604553,0.5509114265441895,[1]
neuroloop_static_k1,paper,120,1,0.4241062104701996,0.575893759727478,[1]
neuroloop_static_k1,paper,121,1,0.29759418964385986,0.7024058103561401,[1]
neuroloop_static_k1,paper,122,0,0.5951048135757446,0.40489524602890015,[0]
neuroloop_static_k1,paper,123,0,0.5306962132453918,0.46930381655693054,[0]
neuroloop_static_k1,paper,124,1,0.3345928192138672,0.6654071807861328,[1]
neuroloop_static_k1,paper,125,1,0.45946529507637024,0.5405347347259521,[1]
neuroloop_static_k1,paper,126,0,0.6137465238571167,0.3862534761428833,[0]
neuroloop_static_k1,paper,127,0,0.6003789901733398,0.39962100982666016,[0]
neuroloop_static_k1,paper,128,1,0.2911038398742676,0.7088961601257324,[1]
neuroloop_static_k1,paper,129,1,0.28967830538749695,0.7103217244148254,[1]
neuroloop_static_k1,paper,130,1,0.410613089799881,0.5893868803977966,[1]
neuroloop_static_k1,paper,131,1,0.3832610249519348,0.6167389154434204,[1]
neuroloop_static_k1,paper,132,1,0.40142911672592163,0.5985708832740784,[1]
neuroloop_static_k1,paper,133,1,0.26120051741600037,0.738799512386322,[1]
neuroloop_static_k1,paper,134,1,0.3187514841556549,0.6812484860420227,[1]
neuroloop_static_k1,paper,135,1,0.325046181678772,0.674953818321228,[1]
neuroloop_static_k1,paper,136,0,0.589880645275116,0.4101193845272064,[0]
neuroloop_static_k1,paper,137,0,0.5911176800727844,0.4088822901248932,[0]
neuroloop_static_k1,paper,138,1,0.35616958141326904,0.643830418586731,[1]
neuroloop_static_k1,paper,139,0,0.5434795618057251,0.4565204083919525,[0]
neuroloop_static_k1,paper,140,1,0.43855488300323486,0.5614451169967651,[1]
neuroloop_static_k1,paper,141,0,0.613739013671875,0.3862610459327698,[0]
neuroloop_static_k1,paper,142,0,0.5318606495857239,0.46813932061195374,[0]
neuroloop_static_k1,paper,143,0,0.6125852465629578,0.38741472363471985,[0]
neuroloop_static_k4,paper,0,0,0.8667235374450684,0.13327649235725403,"[0, 0, 0, 0]"
neuroloop_static_k4,paper,1,1,0.17983084917068481,0.8201691508293152,"[0, 1, 1, 1]"
neuroloop_static_k4,paper,2,0,0.7901264429092407,0.20987361669540405,"[0, 0, 0, 0]"
neuroloop_static_k4,paper,3,0,0.9422433376312256,0.05775662139058113,"[0, 0, 0, 0]"
neuroloop_static_k4,paper,4,0,0.7295933961868286,0.2704066336154938,"[0, 0, 0, 0]"
neuroloop_static_k4,paper,5,0,0.9109851121902466,0.08901485800743103,"[0, 0, 0, 0]"
neuroloop_static_k4,paper,6,1,0.20834927260875702,0.7916507124900818,"[1, 1, 1, 1]"
neuroloop_static_k4,paper,7,1,0.3247847259044647,0.6752153038978577,"[0, 1, 1, 1]"
neuroloop_static_k4,paper,8,0,0.8287519216537476,0.17124804854393005,"[0, 0, 0, 0]"
neuroloop_static_k4,paper,9,0,0.5782250165939331,0.4217749834060669,"[0, 0, 0, 0]"
neuroloop_static_k4,paper,10,0,0.9603930711746216,0.039606932550668716,"[0, 0, 0, 0]"
neuroloop_static_k4,paper,11,0,0.9019730091094971,0.09802696853876114,"[0, 0, 0, 0]"
neuroloop_static_k4,paper,12,0,0.5861592292785645,0.41384080052375793,"[0, 0, 0, 0]"
neuroloop_static_k4,paper,13,0,0.9215264916419983,0.07847345620393753,"[0, 0, 0, 0]"
neuroloop_static_k4,paper,14,0,0.778581976890564,0.22141802310943604,"[0, 0, 0, 0]"
neuroloop_static_k4,paper,15,0,0.6536299586296082,0.34637001156806946,"[0, 0, 0, 0]"
neuroloop_static_k4,paper,16,0,0.8140108585357666,0.1859891563653946,"[0, 0, 0, 0]"
neuroloop_static_k4,paper,17,1,0.3126155436038971,0.6873844861984253,"[0, 1, 1, 1]"
neuroloop_static_k4,paper,18,0,0.9147824645042419,0.08521761000156403,"[0, 0, 0, 0]"
neuroloop_static_k4,paper,19,1,0.38977575302124023,0.6102242469787598,"[0, 1, 1, 1]"
neuroloop_static_k4,paper,20,0,0.9591867327690125,0.04081321135163307,"[0, 0, 0, 0]"
neuroloop_static_k4,paper,21,0,0.9765663146972656,0.023433713242411613,"[0, 0, 0, 0]"
neuroloop_static_k4,paper,22,1,0.20655670762062073,0.7934433221817017,"[0, 1, 1, 1]"
neuroloop_static_k4,paper,23,1,0.2825038731098175,0.7174960970878601,"[1, 1, 1, 1]"
neuroloop_static_k4,paper,24,0,0.7168154120445251,0.28318458795547485,"[0, 0, 0, 0]"
neuroloop_static_k4,paper,25,0,0.8805623054504395,0.11943773180246353,"[0, 0, 0, 0]"
neuroloop_static_k4,paper,26,0,0.8626173734664917,0.1373826414346695,"[0, 0, 0, 0]"
neuroloop_static_k4,paper,27,0,0.6279977560043335,0.3720023036003113,"[0, 0, 0, 0]"
neuroloop_static_k4,paper,28,1,0.3058183789253235,0.6941816210746765,"[0, 1, 1, 1]"
neuroloop_static_k4,paper,29,1,0.4823835790157318,0.5176163911819458,"[0, 0, 1, 1]"
neuroloop_static_k4,paper,30,0,0.965289831161499,0.03471019119024277,"[0, 0, 0, 0]"
neuroloop_static_k4,paper,31,1,0.2394900768995285,0.7605099678039551,"[1, 1, 1, 1]"
neuroloop_static_k4,paper,32,1,0.3776821196079254,0.622317910194397,"[0, 1, 1, 1]"
neuroloop_static_k4,paper,33,0,0.7957147359848022,0.20428518950939178,"[0, 0, 0, 0]"
neuroloop_static_k4,paper,34,0,0.6415402293205261,0.3584597706794739,"[0, 0, 0, 0]"
neuroloop_static_k4,paper,35,0,0.8056324124336243,0.19436761736869812,"[0, 0, 0, 0]"
neuroloop_static_k4,paper,36,0,0.8729014992713928,0.12709848582744598,"[0, 0, 0, 0]"
neuroloop_static_k4,paper,37,0,0.6215139031410217,0.3784860670566559,"[0, 0, 0, 0]"
neuroloop_static_k4,paper,38,0,0.6752253770828247,0.3247745931148529,"[0, 0, 0, 0]"
neuroloop_static_k4,paper,39,1,0.38193607330322266,0.6180639266967773,"[0, 1, 1, 1]"
neuroloop_static_k4,paper,40,1,0.19221296906471252,0.8077870011329651,"[1, 1, 1, 1]"
neuroloop_static_k4,paper,41,1,0.15304018557071686,0.8469597697257996,"[1, 1, 1, 1]"
neuroloop_static_k4,paper,42,1,0.3107789158821106,0.6892210841178894,"[0, 1, 1, 1]"
neuroloop_static_k4,paper,43,0,0.9072830080986023,0.09271694719791412,"[0, 0, 0, 0]"
neuroloop_static_k4,paper,44,1,0.26381611824035645,0.7361838817596436,"[1, 1, 1, 1]"
neuroloop_static_k4,paper,45,1,0.4903509020805359,0.5096490979194641,"[0, 0, 1, 1]"
neuroloop_static_k4,paper,46,0,0.5214942693710327,0.4785057008266449,"[0, 0, 1, 0]"
neuroloop_static_k4,paper,47,0,0.9696762561798096,0.030323803424835205,"[0, 0, 0, 0]"
neuroloop_static_k4,paper,48,0,0.9168945550918579,0.08310536295175552,"[0, 0, 0, 0]"
neuroloop_static_k4,paper,49,1,0.4324221611022949,0.5675777792930603,"[1, 1, 1, 1]"
neuroloop_static_k4,paper,50,1,0.218369260430336,0.7816307544708252,"[1, 1, 1, 1]"
neuroloop_static_k4,paper,51,0,0.9276987314224243,0.07230126857757568,"[0, 0, 0, 0]"
neuroloop_static_k4,paper,52,0,0.7861510515213013,0.21384894847869873,"[0, 0, 0, 0]"
neuroloop_static_k4,paper,53,0,0.8497134447097778,0.15028654038906097,"[0, 0, 0, 0]"
neuroloop_static_k4,paper,54,0,0.9495631456375122,0.05043680965900421,"[0, 0, 0, 0]"
neuroloop_static_k4,paper,55,0,0.9095672965049744,0.09043272584676743,"[0, 0, 0, 0]"
neuroloop_static_k4,paper,56,0,0.7783013582229614,0.22169864177703857,"[0, 0, 0, 0]"
neuroloop_static_k4,paper,57,1,0.44238588213920593,0.5576141476631165,"[0, 0, 1, 1]"
neuroloop_static_k4,paper,58,0,0.7219058275222778,0.27809417247772217,"[0, 0, 0, 0]"
neuroloop_static_k4,paper,59,1,0.29680150747299194,0.7031984925270081,"[1, 1, 1, 1]"
neuroloop_static_k4,paper,60,0,0.9718414545059204,0.028158575296401978,"[0, 0, 0, 0]"
neuroloop_static_k4,paper,61,0,0.7883962392807007,0.21160376071929932,"[0, 0, 0, 0]"
neuroloop_static_k4,paper,62,1,0.47137272357940674,0.5286272168159485,"[0, 0, 1, 1]"
neuroloop_static_k4,paper,63,0,0.953326404094696,0.04667360708117485,"[0, 0, 0, 0]"
neuroloop_static_k4,paper,64,1,0.152507022023201,0.8474929332733154,"[1, 1, 1, 1]"
neuroloop_static_k4,paper,65,0,0.9651075005531311,0.03489251062273979,"[0, 0, 0, 0]"
neuroloop_static_k4,paper,66,0,0.5771902799606323,0.4228097200393677,"[0, 0, 0, 0]"
neuroloop_static_k4,paper,67,1,0.29575836658477783,0.7042416334152222,"[0, 1, 1, 1]"
neuroloop_static_k4,paper,68,0,0.6238320469856262,0.3761679232120514,"[0, 0, 0, 0]"
neuroloop_static_k4,paper,69,1,0.3059766888618469,0.6940233111381531,"[0, 1, 1, 1]"
neuroloop_static_k4,paper,70,1,0.3806139826774597,0.6193860173225403,"[0, 1, 1, 1]"
neuroloop_static_k4,paper,71,0,0.863919734954834,0.1360802948474884,"[0, 0, 0, 0]"
neuroloop_static_k4,paper,72,1,0.41940367221832275,0.5805963277816772,"[0, 1, 1, 1]"
neuroloop_static_k4,paper,73,0,0.7376081943511963,0.2623917758464813,"[0, 0, 0, 0]"
neuroloop_static_k4,paper,74,0,0.7203278541564941,0.27967211604118347,"[0, 0, 0, 0]"
neuroloop_static_k4,paper,75,0,0.888026773929596,0.11197324097156525,"[0, 0, 0, 0]"
neuroloop_static_k4,paper,76,1,0.3177601099014282,0.6822398900985718,"[0, 1, 1, 1]"
neuroloop_static_k4,paper,77,1,0.4406246542930603,0.5593754053115845,"[0, 1, 1, 1]"
neuroloop_static_k4,paper,78,1,0.3679678738117218,0.6320321559906006,"[0, 1, 1, 1]"
neuroloop_static_k4,paper,79,1,0.15478037297725677,0.845219612121582,"[1, 1, 1, 1]"
neuroloop_static_k4,paper,80,0,0.5884982347488403,0.41150176525115967,"[0, 0, 0, 0]"
neuroloop_static_k4,paper,81,1,0.1280970275402069,0.8719029426574707,"[1, 1, 1, 1]"
neuroloop_static_k4,paper,82,0,0.5823761820793152,0.4176238775253296,"[0, 0, 0, 0]"
neuroloop_static_k4,paper,83,0,0.6737222075462341,0.32627779245376587,"[0, 0, 0, 0]"
neuroloop_static_k4,paper,84,1,0.36889949440956116,0.6311004757881165,"[0, 1, 1, 1]"
neuroloop_static_k4,paper,85,0,0.6125006079673767,0.3874993920326233,"[0, 0, 0, 0]"
neuroloop_static_k4,paper,86,0,0.902504026889801,0.09749600291252136,"[0, 0, 0, 0]"
neuroloop_static_k4,paper,87,0,0.8958120346069336,0.10418795794248581,"[0, 0, 0, 0]"
neuroloop_static_k4,paper,88,1,0.3812052011489868,0.618794858455658,"[0, 1, 1, 1]"
neuroloop_static_k4,paper,89,0,0.9166813492774963,0.08331868797540665,"[0, 0, 0, 0]"
neuroloop_static_k4,paper,90,0,0.6991717219352722,0.3008282482624054,"[0, 0, 0, 0]"
neuroloop_static_k4,paper,91,1,0.3974195122718811,0.6025804877281189,"[0, 1, 1, 1]"
neuroloop_static_k4,paper,92,0,0.9383324980735779,0.061667561531066895,"[0, 0, 0, 0]"
neuroloop_static_k4,paper,93,1,0.31202057003974915,0.6879794597625732,"[0, 1, 1, 1]"
neuroloop_static_k4,paper,94,1,0.3646934926509857,0.6353065371513367,"[0, 1, 1, 1]"
neuroloop_static_k4,paper,95,0,0.5801315903663635,0.41986843943595886,"[0, 0, 0, 0]"
neuroloop_static_k4,paper,96,1,0.16903801262378693,0.8309620022773743,"[1, 1, 1, 1]"
neuroloop_static_k4,paper,97,0,0.7034140825271606,0.29658594727516174,"[0, 0, 0, 0]"
neuroloop_static_k4,paper,98,0,0.6219785809516907,0.3780214488506317,"[0, 0, 0, 0]"
neuroloop_static_k4,paper,99,1,0.14031314849853516,0.8596869111061096,"[1, 1, 1, 1]"
neuroloop_static_k4,paper,100,0,0.555305540561676,0.444694459438324,"[0, 0, 0, 0]"
neuroloop_static_k4,paper,101,0,0.9234776496887207,0.07652230560779572,"[0, 0, 0, 0]"
neuroloop_static_k4,paper,102,0,0.730351984500885,0.269648015499115,"[0, 0, 0, 0]"
neuroloop_static_k4,paper,103,0,0.6661453247070312,0.3338547348976135,"[0, 0, 0, 0]"
neuroloop_static_k4,paper,104,1,0.2707844078540802,0.7292155623435974,"[0, 1, 1, 1]"
neuroloop_static_k4,paper,105,0,0.5754709839820862,0.4245290458202362,"[0, 0, 0, 0]"
neuroloop_static_k4,paper,106,1,0.45370978116989136,0.5462902784347534,"[0, 1, 1, 1]"
neuroloop_static_k4,paper,107,1,0.2805249094963074,0.7194750905036926,"[0, 1, 1, 1]"
neuroloop_static_k4,paper,108,1,0.1727665662765503,0.8272334337234497,"[1, 1, 1, 1]"
neuroloop_static_k4,paper,109,1,0.4204414188861847,0.5795585513114929,"[0, 1, 1, 1]"
neuroloop_static_k4,paper,110,0,0.5185903906822205,0.48140957951545715,"[0, 0, 0, 0]"
neuroloop_static_k4,paper,111,0,0.5812071561813354,0.4187929034233093,"[0, 0, 0, 0]"
neuroloop_static_k4,paper,112,1,0.1948050707578659,0.8051949739456177,"[0, 1, 1, 1]"
neuroloop_static_k4,paper,113,1,0.4272993206977844,0.5727006793022156,"[0, 1, 1, 1]"
neuroloop_static_k4,paper,114,1,0.4545658230781555,0.5454342365264893,"[0, 1, 1, 1]"
neuroloop_static_k4,paper,115,1,0.21103720366954803,0.7889628410339355,"[0, 1, 1, 1]"
neuroloop_static_k4,paper,116,1,0.39944422245025635,0.6005558371543884,"[0, 1, 1, 1]"
neuroloop_static_k4,paper,117,0,0.814075231552124,0.18592476844787598,"[0, 0, 0, 0]"
neuroloop_static_k4,paper,118,0,0.6350894570350647,0.3649105131626129,"[0, 0, 0, 0]"
neuroloop_static_k4,paper,119,1,0.3365408182144165,0.6634591817855835,"[0, 1, 1, 1]"
neuroloop_static_k4,paper,120,1,0.35565075278282166,0.6443492770195007,"[0, 1, 1, 1]"
neuroloop_static_k4,paper,121,1,0.3069646656513214,0.693035364151001,"[0, 1, 1, 1]"
neuroloop_static_k4,paper,122,0,0.6455963253974915,0.35440367460250854,"[0, 0, 0, 0]"
neuroloop_static_k4,paper,123,1,0.49626481533050537,0.5037351846694946,"[0, 1, 1, 1]"
neuroloop_static_k4,paper,124,1,0.13546204566955566,0.8645378947257996,"[1, 1, 1, 1]"
neuroloop_static_k4,paper,125,1,0.41300472617149353,0.5869952440261841,"[0, 0, 1, 1]"
neuroloop_static_k4,paper,126,0,0.751686155796051,0.2483137995004654,"[0, 0, 0, 0]"
neuroloop_static_k4,paper,127,0,0.7518910765647888,0.24810893833637238,"[0, 0, 0, 0]"
neuroloop_static_k4,paper,128,1,0.43073421716690063,0.5692657828330994,"[0, 1, 1, 1]"
neuroloop_static_k4,paper,129,1,0.27194350957870483,0.7280564904212952,"[1, 1, 1, 1]"
neuroloop_static_k4,paper,130,0,0.6538093090057373,0.3461906909942627,"[0, 0, 0, 0]"
neuroloop_static_k4,paper,131,1,0.4452040195465088,0.5547959804534912,"[0, 1, 1, 1]"
neuroloop_static_k4,paper,132,1,0.22195427119731903,0.7780457139015198,"[0, 1, 1, 1]"
neuroloop_static_k4,paper,133,1,0.16799737513065338,0.832002580165863,"[1, 1, 1, 1]"
neuroloop_static_k4,paper,134,1,0.4633864462375641,0.5366135239601135,"[0, 1, 1, 1]"
neuroloop_static_k4,paper,135,1,0.33217716217041016,0.6678228378295898,"[0, 1, 1, 1]"
neuroloop_static_k4,paper,136,0,0.6150173544883728,0.3849826157093048,"[0, 0, 0, 0]"
neuroloop_static_k4,paper,137,0,0.9050894379615784,0.09491050988435745,"[0, 0, 0, 0]"
neuroloop_static_k4,paper,138,1,0.12976378202438354,0.8702362179756165,"[1, 1, 1, 1]"
neuroloop_static_k4,paper,139,0,0.7872474193572998,0.21275261044502258,"[0, 0, 0, 0]"
neuroloop_static_k4,paper,140,1,0.3274906575679779,0.6725093126296997,"[0, 1, 1, 1]"
neuroloop_static_k4,paper,141,0,0.7393671274185181,0.26063284277915955,"[0, 0, 0, 0]"
neuroloop_static_k4,paper,142,0,0.663194477558136,0.3368054926395416,"[0, 0, 0, 0]"
neuroloop_static_k4,paper,143,0,0.734187662601471,0.26581236720085144,"[0, 0, 0, 0]"
neuroloop_shared_k1,paper,0,1,0.3512831926345825,0.6487168073654175,[1]
neuroloop_shared_k1,paper,1,1,0.2620603144168854,0.7379396557807922,[1]
neuroloop_shared_k1,paper,2,1,0.25735941529273987,0.7426405549049377,[1]
neuroloop_shared_k1,paper,3,1,0.27997106313705444,0.7200289368629456,[1]
neuroloop_shared_k1,paper,4,1,0.36657047271728516,0.6334295868873596,[1]
neuroloop_shared_k1,paper,5,1,0.4537240266799927,0.5462760329246521,[1]
neuroloop_shared_k1,paper,6,1,0.15692511200904846,0.8430749177932739,[1]
neuroloop_shared_k1,paper,7,1,0.20816795527935028,0.7918320894241333,[1]
neuroloop_shared_k1,paper,8,1,0.19862128794193268,0.8013787269592285,[1]
neuroloop_shared_k1,paper,9,1,0.16713498532772064,0.8328649997711182,[1]
neuroloop_shared_k1,paper,10,0,0.5868737697601318,0.4131262004375458,[0]
neuroloop_shared_k1,paper,11,1,0.4560997486114502,0.5439002513885498,[1]
neuroloop_shared_k1,paper,12,1,0.28310921788215637,0.716890811920166,[1]
neuroloop_shared_k1,paper,13,0,0.5305867791175842,0.46941325068473816,[0]
neuroloop_shared_k1,paper,14,1,0.48011520504951477,0.5198848247528076,[1]
neuroloop_shared_k1,paper,15,1,0.2795211374759674,0.7204788327217102,[1]
neuroloop_shared_k1,paper,16,1,0.22246424853801727,0.7775357961654663,[1]
neuroloop_shared_k1,paper,17,1,0.24984142184257507,0.7501586079597473,[1]
neuroloop_shared_k1,paper,18,1,0.4162125587463379,0.5837875008583069,[1]
neuroloop_shared_k1,paper,19,1,0.13156665861606598,0.8684332966804504,[1]
neuroloop_shared_k1,paper,20,1,0.45777958631515503,0.5422203540802002,[1]
neuroloop_shared_k1,paper,21,1,0.4975450932979584,0.502454936504364,[1]
neuroloop_shared_k1,paper,22,1,0.20297659933567047,0.797023355960846,[1]
neuroloop_shared_k1,paper,23,1,0.13147541880607605,0.8685245513916016,[1]
neuroloop_shared_k1,paper,24,1,0.17653320729732513,0.8234668374061584,[1]
neuroloop_shared_k1,paper,25,1,0.3296687602996826,0.6703312397003174,[1]
neuroloop_shared_k1,paper,26,1,0.24720951914787292,0.7527905106544495,[1]
neuroloop_shared_k1,paper,27,1,0.14491276443004608,0.8550872802734375,[1]
neuroloop_shared_k1,paper,28,1,0.14444679021835327,0.855553150177002,[1]
neuroloop_shared_k1,paper,29,1,0.1912841945886612,0.8087157607078552,[1]
neuroloop_shared_k1,paper,30,0,0.5978595614433289,0.40214043855667114,[0]
neuroloop_shared_k1,paper,31,1,0.167280375957489,0.8327196836471558,[1]
neuroloop_shared_k1,paper,32,1,0.157954141497612,0.8420458436012268,[1]
neuroloop_shared_k1,paper,33,1,0.2685140371322632,0.7314859628677368,[1]
neuroloop_shared_k1,paper,34,1,0.21562045812606812,0.7843795418739319,[1]
neuroloop_shared_k1,paper,35,1,0.39454373717308044,0.6054562330245972,[1]
neuroloop_shared_k1,paper,36,1,0.43842813372612,0.5615718960762024,[1]
neuroloop_shared_k1,paper,37,1,0.3010796308517456,0.6989203691482544,[1]
neuroloop_shared_k1,paper,38,1,0.29456910490989685,0.7054308652877808,[1]
neuroloop_shared_k1,paper,39,1,0.15251938998699188,0.8474805951118469,[1]
neuroloop_shared_k1,paper,40,1,0.11722081154584885,0.8827792406082153,[1]
neuroloop_shared_k1,paper,41,1,0.22207511961460114,0.7779248356819153,[1]
neuroloop_shared_k1,paper,42,1,0.16230733692646027,0.8376926183700562,[1]
neuroloop_shared_k1,paper,43,1,0.299873024225235,0.7001270055770874,[1]
neuroloop_shared_k1,paper,44,1,0.15324631333351135,0.846753716468811,[1]
neuroloop_shared_k1,paper,45,1,0.19179116189479828,0.8082088232040405,[1]
neuroloop_shared_k1,paper,46,1,0.18726427853107452,0.8127357363700867,[1]
neuroloop_shared_k1,paper,47,1,0.387317419052124,0.612682580947876,[1]
neuroloop_shared_k1,paper,48,1,0.35124820470809937,0.6487517952919006,[1]
neuroloop_shared_k1,paper,49,1,0.09104853868484497,0.9089515209197998,[1]
neuroloop_shared_k1,paper,50,1,0.06882541626691818,0.9311745762825012,[1]
neuroloop_shared_k1,paper,51,0,0.5998836159706116,0.4001164138317108,[0]
neuroloop_shared_k1,paper,52,1,0.395851731300354,0.604148268699646,[1]
neuroloop_shared_k1,paper,53,1,0.32195913791656494,0.6780408620834351,[1]
neuroloop_shared_k1,paper,54,0,0.504684567451477,0.4953154921531677,[0]
neuroloop_shared_k1,paper,55,1,0.396878182888031,0.603121817111969,[1]
neuroloop_shared_k1,paper,56,1,0.2139616161584854,0.7860383987426758,[1]
neuroloop_shared_k1,paper,57,1,0.2690478265285492,0.7309521436691284,[1]
neuroloop_shared_k1,paper,58,1,0.24753907322883606,0.7524609565734863,[1]
neuroloop_shared_k1,paper,59,1,0.13374997675418854,0.8662500381469727,[1]
neuroloop_shared_k1,paper,60,1,0.4192087948322296,0.5807912349700928,[1]
neuroloop_shared_k1,paper,61,1,0.23946385085582733,0.7605361342430115,[1]
neuroloop_shared_k1,paper,62,1,0.14182467758655548,0.8581753373146057,[1]
neuroloop_shared_k1,paper,63,1,0.41894203424453735,0.5810579657554626,[1]
neuroloop_shared_k1,paper,64,1,0.1241585984826088,0.8758414387702942,[1]
neuroloop_shared_k1,paper,65,1,0.4442136883735657,0.5557863116264343,[1]
neuroloop_shared_k1,paper,66,1,0.34065669775009155,0.6593433022499084,[1]
neuroloop_shared_k1,paper,67,1,0.19834190607070923,0.8016580939292908,[1]
neuroloop_shared_k1,paper,68,1,0.12647971510887146,0.8735202550888062,[1]
neuroloop_shared_k1,paper,69,1,0.16604302823543549,0.8339569568634033,[1]
neuroloop_shared_k1,paper,70,1,0.1804008185863495,0.8195991516113281,[1]
neuroloop_shared_k1,paper,71,1,0.1736859828233719,0.8263140320777893,[1]
neuroloop_shared_k1,paper,72,1,0.13063697516918182,0.869363009929657,[1]
neuroloop_shared_k1,paper,73,1,0.3047226667404175,0.6952772736549377,[1]
neuroloop_shared_k1,paper,74,1,0.1886940896511078,0.8113059401512146,[1]
neuroloop_shared_k1,paper,75,1,0.3125711977481842,0.6874288320541382,[1]
neuroloop_shared_k1,paper,76,1,0.18260140717029572,0.8173986077308655,[1]
neuroloop_shared_k1,paper,77,1,0.15470167994499207,0.8452983498573303,[1]
neuroloop_shared_k1,paper,78,1,0.25924447178840637,0.7407554984092712,[1]
neuroloop_shared_k1,paper,79,1,0.13957998156547546,0.8604199886322021,[1]
neuroloop_shared_k1,paper,80,1,0.2340172529220581,0.7659827470779419,[1]
neuroloop_shared_k1,paper,81,1,0.1803000122308731,0.8197000026702881,[1]
neuroloop_shared_k1,paper,82,1,0.3116944432258606,0.6883055567741394,[1]
neuroloop_shared_k1,paper,83,1,0.27905601263046265,0.7209439873695374,[1]
neuroloop_shared_k1,paper,84,1,0.23307614028453827,0.7669239044189453,[1]
neuroloop_shared_k1,paper,85,1,0.20017686486244202,0.7998231649398804,[1]
neuroloop_shared_k1,paper,86,1,0.48262718319892883,0.5173728466033936,[1]
neuroloop_shared_k1,paper,87,0,0.5158952474594116,0.48410481214523315,[0]
neuroloop_shared_k1,paper,88,1,0.16254691779613495,0.8374530673027039,[1]
neuroloop_shared_k1,paper,89,1,0.28378430008888245,0.7162157297134399,[1]
neuroloop_shared_k1,paper,90,1,0.18387232720851898,0.8161277174949646,[1]
neuroloop_shared_k1,paper,91,1,0.2906903028488159,0.7093096971511841,[1]
neuroloop_shared_k1,paper,92,1,0.31084319949150085,0.6891567707061768,[1]
neuroloop_shared_k1,paper,93,1,0.19901196658611298,0.8009880185127258,[1]
neuroloop_shared_k1,paper,94,1,0.15759186446666718,0.8424081802368164,[1]
neuroloop_shared_k1,paper,95,1,0.33701449632644653,0.6629854440689087,[1]
neuroloop_shared_k1,paper,96,1,0.11320227384567261,0.8867977261543274,[1]
neuroloop_shared_k1,paper,97,1,0.2847512364387512,0.7152487635612488,[1]
neuroloop_shared_k1,paper,98,1,0.1488073319196701,0.8511927127838135,[1]
neuroloop_shared_k1,paper,99,1,0.1351129412651062,0.8648870587348938,[1]
neuroloop_shared_k1,paper,100,1,0.18994851410388947,0.8100515007972717,[1]
neuroloop_shared_k1,paper,101,1,0.371529757976532,0.628470242023468,[1]
neuroloop_shared_k1,paper,102,1,0.40588676929473877,0.5941132307052612,[1]
neuroloop_shared_k1,paper,103,1,0.22203485667705536,0.7779651284217834,[1]
neuroloop_shared_k1,paper,104,1,0.25546982884407043,0.7445301413536072,[1]
neuroloop_shared_k1,paper,105,1,0.3979170322418213,0.6020829677581787,[1]
neuroloop_shared_k1,paper,106,1,0.21954704821109772,0.7804529666900635,[1]
neuroloop_shared_k1,paper,107,1,0.24601364135742188,0.7539863586425781,[1]
neuroloop_shared_k1,paper,108,1,0.1965637505054474,0.803436279296875,[1]
neuroloop_shared_k1,paper,109,1,0.25216472148895264,0.7478352785110474,[1]
neuroloop_shared_k1,paper,110,1,0.2607569694519043,0.7392430901527405,[1]
neuroloop_shared_k1,paper,111,1,0.21259799599647522,0.7874020338058472,[1]
neuroloop_shared_k1,paper,112,1,0.2289271205663681,0.7710728645324707,[1]
neuroloop_shared_k1,paper,113,1,0.20902729034423828,0.7909727096557617,[1]
neuroloop_shared_k1,paper,114,1,0.18265366554260254,0.8173463344573975,[1]
neuroloop_shared_k1,paper,115,1,0.1746436506509781,0.8253563046455383,[1]
neuroloop_shared_k1,paper,116,1,0.28953251242637634,0.7104674577713013,[1]
neuroloop_shared_k1,paper,117,1,0.18617643415927887,0.8138235807418823,[1]
neuroloop_shared_k1,paper,118,1,0.2080213725566864,0.791978657245636,[1]
neuroloop_shared_k1,paper,119,1,0.28221556544303894,0.7177844047546387,[1]
neuroloop_shared_k1,paper,120,1,0.1675235778093338,0.8324764370918274,[1]
neuroloop_shared_k1,paper,121,1,0.1367485672235489,0.8632514476776123,[1]
neuroloop_shared_k1,paper,122,1,0.2597545087337494,0.7402454614639282,[1]
neuroloop_shared_k1,paper,123,1,0.24093733727931976,0.759062647819519,[1]
neuroloop_shared_k1,paper,124,1,0.14023476839065552,0.8597652316093445,[1]
neuroloop_shared_k1,paper,125,1,0.20510974526405334,0.7948902249336243,[1]
neuroloop_shared_k1,paper,126,1,0.28979456424713135,0.7102053761482239,[1]
neuroloop_shared_k1,paper,127,1,0.2602761387825012,0.739723801612854,[1]
neuroloop_shared_k1,paper,128,1,0.10026290267705917,0.8997371196746826,[1]
neuroloop_shared_k1,paper,129,1,0.11744312942028046,0.8825569152832031,[1]
neuroloop_shared_k1,paper,130,1,0.17993897199630737,0.8200610876083374,[1]
neuroloop_shared_k1,paper,131,1,0.16235432028770447,0.8376457095146179,[1]
neuroloop_shared_k1,paper,132,1,0.22076448798179626,0.7792354822158813,[1]
neuroloop_shared_k1,paper,133,1,0.13274934887886047,0.8672506213188171,[1]
neuroloop_shared_k1,paper,134,1,0.16955812275409698,0.8304418921470642,[1]
neuroloop_shared_k1,paper,135,1,0.20393653213977814,0.7960634827613831,[1]
neuroloop_shared_k1,paper,136,1,0.2589997351169586,0.7410002946853638,[1]
neuroloop_shared_k1,paper,137,1,0.26339319348335266,0.7366068363189697,[1]
neuroloop_shared_k1,paper,138,1,0.14766712486743927,0.8523328304290771,[1]
neuroloop_shared_k1,paper,139,1,0.30822038650512695,0.691779613494873,[1]
neuroloop_shared_k1,paper,140,1,0.17497055232524872,0.8250294327735901,[1]
neuroloop_shared_k1,paper,141,1,0.29620036482810974,0.7037996649742126,[1]
neuroloop_shared_k1,paper,142,1,0.2539718449115753,0.7460281252861023,[1]
neuroloop_shared_k1,paper,143,1,0.2516603469848633,0.7483397126197815,[1]
neuroloop_shared_k2,paper,0,0,0.5579129457473755,0.4420870542526245,"[0, 0]"
neuroloop_shared_k2,paper,1,1,0.4975699782371521,0.5024300217628479,"[0, 1]"
neuroloop_shared_k2,paper,2,1,0.4614886939525604,0.5385112762451172,"[1, 1]"
neuroloop_shared_k2,paper,3,0,0.5159589648246765,0.4840410351753235,"[0, 0]"
neuroloop_shared_k2,paper,4,0,0.5711897611618042,0.4288102090358734,"[0, 0]"
neuroloop_shared_k2,paper,5,0,0.5453308820724487,0.45466914772987366,"[0, 0]"
neuroloop_shared_k2,paper,6,1,0.47275829315185547,0.5272417068481445,"[0, 1]"
neuroloop_shared_k2,paper,7,1,0.41902023553848267,0.5809797644615173,"[1, 1]"
neuroloop_shared_k2,paper,8,1,0.44919517636299133,0.550804853439331,"[1, 1]"
neuroloop_shared_k2,paper,9,1,0.43038928508758545,0.5696107149124146,"[1, 1]"
neuroloop_shared_k2,paper,10,0,0.6174575686454773,0.3825424015522003,"[0, 0]"
neuroloop_shared_k2,paper,11,0,0.5090065598487854,0.490993469953537,"[0, 0]"
neuroloop_shared_k2,paper,12,0,0.5017358064651489,0.49826422333717346,"[0, 0]"
neuroloop_shared_k2,paper,13,0,0.5568551421165466,0.44314485788345337,"[0, 0]"
neuroloop_shared_k2,paper,14,0,0.5916996598243713,0.40830036997795105,"[0, 0]"
neuroloop_shared_k2,paper,15,0,0.5007575154304504,0.49924251437187195,"[0, 0]"
neuroloop_shared_k2,paper,16,1,0.43777671456336975,0.5622232556343079,"[1, 1]"
neuroloop_shared_k2,paper,17,1,0.43091216683387756,0.5690878629684448,"[1, 1]"
neuroloop_shared_k2,paper,18,0,0.5547714233398438,0.4452285170555115,"[0, 0]"
neuroloop_shared_k2,paper,19,1,0.40498414635658264,0.595015823841095,"[1, 1]"
neuroloop_shared_k2,paper,20,0,0.5562368631362915,0.4437631070613861,"[0, 0]"
neuroloop_shared_k2,paper,21,0,0.5895884037017822,0.4104115962982178,"[0, 0]"
neuroloop_shared_k2,paper,22,1,0.43323126435279846,0.5667687058448792,"[1, 1]"
neuroloop_shared_k2,paper,23,1,0.4218890368938446,0.578110933303833,"[1, 1]"
neuroloop_shared_k2,paper,24,1,0.4437240958213806,0.5562759041786194,"[1, 1]"
neuroloop_shared_k2,paper,25,1,0.4933638572692871,0.5066361427307129,"[0, 1]"
neuroloop_shared_k2,paper,26,0,0.5383006930351257,0.4616992473602295,"[0, 0]"
neuroloop_shared_k2,paper,27,1,0.42653214931488037,0.5734678506851196,"[1, 1]"
neuroloop_shared_k2,paper,28,1,0.43019431829452515,0.5698056817054749,"[1, 1]"
neuroloop_shared_k2,paper,29,1,0.4538004398345947,0.5461995601654053,"[1, 1]"
neuroloop_shared_k2,paper,30,0,0.5770849585533142,0.4229150414466858,"[0, 0]"
neuroloop_shared_k2,paper,31,1,0.43059679865837097,0.5694032311439514,"[1, 1]"
neuroloop_shared_k2,paper,32,1,0.41948390007019043,0.5805161595344543,"[1, 1]"
neuroloop_shared_k2,paper,33,1,0.4898375868797302,0.510162353515625,"[0, 1]"
neuroloop_shared_k2,paper,34,1,0.42977046966552734,0.5702295303344727,"[1, 1]"
neuroloop_shared_k2,paper,35,0,0.5436326265335083,0.4563673734664917,"[0, 0]"
neuroloop_shared_k2,paper,36,0,0.5657811164855957,0.4342189133167267,"[0, 0]"
neuroloop_shared_k2,paper,37,1,0.47876232862472534,0.5212377309799194,"[0, 1]"
neuroloop_shared_k2,paper,38,1,0.49741417169570923,0.5025858283042908,"[0, 1]"
neuroloop_shared_k2,paper,39,1,0.4021528959274292,0.5978471040725708,"[1, 1]"
neuroloop_shared_k2,paper,40,1,0.4470866024494171,0.5529134273529053,"[1, 1]"
neuroloop_shared_k2,paper,41,1,0.45047158002853394,0.5495284795761108,"[1, 1]"
neuroloop_shared_k2,paper,42,1,0.449445903301239,0.550554096698761,"[1, 1]"
neuroloop_shared_k2,paper,43,0,0.5403960347175598,0.4596039652824402,"[0, 0]"
neuroloop_shared_k2,paper,44,1,0.395895391702652,0.6041046380996704,"[1, 1]"
neuroloop_shared_k2,paper,45,1,0.4650994539260864,0.5349005460739136,"[1, 1]"
neuroloop_shared_k2,paper,46,1,0.4686475694179535,0.5313524603843689,"[0, 1]"
neuroloop_shared_k2,paper,47,0,0.5178425908088684,0.482157438993454,"[0, 0]"
neuroloop_shared_k2,paper,48,0,0.5157100558280945,0.4842899739742279,"[0, 0]"
neuroloop_shared_k2,paper,49,1,0.38172727823257446,0.6182727217674255,"[1, 1]"
neuroloop_shared_k2,paper,50,1,0.3772718906402588,0.6227281093597412,"[1, 1]"
neuroloop_shared_k2,paper,51,0,0.5843093395233154,0.4156906008720398,"[0, 0]"
neuroloop_shared_k2,paper,52,0,0.5442772507667542,0.45572271943092346,"[0, 0]"
neuroloop_shared_k2,paper,53,0,0.5072600841522217,0.49273988604545593,"[0, 0]"
neuroloop_shared_k2,paper,54,0,0.574225127696991,0.4257749021053314,"[0, 0]"
neuroloop_shared_k2,paper,55,0,0.5316380858421326,0.4683619439601898,"[0, 0]"
neuroloop_shared_k2,paper,56,1,0.49525487422943115,0.5047451257705688,"[0, 1]"
neuroloop_shared_k2,paper,57,0,0.5183615684509277,0.4816384017467499,"[0, 0]"
neuroloop_shared_k2,paper,58,1,0.4849255383014679,0.5150744915008545,"[0, 1]"
neuroloop_shared_k2,paper,59,1,0.39983782172203064,0.600162148475647,"[1, 1]"
neuroloop_shared_k2,paper,60,0,0.5471212267875671,0.45287877321243286,"[0, 0]"
neuroloop_shared_k2,paper,61,0,0.5248787999153137,0.4751212000846863,"[0, 0]"
neuroloop_shared_k2,paper,62,1,0.43457967042922974,0.5654203295707703,"[1, 1]"
neuroloop_shared_k2,paper,63,0,0.5486524105072021,0.45134758949279785,"[0, 0]"
neuroloop_shared_k2,paper,64,1,0.42012298107147217,0.5798770189285278,"[1, 1]"
neuroloop_shared_k2,paper,65,0,0.5225741267204285,0.47742587327957153,"[0, 0]"
neuroloop_shared_k2,paper,66,0,0.5049203634262085,0.49507957696914673,"[0, 0]"
neuroloop_shared_k2,paper,67,1,0.4925837814807892,0.5074162483215332,"[0, 1]"
neuroloop_shared_k2,paper,68,1,0.4229212999343872,0.5770787000656128,"[1, 1]"
neuroloop_shared_k2,paper,69,1,0.4485269784927368,0.5514730215072632,"[1, 1]"
neuroloop_shared_k2,paper,70,1,0.45876431465148926,0.5412356853485107,"[1, 1]"
neuroloop_shared_k2,paper,71,1,0.458978533744812,0.541021466255188,"[1, 1]"
neuroloop_shared_k2,paper,72,1,0.40930503606796265,0.5906949639320374,"[1, 1]"
neuroloop_shared_k2,paper,73,1,0.4921794533729553,0.5078205466270447,"[0, 1]"
neuroloop_shared_k2,paper,74,1,0.43773776292800903,0.562262237071991,"[1, 1]"
neuroloop_shared_k2,paper,75,0,0.5092942118644714,0.49070578813552856,"[0, 0]"
neuroloop_shared_k2,paper,76,1,0.4068703055381775,0.5931296944618225,"[1, 1]"
neuroloop_shared_k2,paper,77,1,0.4376489520072937,0.5623511075973511,"[1, 1]"
neuroloop_shared_k2,paper,78,1,0.4621976613998413,0.5378022789955139,"[1, 1]"
neuroloop_shared_k2,paper,79,1,0.3750133812427521,0.6249866485595703,"[1, 1]"
neuroloop_shared_k2,paper,80,1,0.4514610469341278,0.5485389232635498,"[1, 1]"
neuroloop_shared_k2,paper,81,1,0.43417632579803467,0.5658236742019653,"[1, 1]"
neuroloop_shared_k2,paper,82,0,0.5263866782188416,0.47361332178115845,"[0, 0]"
neuroloop_shared_k2,paper,83,0,0.526838481426239,0.4731615483760834,"[0, 0]"
neuroloop_shared_k2,paper,84,1,0.45276233553886414,0.5472376346588135,"[1, 1]"
neuroloop_shared_k2,paper,85,1,0.40052080154418945,0.5994791984558105,"[1, 1]"
neuroloop_shared_k2,paper,86,0,0.5705118775367737,0.4294881522655487,"[0, 0]"
neuroloop_shared_k2,paper,87,0,0.5404210090637207,0.4595790207386017,"[0, 0]"
neuroloop_shared_k2,paper,88,1,0.4348887503147125,0.5651112794876099,"[1, 1]"
neuroloop_shared_k2,paper,89,0,0.5002281069755554,0.4997718930244446,"[1, 0]"
neuroloop_shared_k2,paper,90,1,0.4362722933292389,0.5637276768684387,"[1, 1]"
neuroloop_shared_k2,paper,91,1,0.49518921971321106,0.5048108100891113,"[0, 1]"
neuroloop_shared_k2,paper,92,1,0.49672895669937134,0.5032711029052734,"[0, 1]"
neuroloop_shared_k2,paper,93,1,0.4040209949016571,0.5959789752960205,"[1, 1]"
neuroloop_shared_k2,paper,94,1,0.45994019508361816,0.5400598049163818,"[0, 1]"
neuroloop_shared_k2,paper,95,0,0.5204005241394043,0.4795994758605957,"[0, 0]"
neuroloop_shared_k2,paper,96,1,0.38390088081359863,0.6160990595817566,"[1, 1]"
neuroloop_shared_k2,paper,97,1,0.48207321763038635,0.5179267525672913,"[1, 1]"
neuroloop_shared_k2,paper,98,1,0.4008055329322815,0.5991944670677185,"[1, 1]"
neuroloop_shared_k2,paper,99,1,0.3959890902042389,0.6040108799934387,"[1, 1]"
neuroloop_shared_k2,paper,100,1,0.4591939151287079,0.5408060550689697,"[1, 1]"
neuroloop_shared_k2,paper,101,0,0.5052346587181091,0.49476537108421326,"[0, 0]"
neuroloop_shared_k2,paper,102,0,0.5607888102531433,0.4392111301422119,"[0, 0]"
neuroloop_shared_k2,paper,103,1,0.45695072412490845,0.5430492758750916,"[1, 1]"
neuroloop_shared_k2,paper,104,1,0.4957122206687927,0.504287838935852,"[0, 1]"
neuroloop_shared_k2,paper,105,0,0.5525298118591309,0.44747021794319153,"[0, 0]"
neuroloop_shared_k2,paper,106,1,0.4470553398132324,0.5529446601867676,"[1, 1]"
neuroloop_shared_k2,paper,107,1,0.4683969020843506,0.5316030979156494,"[1, 1]"
neuroloop_shared_k2,paper,108,1,0.4194505512714386,0.580549418926239,"[1, 1]"
neuroloop_shared_k2,paper,109,1,0.43030986189842224,0.5696901679039001,"[1, 1]"
neuroloop_shared_k2,paper,110,1,0.49996456503868103,0.5000354647636414,"[0, 1]"
neuroloop_shared_k2,paper,111,1,0.4668048620223999,0.5331951379776001,"[1, 1]"
neuroloop_shared_k2,paper,112,0,0.5101805329322815,0.4898194372653961,"[0, 0]"
neuroloop_shared_k2,paper,113,1,0.48956000804901123,0.5104399919509888,"[1, 1]"
neuroloop_shared_k2,paper,114,1,0.42141348123550415,0.5785865187644958,"[1, 1]"
neuroloop_shared_k2,paper,115,1,0.4423436224460602,0.5576564073562622,"[1, 1]"
neuroloop_shared_k2,paper,116,0,0.5066426992416382,0.4933573305606842,"[0, 0]"
neuroloop_shared_k2,paper,117,1,0.4646330773830414,0.5353668928146362,"[1, 1]"
neuroloop_shared_k2,paper,118,1,0.4585977792739868,0.541402280330658,"[1, 1]"
neuroloop_shared_k2,paper,119,1,0.45433202385902405,0.5456680059432983,"[1, 1]"
neuroloop_shared_k2,paper,120,1,0.45847728848457336,0.5415226817131042,"[1, 1]"
neuroloop_shared_k2,paper,121,1,0.4293581545352936,0.5706418752670288,"[1, 1]"
neuroloop_shared_k2,paper,122,0,0.5300326347351074,0.4699673652648926,"[0, 0]"
neuroloop_shared_k2,paper,123,1,0.47519615292549133,0.524803876876831,"[1, 1]"
neuroloop_shared_k2,paper,124,1,0.4178085923194885,0.5821914076805115,"[1, 1]"
neuroloop_shared_k2,paper,125,1,0.46809226274490356,0.5319077968597412,"[1, 1]"
neuroloop_shared_k2,paper,126,0,0.5239591598510742,0.4760408401489258,"[0, 0]"
neuroloop_shared_k2,paper,127,0,0.5076575875282288,0.49234244227409363,"[0, 0]"
neuroloop_shared_k2,paper,128,1,0.3957141935825348,0.6042858362197876,"[1, 1]"
neuroloop_shared_k2,paper,129,1,0.3797377943992615,0.6202622056007385,"[1, 1]"
neuroloop_shared_k2,paper,130,1,0.44431257247924805,0.555687427520752,"[1, 1]"
neuroloop_shared_k2,paper,131,1,0.42106983065605164,0.5789301991462708,"[1, 1]"
neuroloop_shared_k2,paper,132,1,0.4473239779472351,0.5526760220527649,"[1, 1]"
neuroloop_shared_k2,paper,133,1,0.39531996846199036,0.6046800017356873,"[1, 1]"
neuroloop_shared_k2,paper,134,1,0.42747974395751953,0.5725202560424805,"[1, 1]"
neuroloop_shared_k2,paper,135,1,0.4162183105945587,0.5837817192077637,"[1, 1]"
neuroloop_shared_k2,paper,136,0,0.5325459837913513,0.46745404601097107,"[0, 0]"
neuroloop_shared_k2,paper,137,0,0.5124853253364563,0.4875146746635437,"[0, 0]"
neuroloop_shared_k2,paper,138,1,0.45410361886024475,0.5458964109420776,"[1, 1]"
neuroloop_shared_k2,paper,139,1,0.4796149432659149,0.5203850269317627,"[0, 1]"
neuroloop_shared_k2,paper,140,1,0.43022674322128296,0.569773256778717,"[1, 1]"
neuroloop_shared_k2,paper,141,0,0.5264538526535034,0.4735461473464966,"[0, 0]"
neuroloop_shared_k2,paper,142,1,0.4863055348396301,0.5136944651603699,"[1, 1]"
neuroloop_shared_k2,paper,143,0,0.5059787631034851,0.4940212666988373,"[0, 0]"
neuroloop_shared_k4,paper,0,0,0.6267337203025818,0.3732663094997406,"[0, 0, 0, 0]"
neuroloop_shared_k4,paper,1,1,0.3169330656528473,0.6830669045448303,"[1, 1, 1, 1]"
neuroloop_shared_k4,paper,2,1,0.45328032970428467,0.5467196702957153,"[1, 1, 1, 1]"
neuroloop_shared_k4,paper,3,1,0.4929535686969757,0.5070464015007019,"[1, 1, 1, 1]"
neuroloop_shared_k4,paper,4,1,0.4235842227935791,0.5764157772064209,"[0, 0, 1, 1]"
neuroloop_shared_k4,paper,5,1,0.47786378860473633,0.5221362113952637,"[1, 0, 1, 1]"
neuroloop_shared_k4,paper,6,1,0.2707842290401459,0.7292157411575317,"[1, 1, 1, 1]"
neuroloop_shared_k4,paper,7,1,0.26673898100852966,0.7332610487937927,"[1, 1, 1, 1]"
neuroloop_shared_k4,paper,8,1,0.29267415404319763,0.7073258757591248,"[1, 1, 1, 1]"
neuroloop_shared_k4,paper,9,1,0.27292242646217346,0.7270775437355042,"[1, 1, 1, 1]"
neuroloop_shared_k4,paper,10,0,0.6637141704559326,0.336285799741745,"[0, 0, 0, 0]"
neuroloop_shared_k4,paper,11,0,0.5322864651679993,0.46771350502967834,"[1, 0, 0, 0]"
neuroloop_shared_k4,paper,12,1,0.3718406856060028,0.6281593441963196,"[1, 1, 1, 1]"
neuroloop_shared_k4,paper,13,0,0.5364089012145996,0.463591068983078,"[0, 0, 0, 0]"
neuroloop_shared_k4,paper,14,1,0.4847550392150879,0.5152449607849121,"[0, 0, 1, 1]"
neuroloop_shared_k4,paper,15,1,0.42905479669570923,0.5709452033042908,"[1, 1, 1, 1]"
neuroloop_shared_k4,paper,16,1,0.4362494945526123,0.5637505650520325,"[1, 1, 1, 1]"
neuroloop_shared_k4,paper,17,1,0.27174752950668335,0.7282524704933167,"[1, 1, 1, 1]"
neuroloop_shared_k4,paper,18,0,0.6081710457801819,0.3918289542198181,"[0, 0, 0, 0]"
neuroloop_shared_k4,paper,19,1,0.2629449665546417,0.7370550632476807,"[1, 1, 1, 1]"
neuroloop_shared_k4,paper,20,1,0.4851315915584564,0.514868438243866,"[1, 0, 1, 1]"
neuroloop_shared_k4,paper,21,0,0.5883176922798157,0.4116823375225067,"[0, 0, 0, 0]"
neuroloop_shared_k4,paper,22,1,0.2694507837295532,0.7305492758750916,"[1, 1, 1, 1]"
neuroloop_shared_k4,paper,23,1,0.2670597732067108,0.7329402565956116,"[1, 1, 1, 1]"
neuroloop_shared_k4,paper,24,1,0.41950085759162903,0.5804991722106934,"[1, 1, 1, 1]"
neuroloop_shared_k4,paper,25,1,0.39608529210090637,0.6039146780967712,"[1, 1, 1, 1]"
neuroloop_shared_k4,paper,26,0,0.5607246160507202,0.4392753839492798,"[0, 0, 0, 0]"
neuroloop_shared_k4,paper,27,1,0.27945587038993835,0.720544159412384,"[1, 1, 1, 1]"
neuroloop_shared_k4,paper,28,1,0.30515506863594055,0.6948449611663818,"[1, 1, 1, 1]"
neuroloop_shared_k4,paper,29,1,0.2764011323451996,0.7235988974571228,"[1, 1, 1, 1]"
neuroloop_shared_k4,paper,30,0,0.6095253825187683,0.3904746472835541,"[0, 0, 0, 0]"
neuroloop_shared_k4,paper,31,1,0.34578073024749756,0.6542192697525024,"[1, 1, 1, 1]"
neuroloop_shared_k4,paper,32,1,0.2511674761772156,0.7488324642181396,"[1, 1, 1, 1]"
neuroloop_shared_k4,paper,33,1,0.4015279710292816,0.5984720587730408,"[1, 1, 1, 1]"
neuroloop_shared_k4,paper,34,1,0.29492896795272827,0.7050710320472717,"[1, 1, 1, 1]"
neuroloop_shared_k4,paper,35,1,0.4893077611923218,0.5106922388076782,"[1, 0, 1, 1]"
neuroloop_shared_k4,paper,36,0,0.5028725266456604,0.4971274435520172,"[0, 0, 1, 0]"
neuroloop_shared_k4,paper,37,1,0.47471052408218384,0.5252894759178162,"[1, 1, 1, 1]"
neuroloop_shared_k4,paper,38,1,0.48597288131713867,0.5140271186828613,"[1, 0, 1, 1]"
neuroloop_shared_k4,paper,39,1,0.25135231018066406,0.7486476898193359,"[1, 1, 1, 1]"
neuroloop_shared_k4,paper,40,1,0.31805792450904846,0.6819421052932739,"[1, 1, 1, 1]"
neuroloop_shared_k4,paper,41,1,0.2883492112159729,0.7116507887840271,"[1, 1, 1, 1]"
neuroloop_shared_k4,paper,42,1,0.34084197878837585,0.6591579914093018,"[1, 1, 1, 1]"
neuroloop_shared_k4,paper,43,1,0.4784161448478699,0.5215838551521301,"[1, 0, 1, 1]"
neuroloop_shared_k4,paper,44,1,0.2695833444595337,0.7304167151451111,"[1, 1, 1, 1]"
neuroloop_shared_k4,paper,45,1,0.28986307978630066,0.7101369500160217,"[1, 1, 1, 1]"
neuroloop_shared_k4,paper,46,1,0.3114517629146576,0.6885482668876648,"[1, 1, 1, 1]"
neuroloop_shared_k4,paper,47,0,0.5867912173271179,0.4132087826728821,"[1, 0, 0, 0]"
neuroloop_shared_k4,paper,48,1,0.4689059853553772,0.5310940146446228,"[1, 1, 1, 1]"
neuroloop_shared_k4,paper,49,1,0.2460121214389801,0.7539878487586975,"[1, 1, 1, 1]"
neuroloop_shared_k4,paper,50,1,0.20184201002120972,0.7981579303741455,"[1, 1, 1, 1]"
neuroloop_shared_k4,paper,51,0,0.6305737495422363,0.36942625045776367,"[0, 0, 0, 0]"
neuroloop_shared_k4,paper,52,0,0.5662372708320618,0.43376272916793823,"[0, 0, 0, 0]"
neuroloop_shared_k4,paper,53,1,0.4233451783657074,0.5766547918319702,"[1, 1, 1, 1]"
neuroloop_shared_k4,paper,54,0,0.5517978072166443,0.4482021629810333,"[0, 0, 0, 0]"
neuroloop_shared_k4,paper,55,0,0.515214204788208,0.484785795211792,"[1, 0, 1, 0]"
neuroloop_shared_k4,paper,56,1,0.4956819415092468,0.5043180584907532,"[1, 0, 1, 1]"
neuroloop_shared_k4,paper,57,1,0.4428148567676544,0.557185173034668,"[1, 1, 1, 1]"
neuroloop_shared_k4,paper,58,1,0.3535955548286438,0.6464044451713562,"[1, 1, 1, 1]"
neuroloop_shared_k4,paper,59,1,0.2765747308731079,0.7234252691268921,"[1, 1, 1, 1]"
neuroloop_shared_k4,paper,60,0,0.5034891366958618,0.49651092290878296,"[0, 0, 1, 0]"
neuroloop_shared_k4,paper,61,1,0.4330151081085205,0.5669848918914795,"[1, 1, 1, 1]"
neuroloop_shared_k4,paper,62,1,0.24746738374233246,0.7525326013565063,"[1, 1, 1, 1]"
neuroloop_shared_k4,paper,63,0,0.5725434422492981,0.4274565279483795,"[0, 0, 0, 0]"
neuroloop_shared_k4,paper,64,1,0.2599605619907379,0.7400394678115845,"[1, 1, 1, 1]"
neuroloop_shared_k4,paper,65,0,0.5271086692810059,0.47289133071899414,"[1, 0, 1, 0]"
neuroloop_shared_k4,paper,66,1,0.43276020884513855,0.5672398209571838,"[1, 1, 1, 1]"
neuroloop_shared_k4,paper,67,1,0.3764769434928894,0.6235231161117554,"[1, 1, 1, 1]"
neuroloop_shared_k4,paper,68,1,0.3910861015319824,0.6089139580726624,"[1, 1, 1, 1]"
neuroloop_shared_k4,paper,69,1,0.27615174651145935,0.723848283290863,"[1, 1, 1, 1]"
neuroloop_shared_k4,paper,70,1,0.36525604128837585,0.6347439885139465,"[1, 1, 1, 1]"
neuroloop_shared_k4,paper,71,1,0.38654136657714844,0.6134586334228516,"[1, 1, 1, 1]"
neuroloop_shared_k4,paper,72,1,0.2917630970478058,0.7082369327545166,"[1, 1, 1, 1]"
neuroloop_shared_k4,paper,73,1,0.3440540134906769,0.6559459567070007,"[1, 1, 1, 1]"
neuroloop_shared_k4,paper,74,1,0.3073987662792206,0.6926012635231018,"[1, 1, 1, 1]"
neuroloop_shared_k4,paper,75,0,0.5188102126121521,0.4811898171901703,"[0, 0, 1, 0]"
neuroloop_shared_k4,paper,76,1,0.29180532693862915,0.7081946730613708,"[1, 1, 1, 1]"
neuroloop_shared_k4,paper,77,1,0.3310823440551758,0.6689176559448242,"[1, 1, 1, 1]"
neuroloop_shared_k4,paper,78,1,0.474521279335022,0.525478720664978,"[1, 1, 1, 1]"
neuroloop_shared_k4,paper,79,1,0.24469351768493652,0.7553065419197083,"[1, 1, 1, 1]"
neuroloop_shared_k4,paper,80,1,0.3036510646343231,0.6963489651679993,"[1, 1, 1, 1]"
neuroloop_shared_k4,paper,81,1,0.28409790992736816,0.7159020900726318,"[1, 1, 1, 1]"
neuroloop_shared_k4,paper,82,1,0.36069098114967346,0.6393090486526489,"[1, 1, 1, 1]"
neuroloop_shared_k4,paper,83,1,0.42112571001052856,0.5788742899894714,"[1, 1, 1, 1]"
neuroloop_shared_k4,paper,84,1,0.3367840647697449,0.6632159352302551,"[1, 1, 1, 1]"
neuroloop_shared_k4,paper,85,1,0.26294273138046265,0.7370572686195374,"[1, 1, 1, 1]"
neuroloop_shared_k4,paper,86,0,0.5671722292900085,0.43282780051231384,"[0, 0, 0, 0]"
neuroloop_shared_k4,paper,87,1,0.4947904348373413,0.5052095055580139,"[0, 0, 1, 1]"
neuroloop_shared_k4,paper,88,1,0.29999837279319763,0.70000159740448,"[1, 1, 1, 1]"
neuroloop_shared_k4,paper,89,1,0.4519664943218231,0.5480334758758545,"[1, 1, 1, 1]"
neuroloop_shared_k4,paper,90,1,0.3162527084350586,0.6837472915649414,"[1, 1, 1, 1]"
neuroloop_shared_k4,paper,91,1,0.4810396730899811,0.5189603567123413,"[1, 1, 1, 1]"
neuroloop_shared_k4,paper,92,1,0.31315773725509644,0.6868422627449036,"[1, 1, 1, 1]"
neuroloop_shared_k4,paper,93,1,0.26009315252304077,0.7399068474769592,"[1, 1, 1, 1]"
neuroloop_shared_k4,paper,94,1,0.3557142913341522,0.6442857384681702,"[1, 1, 1, 1]"
neuroloop_shared_k4,paper,95,0,0.5274510979652405,0.47254887223243713,"[0, 0, 0, 0]"
neuroloop_shared_k4,paper,96,1,0.23675574362277985,0.7632442116737366,"[1, 1, 1, 1]"
neuroloop_shared_k4,paper,97,1,0.3537384569644928,0.6462615728378296,"[1, 1, 1, 1]"
neuroloop_shared_k4,paper,98,1,0.24652189016342163,0.7534781694412231,"[1, 1, 1, 1]"
neuroloop_shared_k4,paper,99,1,0.2404758483171463,0.7595241665840149,"[1, 1, 1, 1]"
neuroloop_shared_k4,paper,100,1,0.2943945825099945,0.7056053876876831,"[1, 1, 1, 1]"
neuroloop_shared_k4,paper,101,1,0.4581901431083679,0.5418098568916321,"[1, 0, 1, 1]"
neuroloop_shared_k4,paper,102,0,0.5540814399719238,0.44591856002807617,"[0, 0, 0, 0]"
neuroloop_shared_k4,paper,103,1,0.37441742420196533,0.6255825757980347,"[1, 1, 1, 1]"
neuroloop_shared_k4,paper,104,1,0.383109986782074,0.616890013217926,"[1, 1, 1, 1]"
neuroloop_shared_k4,paper,105,1,0.4018608629703522,0.5981391072273254,"[0, 1, 1, 1]"
neuroloop_shared_k4,paper,106,1,0.3301336169242859,0.6698663830757141,"[1, 1, 1, 1]"
neuroloop_shared_k4,paper,107,1,0.37019261717796326,0.6298074126243591,"[1, 1, 1, 1]"
neuroloop_shared_k4,paper,108,1,0.26425811648368835,0.7357418537139893,"[1, 1, 1, 1]"
neuroloop_shared_k4,paper,109,1,0.36939579248428345,0.6306042075157166,"[1, 1, 1, 1]"
neuroloop_shared_k4,paper,110,1,0.3394469618797302,0.6605530381202698,"[1, 1, 1, 1]"
neuroloop_shared_k4,paper,111,1,0.3749030530452728,0.6250969767570496,"[1, 1, 1, 1]"
neuroloop_shared_k4,paper,112,1,0.4179456830024719,0.5820543169975281,"[1, 1, 1, 1]"
neuroloop_shared_k4,paper,113,1,0.3970717191696167,0.6029282212257385,"[1, 1, 1, 1]"
neuroloop_shared_k4,paper,114,1,0.2758455276489258,0.724154531955719,"[1, 1, 1, 1]"
neuroloop_shared_k4,paper,115,1,0.27618712186813354,0.7238129377365112,"[1, 1, 1, 1]"
neuroloop_shared_k4,paper,116,1,0.4034038484096527,0.5965961217880249,"[1, 1, 1, 1]"
neuroloop_shared_k4,paper,117,1,0.4086529016494751,0.5913470983505249,"[1, 1, 1, 1]"
neuroloop_shared_k4,paper,118,1,0.33742523193359375,0.6625747680664062,"[1, 1, 1, 1]"
neuroloop_shared_k4,paper,119,1,0.3659648299217224,0.6340352296829224,"[1, 1, 1, 1]"
neuroloop_shared_k4,paper,120,1,0.3136301636695862,0.6863698363304138,"[1, 1, 1, 1]"
neuroloop_shared_k4,paper,121,1,0.29431527853012085,0.7056846618652344,"[1, 1, 1, 1]"
neuroloop_shared_k4,paper,122,1,0.3758191466331482,0.6241808533668518,"[1, 1, 1, 1]"
neuroloop_shared_k4,paper,123,1,0.4257412254810333,0.5742588043212891,"[1, 1, 1, 1]"
neuroloop_shared_k4,paper,124,1,0.29271969199180603,0.7072802782058716,"[1, 1, 1, 1]"
neuroloop_shared_k4,paper,125,1,0.3286619186401367,0.6713380813598633,"[1, 1, 1, 1]"
neuroloop_shared_k4,paper,126,1,0.45032811164855957,0.5496718883514404,"[1, 1, 1, 1]"
neuroloop_shared_k4,paper,127,1,0.4200937747955322,0.5799062252044678,"[1, 1, 1, 1]"
neuroloop_shared_k4,paper,128,1,0.2632507085800171,0.7367492914199829,"[1, 1, 1, 1]"
neuroloop_shared_k4,paper,129,1,0.24574458599090576,0.7542553544044495,"[1, 1, 1, 1]"
neuroloop_shared_k4,paper,130,1,0.39403727650642395,0.6059627532958984,"[1, 1, 1, 1]"
neuroloop_shared_k4,paper,131,1,0.3016861379146576,0.69831383228302,"[1, 1, 1, 1]"
neuroloop_shared_k4,paper,132,1,0.3190496265888214,0.680950403213501,"[1, 1, 1, 1]"
neuroloop_shared_k4,paper,133,1,0.2729722857475281,0.7270277142524719,"[1, 1, 1, 1]"
neuroloop_shared_k4,paper,134,1,0.32248204946517944,0.6775179505348206,"[1, 1, 1, 1]"
neuroloop_shared_k4,paper,135,1,0.25311100482940674,0.746889054775238,"[1, 1, 1, 1]"
neuroloop_shared_k4,paper,136,1,0.41120609641075134,0.588793933391571,"[1, 1, 1, 1]"
neuroloop_shared_k4,paper,137,1,0.4735793173313141,0.5264207124710083,"[1, 1, 1, 1]"
neuroloop_shared_k4,paper,138,1,0.2901040315628052,0.7098959684371948,"[1, 1, 1, 1]"
neuroloop_shared_k4,paper,139,1,0.3230814039707184,0.6769185662269592,"[1, 1, 1, 1]"
neuroloop_shared_k4,paper,140,1,0.3193240165710449,0.6806759238243103,"[1, 1, 1, 1]"
neuroloop_shared_k4,paper,141,1,0.4530477821826935,0.5469521880149841,"[1, 0, 1, 1]"
neuroloop_shared_k4,paper,142,1,0.3447670042514801,0.6552330255508423,"[1, 1, 1, 1]"
neuroloop_shared_k4,paper,143,1,0.42940381169319153,0.5705962181091309,"[1, 1, 1, 1]"
neuroloop_shared_k8,paper,0,0,0.8437075614929199,0.15629245340824127,"[0, 0, 0, 0, 0, 0, 0, 0]"
neuroloop_shared_k8,paper,1,1,0.22541794180870056,0.774582028388977,"[1, 1, 1, 1, 1, 1, 1, 1]"
neuroloop_shared_k8,paper,2,0,0.7864755988121033,0.21352437138557434,"[0, 0, 0, 0, 0, 0, 0, 0]"
neuroloop_shared_k8,paper,3,0,0.7939288020133972,0.20607119798660278,"[0, 0, 0, 0, 0, 0, 0, 0]"
neuroloop_shared_k8,paper,4,0,0.7298269271850586,0.270173043012619,"[0, 0, 0, 0, 0, 0, 0, 0]"
neuroloop_shared_k8,paper,5,0,0.8384373188018799,0.1615626960992813,"[0, 0, 0, 0, 0, 0, 0, 0]"
neuroloop_shared_k8,paper,6,1,0.2527669072151184,0.7472330927848816,"[1, 1, 1, 1, 1, 1, 1, 1]"
neuroloop_shared_k8,paper,7,1,0.23827947676181793,0.7617205381393433,"[1, 1, 1, 1, 1, 1, 1, 1]"
neuroloop_shared_k8,paper,8,0,0.5390509366989136,0.4609490931034088,"[1, 1, 1, 1, 1, 1, 1, 0]"
neuroloop_shared_k8,paper,9,1,0.3242155909538269,0.6757844090461731,"[1, 1, 1, 1, 1, 1, 1, 1]"
neuroloop_shared_k8,paper,10,0,0.9458802342414856,0.05411974713206291,"[0, 0, 0, 0, 0, 0, 0, 0]"
neuroloop_shared_k8,paper,11,0,0.8345659375190735,0.16543398797512054,"[0, 0, 0, 0, 0, 0, 0, 0]"
neuroloop_shared_k8,paper,12,1,0.30545613169670105,0.6945438981056213,"[1, 1, 1, 1, 1, 1, 1, 1]"
neuroloop_shared_k8,paper,13,0,0.8736879229545593,0.1263120323419571,"[0, 0, 0, 0, 0, 0, 0, 0]"
neuroloop_shared_k8,paper,14,0,0.6013648509979248,0.3986351490020752,"[0, 0, 0, 1, 1, 0, 0, 0]"
neuroloop_shared_k8,paper,15,0,0.7193483710289001,0.28065162897109985,"[0, 0, 0, 0, 0, 0, 0, 0]"
neuroloop_shared_k8,paper,16,0,0.6495772004127502,0.35042279958724976,"[1, 1, 1, 1, 1, 0, 0, 0]"
neuroloop_shared_k8,paper,17,1,0.0863364189863205,0.9136636257171631,"[1, 1, 1, 1, 1, 1, 1, 1]"
neuroloop_shared_k8,paper,18,0,0.9329570531845093,0.06704295426607132,"[0, 0, 0, 0, 0, 0, 0, 0]"
neuroloop_shared_k8,paper,19,1,0.45590314269065857,0.5440968871116638,"[1, 1, 1, 1, 1, 1, 1, 1]"
neuroloop_shared_k8,paper,20,0,0.7544169425964355,0.24558302760124207,"[0, 0, 0, 0, 0, 0, 0, 0]"
neuroloop_shared_k8,paper,21,0,0.9196411371231079,0.08035889267921448,"[0, 0, 0, 0, 0, 0, 0, 0]"
neuroloop_shared_k8,paper,22,1,0.08923956006765366,0.9107604026794434,"[1, 1, 1, 1, 1, 1, 1, 1]"
neuroloop_shared_k8,paper,23,1,0.1568179726600647,0.8431820273399353,"[1, 1, 1, 1, 1, 1, 1, 1]"
neuroloop_shared_k8,paper,24,0,0.6742043495178223,0.32579565048217773,"[1, 1, 1, 1, 1, 0, 0, 0]"
neuroloop_shared_k8,paper,25,0,0.757183849811554,0.24281616508960724,"[0, 0, 0, 0, 0, 0, 0, 0]"
neuroloop_shared_k8,paper,26,0,0.8581419587135315,0.14185799658298492,"[0, 0, 0, 0, 0, 0, 0, 0]"
neuroloop_shared_k8,paper,27,1,0.3815383315086365,0.6184617280960083,"[1, 1, 1, 1, 1, 1, 1, 1]"
neuroloop_shared_k8,paper,28,1,0.1475542038679123,0.8524457812309265,"[1, 1, 1, 1, 1, 1, 1, 1]"
neuroloop_shared_k8,paper,29,1,0.31870946288108826,0.6812905073165894,"[1, 1, 1, 1, 1, 1, 1, 1]"
neuroloop_shared_k8,paper,30,0,0.9179437756538391,0.08205626159906387,"[0, 0, 0, 0, 0, 0, 0, 0]"
neuroloop_shared_k8,paper,31,1,0.2551422715187073,0.7448577284812927,"[1, 1, 1, 1, 1, 1, 1, 1]"
neuroloop_shared_k8,paper,32,1,0.2978198230266571,0.7021801471710205,"[1, 1, 1, 1, 1, 1, 1, 1]"
neuroloop_shared_k8,paper,33,1,0.481017529964447,0.5189825296401978,"[1, 1, 1, 1, 1, 1, 1, 1]"
neuroloop_shared_k8,paper,34,1,0.3811913728713989,0.6188086271286011,"[1, 1, 1, 1, 1, 1, 1, 1]"
neuroloop_shared_k8,paper,35,0,0.8325631022453308,0.1674368977546692,"[0, 0, 0, 0, 0, 0, 0, 0]"
neuroloop_shared_k8,paper,36,0,0.8429197669029236,0.15708021819591522,"[0, 0, 0, 0, 0, 0, 0, 0]"
neuroloop_shared_k8,paper,37,0,0.7777249813079834,0.2222750186920166,"[0, 0, 0, 0, 0, 0, 0, 0]"
neuroloop_shared_k8,paper,38,0,0.7985557913780212,0.20144417881965637,"[0, 0, 0, 0, 0, 0, 0, 0]"
neuroloop_shared_k8,paper,39,1,0.15614120662212372,0.8438587784767151,"[1, 1, 1, 1, 1, 1, 1, 1]"
neuroloop_shared_k8,paper,40,1,0.2064988762140274,0.793501079082489,"[1, 1, 1, 1, 1, 1, 1, 1]"
neuroloop_shared_k8,paper,41,0,0.5358259677886963,0.4641740620136261,"[1, 1, 1, 1, 1, 1, 1, 0]"
neuroloop_shared_k8,paper,42,1,0.4035741090774536,0.5964259505271912,"[1, 1, 1, 1, 1, 1, 1, 1]"
neuroloop_shared_k8,paper,43,0,0.8127753734588623,0.18722465634346008,"[0, 0, 0, 0, 0, 0, 0, 0]"
neuroloop_shared_k8,paper,44,1,0.08016002923250198,0.9198399186134338,"[1, 1, 1, 1, 1, 1, 1, 1]"
neuroloop_shared_k8,paper,45,0,0.6158159375190735,0.3841840326786041,"[0, 0, 0, 1, 1, 0, 0, 0]"
neuroloop_shared_k8,paper,46,1,0.3956877291202545,0.6043123006820679,"[0, 1, 1, 1, 1, 1, 1, 1]"
neuroloop_shared_k8,paper,47,0,0.9391636848449707,0.060836389660835266,"[0, 0, 0, 0, 0, 0, 0, 0]"
neuroloop_shared_k8,paper,48,0,0.7245514392852783,0.2754485309123993,"[0, 0, 0, 0, 0, 0, 0, 0]"
neuroloop_shared_k8,paper,49,1,0.1893870085477829,0.8106130361557007,"[1, 1, 1, 1, 1, 1, 1, 1]"
neuroloop_shared_k8,paper,50,1,0.15465092658996582,0.845349133014679,"[1, 1, 1, 1, 1, 1, 1, 1]"
neuroloop_shared_k8,paper,51,0,0.9340333938598633,0.06596659123897552,"[0, 0, 0, 0, 0, 0, 0, 0]"
neuroloop_shared_k8,paper,52,0,0.8787022233009338,0.12129782885313034,"[0, 0, 0, 0, 0, 0, 0, 0]"
neuroloop_shared_k8,paper,53,1,0.45441073179244995,0.5455893278121948,"[1, 1, 1, 1, 1, 1, 1, 1]"
neuroloop_shared_k8,paper,54,0,0.777786374092102,0.22221358120441437,"[0, 0, 0, 0, 0, 0, 0, 0]"
neuroloop_shared_k8,paper,55,0,0.7441978454589844,0.25580212473869324,"[0, 0, 0, 0, 0, 0, 0, 0]"
neuroloop_shared_k8,paper,56,0,0.5165650248527527,0.4834350049495697,"[1, 1, 1, 1, 1, 1, 1, 0]"
neuroloop_shared_k8,paper,57,0,0.6250239610671997,0.3749760389328003,"[0, 0, 0, 1, 1, 0, 0, 0]"
neuroloop_shared_k8,paper,58,0,0.6369172930717468,0.36308276653289795,"[0, 0, 0, 1, 1, 0, 0, 0]"
neuroloop_shared_k8,paper,59,1,0.24332095682621002,0.7566789984703064,"[1, 1, 1, 1, 1, 1, 1, 1]"
neuroloop_shared_k8,paper,60,0,0.8915850520133972,0.10841498523950577,"[0, 0, 0, 0, 0, 0, 0, 0]"
neuroloop_shared_k8,paper,61,0,0.5168195962905884,0.483180433511734,"[0, 1, 1, 1, 1, 1, 1, 0]"
neuroloop_shared_k8,paper,62,1,0.4226333200931549,0.5773667097091675,"[1, 1, 1, 1, 1, 1, 1, 1]"
neuroloop_shared_k8,paper,63,0,0.7804614901542664,0.21953850984573364,"[0, 0, 0, 0, 0, 0, 0, 0]"
neuroloop_shared_k8,paper,64,1,0.202333003282547,0.7976670265197754,"[1, 1, 1, 1, 1, 1, 1, 1]"
neuroloop_shared_k8,paper,65,0,0.812560498714447,0.18743951618671417,"[0, 0, 0, 0, 0, 0, 0, 0]"
neuroloop_shared_k8,paper,66,0,0.6698836088180542,0.3301163911819458,"[0, 0, 0, 1, 1, 0, 0, 0]"
neuroloop_shared_k8,paper,67,1,0.21977338194847107,0.7802265882492065,"[1, 1, 1, 1, 1, 1, 1, 1]"
neuroloop_shared_k8,paper,68,0,0.6436971426010132,0.35630282759666443,"[1, 1, 1, 1, 1, 0, 0, 0]"
neuroloop_shared_k8,paper,69,0,0.5029076337814331,0.4970923662185669,"[1, 1, 1, 1, 1, 1, 1, 0]"
neuroloop_shared_k8,paper,70,1,0.2885906398296356,0.7114093899726868,"[1, 1, 1, 1, 1, 1, 1, 1]"
neuroloop_shared_k8,paper,71,1,0.4836373031139374,0.5163626670837402,"[1, 1, 1, 1, 1, 1, 1, 1]"
neuroloop_shared_k8,paper,72,1,0.31424853205680847,0.6857514381408691,"[1, 1, 1, 1, 1, 1, 1, 1]"
neuroloop_shared_k8,paper,73,1,0.2653121054172516,0.734687864780426,"[1, 1, 1, 1, 1, 1, 1, 1]"
neuroloop_shared_k8,paper,74,1,0.3132494390010834,0.6867505311965942,"[1, 1, 1, 1, 1, 1, 1, 1]"
neuroloop_shared_k8,paper,75,0,0.5935635566711426,0.4064364433288574,"[0, 0, 1, 1, 1, 1, 0, 0]"
neuroloop_shared_k8,paper,76,1,0.30874717235565186,0.6912528276443481,"[1, 1, 1, 1, 1, 1, 1, 1]"
neuroloop_shared_k8,paper,77,1,0.2426007241010666,0.757399320602417,"[1, 1, 1, 1, 1, 1, 1, 1]"
neuroloop_shared_k8,paper,78,1,0.4611298441886902,0.5388701558113098,"[1, 1, 1, 1, 1, 1, 1, 1]"
neuroloop_shared_k8,paper,79,1,0.08999817073345184,0.910001814365387,"[1, 1, 1, 1, 1, 1, 1, 1]"
neuroloop_shared_k8,paper,80,0,0.533775806427002,0.46622416377067566,"[0, 0, 1, 1, 1, 1, 1, 0]"
neuroloop_shared_k8,paper,81,1,0.1293453574180603,0.8706546425819397,"[1, 1, 1, 1, 1, 1, 1, 1]"
neuroloop_shared_k8,paper,82,0,0.6740476489067078,0.32595232129096985,"[0, 0, 0, 1, 0, 0, 0, 0]"
neuroloop_shared_k8,paper,83,0,0.76558518409729,0.23441483080387115,"[0, 0, 0, 0, 0, 0, 0, 0]"
neuroloop_shared_k8,paper,84,0,0.515673041343689,0.48432692885398865,"[1, 1, 1, 1, 1, 1, 1, 0]"
neuroloop_shared_k8,paper,85,0,0.7514327168464661,0.24856725335121155,"[0, 0, 0, 0, 0, 0, 0, 0]"
neuroloop_shared_k8,paper,86,0,0.9016616344451904,0.09833836555480957,"[0, 0, 0, 0, 0, 0, 0, 0]"
neuroloop_shared_k8,paper,87,0,0.7667704224586487,0.2332296222448349,"[0, 0, 0, 0, 0, 0, 0, 0]"
neuroloop_shared_k8,paper,88,1,0.15099745988845825,0.8490025401115417,"[1, 1, 1, 1, 1, 1, 1, 1]"
neuroloop_shared_k8,paper,89,0,0.9092792868614197,0.09072065353393555,"[0, 0, 0, 0, 0, 0, 0, 0]"
neuroloop_shared_k8,paper,90,0,0.5896201729774475,0.4103798270225525,"[1, 1, 1, 1, 1, 1, 0, 0]"
neuroloop_shared_k8,paper,91,0,0.7257124185562134,0.27428755164146423,"[0, 0, 0, 1, 0, 0, 0, 0]"
neuroloop_shared_k8,paper,92,0,0.8378819227218628,0.162118062376976,"[0, 0, 0, 0, 0, 0, 0, 0]"
neuroloop_shared_k8,paper,93,1,0.13851942121982574,0.8614805936813354,"[1, 1, 1, 1, 1, 1, 1, 1]"
neuroloop_shared_k8,paper,94,1,0.4036251902580261,0.5963748097419739,"[1, 1, 1, 1, 1, 1, 1, 1]"
neuroloop_shared_k8,paper,95,0,0.8153709173202515,0.18462906777858734,"[0, 0, 0, 0, 0, 0, 0, 0]"
neuroloop_shared_k8,paper,96,1,0.12813296914100647,0.8718670606613159,"[1, 1, 1, 1, 1, 1, 1, 1]"
neuroloop_shared_k8,paper,97,1,0.39158129692077637,0.6084187030792236,"[1, 1, 1, 1, 1, 1, 1, 1]"
neuroloop_shared_k8,paper,98,1,0.2270732820034027,0.7729267477989197,"[1, 1, 1, 1, 1, 1, 1, 1]"
neuroloop_shared_k8,paper,99,1,0.12799713015556335,0.8720028400421143,"[1, 1, 1, 1, 1, 1, 1, 1]"
neuroloop_shared_k8,paper,100,1,0.44218921661376953,0.5578107237815857,"[1, 1, 1, 1, 1, 1, 1, 1]"
neuroloop_shared_k8,paper,101,0,0.7423791289329529,0.25762081146240234,"[0, 0, 0, 0, 0, 0, 0, 0]"
neuroloop_shared_k8,paper,102,0,0.8233686089515686,0.17663133144378662,"[0, 0, 0, 0, 0, 0, 0, 0]"
neuroloop_shared_k8,paper,103,0,0.5539350509643555,0.44606494903564453,"[0, 1, 1, 1, 1, 1, 0, 0]"
neuroloop_shared_k8,paper,104,1,0.31771320104599,0.6822867393493652,"[1, 1, 1, 1, 1, 1, 1, 1]"
neuroloop_shared_k8,paper,105,0,0.5975363254547119,0.4024637043476105,"[0, 0, 0, 1, 1, 0, 0, 0]"
neuroloop_shared_k8,paper,106,1,0.4349651038646698,0.5650348663330078,"[1, 1, 1, 1, 1, 1, 1, 1]"
neuroloop_shared_k8,paper,107,0,0.5250146985054016,0.474985271692276,"[0, 1, 1, 1, 1, 1, 1, 0]"
neuroloop_shared_k8,paper,108,1,0.13567057251930237,0.8643293976783752,"[1, 1, 1, 1, 1, 1, 1, 1]"
neuroloop_shared_k8,paper,109,1,0.3442724347114563,0.6557275652885437,"[1, 1, 1, 1, 1, 1, 1, 1]"
neuroloop_shared_k8,paper,110,1,0.456760436296463,0.5432395339012146,"[0, 1, 1, 1, 1, 1, 1, 1]"
neuroloop_shared_k8,paper,111,0,0.5957275032997131,0.4042724668979645,"[0, 1, 1, 1, 1, 1, 0, 0]"
neuroloop_shared_k8,paper,112,1,0.35747745633125305,0.6425225138664246,"[0, 1, 1, 1, 1, 1, 1, 1]"
neuroloop_shared_k8,paper,113,0,0.5895601511001587,0.4104398488998413,"[0, 1, 1, 1, 1, 1, 0, 0]"
neuroloop_shared_k8,paper,114,1,0.1486859917640686,0.8513140082359314,"[1, 1, 1, 1, 1, 1, 1, 1]"
neuroloop_shared_k8,paper,115,1,0.27718979120254517,0.7228101491928101,"[1, 1, 1, 1, 1, 1, 1, 1]"
neuroloop_shared_k8,paper,116,1,0.3700562119483948,0.6299437284469604,"[0, 1, 1, 1, 1, 1, 1, 1]"
neuroloop_shared_k8,paper,117,0,0.7941904664039612,0.20580953359603882,"[0, 0, 0, 0, 0, 0, 0, 0]"
neuroloop_shared_k8,paper,118,1,0.2824810743331909,0.7175188660621643,"[1, 1, 1, 1, 1, 1, 1, 1]"
neuroloop_shared_k8,paper,119,1,0.37395402789115906,0.6260460019111633,"[1, 1, 1, 1, 1, 1, 1, 1]"
neuroloop_shared_k8,paper,120,1,0.2673543691635132,0.7326456308364868,"[1, 1, 1, 1, 1, 1, 1, 1]"
neuroloop_shared_k8,paper,121,1,0.2156522572040558,0.7843477725982666,"[1, 1, 1, 1, 1, 1, 1, 1]"
neuroloop_shared_k8,paper,122,0,0.6030845642089844,0.3969154357910156,"[0, 0, 0, 1, 1, 0, 0, 0]"
neuroloop_shared_k8,paper,123,1,0.49835389852523804,0.501646101474762,"[1, 1, 1, 1, 1, 1, 1, 1]"
neuroloop_shared_k8,paper,124,1,0.18783298134803772,0.8121669888496399,"[1, 1, 1, 1, 1, 1, 1, 1]"
neuroloop_shared_k8,paper,125,0,0.7616237998008728,0.23837623000144958,"[0, 0, 0, 0, 0, 0, 0, 0]"
neuroloop_shared_k8,paper,126,0,0.624311089515686,0.37568897008895874,"[0, 0, 0, 1, 1, 0, 0, 0]"
neuroloop_shared_k8,paper,127,0,0.6596046686172485,0.34039533138275146,"[0, 0, 0, 1, 1, 0, 0, 0]"
neuroloop_shared_k8,paper,128,1,0.12760937213897705,0.872390627861023,"[1, 1, 1, 1, 1, 1, 1, 1]"
neuroloop_shared_k8,paper,129,1,0.2745351493358612,0.7254648208618164,"[1, 1, 1, 1, 1, 1, 1, 1]"
neuroloop_shared_k8,paper,130,0,0.5052583813667297,0.4947415888309479,"[1, 1, 1, 1, 1, 1, 1, 0]"
neuroloop_shared_k8,paper,131,1,0.24738915264606476,0.7526108622550964,"[1, 1, 1, 1, 1, 1, 1, 1]"
neuroloop_shared_k8,paper,132,1,0.25874561071395874,0.741254448890686,"[1, 1, 1, 1, 1, 1, 1, 1]"
neuroloop_shared_k8,paper,133,1,0.17860287427902222,0.821397066116333,"[1, 1, 1, 1, 1, 1, 1, 1]"
neuroloop_shared_k8,paper,134,1,0.28473150730133057,0.7152684926986694,"[1, 1, 1, 1, 1, 1, 1, 1]"
neuroloop_shared_k8,paper,135,1,0.16300179064273834,0.8369982242584229,"[1, 1, 1, 1, 1, 1, 1, 1]"
neuroloop_shared_k8,paper,136,0,0.7309707403182983,0.2690292298793793,"[0, 0, 0, 0, 0, 0, 0, 0]"
neuroloop_shared_k8,paper,137,0,0.7711776494979858,0.22882238030433655,"[0, 0, 0, 0, 0, 0, 0, 0]"
neuroloop_shared_k8,paper,138,1,0.17827342450618744,0.8217265605926514,"[1, 1, 1, 1, 1, 1, 1, 1]"
neuroloop_shared_k8,paper,139,0,0.799813449382782,0.200186625123024,"[0, 0, 0, 0, 0, 0, 0, 0]"
neuroloop_shared_k8,paper,140,0,0.5437191724777222,0.4562808573246002,"[1, 1, 1, 1, 1, 1, 1, 0]"
neuroloop_shared_k8,paper,141,0,0.776157021522522,0.22384296357631683,"[0, 0, 0, 0, 0, 0, 0, 0]"
neuroloop_shared_k8,paper,142,0,0.5936249494552612,0.40637505054473877,"[0, 1, 1, 1, 1, 1, 0, 0]"
neuroloop_shared_k8,paper,143,0,0.7817784547805786,0.218221515417099,"[0, 0, 0, 0, 0, 0, 0, 0]"
neuroloop_untied_k4,paper,0,0,0.8539161682128906,0.1460837721824646,"[1, 0, 0, 0]"
neuroloop_untied_k4,paper,1,0,0.543773889541626,0.4562261700630188,"[1, 1, 0, 0]"
neuroloop_untied_k4,paper,2,0,0.6311034560203552,0.36889657378196716,"[1, 1, 0, 0]"
neuroloop_untied_k4,paper,3,0,0.7618756890296936,0.23812434077262878,"[1, 0, 0, 0]"
neuroloop_untied_k4,paper,4,0,0.5662552118301392,0.4337448179721832,"[0, 1, 0, 0]"
neuroloop_untied_k4,paper,5,0,0.7997987866401672,0.20020125806331635,"[1, 0, 0, 0]"
neuroloop_untied_k4,paper,6,1,0.3718835711479187,0.6281164288520813,"[1, 1, 1, 1]"
neuroloop_untied_k4,paper,7,1,0.36198070645332336,0.6380192637443542,"[1, 1, 1, 1]"
neuroloop_untied_k4,paper,8,0,0.5525534749031067,0.4474465548992157,"[1, 1, 1, 0]"
neuroloop_untied_k4,paper,9,1,0.3778228759765625,0.6221771240234375,"[1, 1, 1, 1]"
neuroloop_untied_k4,paper,10,0,0.8772604465484619,0.12273962050676346,"[0, 0, 0, 0]"
neuroloop_untied_k4,paper,11,0,0.8270427584648132,0.17295722663402557,"[1, 0, 0, 0]"
neuroloop_untied_k4,paper,12,0,0.6405019760131836,0.359497994184494,"[1, 1, 0, 0]"
neuroloop_untied_k4,paper,13,0,0.8622912168502808,0.13770878314971924,"[1, 0, 0, 0]"
neuroloop_untied_k4,paper,14,0,0.8281831741333008,0.17181681096553802,"[0, 0, 0, 0]"
neuroloop_untied_k4,paper,15,0,0.5884827971458435,0.4115171730518341,"[1, 1, 0, 0]"
neuroloop_untied_k4,paper,16,0,0.6069025993347168,0.3930974304676056,"[1, 1, 0, 0]"
neuroloop_untied_k4,paper,17,1,0.2950565218925476,0.7049434781074524,"[1, 1, 1, 1]"
neuroloop_untied_k4,paper,18,0,0.8336282968521118,0.16637176275253296,"[1, 0, 0, 0]"
neuroloop_untied_k4,paper,19,1,0.25526291131973267,0.7447370290756226,"[1, 1, 1, 1]"
neuroloop_untied_k4,paper,20,0,0.6335179805755615,0.3664820194244385,"[1, 1, 0, 0]"
neuroloop_untied_k4,paper,21,0,0.8580783009529114,0.14192168414592743,"[0, 0, 0, 0]"
neuroloop_untied_k4,paper,22,1,0.2612425684928894,0.7387573719024658,"[1, 1, 1, 1]"
neuroloop_untied_k4,paper,23,1,0.30399060249328613,0.6960094571113586,"[1, 1, 1, 1]"
neuroloop_untied_k4,paper,24,1,0.3874117136001587,0.6125883460044861,"[1, 1, 1, 1]"
neuroloop_untied_k4,paper,25,0,0.726204514503479,0.2737954258918762,"[1, 0, 0, 0]"
neuroloop_untied_k4,paper,26,0,0.7087196111679077,0.2912803590297699,"[1, 0, 0, 0]"
neuroloop_untied_k4,paper,27,1,0.29276037216186523,0.7072396874427795,"[1, 1, 1, 1]"
neuroloop_untied_k4,paper,28,1,0.22084802389144897,0.779151976108551,"[1, 1, 1, 1]"
neuroloop_untied_k4,paper,29,0,0.5182673335075378,0.4817326068878174,"[1, 1, 1, 0]"
neuroloop_untied_k4,paper,30,0,0.7738442420959473,0.22615575790405273,"[0, 0, 0, 0]"
neuroloop_untied_k4,paper,31,1,0.43216389417648315,0.5678361058235168,"[1, 1, 1, 1]"
neuroloop_untied_k4,paper,32,1,0.2612307369709015,0.7387692332267761,"[1, 1, 1, 1]"
neuroloop_untied_k4,paper,33,1,0.49451616406440735,0.505483865737915,"[1, 1, 1, 1]"
neuroloop_untied_k4,paper,34,1,0.47691595554351807,0.5230840444564819,"[1, 1, 1, 1]"
neuroloop_untied_k4,paper,35,0,0.8242741227149963,0.17572586238384247,"[1, 0, 0, 0]"
neuroloop_untied_k4,paper,36,0,0.8098924160003662,0.19010759890079498,"[0, 0, 0, 0]"
neuroloop_untied_k4,paper,37,0,0.504407525062561,0.49559247493743896,"[1, 1, 1, 0]"
neuroloop_untied_k4,paper,38,0,0.7467089295387268,0.2532911002635956,"[1, 0, 0, 0]"
neuroloop_untied_k4,paper,39,1,0.260731041431427,0.739268958568573,"[1, 1, 1, 1]"
neuroloop_untied_k4,paper,40,1,0.2925315499305725,0.7074684500694275,"[1, 1, 1, 1]"
neuroloop_untied_k4,paper,41,0,0.501783549785614,0.4982163906097412,"[1, 1, 1, 0]"
neuroloop_untied_k4,paper,42,0,0.5242235660552979,0.4757763743400574,"[1, 1, 1, 0]"
neuroloop_untied_k4,paper,43,0,0.7544880509376526,0.24551193416118622,"[1, 0, 0, 0]"
neuroloop_untied_k4,paper,44,1,0.20012138783931732,0.7998786568641663,"[1, 1, 1, 1]"
neuroloop_untied_k4,paper,45,1,0.4567432105541229,0.5432567596435547,"[1, 1, 1, 1]"
neuroloop_untied_k4,paper,46,0,0.5408077836036682,0.4591921865940094,"[1, 1, 0, 0]"
neuroloop_untied_k4,paper,47,0,0.8491714596748352,0.1508285403251648,"[1, 0, 0, 0]"
neuroloop_untied_k4,paper,48,0,0.7995638251304626,0.20043614506721497,"[1, 0, 0, 0]"
neuroloop_untied_k4,paper,49,1,0.2108774334192276,0.7891225814819336,"[1, 1, 1, 1]"
neuroloop_untied_k4,paper,50,1,0.17589029669761658,0.8241097331047058,"[1, 1, 1, 1]"
neuroloop_untied_k4,paper,51,0,0.8921598792076111,0.10784018784761429,"[0, 0, 0, 0]"
neuroloop_untied_k4,paper,52,0,0.7567940354347229,0.2432059496641159,"[1, 0, 0, 0]"
neuroloop_untied_k4,paper,53,0,0.6244609951972961,0.37553900480270386,"[1, 1, 0, 0]"
neuroloop_untied_k4,paper,54,0,0.8403218388557434,0.1596781611442566,"[0, 0, 0, 0]"
neuroloop_untied_k4,paper,55,0,0.8394327163696289,0.1605672985315323,"[1, 0, 0, 0]"
neuroloop_untied_k4,paper,56,0,0.5815929174423218,0.41840705275535583,"[1, 1, 0, 0]"
neuroloop_untied_k4,paper,57,0,0.5408124327659607,0.4591875672340393,"[1, 1, 0, 0]"
neuroloop_untied_k4,paper,58,0,0.5183972716331482,0.4816027283668518,"[1, 1, 0, 0]"
neuroloop_untied_k4,paper,59,1,0.2651745676994324,0.7348254323005676,"[1, 1, 1, 1]"
neuroloop_untied_k4,paper,60,0,0.7626087665557861,0.23739124834537506,"[1, 0, 0, 0]"
neuroloop_untied_k4,paper,61,0,0.5207786560058594,0.47922131419181824,"[1, 1, 0, 0]"
neuroloop_untied_k4,paper,62,1,0.2690790593624115,0.7309209704399109,"[1, 1, 1, 1]"
neuroloop_untied_k4,paper,63,0,0.821912944316864,0.1780870407819748,"[1, 0, 0, 0]"
neuroloop_untied_k4,paper,64,1,0.2980988621711731,0.7019010782241821,"[1, 1, 1, 1]"
neuroloop_untied_k4,paper,65,0,0.8427249193191528,0.15727505087852478,"[1, 0, 0, 0]"
neuroloop_untied_k4,paper,66,0,0.531633734703064,0.46836626529693604,"[1, 1, 0, 0]"
neuroloop_untied_k4,paper,67,1,0.47373154759407043,0.526268482208252,"[1, 1, 1, 1]"
neuroloop_untied_k4,paper,68,1,0.2575380504131317,0.7424619197845459,"[1, 1, 1, 1]"
neuroloop_untied_k4,paper,69,0,0.5114391446113586,0.48856085538864136,"[1, 1, 1, 0]"
neuroloop_untied_k4,paper,70,1,0.42635756731033325,0.5736424326896667,"[1, 1, 1, 1]"
neuroloop_untied_k4,paper,71,0,0.5674469470977783,0.43255308270454407,"[1, 1, 0, 0]"
neuroloop_untied_k4,paper,72,1,0.23384562134742737,0.7661543488502502,"[1, 1, 1, 1]"
neuroloop_untied_k4,paper,73,0,0.5802695751190186,0.41973045468330383,"[1, 1, 0, 0]"
neuroloop_untied_k4,paper,74,1,0.417465478181839,0.5825345516204834,"[1, 1, 1, 1]"
neuroloop_untied_k4,paper,75,0,0.5471745133399963,0.4528254270553589,"[1, 1, 0, 0]"
neuroloop_untied_k4,paper,76,1,0.27944839000701904,0.720551609992981,"[1, 1, 1, 1]"
neuroloop_untied_k4,paper,77,1,0.2582869529724121,0.7417129874229431,"[1, 1, 1, 1]"
neuroloop_untied_k4,paper,78,1,0.4898313283920288,0.5101686716079712,"[1, 1, 0, 1]"
neuroloop_untied_k4,paper,79,1,0.22543473541736603,0.7745652198791504,"[1, 1, 1, 1]"
neuroloop_untied_k4,paper,80,1,0.39405977725982666,0.6059402227401733,"[1, 1, 1, 1]"
neuroloop_untied_k4,paper,81,1,0.2773207426071167,0.7226792573928833,"[1, 1, 1, 1]"
neuroloop_untied_k4,paper,82,0,0.6837879419326782,0.31621208786964417,"[0, 0, 0, 0]"
neuroloop_untied_k4,paper,83,0,0.5456653833389282,0.45433464646339417,"[1, 1, 0, 0]"
neuroloop_untied_k4,paper,84,0,0.5207338333129883,0.47926613688468933,"[1, 1, 0, 0]"
neuroloop_untied_k4,paper,85,1,0.3616314232349396,0.638368546962738,"[1, 1, 1, 1]"
neuroloop_untied_k4,paper,86,0,0.8036494851112366,0.1963505744934082,"[0, 0, 0, 0]"
neuroloop_untied_k4,paper,87,0,0.79616379737854,0.20383614301681519,"[1, 0, 0, 0]"
neuroloop_untied_k4,paper,88,1,0.2564873993396759,0.7435125708580017,"[1, 1, 1, 1]"
neuroloop_untied_k4,paper,89,0,0.7394725680351257,0.26052743196487427,"[1, 0, 0, 0]"
neuroloop_untied_k4,paper,90,1,0.4723634421825409,0.5276365280151367,"[1, 1, 1, 1]"
neuroloop_untied_k4,paper,91,0,0.6601114869117737,0.3398885130882263,"[1, 1, 0, 0]"
neuroloop_untied_k4,paper,92,0,0.7291996479034424,0.2708003520965576,"[1, 0, 0, 0]"
neuroloop_untied_k4,paper,93,1,0.25862330198287964,0.7413766384124756,"[1, 1, 1, 1]"
neuroloop_untied_k4,paper,94,1,0.3951106667518616,0.6048893332481384,"[1, 1, 1, 1]"
neuroloop_untied_k4,paper,95,0,0.6029842495918274,0.3970158100128174,"[1, 1, 0, 0]"
neuroloop_untied_k4,paper,96,1,0.21427743136882782,0.785722553730011,"[1, 1, 1, 1]"
neuroloop_untied_k4,paper,97,0,0.6456312537193298,0.3543687164783478,"[1, 1, 0, 0]"
neuroloop_untied_k4,paper,98,1,0.32666653394699097,0.673333466053009,"[1, 1, 1, 1]"
neuroloop_untied_k4,paper,99,1,0.17579340934753418,0.8242065906524658,"[1, 1, 1, 1]"
neuroloop_untied_k4,paper,100,1,0.40181949734687805,0.5981804728507996,"[1, 1, 1, 1]"
neuroloop_untied_k4,paper,101,0,0.7930423021316528,0.20695771276950836,"[0, 0, 0, 0]"
neuroloop_untied_k4,paper,102,0,0.7632310390472412,0.23676897585391998,"[0, 0, 0, 0]"
neuroloop_untied_k4,paper,103,1,0.373346745967865,0.6266533136367798,"[1, 1, 1, 1]"
neuroloop_untied_k4,paper,104,1,0.3005962073802948,0.6994038224220276,"[0, 1, 1, 1]"
neuroloop_untied_k4,paper,105,0,0.5356570482254028,0.46434298157691956,"[0, 1, 0, 0]"
neuroloop_untied_k4,paper,106,1,0.2955104112625122,0.7044896483421326,"[1, 1, 1, 1]"
neuroloop_untied_k4,paper,107,1,0.3543633222579956,0.6456367373466492,"[1, 1, 1, 1]"
neuroloop_untied_k4,paper,108,1,0.27677395939826965,0.7232260704040527,"[1, 1, 1, 1]"
neuroloop_untied_k4,paper,109,1,0.4472179114818573,0.5527820587158203,"[1, 1, 1, 1]"
neuroloop_untied_k4,paper,110,1,0.4092060625553131,0.5907939076423645,"[0, 1, 1, 1]"
neuroloop_untied_k4,paper,111,0,0.5693214535713196,0.43067848682403564,"[1, 1, 0, 0]"
neuroloop_untied_k4,paper,112,0,0.5811457633972168,0.4188541769981384,"[0, 1, 0, 0]"
neuroloop_untied_k4,paper,113,0,0.6603042483329773,0.3396957218647003,"[1, 1, 0, 0]"
neuroloop_untied_k4,paper,114,1,0.4815742075443268,0.5184258222579956,"[1, 1, 1, 1]"
neuroloop_untied_k4,paper,115,1,0.4133726954460144,0.5866272449493408,"[1, 1, 1, 1]"
neuroloop_untied_k4,paper,116,0,0.5443717241287231,0.45562827587127686,"[0, 1, 0, 0]"
neuroloop_untied_k4,paper,117,0,0.510430097579956,0.48956990242004395,"[1, 1, 1, 0]"
neuroloop_untied_k4,paper,118,1,0.3868368864059448,0.6131630539894104,"[1, 1, 1, 1]"
neuroloop_untied_k4,paper,119,1,0.41519951820373535,0.5848005414009094,"[1, 1, 1, 1]"
neuroloop_untied_k4,paper,120,1,0.432056188583374,0.5679438710212708,"[1, 1, 1, 1]"
neuroloop_untied_k4,paper,121,1,0.21634449064731598,0.7836554646492004,"[1, 1, 1, 1]"
neuroloop_untied_k4,paper,122,0,0.6439347267150879,0.3560652732849121,"[0, 0, 0, 0]"
neuroloop_untied_k4,paper,123,1,0.4813954532146454,0.518604576587677,"[1, 1, 0, 1]"
neuroloop_untied_k4,paper,124,1,0.22757647931575775,0.7724235653877258,"[1, 1, 1, 1]"
neuroloop_untied_k4,paper,125,1,0.45519348978996277,0.5448064804077148,"[1, 1, 1, 1]"
neuroloop_untied_k4,paper,126,0,0.6313652396202087,0.3686347007751465,"[0, 0, 0, 0]"
neuroloop_untied_k4,paper,127,0,0.5489770174026489,0.4510229527950287,"[1, 1, 1, 0]"
neuroloop_untied_k4,paper,128,1,0.2451629489660263,0.7548370361328125,"[1, 1, 1, 1]"
neuroloop_untied_k4,paper,129,1,0.2274203598499298,0.7725796699523926,"[1, 1, 1, 1]"
neuroloop_untied_k4,paper,130,1,0.4524959623813629,0.5475040078163147,"[1, 1, 1, 1]"
neuroloop_untied_k4,paper,131,1,0.2825497090816498,0.7174502611160278,"[1, 1, 1, 1]"
neuroloop_untied_k4,paper,132,1,0.4529762864112854,0.5470237135887146,"[1, 1, 1, 1]"
neuroloop_untied_k4,paper,133,1,0.17781870067119598,0.8221812844276428,"[1, 1, 1, 1]"
neuroloop_untied_k4,paper,134,1,0.2443525344133377,0.7556474804878235,"[1, 1, 1, 1]"
neuroloop_untied_k4,paper,135,1,0.4167103171348572,0.583289623260498,"[1, 1, 1, 1]"
neuroloop_untied_k4,paper,136,0,0.5998002886772156,0.40019965171813965,"[0, 0, 0, 0]"
neuroloop_untied_k4,paper,137,0,0.666615903377533,0.33338403701782227,"[1, 0, 0, 0]"
neuroloop_untied_k4,paper,138,1,0.23628582060337067,0.7637141346931458,"[1, 1, 1, 1]"
neuroloop_untied_k4,paper,139,0,0.5629413723945618,0.4370586574077606,"[1, 1, 0, 0]"
neuroloop_untied_k4,paper,140,1,0.35473427176475525,0.6452656984329224,"[1, 1, 1, 1]"
neuroloop_untied_k4,paper,141,0,0.7666769623756409,0.2333230823278427,"[0, 0, 0, 0]"
neuroloop_untied_k4,paper,142,0,0.67817622423172,0.32182377576828003,"[1, 0, 0, 0]"
neuroloop_untied_k4,paper,143,0,0.7008253931999207,0.29917460680007935,"[0, 0, 0, 0]"
source_only_sinc,strict,0,0,0.5626384615898132,0.43736153841018677,[]
source_only_sinc,strict,1,1,0.44143640995025635,0.5585636496543884,[]
source_only_sinc,strict,2,0,0.5116087198257446,0.48839128017425537,[]
source_only_sinc,strict,3,0,0.5909602046012878,0.40903979539871216,[]
source_only_sinc,strict,4,0,0.5005167126655579,0.49948325753211975,[]
source_only_sinc,strict,5,0,0.5836777091026306,0.4163223206996918,[]
source_only_sinc,strict,6,1,0.4523496925830841,0.5476503372192383,[]
source_only_sinc,strict,7,1,0.4575735330581665,0.5424264669418335,[]
source_only_sinc,strict,8,0,0.5249831080436707,0.47501689195632935,[]
source_only_sinc,strict,9,1,0.4438607692718506,0.5561392307281494,[]
source_only_sinc,strict,10,0,0.5983898043632507,0.4016101658344269,[]
source_only_sinc,strict,11,0,0.567733883857727,0.43226611614227295,[]
source_only_sinc,strict,12,1,0.4547504782676697,0.5452495217323303,[]
source_only_sinc,strict,13,0,0.5634523034095764,0.43654772639274597,[]
source_only_sinc,strict,14,0,0.5712476968765259,0.42875227332115173,[]
source_only_sinc,strict,15,0,0.5300143361091614,0.46998563408851624,[]
source_only_sinc,strict,16,0,0.5635862946510315,0.4364137351512909,[]
source_only_sinc,strict,17,1,0.4495149552822113,0.5504850149154663,[]
source_only_sinc,strict,18,0,0.5570632219314575,0.44293680787086487,[]
source_only_sinc,strict,19,1,0.45770159363746643,0.542298436164856,[]
source_only_sinc,strict,20,1,0.4913574755191803,0.5086425542831421,[]
source_only_sinc,strict,21,0,0.5955086946487427,0.40449127554893494,[]
source_only_sinc,strict,22,1,0.45960187911987305,0.5403980612754822,[]
source_only_sinc,strict,23,1,0.4789232313632965,0.5210767984390259,[]
source_only_sinc,strict,24,1,0.49540475010871887,0.5045952796936035,[]
source_only_sinc,strict,25,0,0.5331557393074036,0.4668442904949188,[]
source_only_sinc,strict,26,0,0.5653023719787598,0.43469756841659546,[]
source_only_sinc,strict,27,1,0.46686410903930664,0.5331358909606934,[]
source_only_sinc,strict,28,1,0.45244890451431274,0.5475510358810425,[]
source_only_sinc,strict,29,1,0.4911710321903229,0.5088289380073547,[]
source_only_sinc,strict,30,0,0.5512025952339172,0.4487973749637604,[]
source_only_sinc,strict,31,1,0.4950004816055298,0.5049995183944702,[]
source_only_sinc,strict,32,1,0.47474405169487,0.5252559781074524,[]
source_only_sinc,strict,33,1,0.4760216474533081,0.5239783525466919,[]
source_only_sinc,strict,34,0,0.5199628472328186,0.4800371527671814,[]
source_only_sinc,strict,35,0,0.5538156032562256,0.4461843967437744,[]
source_only_sinc,strict,36,0,0.5908411741256714,0.4091587960720062,[]
source_only_sinc,strict,37,1,0.49105289578437805,0.5089470744132996,[]
source_only_sinc,strict,38,0,0.5479131937026978,0.45208683609962463,[]
source_only_sinc,strict,39,1,0.48531702160835266,0.5146830081939697,[]
source_only_sinc,strict,40,1,0.4551486670970917,0.5448513031005859,[]
source_only_sinc,strict,41,0,0.5138036012649536,0.48619645833969116,[]
source_only_sinc,strict,42,1,0.4539817273616791,0.5460182428359985,[]
source_only_sinc,strict,43,0,0.5234708786010742,0.4765290915966034,[]
source_only_sinc,strict,44,1,0.462050199508667,0.5379498600959778,[]
source_only_sinc,strict,45,1,0.4778490662574768,0.522150993347168,[]
source_only_sinc,strict,46,1,0.4609186351299286,0.5390813946723938,[]
source_only_sinc,strict,47,0,0.582868754863739,0.417131245136261,[]
source_only_sinc,strict,48,0,0.5644292831420898,0.43557074666023254,[]
source_only_sinc,strict,49,1,0.46829649806022644,0.531703531742096,[]
source_only_sinc,strict,50,1,0.47814860939979553,0.5218513607978821,[]
source_only_sinc,strict,51,0,0.5672093033790588,0.43279069662094116,[]
source_only_sinc,strict,52,0,0.5584845542907715,0.4415154457092285,[]
source_only_sinc,strict,53,1,0.4627736806869507,0.5372263193130493,[]
source_only_sinc,strict,54,0,0.5980494618415833,0.40195056796073914,[]
source_only_sinc,strict,55,0,0.5787582397460938,0.4212417006492615,[]
source_only_sinc,strict,56,1,0.48101329803466797,0.518986701965332,[]
source_only_sinc,strict,57,0,0.5018031001091003,0.49819689989089966,[]
source_only_sinc,strict,58,1,0.4746165871620178,0.5253834128379822,[]
source_only_sinc,strict,59,1,0.4731065332889557,0.5268934965133667,[]
source_only_sinc,strict,60,0,0.5557548403739929,0.4442451298236847,[]
source_only_sinc,strict,61,1,0.49562421441078186,0.5043757557868958,[]
source_only_sinc,strict,62,0,0.5021218061447144,0.49787813425064087,[]
source_only_sinc,strict,63,0,0.6113123893737793,0.3886875808238983,[]
source_only_sinc,strict,64,1,0.48583143949508667,0.5141685605049133,[]
source_only_sinc,strict,65,0,0.6046503186225891,0.3953496217727661,[]
source_only_sinc,strict,66,1,0.4679907262325287,0.5320092439651489,[]
source_only_sinc,strict,67,1,0.45663192868232727,0.5433680415153503,[]
source_only_sinc,strict,68,1,0.4793531000614166,0.520646870136261,[]
source_only_sinc,strict,69,1,0.4741149842739105,0.5258849859237671,[]
source_only_sinc,strict,70,1,0.4686143696308136,0.531385600566864,[]
source_only_sinc,strict,71,0,0.5058875679969788,0.49411243200302124,[]
source_only_sinc,strict,72,1,0.4705272912979126,0.5294727087020874,[]
source_only_sinc,strict,73,1,0.48254212737083435,0.517457902431488,[]
source_only_sinc,strict,74,0,0.5008456110954285,0.49915438890457153,[]
source_only_sinc,strict,75,0,0.520301103591919,0.4796988368034363,[]
source_only_sinc,strict,76,1,0.4560320973396301,0.5439679026603699,[]
source_only_sinc,strict,77,1,0.47662055492401123,0.523379385471344,[]
source_only_sinc,strict,78,1,0.4809679388999939,0.5190320611000061,[]
source_only_sinc,strict,79,1,0.4568949341773987,0.5431050658226013,[]
source_only_sinc,strict,80,1,0.4964990019798279,0.5035009980201721,[]
source_only_sinc,strict,81,1,0.45595213770866394,0.5440478324890137,[]
source_only_sinc,strict,82,1,0.4912717938423157,0.5087282061576843,[]
source_only_sinc,strict,83,1,0.4767134189605713,0.5232866406440735,[]
source_only_sinc,strict,84,1,0.4862406253814697,0.5137593746185303,[]
source_only_sinc,strict,85,1,0.47885191440582275,0.5211480855941772,[]
source_only_sinc,strict,86,0,0.5531346797943115,0.4468652904033661,[]
source_only_sinc,strict,87,0,0.580985426902771,0.419014573097229,[]
source_only_sinc,strict,88,1,0.4634896516799927,0.5365103483200073,[]
source_only_sinc,strict,89,0,0.5680520534515381,0.4319479465484619,[]
source_only_sinc,strict,90,1,0.46495041251182556,0.535049557685852,[]
source_only_sinc,strict,91,1,0.48514991998672485,0.5148500800132751,[]
source_only_sinc,strict,92,0,0.5126912593841553,0.48730871081352234,[]
source_only_sinc,strict,93,0,0.502943754196167,0.4970562756061554,[]
source_only_sinc,strict,94,1,0.4747660160064697,0.5252339243888855,[]
source_only_sinc,strict,95,0,0.5588181614875793,0.44118183851242065,[]
source_only_sinc,strict,96,1,0.4676171541213989,0.5323828458786011,[]
source_only_sinc,strict,97,1,0.4956818222999573,0.504318118095398,[]
source_only_sinc,strict,98,1,0.47224095463752747,0.5277590155601501,[]
source_only_sinc,strict,99,1,0.45976048707962036,0.5402395129203796,[]
source_only_sinc,strict,100,1,0.48836350440979004,0.51163649559021,[]
source_only_sinc,strict,101,0,0.5143901109695435,0.48560988903045654,[]
source_only_sinc,strict,102,0,0.5006082653999329,0.49939173460006714,[]
source_only_sinc,strict,103,1,0.46677884459495544,0.5332211256027222,[]
source_only_sinc,strict,104,1,0.4672833979129791,0.5327166318893433,[]
source_only_sinc,strict,105,1,0.4771210551261902,0.5228789448738098,[]
source_only_sinc,strict,106,1,0.48401087522506714,0.5159890651702881,[]
source_only_sinc,strict,107,1,0.49229973554611206,0.5077002644538879,[]
source_only_sinc,strict,108,1,0.45181360840797424,0.5481863617897034,[]
source_only_sinc,strict,109,1,0.47949397563934326,0.5205060243606567,[]
source_only_sinc,strict,110,1,0.47283443808555603,0.5271655917167664,[]
source_only_sinc,strict,111,1,0.49675214290618896,0.503247857093811,[]
source_only_sinc,strict,112,1,0.4880700707435608,0.5119299292564392,[]
source_only_sinc,strict,113,1,0.4872262477874756,0.5127737522125244,[]
source_only_sinc,strict,114,1,0.4741899371147156,0.5258100628852844,[]
source_only_sinc,strict,115,1,0.4778267741203308,0.5221732258796692,[]
source_only_sinc,strict,116,1,0.45385104417800903,0.546148955821991,[]
source_only_sinc,strict,117,0,0.5004690885543823,0.4995309114456177,[]
source_only_sinc,strict,118,1,0.423777312040329,0.5762226581573486,[]
source_only_sinc,strict,119,0,0.5024420022964478,0.49755796790122986,[]
source_only_sinc,strict,120,1,0.4836854040622711,0.5163146257400513,[]
source_only_sinc,strict,121,1,0.4776543080806732,0.5223456621170044,[]
source_only_sinc,strict,122,1,0.47753503918647766,0.5224649310112,[]
source_only_sinc,strict,123,1,0.4922729432582855,0.5077270269393921,[]
source_only_sinc,strict,124,1,0.4757746756076813,0.5242253541946411,[]
source_only_sinc,strict,125,1,0.48063477873802185,0.5193652510643005,[]
source_only_sinc,strict,126,1,0.4759331941604614,0.5240668058395386,[]
source_only_sinc,strict,127,0,0.5002586841583252,0.4997413158416748,[]
source_only_sinc,strict,128,1,0.4578388035297394,0.5421611666679382,[]
source_only_sinc,strict,129,1,0.4501549005508423,0.5498450994491577,[]
source_only_sinc,strict,130,1,0.45780640840530396,0.542193591594696,[]
source_only_sinc,strict,131,1,0.4822489619255066,0.5177510380744934,[]
source_only_sinc,strict,132,1,0.4724293053150177,0.5275706648826599,[]
source_only_sinc,strict,133,1,0.4804384708404541,0.5195615291595459,[]
source_only_sinc,strict,134,1,0.46147504448890686,0.5385249853134155,[]
source_only_sinc,strict,135,1,0.47233816981315613,0.5276618599891663,[]
source_only_sinc,strict,136,1,0.49077776074409485,0.5092222690582275,[]
source_only_sinc,strict,137,0,0.5187861323356628,0.48121389746665955,[]
source_only_sinc,strict,138,1,0.47558704018592834,0.5244129300117493,[]
source_only_sinc,strict,139,1,0.4941122531890869,0.5058877468109131,[]
source_only_sinc,strict,140,1,0.491406112909317,0.5085938572883606,[]
source_only_sinc,strict,141,0,0.5225421190261841,0.4774579107761383,[]
source_only_sinc,strict,142,1,0.47656694054603577,0.5234330892562866,[]
source_only_sinc,strict,143,1,0.48506906628608704,0.5149309039115906,[]
btta_dg_official,strict,0,0,0.5626384615898132,0.43736153841018677,[]
btta_dg_official,strict,1,1,0.44143640995025635,0.5585636496543884,[]
btta_dg_official,strict,2,0,0.5116087198257446,0.48839128017425537,[]
btta_dg_official,strict,3,0,0.5909602046012878,0.40903979539871216,[]
btta_dg_official,strict,4,0,0.5005167126655579,0.49948325753211975,[]
btta_dg_official,strict,5,0,0.5836777091026306,0.4163223206996918,[]
btta_dg_official,strict,6,1,0.4523496925830841,0.5476503372192383,[]
btta_dg_official,strict,7,1,0.4575735330581665,0.5424264669418335,[]
btta_dg_official,strict,8,0,0.5249831080436707,0.47501689195632935,[]
btta_dg_official,strict,9,1,0.4438607692718506,0.5561392307281494,[]
btta_dg_official,strict,10,0,0.5983898043632507,0.4016101658344269,[]
btta_dg_official,strict,11,0,0.567733883857727,0.43226611614227295,[]
btta_dg_official,strict,12,1,0.4547504782676697,0.5452495217323303,[]
btta_dg_official,strict,13,0,0.5634523034095764,0.43654772639274597,[]
btta_dg_official,strict,14,0,0.5712476968765259,0.42875227332115173,[]
btta_dg_official,strict,15,0,0.5300143361091614,0.46998563408851624,[]
btta_dg_official,strict,16,0,0.5635862946510315,0.4364137351512909,[]
btta_dg_official,strict,17,1,0.4495149552822113,0.5504850149154663,[]
btta_dg_official,strict,18,0,0.5570632219314575,0.44293680787086487,[]
btta_dg_official,strict,19,1,0.45770159363746643,0.542298436164856,[]
btta_dg_official,strict,20,1,0.4913574755191803,0.5086425542831421,[]
btta_dg_official,strict,21,0,0.5955086946487427,0.40449127554893494,[]
btta_dg_official,strict,22,1,0.45960187911987305,0.5403980612754822,[]
btta_dg_official,strict,23,1,0.4789232313632965,0.5210767984390259,[]
btta_dg_official,strict,24,1,0.49540475010871887,0.5045952796936035,[]
btta_dg_official,strict,25,0,0.5331557393074036,0.4668442904949188,[]
btta_dg_official,strict,26,0,0.5653023719787598,0.43469756841659546,[]
btta_dg_official,strict,27,1,0.46686410903930664,0.5331358909606934,[]
btta_dg_official,strict,28,1,0.45244890451431274,0.5475510358810425,[]
btta_dg_official,strict,29,1,0.4911710321903229,0.5088289380073547,[]
btta_dg_official,strict,30,0,0.5512025952339172,0.4487973749637604,[]
btta_dg_official,strict,31,1,0.4950004816055298,0.5049995183944702,[]
btta_dg_official,strict,32,1,0.47474405169487,0.5252559781074524,[]
btta_dg_official,strict,33,1,0.4760216474533081,0.5239783525466919,[]
btta_dg_official,strict,34,0,0.5199628472328186,0.4800371527671814,[]
btta_dg_official,strict,35,0,0.5538156032562256,0.4461843967437744,[]
btta_dg_official,strict,36,0,0.5908411741256714,0.4091587960720062,[]
btta_dg_official,strict,37,1,0.49105289578437805,0.5089470744132996,[]
btta_dg_official,strict,38,0,0.5479131937026978,0.45208683609962463,[]
btta_dg_official,strict,39,1,0.48531702160835266,0.5146830081939697,[]
btta_dg_official,strict,40,1,0.4551486670970917,0.5448513031005859,[]
btta_dg_official,strict,41,0,0.5138036012649536,0.48619645833969116,[]
btta_dg_official,strict,42,1,0.4539817273616791,0.5460182428359985,[]
btta_dg_official,strict,43,0,0.5234708786010742,0.4765290915966034,[]
btta_dg_official,strict,44,1,0.462050199508667,0.5379498600959778,[]
btta_dg_official,strict,45,1,0.4778490662574768,0.522150993347168,[]
btta_dg_official,strict,46,1,0.4609186351299286,0.5390813946723938,[]
btta_dg_official,strict,47,0,0.582868754863739,0.417131245136261,[]
btta_dg_official,strict,48,0,0.5644292831420898,0.43557074666023254,[]
btta_dg_official,strict,49,1,0.46829649806022644,0.531703531742096,[]
btta_dg_official,strict,50,1,0.47814860939979553,0.5218513607978821,[]
btta_dg_official,strict,51,0,0.5672093033790588,0.43279069662094116,[]
btta_dg_official,strict,52,0,0.5584845542907715,0.4415154457092285,[]
btta_dg_official,strict,53,1,0.4627736806869507,0.5372263193130493,[]
btta_dg_official,strict,54,0,0.5980494618415833,0.40195056796073914,[]
btta_dg_official,strict,55,0,0.5787582397460938,0.4212417006492615,[]
btta_dg_official,strict,56,1,0.48101329803466797,0.518986701965332,[]
btta_dg_official,strict,57,0,0.5018031001091003,0.49819689989089966,[]
btta_dg_official,strict,58,1,0.4746165871620178,0.5253834128379822,[]
btta_dg_official,strict,59,1,0.4731065332889557,0.5268934965133667,[]
btta_dg_official,strict,60,0,0.5557548403739929,0.4442451298236847,[]
btta_dg_official,strict,61,1,0.49562421441078186,0.5043757557868958,[]
btta_dg_official,strict,62,0,0.5021218061447144,0.49787813425064087,[]
btta_dg_official,strict,63,0,0.6113123893737793,0.3886875808238983,[]
btta_dg_official,strict,64,1,0.48583143949508667,0.5141685605049133,[]
btta_dg_official,strict,65,0,0.6046503186225891,0.3953496217727661,[]
btta_dg_official,strict,66,1,0.4679907262325287,0.5320092439651489,[]
btta_dg_official,strict,67,1,0.45663192868232727,0.5433680415153503,[]
btta_dg_official,strict,68,1,0.4793531000614166,0.520646870136261,[]
btta_dg_official,strict,69,1,0.4741149842739105,0.5258849859237671,[]
btta_dg_official,strict,70,1,0.4686143696308136,0.531385600566864,[]
btta_dg_official,strict,71,0,0.5058875679969788,0.49411243200302124,[]
btta_dg_official,strict,72,1,0.4705272912979126,0.5294727087020874,[]
btta_dg_official,strict,73,1,0.48254212737083435,0.517457902431488,[]
btta_dg_official,strict,74,0,0.5008456110954285,0.49915438890457153,[]
btta_dg_official,strict,75,0,0.520301103591919,0.4796988368034363,[]
btta_dg_official,strict,76,1,0.4560320973396301,0.5439679026603699,[]
btta_dg_official,strict,77,1,0.47662055492401123,0.523379385471344,[]
btta_dg_official,strict,78,1,0.4809679388999939,0.5190320611000061,[]
btta_dg_official,strict,79,1,0.4568949341773987,0.5431050658226013,[]
btta_dg_official,strict,80,1,0.4964990019798279,0.5035009980201721,[]
btta_dg_official,strict,81,1,0.45595213770866394,0.5440478324890137,[]
btta_dg_official,strict,82,1,0.4912717938423157,0.5087282061576843,[]
btta_dg_official,strict,83,1,0.4767134189605713,0.5232866406440735,[]
btta_dg_official,strict,84,1,0.4862406253814697,0.5137593746185303,[]
btta_dg_official,strict,85,1,0.47885191440582275,0.5211480855941772,[]
btta_dg_official,strict,86,0,0.5531346797943115,0.4468652904033661,[]
btta_dg_official,strict,87,0,0.580985426902771,0.419014573097229,[]
btta_dg_official,strict,88,1,0.4634896516799927,0.5365103483200073,[]
btta_dg_official,strict,89,0,0.5680520534515381,0.4319479465484619,[]
btta_dg_official,strict,90,1,0.46495041251182556,0.535049557685852,[]
btta_dg_official,strict,91,1,0.48514991998672485,0.5148500800132751,[]
btta_dg_official,strict,92,0,0.5126912593841553,0.48730871081352234,[]
btta_dg_official,strict,93,0,0.502943754196167,0.4970562756061554,[]
btta_dg_official,strict,94,1,0.4747660160064697,0.5252339243888855,[]
btta_dg_official,strict,95,0,0.5588181614875793,0.44118183851242065,[]
btta_dg_official,strict,96,1,0.4676171541213989,0.5323828458786011,[]
btta_dg_official,strict,97,1,0.4956818222999573,0.504318118095398,[]
btta_dg_official,strict,98,1,0.47224095463752747,0.5277590155601501,[]
btta_dg_official,strict,99,1,0.45976048707962036,0.5402395129203796,[]
btta_dg_official,strict,100,1,0.48836350440979004,0.51163649559021,[]
btta_dg_official,strict,101,0,0.5143901109695435,0.48560988903045654,[]
btta_dg_official,strict,102,0,0.5006082653999329,0.49939173460006714,[]
btta_dg_official,strict,103,1,0.46677884459495544,0.5332211256027222,[]
btta_dg_official,strict,104,1,0.4672833979129791,0.5327166318893433,[]
btta_dg_official,strict,105,1,0.4771210551261902,0.5228789448738098,[]
btta_dg_official,strict,106,1,0.48401087522506714,0.5159890651702881,[]
btta_dg_official,strict,107,1,0.49229973554611206,0.5077002644538879,[]
btta_dg_official,strict,108,1,0.45181360840797424,0.5481863617897034,[]
btta_dg_official,strict,109,1,0.47949397563934326,0.5205060243606567,[]
btta_dg_official,strict,110,1,0.47283443808555603,0.5271655917167664,[]
btta_dg_official,strict,111,1,0.49675214290618896,0.503247857093811,[]
btta_dg_official,strict,112,1,0.4880700707435608,0.5119299292564392,[]
btta_dg_official,strict,113,1,0.4872262477874756,0.5127737522125244,[]
btta_dg_official,strict,114,1,0.4741899371147156,0.5258100628852844,[]
btta_dg_official,strict,115,1,0.4778267741203308,0.5221732258796692,[]
btta_dg_official,strict,116,1,0.45385104417800903,0.546148955821991,[]
btta_dg_official,strict,117,0,0.5004690885543823,0.4995309114456177,[]
btta_dg_official,strict,118,1,0.423777312040329,0.5762226581573486,[]
btta_dg_official,strict,119,0,0.5024420022964478,0.49755796790122986,[]
btta_dg_official,strict,120,1,0.4836854040622711,0.5163146257400513,[]
btta_dg_official,strict,121,1,0.4776543080806732,0.5223456621170044,[]
btta_dg_official,strict,122,1,0.47753503918647766,0.5224649310112,[]
btta_dg_official,strict,123,1,0.4922729432582855,0.5077270269393921,[]
btta_dg_official,strict,124,1,0.4757746756076813,0.5242253541946411,[]
btta_dg_official,strict,125,1,0.48063477873802185,0.5193652510643005,[]
btta_dg_official,strict,126,1,0.4759331941604614,0.5240668058395386,[]
btta_dg_official,strict,127,0,0.5002586841583252,0.4997413158416748,[]
btta_dg_official,strict,128,1,0.4578388035297394,0.5421611666679382,[]
btta_dg_official,strict,129,1,0.4501549005508423,0.5498450994491577,[]
btta_dg_official,strict,130,1,0.45780640840530396,0.542193591594696,[]
btta_dg_official,strict,131,1,0.4822489619255066,0.5177510380744934,[]
btta_dg_official,strict,132,1,0.4724293053150177,0.5275706648826599,[]
btta_dg_official,strict,133,1,0.4804384708404541,0.5195615291595459,[]
btta_dg_official,strict,134,1,0.46147504448890686,0.5385249853134155,[]
btta_dg_official,strict,135,1,0.47233816981315613,0.5276618599891663,[]
btta_dg_official,strict,136,1,0.49077776074409485,0.5092222690582275,[]
btta_dg_official,strict,137,0,0.5187861323356628,0.48121389746665955,[]
btta_dg_official,strict,138,1,0.47558704018592834,0.5244129300117493,[]
btta_dg_official,strict,139,1,0.4941122531890869,0.5058877468109131,[]
btta_dg_official,strict,140,1,0.491406112909317,0.5085938572883606,[]
btta_dg_official,strict,141,0,0.5225421190261841,0.4774579107761383,[]
btta_dg_official,strict,142,1,0.47656694054603577,0.5234330892562866,[]
btta_dg_official,strict,143,1,0.48506906628608704,0.5149309039115906,[]
neuroloop_static_k1,strict,0,0,0.6672935485839844,0.3327064514160156,[0]
neuroloop_static_k1,strict,1,0,0.5013924837112427,0.49860748648643494,[0]
neuroloop_static_k1,strict,2,0,0.5680511593818665,0.43194884061813354,[0]
neuroloop_static_k1,strict,3,0,0.6195130348205566,0.38048696517944336,[0]
neuroloop_static_k1,strict,4,0,0.6360165476799011,0.3639834225177765,[0]
neuroloop_static_k1,strict,5,0,0.6949045658111572,0.3050954341888428,[0]
neuroloop_static_k1,strict,6,1,0.48503559827804565,0.5149644017219543,[1]
neuroloop_static_k1,strict,7,1,0.34826067090034485,0.6517393589019775,[1]
neuroloop_static_k1,strict,8,1,0.46948111057281494,0.5305188894271851,[1]
neuroloop_static_k1,strict,9,1,0.41495153307914734,0.5850484371185303,[1]
neuroloop_static_k1,strict,10,0,0.8018474578857422,0.19815252721309662,[0]
neuroloop_static_k1,strict,11,0,0.6710376739501953,0.3289623260498047,[0]
neuroloop_static_k1,strict,12,0,0.5856553912162781,0.4143446385860443,[0]
neuroloop_static_k1,strict,13,0,0.7329832911491394,0.26701676845550537,[0]
neuroloop_static_k1,strict,14,0,0.7697308659553528,0.23026908934116364,[0]
neuroloop_static_k1,strict,15,0,0.6364349126815796,0.3635650873184204,[0]
neuroloop_static_k1,strict,16,0,0.5376726984977722,0.4623272716999054,[0]
neuroloop_static_k1,strict,17,1,0.36054354906082153,0.6394563913345337,[1]
neuroloop_static_k1,strict,18,0,0.7964696288108826,0.20353029668331146,[0]
neuroloop_static_k1,strict,19,1,0.415069043636322,0.584930956363678,[1]
neuroloop_static_k1,strict,20,0,0.5914837718009949,0.4085162281990051,[0]
neuroloop_static_k1,strict,21,0,0.7726340293884277,0.22736594080924988,[0]
neuroloop_static_k1,strict,22,1,0.3486625850200653,0.6513373851776123,[1]
neuroloop_static_k1,strict,23,1,0.3368268311023712,0.6631731390953064,[1]
neuroloop_static_k1,strict,24,1,0.4312829375267029,0.5687170624732971,[1]
neuroloop_static_k1,strict,25,0,0.6443086266517639,0.35569143295288086,[0]
neuroloop_static_k1,strict,26,0,0.7063100934028625,0.2936898469924927,[0]
neuroloop_static_k1,strict,27,1,0.34183141589164734,0.658168613910675,[1]
neuroloop_static_k1,strict,28,1,0.36212214827537537,0.637877881526947,[1]
neuroloop_static_k1,strict,29,1,0.45185354351997375,0.5481464266777039,[1]
neuroloop_static_k1,strict,30,0,0.7342075109481812,0.26579248905181885,[0]
neuroloop_static_k1,strict,31,1,0.3998193144798279,0.6001806855201721,[1]
neuroloop_static_k1,strict,32,1,0.31661614775657654,0.6833838820457458,[1]
neuroloop_static_k1,strict,33,0,0.5198354721069336,0.4801645576953888,[0]
neuroloop_static_k1,strict,34,1,0.4538871943950653,0.5461127758026123,[1]
neuroloop_static_k1,strict,35,0,0.707533061504364,0.2924669682979584,[0]
neuroloop_static_k1,strict,36,0,0.7313143610954285,0.2686856687068939,[0]
neuroloop_static_k1,strict,37,0,0.5204702019691467,0.47952979803085327,[0]
neuroloop_static_k1,strict,38,0,0.6280037760734558,0.3719962239265442,[0]
neuroloop_static_k1,strict,39,1,0.33322569727897644,0.6667742729187012,[1]
neuroloop_static_k1,strict,40,1,0.42452868819236755,0.5754713416099548,[1]
neuroloop_static_k1,strict,41,0,0.5283355116844177,0.4716644585132599,[0]
neuroloop_static_k1,strict,42,1,0.4817492663860321,0.5182507634162903,[1]
neuroloop_static_k1,strict,43,0,0.6997372508049011,0.3002627491950989,[0]
neuroloop_static_k1,strict,44,1,0.2768723964691162,0.7231276035308838,[1]
neuroloop_static_k1,strict,45,1,0.4708496630191803,0.5291503071784973,[1]
neuroloop_static_k1,strict,46,1,0.4704385995864868,0.5295614004135132,[1]
neuroloop_static_k1,strict,47,0,0.6825324892997742,0.3174675405025482,[0]
neuroloop_static_k1,strict,48,0,0.6302682161331177,0.3697318136692047,[0]
neuroloop_static_k1,strict,49,1,0.2667224705219269,0.7332774996757507,[1]
neuroloop_static_k1,strict,50,1,0.2533767819404602,0.7466232776641846,[1]
neuroloop_static_k1,strict,51,0,0.8063250184059143,0.1936749368906021,[0]
neuroloop_static_k1,strict,52,0,0.7139889597892761,0.2860109806060791,[0]
neuroloop_static_k1,strict,53,0,0.5418313145637512,0.4581686854362488,[0]
neuroloop_static_k1,strict,54,0,0.7507426142692566,0.2492574155330658,[0]
neuroloop_static_k1,strict,55,0,0.6919682025909424,0.30803182721138,[0]
neuroloop_static_k1,strict,56,0,0.5612700581550598,0.4387298822402954,[0]
neuroloop_static_k1,strict,57,0,0.626051664352417,0.37394827604293823,[0]
neuroloop_static_k1,strict,58,0,0.5241786241531372,0.4758213758468628,[0]
neuroloop_static_k1,strict,59,1,0.35221508145332336,0.647784948348999,[1]
neuroloop_static_k1,strict,60,0,0.6787010431289673,0.3212989568710327,[0]
neuroloop_static_k1,strict,61,0,0.5477907657623291,0.4522092044353485,[0]
neuroloop_static_k1,strict,62,1,0.43258923292160034,0.5674107670783997,[1]
neuroloop_static_k1,strict,63,0,0.6964244842529297,0.3035755157470703,[0]
neuroloop_static_k1,strict,64,1,0.38972729444503784,0.6102727055549622,[1]
neuroloop_static_k1,strict,65,0,0.674396812915802,0.3256032168865204,[0]
neuroloop_static_k1,strict,66,0,0.6212868690490723,0.3787131607532501,[0]
neuroloop_static_k1,strict,67,1,0.48050978779792786,0.5194901823997498,[1]
neuroloop_static_k1,strict,68,1,0.39483144879341125,0.6051685214042664,[1]
neuroloop_static_k1,strict,69,0,0.5312330722808838,0.4687669277191162,[0]
neuroloop_static_k1,strict,70,1,0.41271302103996277,0.5872869491577148,[1]
neuroloop_static_k1,strict,71,1,0.37848982214927673,0.6215101480484009,[1]
neuroloop_static_k1,strict,72,1,0.3848670721054077,0.6151329278945923,[1]
neuroloop_static_k1,strict,73,1,0.49689334630966187,0.5031066536903381,[1]
neuroloop_static_k1,strict,74,1,0.41191503405570984,0.5880849957466125,[1]
neuroloop_static_k1,strict,75,0,0.6168938875198364,0.38310617208480835,[0]
neuroloop_static_k1,strict,76,1,0.3626489043235779,0.6373510956764221,[1]
neuroloop_static_k1,strict,77,1,0.31729578971862793,0.6827042102813721,[1]
neuroloop_static_k1,strict,78,1,0.4762318730354309,0.5237681865692139,[1]
neuroloop_static_k1,strict,79,1,0.2464488446712494,0.7535511255264282,[1]
neuroloop_static_k1,strict,80,1,0.4487197995185852,0.5512802004814148,[1]
neuroloop_static_k1,strict,81,1,0.3287959396839142,0.6712040901184082,[1]
neuroloop_static_k1,strict,82,0,0.6255635023117065,0.37443649768829346,[0]
neuroloop_static_k1,strict,83,0,0.5529565811157227,0.44704341888427734,[0]
neuroloop_static_k1,strict,84,1,0.4956301152706146,0.5043699145317078,[1]
neuroloop_static_k1,strict,85,1,0.42224690318107605,0.5777530670166016,[1]
neuroloop_static_k1,strict,86,0,0.7112153172492981,0.2887846529483795,[0]
neuroloop_static_k1,strict,87,0,0.6822507381439209,0.3177492320537567,[0]
neuroloop_static_k1,strict,88,1,0.34374457597732544,0.6562553644180298,[1]
neuroloop_static_k1,strict,89,0,0.6089500784873962,0.39104992151260376,[0]
neuroloop_static_k1,strict,90,1,0.44903895258903503,0.5509610772132874,[1]
neuroloop_static_k1,strict,91,0,0.5987399220466614,0.4012600779533386,[0]
neuroloop_static_k1,strict,92,0,0.6117913722991943,0.38820865750312805,[0]
neuroloop_static_k1,strict,93,1,0.397905558347702,0.6020944714546204,[1]
neuroloop_static_k1,strict,94,1,0.44170063734054565,0.5582993626594543,[1]
neuroloop_static_k1,strict,95,0,0.6207951307296753,0.3792048692703247,[0]
neuroloop_static_k1,strict,96,1,0.27398428320884705,0.7260157465934753,[1]
neuroloop_static_k1,strict,97,0,0.5212286114692688,0.4787714183330536,[0]
neuroloop_static_k1,strict,98,1,0.34210720658302307,0.6578927636146545,[1]
neuroloop_static_k1,strict,99,1,0.2765219509601593,0.7234780788421631,[1]
neuroloop_static_k1,strict,100,1,0.4556945860385895,0.5443053841590881,[1]
neuroloop_static_k1,strict,101,0,0.5909247398376465,0.4090752601623535,[0]
neuroloop_static_k1,strict,102,0,0.6331541538238525,0.36684584617614746,[0]
neuroloop_static_k1,strict,103,1,0.4177391827106476,0.58226078748703,[1]
neuroloop_static_k1,strict,104,0,0.5019614696502686,0.49803856015205383,[0]
neuroloop_static_k1,strict,105,0,0.5761368870735168,0.42386314272880554,[0]
neuroloop_static_k1,strict,106,1,0.3692944347858429,0.6307055354118347,[1]
neuroloop_static_k1,strict,107,1,0.4544528126716614,0.5455471873283386,[1]
neuroloop_static_k1,strict,108,1,0.3397958278656006,0.6602041721343994,[1]
neuroloop_static_k1,strict,109,1,0.4223325252532959,0.5776675343513489,[1]
neuroloop_static_k1,strict,110,0,0.530080258846283,0.46991971135139465,[0]
neuroloop_static_k1,strict,111,0,0.5053766965866089,0.4946233034133911,[0]
neuroloop_static_k1,strict,112,0,0.5833372473716736,0.4166627824306488,[0]
neuroloop_static_k1,strict,113,0,0.5390875935554504,0.46091243624687195,[0]
neuroloop_static_k1,strict,114,1,0.34684237837791443,0.653157651424408,[1]
neuroloop_static_k1,strict,115,1,0.44179728627204895,0.5582027435302734,[1]
neuroloop_static_k1,strict,116,0,0.5228351950645447,0.4771648049354553,[0]
neuroloop_static_k1,strict,117,1,0.47549569606781006,0.5245043039321899,[1]
neuroloop_static_k1,strict,118,1,0.39516809582710266,0.6048319339752197,[1]
neuroloop_static_k1,strict,119,1,0.4490886330604553,0.5509113669395447,[1]
neuroloop_static_k1,strict,120,1,0.42410627007484436,0.5758937001228333,[1]
neuroloop_static_k1,strict,121,1,0.29759421944618225,0.7024058103561401,[1]
neuroloop_static_k1,strict,122,0,0.5951048135757446,0.404895156621933,[0]
neuroloop_static_k1,strict,123,0,0.5306962132453918,0.46930381655693054,[0]
neuroloop_static_k1,strict,124,1,0.3345928192138672,0.665407121181488,[1]
neuroloop_static_k1,strict,125,1,0.4594653248786926,0.5405347347259521,[1]
neuroloop_static_k1,strict,126,0,0.6137465238571167,0.3862535059452057,[0]
neuroloop_static_k1,strict,127,0,0.6003789901733398,0.39962103962898254,[0]
neuroloop_static_k1,strict,128,1,0.2911038398742676,0.7088961601257324,[1]
neuroloop_static_k1,strict,129,1,0.28967833518981934,0.7103217244148254,[1]
neuroloop_static_k1,strict,130,1,0.41061314940452576,0.5893868803977966,[1]
neuroloop_static_k1,strict,131,1,0.3832610547542572,0.6167389154434204,[1]
neuroloop_static_k1,strict,132,1,0.4014291763305664,0.5985707640647888,[1]
neuroloop_static_k1,strict,133,1,0.26120051741600037,0.738799512386322,[1]
neuroloop_static_k1,strict,134,1,0.3187515139579773,0.6812484860420227,[1]
neuroloop_static_k1,strict,135,1,0.32504624128341675,0.6749537587165833,[1]
neuroloop_static_k1,strict,136,0,0.589880645275116,0.4101193845272064,[0]
neuroloop_static_k1,strict,137,0,0.5911176800727844,0.40888234972953796,[0]
neuroloop_static_k1,strict,138,1,0.35616958141326904,0.643830418586731,[1]
neuroloop_static_k1,strict,139,0,0.5434795618057251,0.4565204381942749,[0]
neuroloop_static_k1,strict,140,1,0.43855488300323486,0.5614451169967651,[1]
neuroloop_static_k1,strict,141,0,0.6137389540672302,0.3862610459327698,[0]
neuroloop_static_k1,strict,142,0,0.5318607091903687,0.46813926100730896,[0]
neuroloop_static_k1,strict,143,0,0.6125852465629578,0.38741472363471985,[0]
neuroloop_static_k4,strict,0,0,0.8667235374450684,0.13327646255493164,"[0, 0, 0, 0]"
neuroloop_static_k4,strict,1,1,0.17983092367649078,0.8201690912246704,"[0, 1, 1, 1]"
neuroloop_static_k4,strict,2,0,0.7901262640953064,0.2098737359046936,"[0, 0, 0, 0]"
neuroloop_static_k4,strict,3,0,0.9422433376312256,0.05775664746761322,"[0, 0, 0, 0]"
neuroloop_static_k4,strict,4,0,0.7295934557914734,0.2704065442085266,"[0, 0, 0, 0]"
neuroloop_static_k4,strict,5,0,0.9109850525856018,0.0890149176120758,"[0, 0, 0, 0]"
neuroloop_static_k4,strict,6,1,0.20834927260875702,0.7916507124900818,"[1, 1, 1, 1]"
neuroloop_static_k4,strict,7,1,0.3247847259044647,0.6752152442932129,"[0, 1, 1, 1]"
neuroloop_static_k4,strict,8,0,0.8287519216537476,0.17124810814857483,"[0, 0, 0, 0]"
neuroloop_static_k4,strict,9,0,0.5782249569892883,0.4217749834060669,"[0, 0, 0, 0]"
neuroloop_static_k4,strict,10,0,0.9603930711746216,0.03960694372653961,"[0, 0, 0, 0]"
neuroloop_static_k4,strict,11,0,0.9019729495048523,0.09802704304456711,"[0, 0, 0, 0]"
neuroloop_static_k4,strict,12,0,0.5861591696739197,0.4138408601284027,"[0, 0, 0, 0]"
neuroloop_static_k4,strict,13,0,0.9215264916419983,0.07847347110509872,"[0, 0, 0, 0]"
neuroloop_static_k4,strict,14,0,0.7785819172859192,0.22141814231872559,"[0, 0, 0, 0]"
neuroloop_static_k4,strict,15,0,0.6536300182342529,0.34637001156806946,"[0, 0, 0, 0]"
neuroloop_static_k4,strict,16,0,0.814010739326477,0.18598924577236176,"[0, 0, 0, 0]"
neuroloop_static_k4,strict,17,1,0.3126155436038971,0.6873844265937805,"[0, 1, 1, 1]"
neuroloop_static_k4,strict,18,0,0.9147823452949524,0.08521765470504761,"[0, 0, 0, 0]"
neuroloop_static_k4,strict,19,1,0.3897758424282074,0.6102241277694702,"[0, 1, 1, 1]"
neuroloop_static_k4,strict,20,0,0.9591867327690125,0.04081322252750397,"[0, 0, 0, 0]"
neuroloop_static_k4,strict,21,0,0.9765663146972656,0.02343371883034706,"[0, 0, 0, 0]"
neuroloop_static_k4,strict,22,1,0.20655640959739685,0.7934436202049255,"[0, 1, 1, 1]"
neuroloop_static_k4,strict,23,1,0.2825038433074951,0.7174961566925049,"[1, 1, 1, 1]"
neuroloop_static_k4,strict,24,0,0.7168154120445251,0.28318458795547485,"[0, 0, 0, 0]"
neuroloop_static_k4,strict,25,0,0.8805623054504395,0.11943776160478592,"[0, 0, 0, 0]"
neuroloop_static_k4,strict,26,0,0.8626173734664917,0.1373825967311859,"[0, 0, 0, 0]"
neuroloop_static_k4,strict,27,0,0.6279975771903992,0.37200239300727844,"[0, 0, 0, 0]"
neuroloop_static_k4,strict,28,1,0.3058183491230011,0.6941816210746765,"[0, 1, 1, 1]"
neuroloop_static_k4,strict,29,1,0.48238351941108704,0.5176164507865906,"[0, 0, 1, 1]"
neuroloop_static_k4,strict,30,0,0.965289831161499,0.03471020609140396,"[0, 0, 0, 0]"
neuroloop_static_k4,strict,31,1,0.2394900918006897,0.7605098485946655,"[1, 1, 1, 1]"
neuroloop_static_k4,strict,32,1,0.3776819407939911,0.6223180294036865,"[0, 1, 1, 1]"
neuroloop_static_k4,strict,33,0,0.7957147359848022,0.20428518950939178,"[0, 0, 0, 0]"
neuroloop_static_k4,strict,34,0,0.6415400505065918,0.3584599196910858,"[0, 0, 0, 0]"
neuroloop_static_k4,strict,35,0,0.8056323528289795,0.1943676620721817,"[0, 0, 0, 0]"
neuroloop_static_k4,strict,36,0,0.872901439666748,0.12709860503673553,"[0, 0, 0, 0]"
neuroloop_static_k4,strict,37,0,0.6215137839317322,0.3784862458705902,"[0, 0, 0, 0]"
neuroloop_static_k4,strict,38,0,0.6752253770828247,0.3247745931148529,"[0, 0, 0, 0]"
neuroloop_static_k4,strict,39,1,0.3819362223148346,0.6180638074874878,"[0, 1, 1, 1]"
neuroloop_static_k4,strict,40,1,0.19221296906471252,0.8077870011329651,"[1, 1, 1, 1]"
neuroloop_static_k4,strict,41,1,0.15304018557071686,0.8469597697257996,"[1, 1, 1, 1]"
neuroloop_static_k4,strict,42,1,0.310778945684433,0.6892210841178894,"[0, 1, 1, 1]"
neuroloop_static_k4,strict,43,0,0.9072830080986023,0.09271697700023651,"[0, 0, 0, 0]"
neuroloop_static_k4,strict,44,1,0.26381605863571167,0.7361838817596436,"[1, 1, 1, 1]"
neuroloop_static_k4,strict,45,1,0.49035096168518066,0.5096490383148193,"[0, 0, 1, 1]"
neuroloop_static_k4,strict,46,0,0.5214941501617432,0.47850582003593445,"[0, 0, 1, 0]"
neuroloop_static_k4,strict,47,0,0.9696762561798096,0.030323803424835205,"[0, 0, 0, 0]"
neuroloop_static_k4,strict,48,0,0.9168945550918579,0.08310538530349731,"[0, 0, 0, 0]"
neuroloop_static_k4,strict,49,1,0.4324222505092621,0.5675777792930603,"[1, 1, 1, 1]"
neuroloop_static_k4,strict,50,1,0.21836917102336884,0.78163081407547,"[1, 1, 1, 1]"
neuroloop_static_k4,strict,51,0,0.9276987314224243,0.07230128347873688,"[0, 0, 0, 0]"
neuroloop_static_k4,strict,52,0,0.7861509323120117,0.2138490080833435,"[0, 0, 0, 0]"
neuroloop_static_k4,strict,53,0,0.8497134447097778,0.15028657019138336,"[0, 0, 0, 0]"
neuroloop_static_k4,strict,54,0,0.9495631456375122,0.0504368357360363,"[0, 0, 0, 0]"
neuroloop_static_k4,strict,55,0,0.9095671772956848,0.09043276309967041,"[0, 0, 0, 0]"
neuroloop_static_k4,strict,56,0,0.7783014178276062,0.221698597073555,"[0, 0, 0, 0]"
neuroloop_static_k4,strict,57,1,0.442385733127594,0.5576142072677612,"[0, 0, 1, 1]"
neuroloop_static_k4,strict,58,0,0.7219057679176331,0.27809423208236694,"[0, 0, 0, 0]"
neuroloop_static_k4,strict,59,1,0.29680153727531433,0.7031984925270081,"[1, 1, 1, 1]"
neuroloop_static_k4,strict,60,0,0.9718414545059204,0.028158575296401978,"[0, 0, 0, 0]"
neuroloop_static_k4,strict,61,0,0.7883961796760559,0.21160385012626648,"[0, 0, 0, 0]"
neuroloop_static_k4,strict,62,1,0.47137272357940674,0.5286272764205933,"[0, 0, 1, 1]"
neuroloop_static_k4,strict,63,0,0.953326404094696,0.046673621982336044,"[0, 0, 0, 0]"
neuroloop_static_k4,strict,64,1,0.152507022023201,0.8474929332733154,"[1, 1, 1, 1]"
neuroloop_static_k4,strict,65,0,0.9651075005531311,0.03489251807332039,"[0, 0, 0, 0]"
neuroloop_static_k4,strict,66,0,0.5771903991699219,0.4228096008300781,"[0, 0, 0, 0]"
neuroloop_static_k4,strict,67,1,0.2957584261894226,0.7042415738105774,"[0, 1, 1, 1]"
neuroloop_static_k4,strict,68,0,0.6238319277763367,0.37616804242134094,"[0, 0, 0, 0]"
neuroloop_static_k4,strict,69,1,0.30597665905952454,0.6940233707427979,"[0, 1, 1, 1]"
neuroloop_static_k4,strict,70,1,0.38061389327049255,0.6193860769271851,"[0, 1, 1, 1]"
neuroloop_static_k4,strict,71,0,0.8639196753501892,0.1360803246498108,"[0, 0, 0, 0]"
neuroloop_static_k4,strict,72,1,0.41940370202064514,0.5805962681770325,"[0, 1, 1, 1]"
neuroloop_static_k4,strict,73,0,0.7376080751419067,0.26239192485809326,"[0, 0, 0, 0]"
neuroloop_static_k4,strict,74,0,0.7203277349472046,0.2796723246574402,"[0, 0, 0, 0]"
neuroloop_static_k4,strict,75,0,0.8880266547203064,0.1119733527302742,"[0, 0, 0, 0]"
neuroloop_static_k4,strict,76,1,0.3177601099014282,0.6822399497032166,"[0, 1, 1, 1]"
neuroloop_static_k4,strict,77,1,0.44062453508377075,0.5593754649162292,"[0, 1, 1, 1]"
neuroloop_static_k4,strict,78,1,0.3679675757884979,0.6320323944091797,"[0, 1, 1, 1]"
neuroloop_static_k4,strict,79,1,0.154780313372612,0.8452197313308716,"[1, 1, 1, 1]"
neuroloop_static_k4,strict,80,0,0.588498055934906,0.411501944065094,"[0, 0, 0, 0]"
neuroloop_static_k4,strict,81,1,0.12809699773788452,0.8719029426574707,"[1, 1, 1, 1]"
neuroloop_static_k4,strict,82,0,0.5823760628700256,0.4176238775253296,"[0, 0, 0, 0]"
neuroloop_static_k4,strict,83,0,0.6737222075462341,0.32627785205841064,"[0, 0, 0, 0]"
neuroloop_static_k4,strict,84,1,0.36889925599098206,0.6311007142066956,"[0, 1, 1, 1]"
neuroloop_static_k4,strict,85,0,0.6125006079673767,0.3874993920326233,"[0, 0, 0, 0]"
neuroloop_static_k4,strict,86,0,0.9025039076805115,0.09749603271484375,"[0, 0, 0, 0]"
neuroloop_static_k4,strict,87,0,0.8958119750022888,0.1041879951953888,"[0, 0, 0, 0]"
neuroloop_static_k4,strict,88,1,0.38120517134666443,0.618794858455658,"[0, 1, 1, 1]"
neuroloop_static_k4,strict,89,0,0.9166814684867859,0.0833185613155365,"[0, 0, 0, 0]"
neuroloop_static_k4,strict,90,0,0.6991715431213379,0.3008284270763397,"[0, 0, 0, 0]"
neuroloop_static_k4,strict,91,1,0.3974195122718811,0.6025804281234741,"[0, 1, 1, 1]"
neuroloop_static_k4,strict,92,0,0.9383324980735779,0.061667561531066895,"[0, 0, 0, 0]"
neuroloop_static_k4,strict,93,1,0.312020480632782,0.6879794597625732,"[0, 1, 1, 1]"
neuroloop_static_k4,strict,94,1,0.3646933436393738,0.6353066563606262,"[0, 1, 1, 1]"
neuroloop_static_k4,strict,95,0,0.5801315307617188,0.41986849904060364,"[0, 0, 0, 0]"
neuroloop_static_k4,strict,96,1,0.16903801262378693,0.8309620022773743,"[1, 1, 1, 1]"
neuroloop_static_k4,strict,97,0,0.7034140229225159,0.2965860068798065,"[0, 0, 0, 0]"
neuroloop_static_k4,strict,98,0,0.6219785809516907,0.37802138924598694,"[0, 0, 0, 0]"
neuroloop_static_k4,strict,99,1,0.14031313359737396,0.8596869111061096,"[1, 1, 1, 1]"
neuroloop_static_k4,strict,100,0,0.5553054809570312,0.44469454884529114,"[0, 0, 0, 0]"
neuroloop_static_k4,strict,101,0,0.9234776496887207,0.0765223428606987,"[0, 0, 0, 0]"
neuroloop_static_k4,strict,102,0,0.7303519248962402,0.26964807510375977,"[0, 0, 0, 0]"
neuroloop_static_k4,strict,103,0,0.6661452651023865,0.3338547348976135,"[0, 0, 0, 0]"
neuroloop_static_k4,strict,104,1,0.27078455686569214,0.7292154431343079,"[0, 1, 1, 1]"
neuroloop_static_k4,strict,105,0,0.5754708647727966,0.42452916502952576,"[0, 0, 0, 0]"
neuroloop_static_k4,strict,106,1,0.4537097215652466,0.5462903380393982,"[0, 1, 1, 1]"
neuroloop_static_k4,strict,107,1,0.2805249094963074,0.7194750905036926,"[0, 1, 1, 1]"
neuroloop_static_k4,strict,108,1,0.17276646196842194,0.8272335529327393,"[1, 1, 1, 1]"
neuroloop_static_k4,strict,109,1,0.42044132947921753,0.5795587301254272,"[0, 1, 1, 1]"
neuroloop_static_k4,strict,110,0,0.5185902714729309,0.4814097285270691,"[0, 0, 0, 0]"
neuroloop_static_k4,strict,111,0,0.5812071561813354,0.4187929034233093,"[0, 0, 0, 0]"
neuroloop_static_k4,strict,112,1,0.19480504095554352,0.8051949739456177,"[0, 1, 1, 1]"
neuroloop_static_k4,strict,113,1,0.4272993505001068,0.5727006196975708,"[0, 1, 1, 1]"
neuroloop_static_k4,strict,114,1,0.4545656144618988,0.5454344153404236,"[0, 1, 1, 1]"
neuroloop_static_k4,strict,115,1,0.21103720366954803,0.7889628410339355,"[0, 1, 1, 1]"
neuroloop_static_k4,strict,116,1,0.3994441628456116,0.6005558371543884,"[0, 1, 1, 1]"
neuroloop_static_k4,strict,117,0,0.8140751719474792,0.18592482805252075,"[0, 0, 0, 0]"
neuroloop_static_k4,strict,118,0,0.6350894570350647,0.3649105429649353,"[0, 0, 0, 0]"
neuroloop_static_k4,strict,119,1,0.3365408182144165,0.6634591817855835,"[0, 1, 1, 1]"
neuroloop_static_k4,strict,120,1,0.3556506633758545,0.6443493962287903,"[0, 1, 1, 1]"
neuroloop_static_k4,strict,121,1,0.3069643974304199,0.6930356025695801,"[0, 1, 1, 1]"
neuroloop_static_k4,strict,122,0,0.6455963253974915,0.35440367460250854,"[0, 0, 0, 0]"
neuroloop_static_k4,strict,123,1,0.4962649345397949,0.5037350654602051,"[0, 1, 1, 1]"
neuroloop_static_k4,strict,124,1,0.13546203076839447,0.8645380139350891,"[1, 1, 1, 1]"
neuroloop_static_k4,strict,125,1,0.4130047559738159,0.5869952440261841,"[0, 0, 1, 1]"
neuroloop_static_k4,strict,126,0,0.7516860365867615,0.24831397831439972,"[0, 0, 0, 0]"
neuroloop_static_k4,strict,127,0,0.751891016960144,0.24810902774333954,"[0, 0, 0, 0]"
neuroloop_static_k4,strict,128,1,0.4307340383529663,0.5692659020423889,"[0, 1, 1, 1]"
neuroloop_static_k4,strict,129,1,0.27194344997406006,0.7280565500259399,"[1, 1, 1, 1]"
neuroloop_static_k4,strict,130,0,0.6538093686103821,0.34619060158729553,"[0, 0, 0, 0]"
neuroloop_static_k4,strict,131,1,0.4452040493488312,0.5547959804534912,"[0, 1, 1, 1]"
neuroloop_static_k4,strict,132,1,0.22195425629615784,0.7780457735061646,"[0, 1, 1, 1]"
neuroloop_static_k4,strict,133,1,0.1679973304271698,0.8320026993751526,"[1, 1, 1, 1]"
neuroloop_static_k4,strict,134,1,0.4633861482143402,0.5366138815879822,"[0, 1, 1, 1]"
neuroloop_static_k4,strict,135,1,0.33217713236808777,0.6678228378295898,"[0, 1, 1, 1]"
neuroloop_static_k4,strict,136,0,0.6150173544883728,0.3849826753139496,"[0, 0, 0, 0]"
neuroloop_static_k4,strict,137,0,0.9050894379615784,0.09491057693958282,"[0, 0, 0, 0]"
neuroloop_static_k4,strict,138,1,0.1297639012336731,0.8702360987663269,"[1, 1, 1, 1]"
neuroloop_static_k4,strict,139,0,0.7872473001480103,0.21275268495082855,"[0, 0, 0, 0]"
neuroloop_static_k4,strict,140,1,0.32749053835868835,0.6725094318389893,"[0, 1, 1, 1]"
neuroloop_static_k4,strict,141,0,0.7393670082092285,0.2606329917907715,"[0, 0, 0, 0]"
neuroloop_static_k4,strict,142,0,0.663194477558136,0.3368055522441864,"[0, 0, 0, 0]"
neuroloop_static_k4,strict,143,0,0.7341874837875366,0.2658125162124634,"[0, 0, 0, 0]"
neuroloop_shared_k1,strict,0,1,0.3512832224369049,0.6487167477607727,[1]
neuroloop_shared_k1,strict,1,1,0.2620603144168854,0.7379396557807922,[1]
neuroloop_shared_k1,strict,2,1,0.25735950469970703,0.742640495300293,[1]
neuroloop_shared_k1,strict,3,1,0.27997109293937683,0.7200289368629456,[1]
neuroloop_shared_k1,strict,4,1,0.36657047271728516,0.6334294676780701,[1]
neuroloop_shared_k1,strict,5,1,0.4537240266799927,0.5462760329246521,[1]
neuroloop_shared_k1,strict,6,1,0.15692514181137085,0.8430747985839844,[1]
neuroloop_shared_k1,strict,7,1,0.2081678956747055,0.7918321490287781,[1]
neuroloop_shared_k1,strict,8,1,0.19862128794193268,0.8013787269592285,[1]
neuroloop_shared_k1,strict,9,1,0.16713498532772064,0.8328649997711182,[1]
neuroloop_shared_k1,strict,10,0,0.5868737697601318,0.4131262004375458,[0]
neuroloop_shared_k1,strict,11,1,0.4560997486114502,0.5439003109931946,[1]
neuroloop_shared_k1,strict,12,1,0.28310921788215637,0.716890811920166,[1]
neuroloop_shared_k1,strict,13,0,0.5305867791175842,0.4694131910800934,[0]
neuroloop_shared_k1,strict,14,1,0.48011520504951477,0.5198848247528076,[1]
neuroloop_shared_k1,strict,15,1,0.2795211374759674,0.720478892326355,[1]
neuroloop_shared_k1,strict,16,1,0.22246432304382324,0.777535617351532,[1]
neuroloop_shared_k1,strict,17,1,0.2498413771390915,0.7501586079597473,[1]
neuroloop_shared_k1,strict,18,1,0.41621243953704834,0.5837875604629517,[1]
neuroloop_shared_k1,strict,19,1,0.13156665861606598,0.8684332966804504,[1]
neuroloop_shared_k1,strict,20,1,0.4577796161174774,0.5422203540802002,[1]
neuroloop_shared_k1,strict,21,1,0.49754515290260315,0.5024548768997192,[1]
neuroloop_shared_k1,strict,22,1,0.20297659933567047,0.797023355960846,[1]
neuroloop_shared_k1,strict,23,1,0.13147544860839844,0.8685245513916016,[1]
neuroloop_shared_k1,strict,24,1,0.17653317749500275,0.8234668374061584,[1]
neuroloop_shared_k1,strict,25,1,0.3296687602996826,0.6703312993049622,[1]
neuroloop_shared_k1,strict,26,1,0.2472095489501953,0.7527904510498047,[1]
neuroloop_shared_k1,strict,27,1,0.1449127495288849,0.8550872802734375,[1]
neuroloop_shared_k1,strict,28,1,0.14444679021835327,0.855553150177002,[1]
neuroloop_shared_k1,strict,29,1,0.1912841945886612,0.8087158203125,[1]
neuroloop_shared_k1,strict,30,0,0.5978594422340393,0.4021405577659607,[0]
neuroloop_shared_k1,strict,31,1,0.1672803908586502,0.8327196836471558,[1]
neuroloop_shared_k1,strict,32,1,0.15795409679412842,0.8420459032058716,[1]
neuroloop_shared_k1,strict,33,1,0.26851406693458557,0.731485903263092,[1]
neuroloop_shared_k1,strict,34,1,0.21562045812606812,0.7843795418739319,[1]
neuroloop_shared_k1,strict,35,1,0.3945438265800476,0.6054562330245972,[1]
neuroloop_shared_k1,strict,36,1,0.4384280741214752,0.5615718960762024,[1]
neuroloop_shared_k1,strict,37,1,0.30107972025871277,0.6989202499389648,[1]
neuroloop_shared_k1,strict,38,1,0.29456910490989685,0.7054308652877808,[1]
neuroloop_shared_k1,strict,39,1,0.15251941978931427,0.8474805951118469,[1]
neuroloop_shared_k1,strict,40,1,0.11722081154584885,0.8827792406082153,[1]
neuroloop_shared_k1,strict,41,1,0.22207508981227875,0.7779249548912048,[1]
neuroloop_shared_k1,strict,42,1,0.16230733692646027,0.8376926183700562,[1]
neuroloop_shared_k1,strict,43,1,0.2998729944229126,0.7001270055770874,[1]
neuroloop_shared_k1,strict,44,1,0.15324631333351135,0.846753716468811,[1]
neuroloop_shared_k1,strict,45,1,0.1917911171913147,0.8082088232040405,[1]
neuroloop_shared_k1,strict,46,1,0.1872643083333969,0.8127357363700867,[1]
neuroloop_shared_k1,strict,47,1,0.38731735944747925,0.6126826405525208,[1]
neuroloop_shared_k1,strict,48,1,0.351248174905777,0.6487518548965454,[1]
neuroloop_shared_k1,strict,49,1,0.09104853868484497,0.9089515209197998,[1]
neuroloop_shared_k1,strict,50,1,0.06882541626691818,0.9311745762825012,[1]
neuroloop_shared_k1,strict,51,0,0.5998836159706116,0.4001164138317108,[0]
neuroloop_shared_k1,strict,52,1,0.3958517909049988,0.6041482090950012,[1]
neuroloop_shared_k1,strict,53,1,0.32195910811424255,0.6780408620834351,[1]
neuroloop_shared_k1,strict,54,0,0.5046844482421875,0.4953155517578125,[0]
neuroloop_shared_k1,strict,55,1,0.3968782126903534,0.603121817111969,[1]
neuroloop_shared_k1,strict,56,1,0.213961660861969,0.786038339138031,[1]
neuroloop_shared_k1,strict,57,1,0.2690478265285492,0.7309521436691284,[1]
neuroloop_shared_k1,strict,58,1,0.24753902852535248,0.7524609565734863,[1]
neuroloop_shared_k1,strict,59,1,0.13374997675418854,0.8662500381469727,[1]
neuroloop_shared_k1,strict,60,1,0.41920873522758484,0.5807912349700928,[1]
neuroloop_shared_k1,strict,61,1,0.2394639253616333,0.7605360746383667,[1]
neuroloop_shared_k1,strict,62,1,0.1418246328830719,0.8581753373146057,[1]
neuroloop_shared_k1,strict,63,1,0.41894203424453735,0.5810579657554626,[1]
neuroloop_shared_k1,strict,64,1,0.1241585984826088,0.8758413791656494,[1]
neuroloop_shared_k1,strict,65,1,0.4442135989665985,0.5557863712310791,[1]
neuroloop_shared_k1,strict,66,1,0.34065669775009155,0.6593432426452637,[1]
neuroloop_shared_k1,strict,67,1,0.19834190607070923,0.8016580939292908,[1]
neuroloop_shared_k1,strict,68,1,0.12647971510887146,0.8735202550888062,[1]
neuroloop_shared_k1,strict,69,1,0.16604302823543549,0.8339569568634033,[1]
neuroloop_shared_k1,strict,70,1,0.1804008185863495,0.8195991516113281,[1]
neuroloop_shared_k1,strict,71,1,0.1736859828233719,0.8263140320777893,[1]
neuroloop_shared_k1,strict,72,1,0.1306370347738266,0.8693628907203674,[1]
neuroloop_shared_k1,strict,73,1,0.30472269654273987,0.6952773332595825,[1]
neuroloop_shared_k1,strict,74,1,0.1886940598487854,0.8113059401512146,[1]
neuroloop_shared_k1,strict,75,1,0.3125712275505066,0.6874287724494934,[1]
neuroloop_shared_k1,strict,76,1,0.18260140717029572,0.8173986077308655,[1]
neuroloop_shared_k1,strict,77,1,0.15470166504383087,0.8452983498573303,[1]
neuroloop_shared_k1,strict,78,1,0.25924447178840637,0.7407554984092712,[1]
neuroloop_shared_k1,strict,79,1,0.13957999646663666,0.8604199886322021,[1]
neuroloop_shared_k1,strict,80,1,0.2340172529220581,0.7659827470779419,[1]
neuroloop_shared_k1,strict,81,1,0.1803000122308731,0.8197000026702881,[1]
neuroloop_shared_k1,strict,82,1,0.31169450283050537,0.6883054971694946,[1]
neuroloop_shared_k1,strict,83,1,0.27905595302581787,0.7209440469741821,[1]
neuroloop_shared_k1,strict,84,1,0.2330760508775711,0.7669239640235901,[1]
neuroloop_shared_k1,strict,85,1,0.20017686486244202,0.7998231053352356,[1]
neuroloop_shared_k1,strict,86,1,0.48262718319892883,0.5173727869987488,[1]
neuroloop_shared_k1,strict,87,0,0.5158952474594116,0.48410481214523315,[0]
neuroloop_shared_k1,strict,88,1,0.16254694759845734,0.8374530673027039,[1]
neuroloop_shared_k1,strict,89,1,0.28378424048423767,0.7162157297134399,[1]
neuroloop_shared_k1,strict,90,1,0.18387232720851898,0.8161277174949646,[1]
neuroloop_shared_k1,strict,91,1,0.2906903028488159,0.7093096971511841,[1]
neuroloop_shared_k1,strict,92,1,0.31084319949150085,0.6891567707061768,[1]
neuroloop_shared_k1,strict,93,1,0.1990119218826294,0.8009880781173706,[1]
neuroloop_shared_k1,strict,94,1,0.15759189426898956,0.8424081206321716,[1]
neuroloop_shared_k1,strict,95,1,0.3370145559310913,0.6629854440689087,[1]
neuroloop_shared_k1,strict,96,1,0.11320227384567261,0.8867977261543274,[1]
neuroloop_shared_k1,strict,97,1,0.28475117683410645,0.7152487635612488,[1]
neuroloop_shared_k1,strict,98,1,0.1488073319196701,0.8511925935745239,[1]
neuroloop_shared_k1,strict,99,1,0.1351129710674286,0.8648870587348938,[1]
neuroloop_shared_k1,strict,100,1,0.18994848430156708,0.8100515007972717,[1]
neuroloop_shared_k1,strict,101,1,0.3715296983718872,0.6284703016281128,[1]
neuroloop_shared_k1,strict,102,1,0.405886709690094,0.5941133499145508,[1]
neuroloop_shared_k1,strict,103,1,0.22203484177589417,0.7779651880264282,[1]
neuroloop_shared_k1,strict,104,1,0.25546982884407043,0.7445301413536072,[1]
neuroloop_shared_k1,strict,105,1,0.3979170322418213,0.6020829677581787,[1]
neuroloop_shared_k1,strict,106,1,0.21954704821109772,0.7804529666900635,[1]
neuroloop_shared_k1,strict,107,1,0.24601364135742188,0.7539863586425781,[1]
neuroloop_shared_k1,strict,108,1,0.196563720703125,0.8034363389015198,[1]
neuroloop_shared_k1,strict,109,1,0.25216472148895264,0.7478352785110474,[1]
neuroloop_shared_k1,strict,110,1,0.2607569694519043,0.7392430901527405,[1]
neuroloop_shared_k1,strict,111,1,0.21259799599647522,0.7874020338058472,[1]
neuroloop_shared_k1,strict,112,1,0.2289271503686905,0.7710728645324707,[1]
neuroloop_shared_k1,strict,113,1,0.20902729034423828,0.7909727096557617,[1]
neuroloop_shared_k1,strict,114,1,0.18265365064144135,0.8173463344573975,[1]
neuroloop_shared_k1,strict,115,1,0.17464369535446167,0.8253563046455383,[1]
neuroloop_shared_k1,strict,116,1,0.28953254222869873,0.7104674577713013,[1]
neuroloop_shared_k1,strict,117,1,0.18617647886276245,0.8138235211372375,[1]
neuroloop_shared_k1,strict,118,1,0.20802132785320282,0.791978657245636,[1]
neuroloop_shared_k1,strict,119,1,0.28221556544303894,0.7177844047546387,[1]
neuroloop_shared_k1,strict,120,1,0.1675235629081726,0.8324764370918274,[1]
neuroloop_shared_k1,strict,121,1,0.1367485672235489,0.8632514476776123,[1]
neuroloop_shared_k1,strict,122,1,0.2597545087337494,0.7402454614639282,[1]
neuroloop_shared_k1,strict,123,1,0.24093738198280334,0.759062647819519,[1]
neuroloop_shared_k1,strict,124,1,0.14023476839065552,0.8597652316093445,[1]
neuroloop_shared_k1,strict,125,1,0.20510977506637573,0.7948901653289795,[1]
neuroloop_shared_k1,strict,126,1,0.28979456424713135,0.7102054357528687,[1]
neuroloop_shared_k1,strict,127,1,0.2602761387825012,0.7397239208221436,[1]
neuroloop_shared_k1,strict,128,1,0.10026292502880096,0.8997371196746826,[1]
neuroloop_shared_k1,strict,129,1,0.11744312942028046,0.8825569152832031,[1]
neuroloop_shared_k1,strict,130,1,0.17993894219398499,0.8200610876083374,[1]
neuroloop_shared_k1,strict,131,1,0.16235432028770447,0.8376457095146179,[1]
neuroloop_shared_k1,strict,132,1,0.2207644283771515,0.7792355418205261,[1]
neuroloop_shared_k1,strict,133,1,0.13274934887886047,0.8672506213188171,[1]
neuroloop_shared_k1,strict,134,1,0.16955816745758057,0.8304418921470642,[1]
neuroloop_shared_k1,strict,135,1,0.20393653213977814,0.7960634827613831,[1]
neuroloop_shared_k1,strict,136,1,0.258999764919281,0.741000235080719,[1]
neuroloop_shared_k1,strict,137,1,0.2633931636810303,0.7366068363189697,[1]
neuroloop_shared_k1,strict,138,1,0.14766712486743927,0.8523328304290771,[1]
neuroloop_shared_k1,strict,139,1,0.3082202672958374,0.6917797327041626,[1]
neuroloop_shared_k1,strict,140,1,0.1749705970287323,0.8250294327735901,[1]
neuroloop_shared_k1,strict,141,1,0.29620030522346497,0.7037996649742126,[1]
neuroloop_shared_k1,strict,142,1,0.2539718747138977,0.7460281252861023,[1]
neuroloop_shared_k1,strict,143,1,0.2516602575778961,0.7483397126197815,[1]
neuroloop_shared_k2,strict,0,0,0.5579129457473755,0.4420870840549469,"[0, 0]"
neuroloop_shared_k2,strict,1,1,0.4975699782371521,0.5024300217628479,"[0, 1]"
neuroloop_shared_k2,strict,2,1,0.46148866415023804,0.5385112762451172,"[1, 1]"
neuroloop_shared_k2,strict,3,0,0.5159589648246765,0.4840410351753235,"[0, 0]"
neuroloop_shared_k2,strict,4,0,0.5711897611618042,0.4288102090358734,"[0, 0]"
neuroloop_shared_k2,strict,5,0,0.5453308820724487,0.45466914772987366,"[0, 0]"
neuroloop_shared_k2,strict,6,1,0.47275829315185547,0.5272417068481445,"[0, 1]"
neuroloop_shared_k2,strict,7,1,0.41902023553848267,0.5809797644615173,"[1, 1]"
neuroloop_shared_k2,strict,8,1,0.44919517636299133,0.550804853439331,"[1, 1]"
neuroloop_shared_k2,strict,9,1,0.43038928508758545,0.5696107149124146,"[1, 1]"
neuroloop_shared_k2,strict,10,0,0.6174575686454773,0.3825424015522003,"[0, 0]"
neuroloop_shared_k2,strict,11,0,0.5090065598487854,0.4909934997558594,"[0, 0]"
neuroloop_shared_k2,strict,12,0,0.5017358064651489,0.4982641637325287,"[0, 0]"
neuroloop_shared_k2,strict,13,0,0.5568552017211914,0.44314485788345337,"[0, 0]"
neuroloop_shared_k2,strict,14,0,0.5916996598243713,0.40830036997795105,"[0, 0]"
neuroloop_shared_k2,strict,15,0,0.5007575154304504,0.49924251437187195,"[0, 0]"
neuroloop_shared_k2,strict,16,1,0.43777671456336975,0.5622232556343079,"[1, 1]"
neuroloop_shared_k2,strict,17,1,0.43091216683387756,0.5690878629684448,"[1, 1]"
neuroloop_shared_k2,strict,18,0,0.5547714233398438,0.4452285170555115,"[0, 0]"
neuroloop_shared_k2,strict,19,1,0.40498417615890503,0.595015823841095,"[1, 1]"
neuroloop_shared_k2,strict,20,0,0.5562368631362915,0.4437631070613861,"[0, 0]"
neuroloop_shared_k2,strict,21,0,0.5895884037017822,0.4104115962982178,"[0, 0]"
neuroloop_shared_k2,strict,22,1,0.43323126435279846,0.5667687058448792,"[1, 1]"
neuroloop_shared_k2,strict,23,1,0.4218890368938446,0.578110933303833,"[1, 1]"
neuroloop_shared_k2,strict,24,1,0.443724125623703,0.5562759041786194,"[1, 1]"
neuroloop_shared_k2,strict,25,1,0.4933638572692871,0.5066361427307129,"[0, 1]"
neuroloop_shared_k2,strict,26,0,0.5383006930351257,0.4616992473602295,"[0, 0]"
neuroloop_shared_k2,strict,27,1,0.42653214931488037,0.5734679102897644,"[1, 1]"
neuroloop_shared_k2,strict,28,1,0.43019431829452515,0.5698056221008301,"[1, 1]"
neuroloop_shared_k2,strict,29,1,0.4538004398345947,0.5461995601654053,"[1, 1]"
neuroloop_shared_k2,strict,30,0,0.577085018157959,0.4229150414466858,"[0, 0]"
neuroloop_shared_k2,strict,31,1,0.4305967092514038,0.5694032311439514,"[1, 1]"
neuroloop_shared_k2,strict,32,1,0.41948390007019043,0.5805161595344543,"[1, 1]"
neuroloop_shared_k2,strict,33,1,0.4898375868797302,0.5101624131202698,"[0, 1]"
neuroloop_shared_k2,strict,34,1,0.42977046966552734,0.5702295303344727,"[1, 1]"
neuroloop_shared_k2,strict,35,0,0.5436326265335083,0.4563674032688141,"[0, 0]"
neuroloop_shared_k2,strict,36,0,0.5657811164855957,0.4342188835144043,"[0, 0]"
neuroloop_shared_k2,strict,37,1,0.47876232862472534,0.5212377309799194,"[0, 1]"
neuroloop_shared_k2,strict,38,1,0.49741414189338684,0.5025858283042908,"[0, 1]"
neuroloop_shared_k2,strict,39,1,0.4021529257297516,0.5978471040725708,"[1, 1]"
neuroloop_shared_k2,strict,40,1,0.4470866024494171,0.5529133677482605,"[1, 1]"
neuroloop_shared_k2,strict,41,1,0.45047158002853394,0.5495283603668213,"[1, 1]"
neuroloop_shared_k2,strict,42,1,0.44944584369659424,0.550554096698761,"[1, 1]"
neuroloop_shared_k2,strict,43,0,0.5403960347175598,0.4596039652824402,"[0, 0]"
neuroloop_shared_k2,strict,44,1,0.395895391702652,0.6041045784950256,"[1, 1]"
neuroloop_shared_k2,strict,45,1,0.4650994539260864,0.5349005460739136,"[1, 1]"
neuroloop_shared_k2,strict,46,1,0.4686475098133087,0.5313524603843689,"[0, 1]"
neuroloop_shared_k2,strict,47,0,0.5178425312042236,0.482157438993454,"[0, 0]"
neuroloop_shared_k2,strict,48,0,0.5157100558280945,0.4842899739742279,"[0, 0]"
neuroloop_shared_k2,strict,49,1,0.38172727823257446,0.6182727217674255,"[1, 1]"
neuroloop_shared_k2,strict,50,1,0.3772718906402588,0.6227280497550964,"[1, 1]"
neuroloop_shared_k2,strict,51,0,0.5843093395233154,0.4156906008720398,"[0, 0]"
neuroloop_shared_k2,strict,52,0,0.5442772507667542,0.45572274923324585,"[0, 0]"
neuroloop_shared_k2,strict,53,0,0.5072601437568665,0.49273985624313354,"[0, 0]"
neuroloop_shared_k2,strict,54,0,0.5742250680923462,0.4257749021053314,"[0, 0]"
neuroloop_shared_k2,strict,55,0,0.5316380858421326,0.4683619439601898,"[0, 0]"
neuroloop_shared_k2,strict,56,1,0.49525487422943115,0.5047451257705688,"[0, 1]"
neuroloop_shared_k2,strict,57,0,0.5183615684509277,0.4816384017467499,"[0, 0]"
neuroloop_shared_k2,strict,58,1,0.4849254786968231,0.5150744915008545,"[0, 1]"
neuroloop_shared_k2,strict,59,1,0.39983782172203064,0.600162148475647,"[1, 1]"
neuroloop_shared_k2,strict,60,0,0.5471212267875671,0.45287880301475525,"[0, 0]"
neuroloop_shared_k2,strict,61,0,0.5248787999153137,0.4751211702823639,"[0, 0]"
neuroloop_shared_k2,strict,62,1,0.43457964062690735,0.5654203295707703,"[1, 1]"
neuroloop_shared_k2,strict,63,0,0.5486524105072021,0.45134761929512024,"[0, 0]"
neuroloop_shared_k2,strict,64,1,0.42012298107147217,0.5798770189285278,"[1, 1]"
neuroloop_shared_k2,strict,65,0,0.5225741267204285,0.47742587327957153,"[0, 0]"
neuroloop_shared_k2,strict,66,0,0.5049203634262085,0.49507957696914673,"[0, 0]"
neuroloop_shared_k2,strict,67,1,0.4925837814807892,0.5074162483215332,"[0, 1]"
neuroloop_shared_k2,strict,68,1,0.4229212999343872,0.5770787000656128,"[1, 1]"
neuroloop_shared_k2,strict,69,1,0.4485269784927368,0.5514730215072632,"[1, 1]"
neuroloop_shared_k2,strict,70,1,0.45876431465148926,0.5412356853485107,"[1, 1]"
neuroloop_shared_k2,strict,71,1,0.458978533744812,0.541021466255188,"[1, 1]"
neuroloop_shared_k2,strict,72,1,0.40930506587028503,0.5906949639320374,"[1, 1]"
neuroloop_shared_k2,strict,73,1,0.4921794533729553,0.5078206062316895,"[0, 1]"
neuroloop_shared_k2,strict,74,1,0.43773776292800903,0.5622622966766357,"[1, 1]"
neuroloop_shared_k2,strict,75,0,0.5092942118644714,0.49070581793785095,"[0, 0]"
neuroloop_shared_k2,strict,76,1,0.4068703055381775,0.5931296944618225,"[1, 1]"
neuroloop_shared_k2,strict,77,1,0.4376489520072937,0.5623511075973511,"[1, 1]"
neuroloop_shared_k2,strict,78,1,0.4621977210044861,0.5378022789955139,"[1, 1]"
neuroloop_shared_k2,strict,79,1,0.37501341104507446,0.6249865889549255,"[1, 1]"
neuroloop_shared_k2,strict,80,1,0.4514610469341278,0.5485389828681946,"[1, 1]"
neuroloop_shared_k2,strict,81,1,0.43417632579803467,0.5658236742019653,"[1, 1]"
neuroloop_shared_k2,strict,82,0,0.5263866186141968,0.47361332178115845,"[0, 0]"
neuroloop_shared_k2,strict,83,0,0.5268385410308838,0.4731614887714386,"[0, 0]"
neuroloop_shared_k2,strict,84,1,0.4527623951435089,0.5472376346588135,"[1, 1]"
neuroloop_shared_k2,strict,85,1,0.40052080154418945,0.5994791984558105,"[1, 1]"
neuroloop_shared_k2,strict,86,0,0.5705118775367737,0.4294881522655487,"[0, 0]"
neuroloop_shared_k2,strict,87,0,0.5404210090637207,0.4595789909362793,"[0, 0]"
neuroloop_shared_k2,strict,88,1,0.4348887503147125,0.5651112794876099,"[1, 1]"
neuroloop_shared_k2,strict,89,0,0.5002281069755554,0.49977192282676697,"[1, 0]"
neuroloop_shared_k2,strict,90,1,0.4362722933292389,0.5637276768684387,"[1, 1]"
neuroloop_shared_k2,strict,91,1,0.49518921971321106,0.5048108100891113,"[0, 1]"
neuroloop_shared_k2,strict,92,1,0.49672895669937134,0.5032710433006287,"[0, 1]"
neuroloop_shared_k2,strict,93,1,0.4040209949016571,0.5959789752960205,"[1, 1]"
neuroloop_shared_k2,strict,94,1,0.45994019508361816,0.5400598049163818,"[0, 1]"
neuroloop_shared_k2,strict,95,0,0.5204005241394043,0.4795994758605957,"[0, 0]"
neuroloop_shared_k2,strict,96,1,0.38390088081359863,0.6160991191864014,"[1, 1]"
neuroloop_shared_k2,strict,97,1,0.48207321763038635,0.517926812171936,"[1, 1]"
neuroloop_shared_k2,strict,98,1,0.40080559253692627,0.5991944074630737,"[1, 1]"
neuroloop_shared_k2,strict,99,1,0.3959890902042389,0.6040108799934387,"[1, 1]"
neuroloop_shared_k2,strict,100,1,0.4591939151287079,0.5408060550689697,"[1, 1]"
neuroloop_shared_k2,strict,101,0,0.5052346587181091,0.49476537108421326,"[0, 0]"
neuroloop_shared_k2,strict,102,0,0.5607888102531433,0.4392111599445343,"[0, 0]"
neuroloop_shared_k2,strict,103,1,0.45695072412490845,0.5430492758750916,"[1, 1]"
neuroloop_shared_k2,strict,104,1,0.4957122206687927,0.504287838935852,"[0, 1]"
neuroloop_shared_k2,strict,105,0,0.5525298118591309,0.44747021794319153,"[0, 0]"
neuroloop_shared_k2,strict,106,1,0.4470553398132324,0.5529446601867676,"[1, 1]"
neuroloop_shared_k2,strict,107,1,0.4683968722820282,0.5316030979156494,"[1, 1]"
neuroloop_shared_k2,strict,108,1,0.4194505512714386,0.580549418926239,"[1, 1]"
neuroloop_shared_k2,strict,109,1,0.43030986189842224,0.5696901082992554,"[1, 1]"
neuroloop_shared_k2,strict,110,1,0.49996453523635864,0.5000354647636414,"[0, 1]"
neuroloop_shared_k2,strict,111,1,0.4668048620223999,0.5331951379776001,"[1, 1]"
neuroloop_shared_k2,strict,112,0,0.5101805329322815,0.48981940746307373,"[0, 0]"
neuroloop_shared_k2,strict,113,1,0.48955997824668884,0.5104399919509888,"[1, 1]"
neuroloop_shared_k2,strict,114,1,0.42141348123550415,0.5785865187644958,"[1, 1]"
neuroloop_shared_k2,strict,115,1,0.4423436224460602,0.5576564073562622,"[1, 1]"
neuroloop_shared_k2,strict,116,0,0.5066426992416382,0.4933573305606842,"[0, 0]"
neuroloop_shared_k2,strict,117,1,0.4646330773830414,0.5353668928146362,"[1, 1]"
neuroloop_shared_k2,strict,118,1,0.4585977792739868,0.541402280330658,"[1, 1]"
neuroloop_shared_k2,strict,119,1,0.45433202385902405,0.5456680059432983,"[1, 1]"
neuroloop_shared_k2,strict,120,1,0.45847728848457336,0.5415226817131042,"[1, 1]"
neuroloop_shared_k2,strict,121,1,0.4293581545352936,0.5706418752670288,"[1, 1]"
neuroloop_shared_k2,strict,122,0,0.5300326347351074,0.4699673652648926,"[0, 0]"
neuroloop_shared_k2,strict,123,1,0.47519615292549133,0.524803876876831,"[1, 1]"
neuroloop_shared_k2,strict,124,1,0.4178085923194885,0.5821914076805115,"[1, 1]"
neuroloop_shared_k2,strict,125,1,0.4680922329425812,0.5319077968597412,"[1, 1]"
neuroloop_shared_k2,strict,126,0,0.5239591598510742,0.4760408401489258,"[0, 0]"
neuroloop_shared_k2,strict,127,0,0.5076575875282288,0.49234244227409363,"[0, 0]"
neuroloop_shared_k2,strict,128,1,0.3957141935825348,0.6042858362197876,"[1, 1]"
neuroloop_shared_k2,strict,129,1,0.3797377943992615,0.6202622056007385,"[1, 1]"
neuroloop_shared_k2,strict,130,1,0.44431257247924805,0.5556874871253967,"[1, 1]"
neuroloop_shared_k2,strict,131,1,0.42106983065605164,0.5789301991462708,"[1, 1]"
neuroloop_shared_k2,strict,132,1,0.4473239779472351,0.5526760220527649,"[1, 1]"
neuroloop_shared_k2,strict,133,1,0.39531999826431274,0.6046800017356873,"[1, 1]"
neuroloop_shared_k2,strict,134,1,0.42747974395751953,0.5725202560424805,"[1, 1]"
neuroloop_shared_k2,strict,135,1,0.4162183105945587,0.5837817192077637,"[1, 1]"
neuroloop_shared_k2,strict,136,0,0.5325459837913513,0.46745404601097107,"[0, 0]"
neuroloop_shared_k2,strict,137,0,0.5124853253364563,0.4875146746635437,"[0, 0]"
neuroloop_shared_k2,strict,138,1,0.45410361886024475,0.5458964109420776,"[1, 1]"
neuroloop_shared_k2,strict,139,1,0.4796149432659149,0.5203850269317627,"[0, 1]"
neuroloop_shared_k2,strict,140,1,0.43022674322128296,0.5697731971740723,"[1, 1]"
neuroloop_shared_k2,strict,141,0,0.5264539122581482,0.4735461175441742,"[0, 0]"
neuroloop_shared_k2,strict,142,1,0.4863055348396301,0.5136944651603699,"[1, 1]"
neuroloop_shared_k2,strict,143,0,0.5059787034988403,0.4940212666988373,"[0, 0]"
neuroloop_shared_k4,strict,0,0,0.6267337203025818,0.3732662498950958,"[0, 0, 0, 0]"
neuroloop_shared_k4,strict,1,1,0.3169330656528473,0.6830669045448303,"[1, 1, 1, 1]"
neuroloop_shared_k4,strict,2,1,0.4532802700996399,0.5467197895050049,"[1, 1, 1, 1]"
neuroloop_shared_k4,strict,3,1,0.4929535388946533,0.5070464611053467,"[1, 1, 1, 1]"
neuroloop_shared_k4,strict,4,1,0.4235842525959015,0.5764157176017761,"[0, 0, 1, 1]"
neuroloop_shared_k4,strict,5,1,0.47786375880241394,0.5221362113952637,"[1, 0, 1, 1]"
neuroloop_shared_k4,strict,6,1,0.27078425884246826,0.7292157411575317,"[1, 1, 1, 1]"
neuroloop_shared_k4,strict,7,1,0.2667389512062073,0.7332611083984375,"[1, 1, 1, 1]"
neuroloop_shared_k4,strict,8,1,0.29267415404319763,0.70732581615448,"[1, 1, 1, 1]"
neuroloop_shared_k4,strict,9,1,0.27292242646217346,0.7270775437355042,"[1, 1, 1, 1]"
neuroloop_shared_k4,strict,10,0,0.6637141704559326,0.336285799741745,"[0, 0, 0, 0]"
neuroloop_shared_k4,strict,11,0,0.5322864651679993,0.4677135646343231,"[1, 0, 0, 0]"
neuroloop_shared_k4,strict,12,1,0.37184062600135803,0.6281593441963196,"[1, 1, 1, 1]"
neuroloop_shared_k4,strict,13,0,0.5364089012145996,0.4635911285877228,"[0, 0, 0, 0]"
neuroloop_shared_k4,strict,14,1,0.4847550392150879,0.5152449607849121,"[0, 0, 1, 1]"
neuroloop_shared_k4,strict,15,1,0.42905473709106445,0.5709452629089355,"[1, 1, 1, 1]"
neuroloop_shared_k4,strict,16,1,0.4362494945526123,0.5637504458427429,"[1, 1, 1, 1]"
neuroloop_shared_k4,strict,17,1,0.27174752950668335,0.7282524704933167,"[1, 1, 1, 1]"
neuroloop_shared_k4,strict,18,0,0.6081710457801819,0.3918289542198181,"[0, 0, 0, 0]"
neuroloop_shared_k4,strict,19,1,0.2629449665546417,0.7370550632476807,"[1, 1, 1, 1]"
neuroloop_shared_k4,strict,20,1,0.48513156175613403,0.514868438243866,"[1, 0, 1, 1]"
neuroloop_shared_k4,strict,21,0,0.5883176922798157,0.4116823375225067,"[0, 0, 0, 0]"
neuroloop_shared_k4,strict,22,1,0.2694507837295532,0.7305492758750916,"[1, 1, 1, 1]"
neuroloop_shared_k4,strict,23,1,0.2670597434043884,0.7329402565956116,"[1, 1, 1, 1]"
neuroloop_shared_k4,strict,24,1,0.41950079798698425,0.5804991722106934,"[1, 1, 1, 1]"
neuroloop_shared_k4,strict,25,1,0.39608532190322876,0.6039146780967712,"[1, 1, 1, 1]"
neuroloop_shared_k4,strict,26,0,0.5607246160507202,0.4392753839492798,"[0, 0, 0, 0]"
neuroloop_shared_k4,strict,27,1,0.27945587038993835,0.720544159412384,"[1, 1, 1, 1]"
neuroloop_shared_k4,strict,28,1,0.30515506863594055,0.6948449611663818,"[1, 1, 1, 1]"
neuroloop_shared_k4,strict,29,1,0.2764011323451996,0.7235988974571228,"[1, 1, 1, 1]"
neuroloop_shared_k4,strict,30,0,0.6095253825187683,0.3904746472835541,"[0, 0, 0, 0]"
neuroloop_shared_k4,strict,31,1,0.34578073024749756,0.6542193293571472,"[1, 1, 1, 1]"
neuroloop_shared_k4,strict,32,1,0.2511674761772156,0.7488324642181396,"[1, 1, 1, 1]"
neuroloop_shared_k4,strict,33,1,0.401528000831604,0.598471999168396,"[1, 1, 1, 1]"
neuroloop_shared_k4,strict,34,1,0.2949289381504059,0.7050710320472717,"[1, 1, 1, 1]"
neuroloop_shared_k4,strict,35,1,0.4893077611923218,0.5106922388076782,"[1, 0, 1, 1]"
neuroloop_shared_k4,strict,36,0,0.5028725266456604,0.4971274137496948,"[0, 0, 1, 0]"
neuroloop_shared_k4,strict,37,1,0.4747104346752167,0.5252895355224609,"[1, 1, 1, 1]"
neuroloop_shared_k4,strict,38,1,0.48597291111946106,0.5140271186828613,"[1, 0, 1, 1]"
neuroloop_shared_k4,strict,39,1,0.25135231018066406,0.7486476898193359,"[1, 1, 1, 1]"
neuroloop_shared_k4,strict,40,1,0.31805792450904846,0.6819421052932739,"[1, 1, 1, 1]"
neuroloop_shared_k4,strict,41,1,0.2883492112159729,0.7116507887840271,"[1, 1, 1, 1]"
neuroloop_shared_k4,strict,42,1,0.34084197878837585,0.6591579914093018,"[1, 1, 1, 1]"
neuroloop_shared_k4,strict,43,1,0.4784161150455475,0.5215839147567749,"[1, 0, 1, 1]"
neuroloop_shared_k4,strict,44,1,0.2695833444595337,0.7304167151451111,"[1, 1, 1, 1]"
neuroloop_shared_k4,strict,45,1,0.2898630201816559,0.7101369500160217,"[1, 1, 1, 1]"
neuroloop_shared_k4,strict,46,1,0.3114517629146576,0.6885482668876648,"[1, 1, 1, 1]"
neuroloop_shared_k4,strict,47,0,0.5867911577224731,0.41320887207984924,"[1, 0, 0, 0]"
neuroloop_shared_k4,strict,48,1,0.4689059853553772,0.5310940146446228,"[1, 1, 1, 1]"
neuroloop_shared_k4,strict,49,1,0.2460121065378189,0.7539879083633423,"[1, 1, 1, 1]"
neuroloop_shared_k4,strict,50,1,0.20184198021888733,0.7981579899787903,"[1, 1, 1, 1]"
neuroloop_shared_k4,strict,51,0,0.6305737495422363,0.36942625045776367,"[0, 0, 0, 0]"
neuroloop_shared_k4,strict,52,0,0.566237211227417,0.4337628185749054,"[0, 0, 0, 0]"
neuroloop_shared_k4,strict,53,1,0.42334505915641785,0.5766549110412598,"[1, 1, 1, 1]"
neuroloop_shared_k4,strict,54,0,0.5517978072166443,0.4482022225856781,"[0, 0, 0, 0]"
neuroloop_shared_k4,strict,55,0,0.5152141451835632,0.48478585481643677,"[1, 0, 1, 0]"
neuroloop_shared_k4,strict,56,1,0.4956819415092468,0.5043180584907532,"[1, 0, 1, 1]"
neuroloop_shared_k4,strict,57,1,0.44281476736068726,0.557185173034668,"[1, 1, 1, 1]"
neuroloop_shared_k4,strict,58,1,0.3535955846309662,0.6464044451713562,"[1, 1, 1, 1]"
neuroloop_shared_k4,strict,59,1,0.27657467126846313,0.7234252691268921,"[1, 1, 1, 1]"
neuroloop_shared_k4,strict,60,0,0.503489077091217,0.49651098251342773,"[0, 0, 1, 0]"
neuroloop_shared_k4,strict,61,1,0.4330150783061981,0.5669849514961243,"[1, 1, 1, 1]"
neuroloop_shared_k4,strict,62,1,0.24746738374233246,0.7525326013565063,"[1, 1, 1, 1]"
neuroloop_shared_k4,strict,63,0,0.5725434422492981,0.4274565577507019,"[0, 0, 0, 0]"
neuroloop_shared_k4,strict,64,1,0.2599605619907379,0.7400394678115845,"[1, 1, 1, 1]"
neuroloop_shared_k4,strict,65,0,0.5271086096763611,0.4728913903236389,"[1, 0, 1, 0]"
neuroloop_shared_k4,strict,66,1,0.43276017904281616,0.5672398209571838,"[1, 1, 1, 1]"
neuroloop_shared_k4,strict,67,1,0.3764769434928894,0.6235231161117554,"[1, 1, 1, 1]"
neuroloop_shared_k4,strict,68,1,0.3910861015319824,0.6089138984680176,"[1, 1, 1, 1]"
neuroloop_shared_k4,strict,69,1,0.27615171670913696,0.723848283290863,"[1, 1, 1, 1]"
neuroloop_shared_k4,strict,70,1,0.3652559816837311,0.6347439885139465,"[1, 1, 1, 1]"
neuroloop_shared_k4,strict,71,1,0.38654136657714844,0.6134586930274963,"[1, 1, 1, 1]"
neuroloop_shared_k4,strict,72,1,0.2917630970478058,0.7082369327545166,"[1, 1, 1, 1]"
neuroloop_shared_k4,strict,73,1,0.3440540134906769,0.6559459567070007,"[1, 1, 1, 1]"
neuroloop_shared_k4,strict,74,1,0.3073987662792206,0.6926012635231018,"[1, 1, 1, 1]"
neuroloop_shared_k4,strict,75,0,0.5188102126121521,0.4811897873878479,"[0, 0, 1, 0]"
neuroloop_shared_k4,strict,76,1,0.29180532693862915,0.7081946730613708,"[1, 1, 1, 1]"
neuroloop_shared_k4,strict,77,1,0.33108237385749817,0.6689175963401794,"[1, 1, 1, 1]"
neuroloop_shared_k4,strict,78,1,0.474521279335022,0.525478720664978,"[1, 1, 1, 1]"
neuroloop_shared_k4,strict,79,1,0.24469351768493652,0.7553065419197083,"[1, 1, 1, 1]"
neuroloop_shared_k4,strict,80,1,0.3036510646343231,0.6963489651679993,"[1, 1, 1, 1]"
neuroloop_shared_k4,strict,81,1,0.28409790992736816,0.7159020900726318,"[1, 1, 1, 1]"
neuroloop_shared_k4,strict,82,1,0.36069098114967346,0.6393090486526489,"[1, 1, 1, 1]"
neuroloop_shared_k4,strict,83,1,0.42112571001052856,0.5788742899894714,"[1, 1, 1, 1]"
neuroloop_shared_k4,strict,84,1,0.3367840647697449,0.6632159352302551,"[1, 1, 1, 1]"
neuroloop_shared_k4,strict,85,1,0.26294273138046265,0.7370572686195374,"[1, 1, 1, 1]"
neuroloop_shared_k4,strict,86,0,0.5671722292900085,0.43282774090766907,"[0, 0, 0, 0]"
neuroloop_shared_k4,strict,87,1,0.4947904348373413,0.5052095651626587,"[0, 0, 1, 1]"
neuroloop_shared_k4,strict,88,1,0.29999834299087524,0.70000159740448,"[1, 1, 1, 1]"
neuroloop_shared_k4,strict,89,1,0.4519665241241455,0.5480334758758545,"[1, 1, 1, 1]"
neuroloop_shared_k4,strict,90,1,0.3162527084350586,0.6837472915649414,"[1, 1, 1, 1]"
neuroloop_shared_k4,strict,91,1,0.48103973269462585,0.5189602971076965,"[1, 1, 1, 1]"
neuroloop_shared_k4,strict,92,1,0.31315773725509644,0.6868422627449036,"[1, 1, 1, 1]"
neuroloop_shared_k4,strict,93,1,0.26009315252304077,0.7399068474769592,"[1, 1, 1, 1]"
neuroloop_shared_k4,strict,94,1,0.35571426153182983,0.6442857384681702,"[1, 1, 1, 1]"
neuroloop_shared_k4,strict,95,0,0.5274510979652405,0.4725489020347595,"[0, 0, 0, 0]"
neuroloop_shared_k4,strict,96,1,0.23675574362277985,0.7632442116737366,"[1, 1, 1, 1]"
neuroloop_shared_k4,strict,97,1,0.3537384867668152,0.6462615728378296,"[1, 1, 1, 1]"
neuroloop_shared_k4,strict,98,1,0.24652189016342163,0.7534781694412231,"[1, 1, 1, 1]"
neuroloop_shared_k4,strict,99,1,0.2404758334159851,0.7595241665840149,"[1, 1, 1, 1]"
neuroloop_shared_k4,strict,100,1,0.2943945825099945,0.7056054472923279,"[1, 1, 1, 1]"
neuroloop_shared_k4,strict,101,1,0.45819011330604553,0.5418098568916321,"[1, 0, 1, 1]"
neuroloop_shared_k4,strict,102,0,0.554081380367279,0.44591858983039856,"[0, 0, 0, 0]"
neuroloop_shared_k4,strict,103,1,0.3744174838066101,0.6255825757980347,"[1, 1, 1, 1]"
neuroloop_shared_k4,strict,104,1,0.383109986782074,0.616890013217926,"[1, 1, 1, 1]"
neuroloop_shared_k4,strict,105,1,0.4018608331680298,0.598139226436615,"[0, 1, 1, 1]"
neuroloop_shared_k4,strict,106,1,0.3301336169242859,0.6698663830757141,"[1, 1, 1, 1]"
neuroloop_shared_k4,strict,107,1,0.37019261717796326,0.6298074126243591,"[1, 1, 1, 1]"
neuroloop_shared_k4,strict,108,1,0.26425811648368835,0.7357418537139893,"[1, 1, 1, 1]"
neuroloop_shared_k4,strict,109,1,0.36939579248428345,0.6306042075157166,"[1, 1, 1, 1]"
neuroloop_shared_k4,strict,110,1,0.33944693207740784,0.6605530977249146,"[1, 1, 1, 1]"
neuroloop_shared_k4,strict,111,1,0.37490296363830566,0.6250970363616943,"[1, 1, 1, 1]"
neuroloop_shared_k4,strict,112,1,0.4179456830024719,0.5820543169975281,"[1, 1, 1, 1]"
neuroloop_shared_k4,strict,113,1,0.3970717191696167,0.6029282212257385,"[1, 1, 1, 1]"
neuroloop_shared_k4,strict,114,1,0.2758455276489258,0.724154531955719,"[1, 1, 1, 1]"
neuroloop_shared_k4,strict,115,1,0.27618712186813354,0.7238129377365112,"[1, 1, 1, 1]"
neuroloop_shared_k4,strict,116,1,0.4034038782119751,0.5965961217880249,"[1, 1, 1, 1]"
neuroloop_shared_k4,strict,117,1,0.4086529612541199,0.5913470387458801,"[1, 1, 1, 1]"
neuroloop_shared_k4,strict,118,1,0.33742523193359375,0.6625747680664062,"[1, 1, 1, 1]"
neuroloop_shared_k4,strict,119,1,0.3659648299217224,0.6340352296829224,"[1, 1, 1, 1]"
neuroloop_shared_k4,strict,120,1,0.31363019347190857,0.6863698363304138,"[1, 1, 1, 1]"
neuroloop_shared_k4,strict,121,1,0.29431530833244324,0.7056846618652344,"[1, 1, 1, 1]"
neuroloop_shared_k4,strict,122,1,0.3758191466331482,0.6241808533668518,"[1, 1, 1, 1]"
neuroloop_shared_k4,strict,123,1,0.42574119567871094,0.5742588043212891,"[1, 1, 1, 1]"
neuroloop_shared_k4,strict,124,1,0.2927197217941284,0.7072802782058716,"[1, 1, 1, 1]"
neuroloop_shared_k4,strict,125,1,0.32866185903549194,0.6713380813598633,"[1, 1, 1, 1]"
neuroloop_shared_k4,strict,126,1,0.4503280520439148,0.54967200756073,"[1, 1, 1, 1]"
neuroloop_shared_k4,strict,127,1,0.4200937747955322,0.5799062252044678,"[1, 1, 1, 1]"
neuroloop_shared_k4,strict,128,1,0.2632507085800171,0.7367492914199829,"[1, 1, 1, 1]"
neuroloop_shared_k4,strict,129,1,0.24574458599090576,0.7542553544044495,"[1, 1, 1, 1]"
neuroloop_shared_k4,strict,130,1,0.3940371870994568,0.6059627532958984,"[1, 1, 1, 1]"
neuroloop_shared_k4,strict,131,1,0.3016861379146576,0.6983138918876648,"[1, 1, 1, 1]"
neuroloop_shared_k4,strict,132,1,0.3190496265888214,0.680950403213501,"[1, 1, 1, 1]"
neuroloop_shared_k4,strict,133,1,0.2729722857475281,0.7270277142524719,"[1, 1, 1, 1]"
neuroloop_shared_k4,strict,134,1,0.32248204946517944,0.6775179505348206,"[1, 1, 1, 1]"
neuroloop_shared_k4,strict,135,1,0.25311100482940674,0.746889054775238,"[1, 1, 1, 1]"
neuroloop_shared_k4,strict,136,1,0.41120612621307373,0.5887938737869263,"[1, 1, 1, 1]"
neuroloop_shared_k4,strict,137,1,0.4735792577266693,0.5264207124710083,"[1, 1, 1, 1]"
neuroloop_shared_k4,strict,138,1,0.2901040315628052,0.7098959684371948,"[1, 1, 1, 1]"
neuroloop_shared_k4,strict,139,1,0.323081374168396,0.6769185662269592,"[1, 1, 1, 1]"
neuroloop_shared_k4,strict,140,1,0.3193240165710449,0.6806759238243103,"[1, 1, 1, 1]"
neuroloop_shared_k4,strict,141,1,0.4530477821826935,0.5469522476196289,"[1, 0, 1, 1]"
neuroloop_shared_k4,strict,142,1,0.3447669446468353,0.6552330255508423,"[1, 1, 1, 1]"
neuroloop_shared_k4,strict,143,1,0.42940381169319153,0.5705962181091309,"[1, 1, 1, 1]"
neuroloop_shared_k8,strict,0,0,0.8437075614929199,0.15629246830940247,"[0, 0, 0, 0, 0, 0, 0, 0]"
neuroloop_shared_k8,strict,1,1,0.22541794180870056,0.774582028388977,"[1, 1, 1, 1, 1, 1, 1, 1]"
neuroloop_shared_k8,strict,2,0,0.7864755988121033,0.21352435648441315,"[0, 0, 0, 0, 0, 0, 0, 0]"
neuroloop_shared_k8,strict,3,0,0.7939288020133972,0.20607122778892517,"[0, 0, 0, 0, 0, 0, 0, 0]"
neuroloop_shared_k8,strict,4,0,0.7298269271850586,0.2701730728149414,"[0, 0, 0, 0, 0, 0, 0, 0]"
neuroloop_shared_k8,strict,5,0,0.8384373188018799,0.1615626960992813,"[0, 0, 0, 0, 0, 0, 0, 0]"
neuroloop_shared_k8,strict,6,1,0.25276684761047363,0.7472331523895264,"[1, 1, 1, 1, 1, 1, 1, 1]"
neuroloop_shared_k8,strict,7,1,0.23827938735485077,0.761720597743988,"[1, 1, 1, 1, 1, 1, 1, 1]"
neuroloop_shared_k8,strict,8,0,0.5390509366989136,0.4609490931034088,"[1, 1, 1, 1, 1, 1, 1, 0]"
neuroloop_shared_k8,strict,9,1,0.3242153227329254,0.675784707069397,"[1, 1, 1, 1, 1, 1, 1, 1]"
neuroloop_shared_k8,strict,10,0,0.9458802342414856,0.05411974713206291,"[0, 0, 0, 0, 0, 0, 0, 0]"
neuroloop_shared_k8,strict,11,0,0.8345659375190735,0.16543398797512054,"[0, 0, 0, 0, 0, 0, 0, 0]"
neuroloop_shared_k8,strict,12,1,0.3054560720920563,0.6945439577102661,"[1, 1, 1, 1, 1, 1, 1, 1]"
neuroloop_shared_k8,strict,13,0,0.8736879229545593,0.1263120323419571,"[0, 0, 0, 0, 0, 0, 0, 0]"
neuroloop_shared_k8,strict,14,0,0.6013649106025696,0.3986350893974304,"[0, 0, 0, 1, 1, 0, 0, 0]"
neuroloop_shared_k8,strict,15,0,0.7193483710289001,0.28065162897109985,"[0, 0, 0, 0, 0, 0, 0, 0]"
neuroloop_shared_k8,strict,16,0,0.6495770215988159,0.3504229187965393,"[1, 1, 1, 1, 1, 0, 0, 0]"
neuroloop_shared_k8,strict,17,1,0.0863364189863205,0.9136636257171631,"[1, 1, 1, 1, 1, 1, 1, 1]"
neuroloop_shared_k8,strict,18,0,0.9329570531845093,0.06704293936491013,"[0, 0, 0, 0, 0, 0, 0, 0]"
neuroloop_shared_k8,strict,19,1,0.45590314269065857,0.5440968871116638,"[1, 1, 1, 1, 1, 1, 1, 1]"
neuroloop_shared_k8,strict,20,0,0.7544169425964355,0.24558310210704803,"[0, 0, 0, 0, 0, 0, 0, 0]"
neuroloop_shared_k8,strict,21,0,0.9196411371231079,0.08035889267921448,"[0, 0, 0, 0, 0, 0, 0, 0]"
neuroloop_shared_k8,strict,22,1,0.08923954516649246,0.9107604026794434,"[1, 1, 1, 1, 1, 1, 1, 1]"
neuroloop_shared_k8,strict,23,1,0.1568179577589035,0.8431820273399353,"[1, 1, 1, 1, 1, 1, 1, 1]"
neuroloop_shared_k8,strict,24,0,0.674204409122467,0.32579565048217773,"[1, 1, 1, 1, 1, 0, 0, 0]"
neuroloop_shared_k8,strict,25,0,0.7571837902069092,0.2428162544965744,"[0, 0, 0, 0, 0, 0, 0, 0]"
neuroloop_shared_k8,strict,26,0,0.8581419587135315,0.14185799658298492,"[0, 0, 0, 0, 0, 0, 0, 0]"
neuroloop_shared_k8,strict,27,1,0.3815383315086365,0.6184616684913635,"[1, 1, 1, 1, 1, 1, 1, 1]"
neuroloop_shared_k8,strict,28,1,0.1475541591644287,0.8524457812309265,"[1, 1, 1, 1, 1, 1, 1, 1]"
neuroloop_shared_k8,strict,29,1,0.31870946288108826,0.6812905073165894,"[1, 1, 1, 1, 1, 1, 1, 1]"
neuroloop_shared_k8,strict,30,0,0.9179437756538391,0.08205626159906387,"[0, 0, 0, 0, 0, 0, 0, 0]"
neuroloop_shared_k8,strict,31,1,0.2551422715187073,0.7448577284812927,"[1, 1, 1, 1, 1, 1, 1, 1]"
neuroloop_shared_k8,strict,32,1,0.29781976342201233,0.7021802067756653,"[1, 1, 1, 1, 1, 1, 1, 1]"
neuroloop_shared_k8,strict,33,1,0.48101744055747986,0.5189825892448425,"[1, 1, 1, 1, 1, 1, 1, 1]"
neuroloop_shared_k8,strict,34,1,0.38119152188301086,0.6188085079193115,"[1, 1, 1, 1, 1, 1, 1, 1]"
neuroloop_shared_k8,strict,35,0,0.832563042640686,0.16743691265583038,"[0, 0, 0, 0, 0, 0, 0, 0]"
neuroloop_shared_k8,strict,36,0,0.842919647693634,0.15708032250404358,"[0, 0, 0, 0, 0, 0, 0, 0]"
neuroloop_shared_k8,strict,37,0,0.7777249217033386,0.22227509319782257,"[0, 0, 0, 0, 0, 0, 0, 0]"
neuroloop_shared_k8,strict,38,0,0.7985557913780212,0.20144422352313995,"[0, 0, 0, 0, 0, 0, 0, 0]"
neuroloop_shared_k8,strict,39,1,0.15614116191864014,0.8438587784767151,"[1, 1, 1, 1, 1, 1, 1, 1]"
neuroloop_shared_k8,strict,40,1,0.20649895071983337,0.7935010194778442,"[1, 1, 1, 1, 1, 1, 1, 1]"
neuroloop_shared_k8,strict,41,0,0.5358259677886963,0.4641740918159485,"[1, 1, 1, 1, 1, 1, 1, 0]"
neuroloop_shared_k8,strict,42,1,0.40357401967048645,0.5964259505271912,"[1, 1, 1, 1, 1, 1, 1, 1]"
neuroloop_shared_k8,strict,43,0,0.8127753734588623,0.18722467124462128,"[0, 0, 0, 0, 0, 0, 0, 0]"
neuroloop_shared_k8,strict,44,1,0.08016002923250198,0.9198399186134338,"[1, 1, 1, 1, 1, 1, 1, 1]"
neuroloop_shared_k8,strict,45,0,0.6158159375190735,0.38418400287628174,"[0, 0, 0, 1, 1, 0, 0, 0]"
neuroloop_shared_k8,strict,46,1,0.3956877589225769,0.6043122410774231,"[0, 1, 1, 1, 1, 1, 1, 1]"
neuroloop_shared_k8,strict,47,0,0.9391636848449707,0.06083637475967407,"[0, 0, 0, 0, 0, 0, 0, 0]"
neuroloop_shared_k8,strict,48,0,0.7245514988899231,0.2754485011100769,"[0, 0, 0, 0, 0, 0, 0, 0]"
neuroloop_shared_k8,strict,49,1,0.18938694894313812,0.8106130361557007,"[1, 1, 1, 1, 1, 1, 1, 1]"
neuroloop_shared_k8,strict,50,1,0.1546509563922882,0.8453490138053894,"[1, 1, 1, 1, 1, 1, 1, 1]"
neuroloop_shared_k8,strict,51,0,0.9340333938598633,0.06596661359071732,"[0, 0, 0, 0, 0, 0, 0, 0]"
neuroloop_shared_k8,strict,52,0,0.8787021040916443,0.12129789590835571,"[0, 0, 0, 0, 0, 0, 0, 0]"
neuroloop_shared_k8,strict,53,1,0.4544106721878052,0.5455893278121948,"[1, 1, 1, 1, 1, 1, 1, 1]"
neuroloop_shared_k8,strict,54,0,0.777786374092102,0.22221367061138153,"[0, 0, 0, 0, 0, 0, 0, 0]"
neuroloop_shared_k8,strict,55,0,0.7441978454589844,0.25580212473869324,"[0, 0, 0, 0, 0, 0, 0, 0]"
neuroloop_shared_k8,strict,56,0,0.5165649652481079,0.4834350049495697,"[1, 1, 1, 1, 1, 1, 1, 0]"
neuroloop_shared_k8,strict,57,0,0.6250240802764893,0.3749759793281555,"[0, 0, 0, 1, 1, 0, 0, 0]"
neuroloop_shared_k8,strict,58,0,0.636917233467102,0.36308279633522034,"[0, 0, 0, 1, 1, 0, 0, 0]"
neuroloop_shared_k8,strict,59,1,0.2433210015296936,0.7566789388656616,"[1, 1, 1, 1, 1, 1, 1, 1]"
neuroloop_shared_k8,strict,60,0,0.8915850520133972,0.10841501504182816,"[0, 0, 0, 0, 0, 0, 0, 0]"
neuroloop_shared_k8,strict,61,0,0.5168197154998779,0.48318028450012207,"[0, 1, 1, 1, 1, 1, 1, 0]"
neuroloop_shared_k8,strict,62,1,0.4226331114768982,0.5773668885231018,"[1, 1, 1, 1, 1, 1, 1, 1]"
neuroloop_shared_k8,strict,63,0,0.7804614305496216,0.2195385843515396,"[0, 0, 0, 0, 0, 0, 0, 0]"
neuroloop_shared_k8,strict,64,1,0.202333003282547,0.7976670265197754,"[1, 1, 1, 1, 1, 1, 1, 1]"
neuroloop_shared_k8,strict,65,0,0.812560498714447,0.18743951618671417,"[0, 0, 0, 0, 0, 0, 0, 0]"
neuroloop_shared_k8,strict,66,0,0.6698836088180542,0.3301163911819458,"[0, 0, 0, 1, 1, 0, 0, 0]"
neuroloop_shared_k8,strict,67,1,0.21977338194847107,0.7802265882492065,"[1, 1, 1, 1, 1, 1, 1, 1]"
neuroloop_shared_k8,strict,68,0,0.6436971426010132,0.3563028872013092,"[1, 1, 1, 1, 1, 0, 0, 0]"
neuroloop_shared_k8,strict,69,0,0.5029075741767883,0.49709245562553406,"[1, 1, 1, 1, 1, 1, 1, 0]"
neuroloop_shared_k8,strict,70,1,0.28859061002731323,0.7114093899726868,"[1, 1, 1, 1, 1, 1, 1, 1]"
neuroloop_shared_k8,strict,71,1,0.48363742232322693,0.5163626074790955,"[1, 1, 1, 1, 1, 1, 1, 1]"
neuroloop_shared_k8,strict,72,1,0.3142484128475189,0.6857516169548035,"[1, 1, 1, 1, 1, 1, 1, 1]"
neuroloop_shared_k8,strict,73,1,0.2653120458126068,0.7346879243850708,"[1, 1, 1, 1, 1, 1, 1, 1]"
neuroloop_shared_k8,strict,74,1,0.31324928998947144,0.6867506504058838,"[1, 1, 1, 1, 1, 1, 1, 1]"
neuroloop_shared_k8,strict,75,0,0.593563437461853,0.40643659234046936,"[0, 0, 1, 1, 1, 1, 0, 0]"
neuroloop_shared_k8,strict,76,1,0.30874714255332947,0.6912528872489929,"[1, 1, 1, 1, 1, 1, 1, 1]"
neuroloop_shared_k8,strict,77,1,0.24260063469409943,0.757399320602417,"[1, 1, 1, 1, 1, 1, 1, 1]"
neuroloop_shared_k8,strict,78,1,0.46112993359565735,0.538870096206665,"[1, 1, 1, 1, 1, 1, 1, 1]"
neuroloop_shared_k8,strict,79,1,0.08999818563461304,0.910001814365387,"[1, 1, 1, 1, 1, 1, 1, 1]"
neuroloop_shared_k8,strict,80,0,0.533775806427002,0.46622422337532043,"[0, 0, 1, 1, 1, 1, 1, 0]"
neuroloop_shared_k8,strict,81,1,0.12934532761573792,0.8706546425819397,"[1, 1, 1, 1, 1, 1, 1, 1]"
neuroloop_shared_k8,strict,82,0,0.6740476489067078,0.32595229148864746,"[0, 0, 0, 1, 0, 0, 0, 0]"
neuroloop_shared_k8,strict,83,0,0.76558518409729,0.23441478610038757,"[0, 0, 0, 0, 0, 0, 0, 0]"
neuroloop_shared_k8,strict,84,0,0.5156729817390442,0.4843270480632782,"[1, 1, 1, 1, 1, 1, 1, 0]"
neuroloop_shared_k8,strict,85,0,0.7514327168464661,0.24856726825237274,"[0, 0, 0, 0, 0, 0, 0, 0]"
neuroloop_shared_k8,strict,86,0,0.9016616344451904,0.09833836555480957,"[0, 0, 0, 0, 0, 0, 0, 0]"
neuroloop_shared_k8,strict,87,0,0.7667704224586487,0.2332296222448349,"[0, 0, 0, 0, 0, 0, 0, 0]"
neuroloop_shared_k8,strict,88,1,0.15099745988845825,0.8490025401115417,"[1, 1, 1, 1, 1, 1, 1, 1]"
neuroloop_shared_k8,strict,89,0,0.9092794060707092,0.09072064608335495,"[0, 0, 0, 0, 0, 0, 0, 0]"
neuroloop_shared_k8,strict,90,0,0.5896199941635132,0.4103800058364868,"[1, 1, 1, 1, 1, 1, 0, 0]"
neuroloop_shared_k8,strict,91,0,0.7257123589515686,0.274287611246109,"[0, 0, 0, 1, 0, 0, 0, 0]"
neuroloop_shared_k8,strict,92,0,0.8378818035125732,0.16211815178394318,"[0, 0, 0, 0, 0, 0, 0, 0]"
neuroloop_shared_k8,strict,93,1,0.13851937651634216,0.8614805936813354,"[1, 1, 1, 1, 1, 1, 1, 1]"
neuroloop_shared_k8,strict,94,1,0.40362516045570374,0.5963748693466187,"[1, 1, 1, 1, 1, 1, 1, 1]"
neuroloop_shared_k8,strict,95,0,0.8153709173202515,0.18462905287742615,"[0, 0, 0, 0, 0, 0, 0, 0]"
neuroloop_shared_k8,strict,96,1,0.12813293933868408,0.8718670606613159,"[1, 1, 1, 1, 1, 1, 1, 1]"
neuroloop_shared_k8,strict,97,1,0.39158135652542114,0.6084186434745789,"[1, 1, 1, 1, 1, 1, 1, 1]"
neuroloop_shared_k8,strict,98,1,0.2270732969045639,0.7729266881942749,"[1, 1, 1, 1, 1, 1, 1, 1]"
neuroloop_shared_k8,strict,99,1,0.12799713015556335,0.8720028400421143,"[1, 1, 1, 1, 1, 1, 1, 1]"
neuroloop_shared_k8,strict,100,1,0.4421887993812561,0.5578112006187439,"[1, 1, 1, 1, 1, 1, 1, 1]"
neuroloop_shared_k8,strict,101,0,0.7423790097236633,0.25762102007865906,"[0, 0, 0, 0, 0, 0, 0, 0]"
neuroloop_shared_k8,strict,102,0,0.8233686089515686,0.17663133144378662,"[0, 0, 0, 0, 0, 0, 0, 0]"
neuroloop_shared_k8,strict,103,0,0.5539348721504211,0.44606515765190125,"[0, 1, 1, 1, 1, 1, 0, 0]"
neuroloop_shared_k8,strict,104,1,0.31771326065063477,0.6822867393493652,"[1, 1, 1, 1, 1, 1, 1, 1]"
neuroloop_shared_k8,strict,105,0,0.5975361466407776,0.4024638235569,"[0, 0, 0, 1, 1, 0, 0, 0]"
neuroloop_shared_k8,strict,106,1,0.43496519327163696,0.565034806728363,"[1, 1, 1, 1, 1, 1, 1, 1]"
neuroloop_shared_k8,strict,107,0,0.5250147581100464,0.474985271692276,"[0, 1, 1, 1, 1, 1, 1, 0]"
neuroloop_shared_k8,strict,108,1,0.1356705129146576,0.86432945728302,"[1, 1, 1, 1, 1, 1, 1, 1]"
neuroloop_shared_k8,strict,109,1,0.3442724347114563,0.6557275056838989,"[1, 1, 1, 1, 1, 1, 1, 1]"
neuroloop_shared_k8,strict,110,1,0.45676037669181824,0.5432396531105042,"[0, 1, 1, 1, 1, 1, 1, 1]"
neuroloop_shared_k8,strict,111,0,0.5957275629043579,0.4042723774909973,"[0, 1, 1, 1, 1, 1, 0, 0]"
neuroloop_shared_k8,strict,112,1,0.35747745633125305,0.6425225138664246,"[0, 1, 1, 1, 1, 1, 1, 1]"
neuroloop_shared_k8,strict,113,0,0.5895601511001587,0.4104398488998413,"[0, 1, 1, 1, 1, 1, 0, 0]"
neuroloop_shared_k8,strict,114,1,0.1486860066652298,0.8513140082359314,"[1, 1, 1, 1, 1, 1, 1, 1]"
neuroloop_shared_k8,strict,115,1,0.27718979120254517,0.7228101491928101,"[1, 1, 1, 1, 1, 1, 1, 1]"
neuroloop_shared_k8,strict,116,1,0.3700562119483948,0.6299437880516052,"[0, 1, 1, 1, 1, 1, 1, 1]"
neuroloop_shared_k8,strict,117,0,0.7941904664039612,0.20580953359603882,"[0, 0, 0, 0, 0, 0, 0, 0]"
neuroloop_shared_k8,strict,118,1,0.2824810743331909,0.7175188660621643,"[1, 1, 1, 1, 1, 1, 1, 1]"
neuroloop_shared_k8,strict,119,1,0.3739539682865143,0.6260460019111633,"[1, 1, 1, 1, 1, 1, 1, 1]"
neuroloop_shared_k8,strict,120,1,0.26735442876815796,0.732645571231842,"[1, 1, 1, 1, 1, 1, 1, 1]"
neuroloop_shared_k8,strict,121,1,0.21565228700637817,0.7843477129936218,"[1, 1, 1, 1, 1, 1, 1, 1]"
neuroloop_shared_k8,strict,122,0,0.6030845642089844,0.39691540598869324,"[0, 0, 0, 1, 1, 0, 0, 0]"
neuroloop_shared_k8,strict,123,1,0.4983539581298828,0.5016460418701172,"[1, 1, 1, 1, 1, 1, 1, 1]"
neuroloop_shared_k8,strict,124,1,0.18783295154571533,0.8121670484542847,"[1, 1, 1, 1, 1, 1, 1, 1]"
neuroloop_shared_k8,strict,125,0,0.7616237998008728,0.23837627470493317,"[0, 0, 0, 0, 0, 0, 0, 0]"
neuroloop_shared_k8,strict,126,0,0.6243108510971069,0.37568917870521545,"[0, 0, 0, 1, 1, 0, 0, 0]"
neuroloop_shared_k8,strict,127,0,0.659604549407959,0.3403954803943634,"[0, 0, 0, 1, 1, 0, 0, 0]"
neuroloop_shared_k8,strict,128,1,0.12760938704013824,0.872390627861023,"[1, 1, 1, 1, 1, 1, 1, 1]"
neuroloop_shared_k8,strict,129,1,0.27453503012657166,0.725464940071106,"[1, 1, 1, 1, 1, 1, 1, 1]"
neuroloop_shared_k8,strict,130,0,0.5052583813667297,0.4947415888309479,"[1, 1, 1, 1, 1, 1, 1, 0]"
neuroloop_shared_k8,strict,131,1,0.24738909304141998,0.7526109218597412,"[1, 1, 1, 1, 1, 1, 1, 1]"
neuroloop_shared_k8,strict,132,1,0.25874555110931396,0.7412545084953308,"[1, 1, 1, 1, 1, 1, 1, 1]"
neuroloop_shared_k8,strict,133,1,0.17860287427902222,0.821397066116333,"[1, 1, 1, 1, 1, 1, 1, 1]"
neuroloop_shared_k8,strict,134,1,0.2847314178943634,0.7152685523033142,"[1, 1, 1, 1, 1, 1, 1, 1]"
neuroloop_shared_k8,strict,135,1,0.16300171613693237,0.8369982838630676,"[1, 1, 1, 1, 1, 1, 1, 1]"
neuroloop_shared_k8,strict,136,0,0.7309707403182983,0.2690292298793793,"[0, 0, 0, 0, 0, 0, 0, 0]"
neuroloop_shared_k8,strict,137,0,0.7711776494979858,0.22882242500782013,"[0, 0, 0, 0, 0, 0, 0, 0]"
neuroloop_shared_k8,strict,138,1,0.17827346920967102,0.8217265605926514,"[1, 1, 1, 1, 1, 1, 1, 1]"
neuroloop_shared_k8,strict,139,0,0.7998132705688477,0.20018672943115234,"[0, 0, 0, 0, 0, 0, 0, 0]"
neuroloop_shared_k8,strict,140,0,0.5437191128730774,0.456280916929245,"[1, 1, 1, 1, 1, 1, 1, 0]"
neuroloop_shared_k8,strict,141,0,0.776157021522522,0.22384297847747803,"[0, 0, 0, 0, 0, 0, 0, 0]"
neuroloop_shared_k8,strict,142,0,0.5936249494552612,0.4063750207424164,"[0, 1, 1, 1, 1, 1, 0, 0]"
neuroloop_shared_k8,strict,143,0,0.7817784547805786,0.218221515417099,"[0, 0, 0, 0, 0, 0, 0, 0]"
neuroloop_untied_k4,strict,0,0,0.8539162874221802,0.1460837423801422,"[1, 0, 0, 0]"
neuroloop_untied_k4,strict,1,0,0.543773889541626,0.4562261700630188,"[1, 1, 0, 0]"
neuroloop_untied_k4,strict,2,0,0.6311033368110657,0.36889660358428955,"[1, 1, 0, 0]"
neuroloop_untied_k4,strict,3,0,0.7618756890296936,0.23812434077262878,"[1, 0, 0, 0]"
neuroloop_untied_k4,strict,4,0,0.5662551522254944,0.4337448179721832,"[0, 1, 0, 0]"
neuroloop_untied_k4,strict,5,0,0.7997987270355225,0.20020125806331635,"[1, 0, 0, 0]"
neuroloop_untied_k4,strict,6,1,0.3718835711479187,0.6281164288520813,"[1, 1, 1, 1]"
neuroloop_untied_k4,strict,7,1,0.361980676651001,0.638019323348999,"[1, 1, 1, 1]"
neuroloop_untied_k4,strict,8,0,0.5525532960891724,0.44744664430618286,"[1, 1, 1, 0]"
neuroloop_untied_k4,strict,9,1,0.37782275676727295,0.622177243232727,"[1, 1, 1, 1]"
neuroloop_untied_k4,strict,10,0,0.8772604465484619,0.12273962050676346,"[0, 0, 0, 0]"
neuroloop_untied_k4,strict,11,0,0.8270427584648132,0.17295721173286438,"[1, 0, 0, 0]"
neuroloop_untied_k4,strict,12,0,0.6405019760131836,0.359497994184494,"[1, 1, 0, 0]"
neuroloop_untied_k4,strict,13,0,0.862291157245636,0.13770879805088043,"[1, 0, 0, 0]"
neuroloop_untied_k4,strict,14,0,0.8281831741333008,0.17181681096553802,"[0, 0, 0, 0]"
neuroloop_untied_k4,strict,15,0,0.5884827375411987,0.41151729226112366,"[1, 1, 0, 0]"
neuroloop_untied_k4,strict,16,0,0.6069025993347168,0.3930974304676056,"[1, 1, 0, 0]"
neuroloop_untied_k4,strict,17,1,0.29505646228790283,0.7049435377120972,"[1, 1, 1, 1]"
neuroloop_untied_k4,strict,18,0,0.8336282968521118,0.16637174785137177,"[1, 0, 0, 0]"
neuroloop_untied_k4,strict,19,1,0.25526291131973267,0.7447370290756226,"[1, 1, 1, 1]"
neuroloop_untied_k4,strict,20,0,0.6335179805755615,0.3664820194244385,"[1, 1, 0, 0]"
neuroloop_untied_k4,strict,21,0,0.8580783009529114,0.14192169904708862,"[0, 0, 0, 0]"
neuroloop_untied_k4,strict,22,1,0.2612426280975342,0.7387573719024658,"[1, 1, 1, 1]"
neuroloop_untied_k4,strict,23,1,0.30399060249328613,0.6960093975067139,"[1, 1, 1, 1]"
neuroloop_untied_k4,strict,24,1,0.3874116837978363,0.6125883460044861,"[1, 1, 1, 1]"
neuroloop_untied_k4,strict,25,0,0.726204514503479,0.2737954258918762,"[1, 0, 0, 0]"
neuroloop_untied_k4,strict,26,0,0.7087196111679077,0.2912804186344147,"[1, 0, 0, 0]"
neuroloop_untied_k4,strict,27,1,0.29276031255722046,0.7072396874427795,"[1, 1, 1, 1]"
neuroloop_untied_k4,strict,28,1,0.22084802389144897,0.779151976108551,"[1, 1, 1, 1]"
neuroloop_untied_k4,strict,29,0,0.5182673931121826,0.4817325472831726,"[1, 1, 1, 0]"
neuroloop_untied_k4,strict,30,0,0.7738442420959473,0.22615571320056915,"[0, 0, 0, 0]"
neuroloop_untied_k4,strict,31,1,0.43216386437416077,0.5678361058235168,"[1, 1, 1, 1]"
neuroloop_untied_k4,strict,32,1,0.2612306773662567,0.7387692928314209,"[1, 1, 1, 1]"
neuroloop_untied_k4,strict,33,1,0.4945163130760193,0.5054836869239807,"[1, 1, 1, 1]"
neuroloop_untied_k4,strict,34,1,0.47691601514816284,0.5230839848518372,"[1, 1, 1, 1]"
neuroloop_untied_k4,strict,35,0,0.8242741823196411,0.17572583258152008,"[1, 0, 0, 0]"
neuroloop_untied_k4,strict,36,0,0.8098924160003662,0.19010764360427856,"[0, 0, 0, 0]"
neuroloop_untied_k4,strict,37,0,0.5044074654579163,0.49559250473976135,"[1, 1, 1, 0]"
neuroloop_untied_k4,strict,38,0,0.7467089295387268,0.2532911002635956,"[1, 0, 0, 0]"
neuroloop_untied_k4,strict,39,1,0.260731041431427,0.7392690181732178,"[1, 1, 1, 1]"
neuroloop_untied_k4,strict,40,1,0.2925316095352173,0.7074683904647827,"[1, 1, 1, 1]"
neuroloop_untied_k4,strict,41,0,0.5017836093902588,0.4982163906097412,"[1, 1, 1, 0]"
neuroloop_untied_k4,strict,42,0,0.5242236852645874,0.4757763147354126,"[1, 1, 1, 0]"
neuroloop_untied_k4,strict,43,0,0.7544880509376526,0.24551193416118622,"[1, 0, 0, 0]"
neuroloop_untied_k4,strict,44,1,0.2001214176416397,0.7998785376548767,"[1, 1, 1, 1]"
neuroloop_untied_k4,strict,45,1,0.4567432403564453,0.5432567596435547,"[1, 1, 1, 1]"
neuroloop_untied_k4,strict,46,0,0.5408077239990234,0.45919227600097656,"[1, 1, 0, 0]"
neuroloop_untied_k4,strict,47,0,0.8491714596748352,0.15082857012748718,"[1, 0, 0, 0]"
neuroloop_untied_k4,strict,48,0,0.7995638251304626,0.20043618977069855,"[1, 0, 0, 0]"
neuroloop_untied_k4,strict,49,1,0.2108774334192276,0.7891225814819336,"[1, 1, 1, 1]"
neuroloop_untied_k4,strict,50,1,0.17589031159877777,0.824109673500061,"[1, 1, 1, 1]"
neuroloop_untied_k4,strict,51,0,0.8921598792076111,0.10784013569355011,"[0, 0, 0, 0]"
neuroloop_untied_k4,strict,52,0,0.7567939758300781,0.24320603907108307,"[1, 0, 0, 0]"
neuroloop_untied_k4,strict,53,0,0.6244608759880066,0.37553906440734863,"[1, 1, 0, 0]"
neuroloop_untied_k4,strict,54,0,0.8403218388557434,0.159678116440773,"[0, 0, 0, 0]"
neuroloop_untied_k4,strict,55,0,0.8394327163696289,0.1605672985315323,"[1, 0, 0, 0]"
neuroloop_untied_k4,strict,56,0,0.581592857837677,0.4184071123600006,"[1, 1, 0, 0]"
neuroloop_untied_k4,strict,57,0,0.5408123731613159,0.4591876268386841,"[1, 1, 0, 0]"
neuroloop_untied_k4,strict,58,0,0.5183971524238586,0.48160290718078613,"[1, 1, 0, 0]"
neuroloop_untied_k4,strict,59,1,0.26517462730407715,0.7348253726959229,"[1, 1, 1, 1]"
neuroloop_untied_k4,strict,60,0,0.7626087069511414,0.23739129304885864,"[1, 0, 0, 0]"
neuroloop_untied_k4,strict,61,0,0.5207787156105042,0.47922131419181824,"[1, 1, 0, 0]"
neuroloop_untied_k4,strict,62,1,0.2690789997577667,0.7309210300445557,"[1, 1, 1, 1]"
neuroloop_untied_k4,strict,63,0,0.821912944316864,0.1780869960784912,"[1, 0, 0, 0]"
neuroloop_untied_k4,strict,64,1,0.29809898138046265,0.7019010186195374,"[1, 1, 1, 1]"
neuroloop_untied_k4,strict,65,0,0.8427249193191528,0.1572750210762024,"[1, 0, 0, 0]"
neuroloop_untied_k4,strict,66,0,0.5316336750984192,0.4683663547039032,"[1, 1, 0, 0]"
neuroloop_untied_k4,strict,67,1,0.47373145818710327,0.5262685418128967,"[1, 1, 1, 1]"
neuroloop_untied_k4,strict,68,1,0.2575380504131317,0.7424619197845459,"[1, 1, 1, 1]"
neuroloop_untied_k4,strict,69,0,0.5114391446113586,0.48856088519096375,"[1, 1, 1, 0]"
neuroloop_untied_k4,strict,70,1,0.42635759711265564,0.573642373085022,"[1, 1, 1, 1]"
neuroloop_untied_k4,strict,71,0,0.5674468874931335,0.43255317211151123,"[1, 1, 0, 0]"
neuroloop_untied_k4,strict,72,1,0.23384562134742737,0.766154408454895,"[1, 1, 1, 1]"
neuroloop_untied_k4,strict,73,0,0.5802695751190186,0.41973042488098145,"[1, 1, 0, 0]"
neuroloop_untied_k4,strict,74,1,0.4174655079841614,0.5825345516204834,"[1, 1, 1, 1]"
neuroloop_untied_k4,strict,75,0,0.5471745133399963,0.4528254270553589,"[1, 1, 0, 0]"
neuroloop_untied_k4,strict,76,1,0.27944836020469666,0.720551609992981,"[1, 1, 1, 1]"
neuroloop_untied_k4,strict,77,1,0.2582869827747345,0.7417129874229431,"[1, 1, 1, 1]"
neuroloop_untied_k4,strict,78,1,0.4898313879966736,0.5101686120033264,"[1, 1, 0, 1]"
neuroloop_untied_k4,strict,79,1,0.22543475031852722,0.7745652198791504,"[1, 1, 1, 1]"
neuroloop_untied_k4,strict,80,1,0.39405977725982666,0.6059402227401733,"[1, 1, 1, 1]"
neuroloop_untied_k4,strict,81,1,0.2773207128047943,0.7226792573928833,"[1, 1, 1, 1]"
neuroloop_untied_k4,strict,82,0,0.683788001537323,0.316211998462677,"[0, 0, 0, 0]"
neuroloop_untied_k4,strict,83,0,0.5456652641296387,0.45433470606803894,"[1, 1, 0, 0]"
neuroloop_untied_k4,strict,84,0,0.5207338333129883,0.47926613688468933,"[1, 1, 0, 0]"
neuroloop_untied_k4,strict,85,1,0.3616314232349396,0.638368546962738,"[1, 1, 1, 1]"
neuroloop_untied_k4,strict,86,0,0.8036494851112366,0.1963505744934082,"[0, 0, 0, 0]"
neuroloop_untied_k4,strict,87,0,0.79616379737854,0.20383614301681519,"[1, 0, 0, 0]"
neuroloop_untied_k4,strict,88,1,0.2564873695373535,0.7435125708580017,"[1, 1, 1, 1]"
neuroloop_untied_k4,strict,89,0,0.739472508430481,0.26052746176719666,"[1, 0, 0, 0]"
neuroloop_untied_k4,strict,90,1,0.47236332297325134,0.527636706829071,"[1, 1, 1, 1]"
neuroloop_untied_k4,strict,91,0,0.6601114869117737,0.3398885428905487,"[1, 1, 0, 0]"
neuroloop_untied_k4,strict,92,0,0.7291996479034424,0.27080032229423523,"[1, 0, 0, 0]"
neuroloop_untied_k4,strict,93,1,0.2586232125759125,0.7413767576217651,"[1, 1, 1, 1]"
neuroloop_untied_k4,strict,94,1,0.3951106667518616,0.6048893332481384,"[1, 1, 1, 1]"
neuroloop_untied_k4,strict,95,0,0.6029841303825378,0.39701586961746216,"[1, 1, 0, 0]"
neuroloop_untied_k4,strict,96,1,0.2142774611711502,0.785722553730011,"[1, 1, 1, 1]"
neuroloop_untied_k4,strict,97,0,0.6456313729286194,0.3543686866760254,"[1, 1, 0, 0]"
neuroloop_untied_k4,strict,98,1,0.32666656374931335,0.673333466053009,"[1, 1, 1, 1]"
neuroloop_untied_k4,strict,99,1,0.17579339444637299,0.8242065906524658,"[1, 1, 1, 1]"
neuroloop_untied_k4,strict,100,1,0.40181946754455566,0.5981805324554443,"[1, 1, 1, 1]"
neuroloop_untied_k4,strict,101,0,0.7930423021316528,0.20695771276950836,"[0, 0, 0, 0]"
neuroloop_untied_k4,strict,102,0,0.763231098651886,0.2367689311504364,"[0, 0, 0, 0]"
neuroloop_untied_k4,strict,103,1,0.373346745967865,0.6266531944274902,"[1, 1, 1, 1]"
neuroloop_untied_k4,strict,104,1,0.3005961775779724,0.6994038820266724,"[0, 1, 1, 1]"
neuroloop_untied_k4,strict,105,0,0.5356569886207581,0.46434301137924194,"[0, 1, 0, 0]"
neuroloop_untied_k4,strict,106,1,0.2955103814601898,0.7044896483421326,"[1, 1, 1, 1]"
neuroloop_untied_k4,strict,107,1,0.354363352060318,0.6456366181373596,"[1, 1, 1, 1]"
neuroloop_untied_k4,strict,108,1,0.2767738997936249,0.7232260704040527,"[1, 1, 1, 1]"
neuroloop_untied_k4,strict,109,1,0.4472179114818573,0.5527821183204651,"[1, 1, 1, 1]"
neuroloop_untied_k4,strict,110,1,0.40920600295066833,0.5907939672470093,"[0, 1, 1, 1]"
neuroloop_untied_k4,strict,111,0,0.5693214535713196,0.43067848682403564,"[1, 1, 0, 0]"
neuroloop_untied_k4,strict,112,0,0.5811459422111511,0.41885408759117126,"[0, 1, 0, 0]"
neuroloop_untied_k4,strict,113,0,0.6603042483329773,0.3396957218647003,"[1, 1, 0, 0]"
neuroloop_untied_k4,strict,114,1,0.4815741777420044,0.5184258222579956,"[1, 1, 1, 1]"
neuroloop_untied_k4,strict,115,1,0.413372665643692,0.5866273641586304,"[1, 1, 1, 1]"
neuroloop_untied_k4,strict,116,0,0.5443717241287231,0.45562824606895447,"[0, 1, 0, 0]"
neuroloop_untied_k4,strict,117,0,0.5104301571846008,0.48956984281539917,"[1, 1, 1, 0]"
neuroloop_untied_k4,strict,118,1,0.3868368864059448,0.6131631731987,"[1, 1, 1, 1]"
neuroloop_untied_k4,strict,119,1,0.41519951820373535,0.5848004221916199,"[1, 1, 1, 1]"
neuroloop_untied_k4,strict,120,1,0.432056188583374,0.5679438710212708,"[1, 1, 1, 1]"
neuroloop_untied_k4,strict,121,1,0.21634452044963837,0.7836554646492004,"[1, 1, 1, 1]"
neuroloop_untied_k4,strict,122,0,0.6439346671104431,0.3560653626918793,"[0, 0, 0, 0]"
neuroloop_untied_k4,strict,123,1,0.4813953638076782,0.5186046957969666,"[1, 1, 0, 1]"
neuroloop_untied_k4,strict,124,1,0.22757643461227417,0.7724235653877258,"[1, 1, 1, 1]"
neuroloop_untied_k4,strict,125,1,0.4551934003829956,0.5448065996170044,"[1, 1, 1, 1]"
neuroloop_untied_k4,strict,126,0,0.6313653588294983,0.3686346411705017,"[0, 0, 0, 0]"
neuroloop_untied_k4,strict,127,0,0.5489770770072937,0.4510229229927063,"[1, 1, 1, 0]"
neuroloop_untied_k4,strict,128,1,0.2451629340648651,0.7548370361328125,"[1, 1, 1, 1]"
neuroloop_untied_k4,strict,129,1,0.22742025554180145,0.7725797295570374,"[1, 1, 1, 1]"
neuroloop_untied_k4,strict,130,1,0.4524959325790405,0.5475040674209595,"[1, 1, 1, 1]"
neuroloop_untied_k4,strict,131,1,0.2825496792793274,0.7174503207206726,"[1, 1, 1, 1]"
neuroloop_untied_k4,strict,132,1,0.45297637581825256,0.5470236539840698,"[1, 1, 1, 1]"
neuroloop_untied_k4,strict,133,1,0.1778186857700348,0.8221812844276428,"[1, 1, 1, 1]"
neuroloop_untied_k4,strict,134,1,0.2443525642156601,0.7556474208831787,"[1, 1, 1, 1]"
neuroloop_untied_k4,strict,135,1,0.41671034693717957,0.583289623260498,"[1, 1, 1, 1]"
neuroloop_untied_k4,strict,136,0,0.5998002886772156,0.4001997113227844,"[0, 0, 0, 0]"
neuroloop_untied_k4,strict,137,0,0.6666157841682434,0.3333841562271118,"[1, 0, 0, 0]"
neuroloop_untied_k4,strict,138,1,0.23628586530685425,0.763714075088501,"[1, 1, 1, 1]"
neuroloop_untied_k4,strict,139,0,0.5629412531852722,0.43705880641937256,"[1, 1, 0, 0]"
neuroloop_untied_k4,strict,140,1,0.35473424196243286,0.6452656984329224,"[1, 1, 1, 1]"
neuroloop_untied_k4,strict,141,0,0.7666769623756409,0.23332306742668152,"[0, 0, 0, 0]"
neuroloop_untied_k4,strict,142,0,0.6781761050224304,0.3218238651752472,"[1, 0, 0, 0]"
neuroloop_untied_k4,strict,143,0,0.7008252739906311,0.2991746962070465,"[0, 0, 0, 0]"
