model,step,loss,final_loss,transition_loss,lr,train_batch_accuracy,elapsed_seconds,peak_vram_mib
final_only,1,2.8739590644836426,2.8739590644836426,22.27436637878418,1e-05,0.453125,0.14622859994415194,9041.24609375
final_only,2,2.645094871520996,2.645094871520996,23.524736404418945,1e-05,0.4765625,0.2440895999316126,9179.10498046875
final_only,3,2.6426124572753906,2.6426124572753906,22.947887420654297,1e-05,0.4921875,0.33895509992726147,9182.2685546875
final_only,4,2.709014415740967,2.709014415740967,22.9137020111084,1e-05,0.546875,0.4341731999302283,9182.2685546875
final_only,5,2.5172829627990723,2.5172829627990723,23.043296813964844,1e-05,0.578125,0.529519599978812,9182.2685546875
final_only,6,2.694969892501831,2.694969892501831,23.24352264404297,1e-05,0.5546875,0.6250069999368861,9182.2685546875
final_only,7,1.9347047805786133,1.9347047805786133,24.408397674560547,1e-05,0.625,0.7206091999541968,9182.2685546875
final_only,8,2.5323092937469482,2.5323092937469482,23.369842529296875,1e-05,0.5703125,0.8149864999577403,9182.2685546875
final_only,9,1.862609624862671,1.862609624862671,23.986921310424805,1e-05,0.671875,0.9092482000123709,9182.2685546875
final_only,10,1.882889986038208,1.882889986038208,23.942285537719727,1e-05,0.703125,1.0044801000040025,9182.2685546875
final_only,11,1.6783430576324463,1.6783430576324463,23.531932830810547,1e-05,0.6796875,1.0997669999487698,9182.2685546875
final_only,12,1.9597996473312378,1.9597996473312378,23.108579635620117,1e-05,0.65625,1.1950832000002265,9182.2685546875
final_only,13,1.5036674737930298,1.5036674737930298,24.484886169433594,1e-05,0.734375,1.2901445999741554,9182.2685546875
final_only,14,1.6031544208526611,1.6031544208526611,22.045856475830078,1e-05,0.734375,1.384315300034359,9182.2685546875
final_only,15,1.5724623203277588,1.5724623203277588,24.27107048034668,1e-05,0.7265625,1.4795366999460384,9182.2685546875
final_only,16,1.1216808557510376,1.1216808557510376,25.386213302612305,1e-05,0.828125,1.5749849999556318,9182.2685546875
final_only,17,1.6516058444976807,1.6516058444976807,24.23689079284668,1e-05,0.734375,1.6702763999346644,9182.2685546875
final_only,18,1.444520354270935,1.444520354270935,24.25383949279785,1e-05,0.7734375,1.7647060999879614,9182.2685546875
final_only,19,1.2719603776931763,1.2719603776931763,25.541309356689453,1e-05,0.8125,1.8598692000377923,9182.2685546875
final_only,20,1.1235331296920776,1.1235331296920776,24.45891571044922,1e-05,0.8125,1.9546934999525547,9182.2685546875
final_only,21,1.2624454498291016,1.2624454498291016,24.409725189208984,1e-05,0.828125,2.0505545999621972,9182.2685546875
final_only,22,1.216869831085205,1.216869831085205,25.96057891845703,1e-05,0.8203125,2.14697989996057,9182.2685546875
final_only,23,0.880058765411377,0.880058765411377,25.555240631103516,1e-05,0.859375,2.2423922999296337,9182.2685546875
final_only,24,1.1179955005645752,1.1179955005645752,25.017574310302734,1e-05,0.8359375,2.337509399978444,9182.2685546875
final_only,25,1.1012723445892334,1.1012723445892334,25.722145080566406,1e-05,0.8125,2.432714099995792,9182.2685546875
final_only,26,1.2193049192428589,1.2193049192428589,25.109371185302734,1e-05,0.8125,2.528120300034061,9182.2685546875
final_only,27,0.9399522542953491,0.9399522542953491,25.62784767150879,1e-05,0.890625,2.623914700001478,9182.2685546875
final_only,28,1.1405065059661865,1.1405065059661865,25.48488426208496,1e-05,0.859375,2.7181454999372363,9182.2685546875
final_only,29,0.8254299163818359,0.8254299163818359,25.90096092224121,1e-05,0.890625,2.8128243000246584,9182.2685546875
final_only,30,0.8610323667526245,0.8610323667526245,25.28185272216797,1e-05,0.875,2.908260799944401,9182.2685546875
final_only,31,0.8269646167755127,0.8269646167755127,25.6270694732666,1e-05,0.875,3.003302099998109,9182.2685546875
final_only,32,0.6124487519264221,0.6124487519264221,25.878332138061523,1e-05,0.9296875,3.0985891999443993,9182.2685546875
final_only,33,0.829222559928894,0.829222559928894,25.947940826416016,1e-05,0.8671875,3.1938641000306234,9182.2685546875
final_only,34,0.9948115348815918,0.9948115348815918,25.943283081054688,1e-05,0.8515625,3.288764299941249,9182.2685546875
final_only,35,0.899074912071228,0.899074912071228,26.333288192749023,1e-05,0.890625,3.3838067000033334,9182.2685546875
final_only,36,0.8064327239990234,0.8064327239990234,25.98717498779297,1e-05,0.890625,3.4789617999922484,9182.2685546875
final_only,37,0.7120361328125,0.7120361328125,26.5493221282959,1e-05,0.8984375,3.575834700022824,9182.2685546875
final_only,38,0.791203498840332,0.791203498840332,26.391212463378906,1e-05,0.875,3.6708281999453902,9182.2685546875
final_only,39,0.5985482931137085,0.5985482931137085,26.32463264465332,1e-05,0.921875,3.765750900027342,9182.2685546875
final_only,40,0.712360680103302,0.712360680103302,28.206266403198242,1e-05,0.9296875,3.8611223000334576,9182.2685546875
final_only,41,0.4296007752418518,0.4296007752418518,25.844221115112305,1e-05,0.9609375,3.9562232999596745,9182.2685546875
final_only,42,0.5713988542556763,0.5713988542556763,27.107967376708984,1e-05,0.9609375,4.051886999979615,9182.2685546875
final_only,43,0.6113569736480713,0.6113569736480713,27.3370361328125,1e-05,0.921875,4.147947099991143,9182.2685546875
final_only,44,0.5035427212715149,0.5035427212715149,28.259750366210938,1e-05,0.9453125,4.243400799925439,9182.2685546875
final_only,45,0.5548819303512573,0.5548819303512573,27.05206298828125,1e-05,0.921875,4.339058400015347,9182.2685546875
final_only,46,0.39992958307266235,0.39992958307266235,27.93140411376953,1e-05,0.9609375,4.433902199962176,9182.2685546875
final_only,47,0.47608643770217896,0.47608643770217896,26.998912811279297,1e-05,0.953125,4.530076600029133,9182.2685546875
final_only,48,0.3128553628921509,0.3128553628921509,28.27105140686035,1e-05,0.96875,4.625370200024918,9182.2685546875
final_only,49,0.519409716129303,0.519409716129303,27.479347229003906,1e-05,0.953125,4.719784599961713,9182.2685546875
final_only,50,0.39258289337158203,0.39258289337158203,27.63396453857422,1e-05,0.953125,4.8145538999233395,9182.2685546875
final_only,51,0.49194610118865967,0.49194610118865967,27.490291595458984,1e-05,0.953125,4.910027600009926,9182.2685546875
final_only,52,0.285682737827301,0.285682737827301,28.842126846313477,1e-05,0.984375,5.005579699994996,9182.2685546875
final_only,53,0.39721837639808655,0.39721837639808655,28.41421890258789,1e-05,0.96875,5.101193699985743,9182.2685546875
final_only,54,0.3226897716522217,0.3226897716522217,29.325576782226562,1e-05,0.9765625,5.197218399960548,9182.2685546875
final_only,55,0.3222777247428894,0.3222777247428894,27.63774871826172,1e-05,0.96875,5.292675300035626,9182.2685546875
final_only,56,0.2705376148223877,0.2705376148223877,27.99041748046875,1e-05,0.9765625,5.387913099955767,9182.2685546875
final_only,57,0.3003961443901062,0.3003961443901062,29.394306182861328,1e-05,0.9765625,5.483253399957903,9182.2685546875
final_only,58,0.39199185371398926,0.39199185371398926,30.128454208374023,1e-05,0.953125,5.579166900017299,9182.2685546875
final_only,59,0.21704357862472534,0.21704357862472534,28.628002166748047,1e-05,0.984375,5.6733691999688745,9182.2685546875
final_only,60,0.30379801988601685,0.30379801988601685,28.739879608154297,1e-05,0.96875,5.7688098000362515,9182.2685546875
final_only,61,0.26181119680404663,0.26181119680404663,29.293354034423828,1e-05,0.984375,5.863384600030258,9182.2685546875
final_only,62,0.22008924186229706,0.22008924186229706,30.481075286865234,1e-05,0.984375,5.9578588999575,9182.2685546875
final_only,63,0.19012156128883362,0.19012156128883362,31.68729019165039,1e-05,0.9921875,6.05385349993594,9182.2685546875
final_only,64,0.20506387948989868,0.20506387948989868,31.029294967651367,1e-05,0.9765625,6.148859899956733,9182.2685546875
final_only,65,0.24930967390537262,0.24930967390537262,28.599525451660156,1e-05,0.984375,6.24333069997374,9182.2685546875
final_only,66,0.1700669825077057,0.1700669825077057,29.69062614440918,1e-05,0.9921875,6.33832620002795,9182.2685546875
final_only,67,0.18919339776039124,0.18919339776039124,29.496103286743164,1e-05,0.984375,6.434454999980517,9182.2685546875
final_only,68,0.21151721477508545,0.21151721477508545,29.79250144958496,1e-05,0.984375,6.529842699994333,9182.2685546875
final_only,69,0.196054145693779,0.196054145693779,28.94904899597168,1e-05,1.0,6.624695100006647,9182.2685546875
final_only,70,0.187007337808609,0.187007337808609,31.54591178894043,1e-05,0.9921875,6.719584699952975,9182.2685546875
final_only,71,0.2185136079788208,0.2185136079788208,30.329036712646484,1e-05,0.984375,6.814059099997394,9182.2685546875
final_only,72,0.15898586809635162,0.15898586809635162,31.179962158203125,1e-05,0.984375,6.908553499961272,9182.2685546875
final_only,73,0.21524061262607574,0.21524061262607574,30.473915100097656,1e-05,0.96875,7.005322500015609,9182.2685546875
final_only,74,0.17402814328670502,0.17402814328670502,30.465871810913086,1e-05,0.984375,7.1003395000007,9182.2685546875
final_only,75,0.09980010986328125,0.09980010986328125,30.0720157623291,1e-05,1.0,7.196091299992986,9182.2685546875
final_only,76,0.09100273251533508,0.09100273251533508,31.265838623046875,1e-05,1.0,7.292079699924216,9182.2685546875
final_only,77,0.16975092887878418,0.16975092887878418,31.476486206054688,1e-05,0.984375,7.388056600000709,9182.2685546875
final_only,78,0.07653887569904327,0.07653887569904327,30.834026336669922,1e-05,1.0,7.483658500015736,9182.2685546875
final_only,79,0.16987551748752594,0.16987551748752594,29.53609275817871,1e-05,0.9921875,7.579071199987084,9182.2685546875
final_only,80,0.0932827815413475,0.0932827815413475,31.74003791809082,1e-05,0.9921875,7.675286400015466,9182.2685546875
final_only,81,0.15667757391929626,0.15667757391929626,29.693174362182617,1e-05,0.9921875,7.770777600002475,9182.2685546875
final_only,82,0.1281680464744568,0.1281680464744568,32.32823944091797,1e-05,0.984375,7.865137799992226,9182.2685546875
final_only,83,0.06055286154150963,0.06055286154150963,31.15371322631836,1e-05,1.0,7.960654499940574,9182.2685546875
final_only,84,0.0689137727022171,0.0689137727022171,32.11897277832031,1e-05,1.0,8.056686299969442,9182.2685546875
final_only,85,0.0457325354218483,0.0457325354218483,32.380287170410156,1e-05,0.9921875,8.151814499986358,9182.2685546875
final_only,86,0.10444338619709015,0.10444338619709015,32.09258270263672,1e-05,1.0,8.24715870001819,9182.2685546875
final_only,87,0.093314990401268,0.093314990401268,30.993886947631836,1e-05,1.0,8.342432599980384,9182.2685546875
final_only,88,0.14920245110988617,0.14920245110988617,33.15322494506836,1e-05,0.9921875,8.437955499975942,9182.2685546875
final_only,89,0.1243196502327919,0.1243196502327919,31.92086410522461,1e-05,0.984375,8.533570199972019,9182.2685546875
final_only,90,0.04804886505007744,0.04804886505007744,33.01716613769531,1e-05,1.0,8.629307899973355,9182.2685546875
final_only,91,0.10739167034626007,0.10739167034626007,33.15781784057617,1e-05,0.9921875,8.724687299923971,9182.2685546875
final_only,92,0.055076148360967636,0.055076148360967636,32.38861083984375,1e-05,1.0,8.819216700037941,9182.2685546875
final_only,93,0.0798088014125824,0.0798088014125824,32.881343841552734,1e-05,1.0,8.914697099942714,9182.2685546875
final_only,94,0.11206772923469543,0.11206772923469543,31.78644561767578,1e-05,0.9921875,9.011127699981444,9182.2685546875
final_only,95,0.04997967928647995,0.04997967928647995,31.959365844726562,1e-05,0.9921875,9.105840899981558,9182.2685546875
final_only,96,0.09152136743068695,0.09152136743068695,32.824012756347656,1e-05,0.984375,9.201285499962978,9182.2685546875
final_only,97,0.07968394458293915,0.07968394458293915,32.23015213012695,1e-05,0.9921875,9.295851000002585,9182.2685546875
final_only,98,0.04426931217312813,0.04426931217312813,32.432090759277344,1e-05,1.0,9.390759799978696,9182.2685546875
final_only,99,0.02724677138030529,0.02724677138030529,33.185142517089844,1e-05,1.0,9.48525949998293,9182.2685546875
final_only,100,0.11022413522005081,0.11022413522005081,33.87281036376953,1e-05,0.9921875,9.580692899995483,9182.2685546875
final_only,101,0.07391160726547241,0.07391160726547241,33.57548141479492,1e-05,0.9921875,9.676741200033575,9182.2685546875
final_only,102,0.07801110297441483,0.07801110297441483,33.344608306884766,1e-05,0.9921875,9.77167309995275,9182.2685546875
final_only,103,0.043386075645685196,0.043386075645685196,32.3638916015625,1e-05,0.9921875,9.865968800033443,9182.2685546875
final_only,104,0.032388318330049515,0.032388318330049515,32.82172393798828,1e-05,1.0,9.961826200014912,9182.2685546875
final_only,105,0.1061941459774971,0.1061941459774971,33.36344528198242,1e-05,0.984375,10.057781799929217,9182.2685546875
final_only,106,0.05792031064629555,0.05792031064629555,32.36375427246094,1e-05,1.0,10.153011600021273,9182.2685546875
final_only,107,0.11505530774593353,0.11505530774593353,31.909072875976562,1e-05,1.0,10.248199000023305,9182.2685546875
final_only,108,0.031131943687796593,0.031131943687796593,32.814666748046875,1e-05,1.0,10.343640699982643,9182.2685546875
final_only,109,0.06335031241178513,0.06335031241178513,33.531558990478516,1e-05,0.9921875,10.43854410003405,9182.2685546875
final_only,110,0.05996163934469223,0.05996163934469223,31.86700439453125,1e-05,0.9921875,10.534110800013877,9182.2685546875
final_only,111,0.04782363399863243,0.04782363399863243,32.563697814941406,1e-05,1.0,10.629712600028142,9182.2685546875
final_only,112,0.06870275735855103,0.06870275735855103,34.267539978027344,1e-05,1.0,10.72468859993387,9182.2685546875
final_only,113,0.034383997321128845,0.034383997321128845,31.88665771484375,1e-05,1.0,10.819413100020029,9182.2685546875
final_only,114,0.04123704880475998,0.04123704880475998,34.70911407470703,1e-05,1.0,10.914476600009948,9182.2685546875
final_only,115,0.03748036548495293,0.03748036548495293,34.329872131347656,1e-05,1.0,11.011225800029933,9182.2685546875
final_only,116,0.029325397685170174,0.029325397685170174,33.53219223022461,1e-05,1.0,11.105783800012432,9182.2685546875
final_only,117,0.07127737998962402,0.07127737998962402,33.90252685546875,1e-05,0.9921875,11.200926600024104,9182.2685546875
final_only,118,0.05257491394877434,0.05257491394877434,34.04487609863281,1e-05,0.984375,11.296040199929848,9182.2685546875
final_only,119,0.019165022298693657,0.019165022298693657,34.264869689941406,1e-05,1.0,11.390493199927732,9182.2685546875
final_only,120,0.01547612901777029,0.01547612901777029,34.346038818359375,1e-05,1.0,11.48568509996403,9182.2685546875
final_only,121,0.0712733119726181,0.0712733119726181,34.14387130737305,1e-05,1.0,11.581555099925026,9182.2685546875
final_only,122,0.035509143024683,0.035509143024683,33.329627990722656,1e-05,1.0,11.676771300029941,9182.2685546875
final_only,123,0.029998183250427246,0.029998183250427246,35.50808334350586,1e-05,1.0,11.772200200008228,9182.2685546875
final_only,124,0.05127989128232002,0.05127989128232002,34.67604064941406,1e-05,1.0,11.867804200039245,9182.2685546875
final_only,125,0.021707098931074142,0.021707098931074142,34.08185577392578,1e-05,1.0,11.963719899998978,9182.2685546875
final_only,126,0.032015495002269745,0.032015495002269745,34.75523376464844,1e-05,1.0,12.059787199948914,9182.2685546875
final_only,127,0.041898272931575775,0.041898272931575775,36.51791763305664,1e-05,0.9921875,12.154777799965814,9182.2685546875
final_only,128,0.036072857677936554,0.036072857677936554,34.899253845214844,1e-05,1.0,12.250573799945414,9182.2685546875
final_only,129,0.0705411285161972,0.0705411285161972,35.57558822631836,1e-05,1.0,12.345224199933,9182.2685546875
final_only,130,0.007516705896705389,0.007516705896705389,35.4950065612793,1e-05,1.0,12.44057650002651,9182.2685546875
final_only,131,0.07141389697790146,0.07141389697790146,32.327125549316406,1e-05,0.9921875,12.536659499979578,9182.2685546875
final_only,132,0.013857987709343433,0.013857987709343433,37.63922882080078,1e-05,1.0,12.631450599990785,9182.2685546875
final_only,133,0.01935506984591484,0.01935506984591484,34.70841598510742,1e-05,1.0,12.725833200034685,9182.2685546875
final_only,134,0.016751281917095184,0.016751281917095184,35.79988098144531,1e-05,1.0,12.821014099987224,9182.2685546875
final_only,135,0.024991169571876526,0.024991169571876526,34.662845611572266,1e-05,1.0,12.915351300034672,9182.2685546875
final_only,136,0.01526782289147377,0.01526782289147377,33.86065673828125,1e-05,1.0,13.010779400006868,9182.2685546875
final_only,137,0.031026754528284073,0.031026754528284073,33.62872314453125,1e-05,1.0,13.106155299930833,9182.2685546875
final_only,138,0.04799332842230797,0.04799332842230797,34.009029388427734,1e-05,1.0,13.201809999998659,9182.2685546875
final_only,139,0.03267104923725128,0.03267104923725128,36.10795974731445,1e-05,0.9921875,13.296289399964735,9182.2685546875
final_only,140,0.01314570102840662,0.01314570102840662,35.24711990356445,1e-05,1.0,13.39068169996608,9182.2685546875
final_only,141,0.019678233191370964,0.019678233191370964,35.17974853515625,1e-05,1.0,13.48593660001643,9182.2685546875
final_only,142,0.01302247866988182,0.01302247866988182,34.98682403564453,1e-05,1.0,13.582168599939905,9182.2685546875
final_only,143,0.019796356558799744,0.019796356558799744,34.59444046020508,1e-05,1.0,13.676882099942304,9182.2685546875
final_only,144,0.015531416982412338,0.015531416982412338,34.593631744384766,1e-05,1.0,13.772211899980903,9182.2685546875
final_only,145,0.017212096601724625,0.017212096601724625,35.98271560668945,1e-05,1.0,13.86760100000538,9182.2685546875
final_only,146,0.014811856672167778,0.014811856672167778,36.08867645263672,1e-05,1.0,13.962428399943747,9182.2685546875
final_only,147,0.016896765679121017,0.016896765679121017,36.034114837646484,1e-05,0.9921875,14.05922479997389,9182.2685546875
final_only,148,0.020443039014935493,0.020443039014935493,34.39665222167969,1e-05,1.0,14.153600399964489,9182.2685546875
final_only,149,0.07262016832828522,0.07262016832828522,36.51931381225586,1e-05,0.984375,14.249617699999362,9182.2685546875
final_only,150,0.04984854906797409,0.04984854906797409,34.7939567565918,1e-05,0.9921875,14.343968100030906,9182.2685546875
final_only,151,0.011350839398801327,0.011350839398801327,34.19498825073242,1e-05,1.0,14.440497800009325,9182.2685546875
final_only,152,0.0220322348177433,0.0220322348177433,35.46025085449219,1e-05,1.0,14.535498299985193,9182.2685546875
final_only,153,0.008167673833668232,0.008167673833668232,36.33892822265625,1e-05,1.0,14.63051159994211,9182.2685546875
final_only,154,0.019217491149902344,0.019217491149902344,36.389686584472656,1e-05,1.0,14.726065599941649,9182.2685546875
final_only,155,0.0649450421333313,0.0649450421333313,35.95966339111328,1e-05,0.9921875,14.821479200036265,9182.2685546875
final_only,156,0.03513551875948906,0.03513551875948906,35.295677185058594,1e-05,1.0,14.916156699997373,9182.2685546875
final_only,157,0.011273040436208248,0.011273040436208248,35.87709045410156,1e-05,1.0,15.011736499960534,9182.2685546875
final_only,158,0.036072079092264175,0.036072079092264175,36.27180862426758,1e-05,1.0,15.106979800038971,9182.2685546875
final_only,159,0.036072421818971634,0.036072421818971634,35.2628173828125,1e-05,1.0,15.20177619997412,9182.2685546875
final_only,160,0.005754224490374327,0.005754224490374327,37.28644561767578,1e-05,1.0,15.297708899946883,9182.2685546875
final_only,161,0.034015849232673645,0.034015849232673645,36.631256103515625,1e-05,1.0,15.392865799949504,9182.2685546875
final_only,162,0.008193805813789368,0.008193805813789368,36.411231994628906,1e-05,1.0,15.488028299994767,9182.2685546875
final_only,163,0.02909087762236595,0.02909087762236595,36.0667724609375,1e-05,1.0,15.583464300027117,9182.2685546875
final_only,164,0.13030526041984558,0.13030526041984558,34.516502380371094,1e-05,0.9921875,15.678940300014801,9182.2685546875
final_only,165,0.005740251857787371,0.005740251857787371,36.62538146972656,1e-05,1.0,15.77404559997376,9182.2685546875
final_only,166,0.018215473741292953,0.018215473741292953,36.64552307128906,1e-05,1.0,15.869898800039664,9182.2685546875
final_only,167,0.009135719388723373,0.009135719388723373,35.79484176635742,1e-05,1.0,15.965529799927026,9182.2685546875
final_only,168,0.008843930438160896,0.008843930438160896,35.07100296020508,1e-05,1.0,16.062341899960302,9182.2685546875
final_only,169,0.0029537503141909838,0.0029537503141909838,35.59971237182617,1e-05,1.0,16.157173799932934,9182.2685546875
final_only,170,0.006427715066820383,0.006427715066820383,37.211151123046875,1e-05,1.0,16.253009499982,9182.2685546875
final_only,171,0.010619601234793663,0.010619601234793663,36.3604621887207,1e-05,1.0,16.348117399960756,9182.2685546875
final_only,172,0.01621791161596775,0.01621791161596775,35.15797424316406,1e-05,1.0,16.443895300035365,9182.2685546875
final_only,173,0.013638099655508995,0.013638099655508995,36.497833251953125,1e-05,1.0,16.53907539998181,9182.2685546875
final_only,174,0.021944314241409302,0.021944314241409302,35.557769775390625,1e-05,0.9921875,16.634106599958614,9182.2685546875
final_only,175,0.01682204008102417,0.01682204008102417,35.22908020019531,1e-05,1.0,16.728921300033107,9182.2685546875
final_only,176,0.012047403492033482,0.012047403492033482,35.387611389160156,1e-05,1.0,16.824047600035556,9182.2685546875
final_only,177,0.009949659928679466,0.009949659928679466,37.47373962402344,1e-05,1.0,16.918475599959493,9182.2685546875
final_only,178,0.012539452873170376,0.012539452873170376,36.500213623046875,1e-05,0.9921875,17.015227500000037,9182.2685546875
final_only,179,0.007954277098178864,0.007954277098178864,35.93559265136719,1e-05,1.0,17.11002269992605,9182.2685546875
final_only,180,0.008575729094445705,0.008575729094445705,37.15446472167969,1e-05,1.0,17.20537660003174,9182.2685546875
final_only,181,0.021941112354397774,0.021941112354397774,34.12984085083008,1e-05,1.0,17.300668200012296,9182.2685546875
final_only,182,0.005535571835935116,0.005535571835935116,36.3704948425293,1e-05,1.0,17.396357199992053,9182.2685546875
final_only,183,0.010680317878723145,0.010680317878723145,35.60304641723633,1e-05,1.0,17.491191899986006,9182.2685546875
final_only,184,0.006757625378668308,0.006757625378668308,35.162628173828125,1e-05,1.0,17.586491800029762,9182.2685546875
final_only,185,0.014766440726816654,0.014766440726816654,37.82493591308594,1e-05,1.0,17.682092000031844,9182.2685546875
final_only,186,0.005662526004016399,0.005662526004016399,36.75665283203125,1e-05,1.0,17.776974799926393,9182.2685546875
final_only,187,0.005516433157026768,0.005516433157026768,36.44126510620117,1e-05,1.0,17.8719918000279,9182.2685546875
final_only,188,0.02028030902147293,0.02028030902147293,36.79090118408203,1e-05,1.0,17.967199599952437,9182.2685546875
final_only,189,0.006911419332027435,0.006911419332027435,35.808353424072266,1e-05,1.0,18.062601499957964,9182.2685546875
final_only,190,0.009749324060976505,0.009749324060976505,37.71784591674805,1e-05,1.0,18.157070499961264,9182.2685546875
final_only,191,0.03720780462026596,0.03720780462026596,37.13949966430664,1e-05,0.9921875,18.252262499998324,9182.2685546875
final_only,192,0.012159135192632675,0.012159135192632675,35.42106628417969,1e-05,1.0,18.34724080003798,9182.2685546875
final_only,193,0.022239848971366882,0.022239848971366882,35.41950225830078,1e-05,0.9921875,18.44183589995373,9182.2685546875
final_only,194,0.01799149625003338,0.01799149625003338,36.93921661376953,1e-05,0.9921875,18.536552599980496,9182.2685546875
final_only,195,0.021823544055223465,0.021823544055223465,37.721710205078125,1e-05,1.0,18.63238610001281,9182.2685546875
final_only,196,0.014995190314948559,0.014995190314948559,36.7766227722168,1e-05,1.0,18.727297900011763,9182.2685546875
final_only,197,0.011180399917066097,0.011180399917066097,35.7013053894043,1e-05,1.0,18.821866699960083,9182.2685546875
final_only,198,0.007305758539587259,0.007305758539587259,36.618255615234375,1e-05,1.0,18.91688329994213,9182.2685546875
final_only,199,0.008533746935427189,0.008533746935427189,36.633148193359375,1e-05,1.0,19.013121900032274,9182.2685546875
final_only,200,0.007229874841868877,0.007229874841868877,36.73526382446289,1e-05,1.0,19.108765400014818,9182.2685546875
final_only,201,0.013467768207192421,0.013467768207192421,37.45293426513672,1e-05,1.0,19.204668599995784,9182.2685546875
final_only,202,0.03189815580844879,0.03189815580844879,38.021820068359375,1e-05,0.9921875,19.300206699990667,9182.2685546875
final_only,203,0.026570940390229225,0.026570940390229225,36.53157043457031,1e-05,0.9921875,19.395572799956426,9182.2685546875
final_only,204,0.012928544543683529,0.012928544543683529,37.374229431152344,1e-05,1.0,19.491464699967764,9182.2685546875
final_only,205,0.003136426443234086,0.003136426443234086,37.9285774230957,1e-05,1.0,19.587792000034824,9182.2685546875
final_only,206,0.016864968463778496,0.016864968463778496,36.95513916015625,1e-05,1.0,19.683088399935514,9182.2685546875
final_only,207,0.005363664589822292,0.005363664589822292,36.938316345214844,1e-05,1.0,19.777660400024615,9182.2685546875
final_only,208,0.0061263516545295715,0.0061263516545295715,37.329891204833984,1e-05,1.0,19.872770400019363,9182.2685546875
final_only,209,0.01974194496870041,0.01974194496870041,37.19648742675781,1e-05,1.0,19.969832099974155,9182.2685546875
final_only,210,0.004562939517199993,0.004562939517199993,37.13462448120117,1e-05,1.0,20.06597769993823,9182.2685546875
final_only,211,0.006229161750525236,0.006229161750525236,35.77637481689453,1e-05,1.0,20.16111829993315,9182.2685546875
final_only,212,0.019809870049357414,0.019809870049357414,37.80632019042969,1e-05,1.0,20.256502800039016,9182.2685546875
final_only,213,0.011301886290311813,0.011301886290311813,37.01872253417969,1e-05,1.0,20.3514162999345,9182.2685546875
final_only,214,0.016275005415081978,0.016275005415081978,36.016571044921875,1e-05,1.0,20.445770799997263,9182.2685546875
final_only,215,0.0055326418951153755,0.0055326418951153755,38.14407730102539,1e-05,1.0,20.54138269997202,9182.2685546875
final_only,216,0.017717529088258743,0.017717529088258743,36.782142639160156,1e-05,1.0,20.637336599989794,9182.2685546875
final_only,217,0.005465291440486908,0.005465291440486908,39.4916877746582,1e-05,1.0,20.731962500023656,9182.2685546875
final_only,218,0.0052123842760920525,0.0052123842760920525,36.72016143798828,1e-05,1.0,20.827117000008002,9182.2685546875
final_only,219,0.011806221678853035,0.011806221678853035,37.548988342285156,1e-05,1.0,20.92278719996102,9182.2685546875
final_only,220,0.005428952164947987,0.005428952164947987,36.72277069091797,1e-05,1.0,21.01911689992994,9182.2685546875
final_only,221,0.0039443084970116615,0.0039443084970116615,36.64733123779297,1e-05,1.0,21.11440159997437,9182.2685546875
final_only,222,0.008680559694766998,0.008680559694766998,37.06473159790039,1e-05,1.0,21.209253199980594,9182.2685546875
final_only,223,0.005112140439450741,0.005112140439450741,38.440635681152344,1e-05,1.0,21.303684899932705,9182.2685546875
final_only,224,0.013496994972229004,0.013496994972229004,36.91260528564453,1e-05,1.0,21.399160300032236,9182.2685546875
final_only,225,0.004893534816801548,0.004893534816801548,37.51885223388672,1e-05,1.0,21.49402540002484,9182.2685546875
final_only,226,0.02047974243760109,0.02047974243760109,35.706268310546875,1e-05,1.0,21.59018559998367,9182.2685546875
final_only,227,0.014055510982871056,0.014055510982871056,37.32709503173828,1e-05,1.0,21.684890800039284,9182.2685546875
final_only,228,0.0038827499374747276,0.0038827499374747276,37.10572814941406,1e-05,1.0,21.78030270000454,9182.2685546875
final_only,229,0.004412040114402771,0.004412040114402771,37.489986419677734,1e-05,1.0,21.875613300013356,9182.2685546875
final_only,230,0.007182443048804998,0.007182443048804998,36.70537185668945,1e-05,1.0,21.971348399994895,9182.2685546875
final_only,231,0.009319617412984371,0.009319617412984371,38.332645416259766,1e-05,1.0,22.06713750003837,9182.2685546875
final_only,232,0.017289670184254646,0.017289670184254646,37.348018646240234,1e-05,0.9921875,22.1621284999419,9182.2685546875
final_only,233,0.009844226762652397,0.009844226762652397,39.541568756103516,1e-05,1.0,22.25724890001584,9182.2685546875
final_only,234,0.01704099029302597,0.01704099029302597,37.16092300415039,1e-05,0.9921875,22.35211259999778,9182.2685546875
final_only,235,0.035678133368492126,0.035678133368492126,38.2556266784668,1e-05,0.9921875,22.447310599964112,9182.2685546875
final_only,236,0.007503864821046591,0.007503864821046591,38.0125732421875,1e-05,1.0,22.54302149999421,9182.2685546875
final_only,237,0.0044673653319478035,0.0044673653319478035,38.136356353759766,1e-05,1.0,22.638282599975355,9182.2685546875
final_only,238,0.00644117034971714,0.00644117034971714,37.908416748046875,1e-05,1.0,22.73382369999308,9182.2685546875
final_only,239,0.0035028918646275997,0.0035028918646275997,38.98770523071289,1e-05,1.0,22.82935280003585,9182.2685546875
final_only,240,0.003227787557989359,0.003227787557989359,37.76334762573242,1e-05,1.0,22.92384659999516,9182.2685546875
final_only,241,0.007903278805315495,0.007903278805315495,39.88039016723633,1e-05,1.0,23.020066099939868,9182.2685546875
final_only,242,0.013914243318140507,0.013914243318140507,36.937599182128906,1e-05,1.0,23.11639869993087,9182.2685546875
final_only,243,0.006678584963083267,0.006678584963083267,38.82609558105469,1e-05,1.0,23.21114349993877,9182.2685546875
final_only,244,0.005558967590332031,0.005558967590332031,37.329471588134766,1e-05,1.0,23.30617659993004,9182.2685546875
final_only,245,0.01415122952312231,0.01415122952312231,38.685333251953125,1e-05,1.0,23.401487999944948,9182.2685546875
final_only,246,0.03629579395055771,0.03629579395055771,36.51190185546875,1e-05,0.9921875,23.497473799972795,9182.2685546875
final_only,247,0.009595148265361786,0.009595148265361786,35.909576416015625,1e-05,1.0,23.592653800034896,9182.2685546875
final_only,248,0.03583340346813202,0.03583340346813202,38.13869857788086,1e-05,1.0,23.687655300018378,9182.2685546875
final_only,249,0.013878310099244118,0.013878310099244118,36.848907470703125,1e-05,1.0,23.782789299963042,9182.2685546875
final_only,250,0.005921491421759129,0.005921491421759129,37.41995620727539,1e-05,1.0,23.877709500025958,9182.2685546875
final_only,251,0.013033788651227951,0.013033788651227951,36.39503479003906,1e-05,1.0,23.973803299944848,9182.2685546875
final_only,252,0.013369402848184109,0.013369402848184109,36.97535705566406,1e-05,1.0,24.07107059995178,9182.2685546875
final_only,253,0.001778657315298915,0.001778657315298915,38.42372131347656,1e-05,1.0,24.166557000018656,9182.2685546875
final_only,254,0.003702470101416111,0.003702470101416111,38.49544906616211,1e-05,1.0,24.261276999954134,9182.2685546875
final_only,255,0.006040461827069521,0.006040461827069521,39.98743438720703,1e-05,1.0,24.356528499978594,9182.2685546875
final_only,256,0.005885250400751829,0.005885250400751829,36.0720100402832,1e-05,1.0,24.45178440003656,9182.2685546875
final_only,257,0.005037958268076181,0.005037958268076181,36.92912673950195,1e-05,1.0,24.546455099945888,9182.2685546875
final_only,258,0.009960454888641834,0.009960454888641834,38.120365142822266,1e-05,0.9921875,24.64190199994482,9182.2685546875
final_only,259,0.006119180005043745,0.006119180005043745,35.884944915771484,1e-05,1.0,24.737455699942075,9182.2685546875
final_only,260,0.0031958911567926407,0.0031958911567926407,39.645145416259766,1e-05,1.0,24.832881000009365,9182.2685546875
final_only,261,0.0185990147292614,0.0185990147292614,38.67998123168945,1e-05,1.0,24.927536300034262,9182.2685546875
final_only,262,0.012376313097774982,0.012376313097774982,38.36365509033203,1e-05,1.0,25.024293099995703,9182.2685546875
final_only,263,0.002022277796640992,0.002022277796640992,38.8189697265625,1e-05,1.0,25.120270199957304,9182.2685546875
final_only,264,0.008508513681590557,0.008508513681590557,38.87202072143555,1e-05,1.0,25.214476999943145,9182.2685546875
final_only,265,0.007359360810369253,0.007359360810369253,39.648719787597656,1e-05,1.0,25.30996540002525,9182.2685546875
final_only,266,0.004375594202429056,0.004375594202429056,39.952125549316406,1e-05,1.0,25.40507780003827,9182.2685546875
final_only,267,0.041118036955595016,0.041118036955595016,36.28015899658203,1e-05,0.9921875,25.49982100003399,9182.2685546875
final_only,268,0.0047683920711278915,0.0047683920711278915,38.30049514770508,1e-05,1.0,25.59486559999641,9182.2685546875
final_only,269,0.0032574981451034546,0.0032574981451034546,39.71798324584961,1e-05,1.0,25.690487399930134,9182.2685546875
final_only,270,0.008860825560986996,0.008860825560986996,38.05967330932617,1e-05,1.0,25.785863899975084,9182.2685546875
final_only,271,0.01667817123234272,0.01667817123234272,38.15048599243164,1e-05,1.0,25.880386000033468,9182.2685546875
final_only,272,0.007618210278451443,0.007618210278451443,39.0916862487793,1e-05,1.0,25.97589879995212,9182.2685546875
final_only,273,0.012177124619483948,0.012177124619483948,39.94443130493164,1e-05,1.0,26.07250040001236,9182.2685546875
final_only,274,0.002094884868711233,0.002094884868711233,39.85272979736328,1e-05,1.0,26.167407299974002,9182.2685546875
final_only,275,0.006837934721261263,0.006837934721261263,39.294166564941406,1e-05,1.0,26.262137899990194,9182.2685546875
final_only,276,0.007106924895197153,0.007106924895197153,39.0689582824707,1e-05,0.9921875,26.35721049993299,9182.2685546875
final_only,277,0.011826913803815842,0.011826913803815842,37.692996978759766,1e-05,1.0,26.45243019994814,9182.2685546875
final_only,278,0.007983149960637093,0.007983149960637093,38.608116149902344,1e-05,1.0,26.54756289999932,9182.2685546875
final_only,279,0.008489465340971947,0.008489465340971947,39.495697021484375,1e-05,1.0,26.64327320002485,9182.2685546875
final_only,280,0.0039947000332176685,0.0039947000332176685,38.18273162841797,1e-05,1.0,26.738650199957192,9182.2685546875
final_only,281,0.012760366313159466,0.012760366313159466,39.4713134765625,1e-05,1.0,26.833036400028504,9182.2685546875
final_only,282,0.003905339166522026,0.003905339166522026,40.06294250488281,1e-05,1.0,26.928435200010426,9182.2685546875
final_only,283,0.0059415060095489025,0.0059415060095489025,37.30773162841797,1e-05,1.0,27.02398279996123,9182.2685546875
final_only,284,0.004467373248189688,0.004467373248189688,40.01862335205078,1e-05,1.0,27.120063200010918,9182.2685546875
final_only,285,0.016664370894432068,0.016664370894432068,39.89628601074219,1e-05,0.9921875,27.214433999964967,9182.2685546875
final_only,286,0.0005974678788334131,0.0005974678788334131,38.50761795043945,1e-05,1.0,27.309332599979825,9182.2685546875
final_only,287,0.005814679898321629,0.005814679898321629,38.64988327026367,1e-05,1.0,27.40444369998295,9182.2685546875
final_only,288,0.0010247260797768831,0.0010247260797768831,40.86023712158203,1e-05,1.0,27.499257599934936,9182.2685546875
final_only,289,0.002493548206984997,0.002493548206984997,37.35837936401367,1e-05,1.0,27.59499340003822,9182.2685546875
final_only,290,0.0019004510249942541,0.0019004510249942541,37.811519622802734,1e-05,1.0,27.690751599962823,9182.2685546875
final_only,291,0.005406958982348442,0.005406958982348442,38.696876525878906,1e-05,1.0,27.784985899925232,9182.2685546875
final_only,292,0.002500561298802495,0.002500561298802495,38.187705993652344,1e-05,1.0,27.879611699958332,9182.2685546875
final_only,293,0.0015839007683098316,0.0015839007683098316,39.05402755737305,1e-05,1.0,27.97527930000797,9182.2685546875
final_only,294,0.002221902133896947,0.002221902133896947,38.106937408447266,1e-05,1.0,28.071028399979696,9182.2685546875
final_only,295,0.0023829960264265537,0.0023829960264265537,38.90700149536133,1e-05,1.0,28.167363099986687,9182.2685546875
final_only,296,0.008142604492604733,0.008142604492604733,39.86442184448242,1e-05,0.9921875,28.26277269993443,9182.2685546875
final_only,297,0.002736099762842059,0.002736099762842059,40.82405090332031,1e-05,1.0,28.358637999976054,9182.2685546875
final_only,298,0.00283600646071136,0.00283600646071136,39.060062408447266,1e-05,1.0,28.45325729995966,9182.2685546875
final_only,299,0.010063648223876953,0.010063648223876953,38.94830322265625,1e-05,1.0,28.548606700031087,9182.2685546875
final_only,300,0.001314603490754962,0.001314603490754962,39.031497955322266,1e-05,1.0,28.644147499930114,9182.2685546875
final_only,301,0.006072822492569685,0.006072822492569685,39.560054779052734,1e-05,1.0,28.739559400011785,9182.2685546875
final_only,302,0.006137143820524216,0.006137143820524216,38.29038619995117,1e-05,1.0,28.834717400022782,9182.2685546875
final_only,303,0.004030653741210699,0.004030653741210699,37.60007095336914,1e-05,1.0,28.929956799955107,9182.2685546875
final_only,304,0.0032915021292865276,0.0032915021292865276,39.00389099121094,1e-05,1.0,29.02582410001196,9182.2685546875
final_only,305,0.0015518770087510347,0.0015518770087510347,37.29902648925781,1e-05,1.0,29.121553999953903,9182.2685546875
final_only,306,0.0012143582571297884,0.0012143582571297884,39.752418518066406,1e-05,1.0,29.215671899961308,9182.2685546875
final_only,307,0.0007702013244852424,0.0007702013244852424,39.087852478027344,1e-05,1.0,29.311113800038584,9182.2685546875
final_only,308,0.0031709906179457903,0.0031709906179457903,36.605369567871094,1e-05,1.0,29.405755699961446,9182.2685546875
final_only,309,0.004802457056939602,0.004802457056939602,38.558807373046875,1e-05,1.0,29.50137299997732,9182.2685546875
final_only,310,0.009642318822443485,0.009642318822443485,39.78750228881836,1e-05,1.0,29.597270900034346,9182.2685546875
final_only,311,0.021460969001054764,0.021460969001054764,39.7100715637207,1e-05,0.9921875,29.69212239992339,9182.2685546875
final_only,312,0.013021519407629967,0.013021519407629967,39.04962158203125,1e-05,1.0,29.786593099939637,9182.2685546875
final_only,313,0.024556392803788185,0.024556392803788185,39.2297477722168,1e-05,0.9921875,29.881621100008488,9182.2685546875
final_only,314,0.0016637789085507393,0.0016637789085507393,36.8266487121582,1e-05,1.0,29.976691899937578,9182.2685546875
final_only,315,0.004664437845349312,0.004664437845349312,40.44911193847656,1e-05,1.0,30.072730500018224,9182.2685546875
final_only,316,0.024143371731042862,0.024143371731042862,38.26231002807617,1e-05,1.0,30.168569499976,9182.2685546875
final_only,317,0.0017411115113645792,0.0017411115113645792,38.68151092529297,1e-05,1.0,30.26252230000682,9182.2685546875
final_only,318,0.00761818652972579,0.00761818652972579,40.57378005981445,1e-05,1.0,30.358494599931873,9182.2685546875
final_only,319,0.002860908629372716,0.002860908629372716,38.46403884887695,1e-05,1.0,30.453934699995443,9182.2685546875
final_only,320,0.002514854073524475,0.002514854073524475,39.13104248046875,1e-05,1.0,30.549053799943067,9182.2685546875
final_only,321,0.0020575830712914467,0.0020575830712914467,40.16295623779297,1e-05,1.0,30.645210099988617,9182.2685546875
final_only,322,0.02032066509127617,0.02032066509127617,38.0329704284668,1e-05,1.0,30.739661199972034,9182.2685546875
final_only,323,0.0005275713629089296,0.0005275713629089296,39.85894775390625,1e-05,1.0,30.834887100034393,9182.2685546875
final_only,324,0.007191278971731663,0.007191278971731663,38.05596160888672,1e-05,1.0,30.930166899925098,9182.2685546875
final_only,325,0.0021282052621245384,0.0021282052621245384,38.527000427246094,1e-05,1.0,31.02546579996124,9182.2685546875
final_only,326,0.002277947496622801,0.002277947496622801,41.25374221801758,1e-05,1.0,31.12146739999298,9182.2685546875
final_only,327,0.009180051274597645,0.009180051274597645,40.50684356689453,1e-05,1.0,31.216266899951734,9182.2685546875
final_only,328,0.004820586647838354,0.004820586647838354,39.41651153564453,1e-05,1.0,31.31180070003029,9182.2685546875
final_only,329,0.0012369264150038362,0.0012369264150038362,39.29212188720703,1e-05,1.0,31.40626149997115,9182.2685546875
final_only,330,0.002428137231618166,0.002428137231618166,39.110313415527344,1e-05,1.0,31.501368499943055,9182.2685546875
final_only,331,0.0011726449010893703,0.0011726449010893703,38.734130859375,1e-05,1.0,31.597381899948232,9182.2685546875
final_only,332,0.0033048016484826803,0.0033048016484826803,39.719482421875,1e-05,1.0,31.692497999989428,9182.2685546875
final_only,333,0.002733660629019141,0.002733660629019141,38.818267822265625,1e-05,1.0,31.787503400002606,9182.2685546875
final_only,334,0.01423775777220726,0.01423775777220726,39.796390533447266,1e-05,1.0,31.88221239997074,9182.2685546875
final_only,335,0.0018789512105286121,0.0018789512105286121,38.84244918823242,1e-05,1.0,31.97695909999311,9182.2685546875
final_only,336,0.0003476498823147267,0.0003476498823147267,39.221282958984375,1e-05,1.0,32.07293729996309,9182.2685546875
final_only,337,0.0014559640549123287,0.0014559640549123287,39.41937255859375,1e-05,1.0,32.1687368999701,9182.2685546875
final_only,338,0.0025524981319904327,0.0025524981319904327,39.64397048950195,1e-05,1.0,32.26382829993963,9182.2685546875
final_only,339,0.003702912013977766,0.003702912013977766,37.54410934448242,1e-05,1.0,32.36021850001998,9182.2685546875
final_only,340,0.001977406907826662,0.001977406907826662,41.29166793823242,1e-05,1.0,32.455794299952686,9182.2685546875
final_only,341,0.002006698166951537,0.002006698166951537,38.722530364990234,1e-05,1.0,32.55166080000345,9182.2685546875
final_only,342,0.0026015404146164656,0.0026015404146164656,41.069091796875,1e-05,1.0,32.64685629995074,9182.2685546875
final_only,343,0.0013751030201092362,0.0013751030201092362,39.92091369628906,1e-05,1.0,32.74242719996255,9182.2685546875
final_only,344,0.008451255969703197,0.008451255969703197,38.73943328857422,1e-05,1.0,32.83692329993937,9182.2685546875
final_only,345,0.011918612755835056,0.011918612755835056,40.80023193359375,1e-05,1.0,32.932138100033626,9182.2685546875
final_only,346,0.005634496919810772,0.005634496919810772,39.786956787109375,1e-05,1.0,33.02791399997659,9182.2685546875
final_only,347,0.006345471367239952,0.006345471367239952,40.187435150146484,1e-05,1.0,33.124077999964356,9182.2685546875
final_only,348,0.0015434236265718937,0.0015434236265718937,41.05557632446289,1e-05,1.0,33.21896329999436,9182.2685546875
final_only,349,0.0017964113503694534,0.0017964113503694534,38.784210205078125,1e-05,1.0,33.313378499937244,9182.2685546875
final_only,350,0.0014003841206431389,0.0014003841206431389,40.36907196044922,1e-05,1.0,33.40889810002409,9182.2685546875
final_only,351,0.0006938345031812787,0.0006938345031812787,40.1748161315918,1e-05,1.0,33.505661400035024,9182.2685546875
final_only,352,0.033007457852363586,0.033007457852363586,40.17706298828125,1e-05,0.9921875,33.60103669995442,9182.2685546875
final_only,353,0.00041385251097381115,0.00041385251097381115,38.75555419921875,1e-05,1.0,33.69639980001375,9182.2685546875
final_only,354,0.02264557220041752,0.02264557220041752,39.52493667602539,1e-05,1.0,33.791489199968055,9182.2685546875
final_only,355,0.006725634913891554,0.006725634913891554,38.82046127319336,1e-05,1.0,33.886085200007074,9182.2685546875
final_only,356,0.003641372313722968,0.003641372313722968,39.324920654296875,1e-05,1.0,33.98261599999387,9182.2685546875
final_only,357,0.012505756691098213,0.012505756691098213,39.97614288330078,1e-05,1.0,34.07841429999098,9182.2685546875
final_only,358,0.001128114410676062,0.001128114410676062,38.95210647583008,1e-05,1.0,34.17381840001326,9182.2685546875
final_only,359,0.007369121070951223,0.007369121070951223,37.830467224121094,1e-05,1.0,34.26811299996916,9182.2685546875
final_only,360,0.001340557704679668,0.001340557704679668,41.00393295288086,1e-05,1.0,34.36372799996752,9182.2685546875
final_only,361,0.000571363081689924,0.000571363081689924,38.664833068847656,1e-05,1.0,34.45892859995365,9182.2685546875
final_only,362,0.0008302406058646739,0.0008302406058646739,39.982887268066406,1e-05,1.0,34.554116699961014,9182.2685546875
final_only,363,0.005222628824412823,0.005222628824412823,38.944244384765625,1e-05,1.0,34.650749400025234,9182.2685546875
final_only,364,0.030849503353238106,0.030849503353238106,39.91044616699219,1e-05,0.9921875,34.74586060002912,9182.2685546875
final_only,365,0.0016750636277720332,0.0016750636277720332,40.020347595214844,1e-05,1.0,34.84066620003432,9182.2685546875
final_only,366,0.0032066362909972668,0.0032066362909972668,39.22269821166992,1e-05,1.0,34.93505510000978,9182.2685546875
final_only,367,0.0034990154672414064,0.0034990154672414064,40.292266845703125,1e-05,1.0,35.031196099938825,9182.2685546875
final_only,368,0.00033523267484270036,0.00033523267484270036,38.97557067871094,1e-05,1.0,35.12635859998409,9182.2685546875
final_only,369,0.010213477537035942,0.010213477537035942,40.86094284057617,1e-05,1.0,35.22173330001533,9182.2685546875
final_only,370,0.0015187110984697938,0.0015187110984697938,40.558685302734375,1e-05,1.0,35.31654169992544,9182.2685546875
final_only,371,0.0017714902060106397,0.0017714902060106397,40.945735931396484,1e-05,1.0,35.411052700015716,9182.2685546875
final_only,372,0.0027397647500038147,0.0027397647500038147,39.81730651855469,1e-05,1.0,35.505636199959554,9182.2685546875
final_only,373,0.0026679313741624355,0.0026679313741624355,40.50403594970703,1e-05,1.0,35.6015541999368,9182.2685546875
final_only,374,0.00880306027829647,0.00880306027829647,41.27756118774414,1e-05,1.0,35.697298799990676,9182.2685546875
final_only,375,0.005465121008455753,0.005465121008455753,37.6036262512207,1e-05,1.0,35.79212230001576,9182.2685546875
final_only,376,0.00671024527400732,0.00671024527400732,39.5270881652832,1e-05,1.0,35.88729899993632,9182.2685546875
final_only,377,0.00959799811244011,0.00959799811244011,38.492435455322266,1e-05,0.9921875,35.98290940001607,9182.2685546875
final_only,378,0.0010004553478211164,0.0010004553478211164,40.52432632446289,1e-05,1.0,36.07849099999294,9182.2685546875
final_only,379,0.0019512076396495104,0.0019512076396495104,37.591304779052734,1e-05,1.0,36.1735196999507,9182.2685546875
final_only,380,0.0023888740688562393,0.0023888740688562393,40.177894592285156,1e-05,1.0,36.2679710999364,9182.2685546875
final_only,381,0.0015082911122590303,0.0015082911122590303,39.09235382080078,1e-05,1.0,36.364280899986625,9182.2685546875
final_only,382,0.0008462315890938044,0.0008462315890938044,40.328857421875,1e-05,1.0,36.459895799984224,9182.2685546875
final_only,383,0.0026776944287121296,0.0026776944287121296,38.029823303222656,1e-05,1.0,36.55586580000818,9182.2685546875
final_only,384,0.0006835934473201632,0.0006835934473201632,40.66748809814453,1e-05,1.0,36.65185279992875,9182.2685546875
final_only,385,0.002752856118604541,0.002752856118604541,40.97077941894531,1e-05,1.0,36.747024399926886,9182.2685546875
final_only,386,0.0008035603095777333,0.0008035603095777333,41.61635208129883,1e-05,1.0,36.84127209999133,9182.2685546875
final_only,387,0.00210246117785573,0.00210246117785573,38.910457611083984,1e-05,1.0,36.93634919996839,9182.2685546875
final_only,388,0.0006655079196207225,0.0006655079196207225,38.5829963684082,1e-05,1.0,37.03246090002358,9182.2685546875
final_only,389,0.0012438406702131033,0.0012438406702131033,37.988555908203125,1e-05,1.0,37.12795619992539,9182.2685546875
final_only,390,0.010299735702574253,0.010299735702574253,37.89028549194336,1e-05,1.0,37.22390310000628,9182.2685546875
final_only,391,0.0012984498171135783,0.0012984498171135783,39.72813415527344,1e-05,1.0,37.31935090001207,9182.2685546875
final_only,392,0.0014451011084020138,0.0014451011084020138,39.87214279174805,1e-05,1.0,37.414079000009224,9182.2685546875
final_only,393,0.0038780667819082737,0.0038780667819082737,40.81739807128906,1e-05,1.0,37.5099298999412,9182.2685546875
final_only,394,0.005833767354488373,0.005833767354488373,39.42499542236328,1e-05,1.0,37.605527699925005,9182.2685546875
final_only,395,0.0005915515357628465,0.0005915515357628465,41.340145111083984,1e-05,1.0,37.70132430002559,9182.2685546875
final_only,396,0.0013272769283503294,0.0013272769283503294,39.4539794921875,1e-05,1.0,37.79597239999566,9182.2685546875
final_only,397,0.0018392633646726608,0.0018392633646726608,41.12363815307617,1e-05,1.0,37.89121189992875,9182.2685546875
final_only,398,0.00027010365738533437,0.00027010365738533437,40.238548278808594,1e-05,1.0,37.987369399983436,9182.2685546875
final_only,399,0.0005171975353732705,0.0005171975353732705,40.066158294677734,1e-05,1.0,38.083530899952166,9182.2685546875
final_only,400,0.0035276913549751043,0.0035276913549751043,39.582801818847656,1e-05,1.0,38.17853020003531,9182.2685546875
final_only,401,0.0028574776370078325,0.0028574776370078325,39.2115592956543,1e-05,1.0,38.274189900024794,9182.2685546875
final_only,402,0.001716855214908719,0.001716855214908719,39.1171989440918,1e-05,1.0,38.36931460001506,9182.2685546875
final_only,403,0.0007361815078184009,0.0007361815078184009,39.713218688964844,1e-05,1.0,38.46470799995586,9182.2685546875
final_only,404,0.003317413851618767,0.003317413851618767,38.96384048461914,1e-05,1.0,38.560434599989094,9182.2685546875
final_only,405,0.002161550335586071,0.002161550335586071,40.66815185546875,1e-05,1.0,38.656127399997786,9182.2685546875
final_only,406,0.002917275996878743,0.002917275996878743,39.033287048339844,1e-05,1.0,38.750500199967064,9182.2685546875
final_only,407,0.00040290228207595646,0.00040290228207595646,39.54341125488281,1e-05,1.0,38.84539070003666,9182.2685546875
final_only,408,0.0007589781889691949,0.0007589781889691949,38.90922546386719,1e-05,1.0,38.94049720000476,9182.2685546875
final_only,409,0.0011353814043104649,0.0011353814043104649,41.21556091308594,1e-05,1.0,39.036346000037156,9182.2685546875
final_only,410,0.0005847935099154711,0.0005847935099154711,41.85866928100586,1e-05,1.0,39.131975000025705,9182.2685546875
final_only,411,0.0012797943782061338,0.0012797943782061338,39.27960968017578,1e-05,1.0,39.22668129997328,9182.2685546875
final_only,412,0.002092833397909999,0.002092833397909999,39.89002227783203,1e-05,1.0,39.32069690001663,9182.2685546875
final_only,413,0.005023653618991375,0.005023653618991375,41.165435791015625,1e-05,1.0,39.416195899946615,9182.2685546875
final_only,414,0.0017060895916074514,0.0017060895916074514,39.927303314208984,1e-05,1.0,39.51080289995298,9182.2685546875
final_only,415,0.0019678156822919846,0.0019678156822919846,40.25020217895508,1e-05,1.0,39.60656989994459,9182.2685546875
final_only,416,0.002181175397709012,0.002181175397709012,38.56827926635742,1e-05,1.0,39.701721300021745,9182.2685546875
final_only,417,0.001311281113885343,0.001311281113885343,37.98487854003906,1e-05,1.0,39.79690279997885,9182.2685546875
final_only,418,0.00021787555306218565,0.00021787555306218565,42.17707824707031,1e-05,1.0,39.892150999978185,9182.2685546875
final_only,419,0.0001862756907939911,0.0001862756907939911,40.03242874145508,1e-05,1.0,39.98793730000034,9182.2685546875
final_only,420,0.003675552550703287,0.003675552550703287,41.00775146484375,1e-05,1.0,40.08316209993791,9182.2685546875
final_only,421,0.02022681199014187,0.02022681199014187,40.044864654541016,1e-05,1.0,40.17883049999364,9182.2685546875
final_only,422,0.024214105680584908,0.024214105680584908,38.24700927734375,1e-05,0.9921875,40.273318400024436,9182.2685546875
final_only,423,0.0004492994921747595,0.0004492994921747595,41.557456970214844,1e-05,1.0,40.3685660000192,9182.2685546875
final_only,424,0.0017527374438941479,0.0017527374438941479,40.54853820800781,1e-05,1.0,40.46418000000995,9182.2685546875
final_only,425,0.0012729158625006676,0.0012729158625006676,39.830421447753906,1e-05,1.0,40.560446699964814,9182.2685546875
final_only,426,0.0036325245164334774,0.0036325245164334774,41.46759033203125,1e-05,1.0,40.65646570001263,9182.2685546875
final_only,427,0.001663397066295147,0.001663397066295147,40.77053451538086,1e-05,1.0,40.751122599933296,9182.2685546875
final_only,428,0.007106606848537922,0.007106606848537922,40.52981948852539,1e-05,1.0,40.84608289995231,9182.2685546875
final_only,429,0.0025544273667037487,0.0025544273667037487,39.614280700683594,1e-05,1.0,40.94050189992413,9182.2685546875
final_only,430,0.00033222633646801114,0.00033222633646801114,42.418983459472656,1e-05,1.0,41.036146500031464,9182.2685546875
final_only,431,0.0126952538266778,0.0126952538266778,41.83265686035156,1e-05,0.9921875,41.132136299973354,9182.2685546875
final_only,432,0.0016510820714756846,0.0016510820714756846,39.63653564453125,1e-05,1.0,41.22784830001183,9182.2685546875
final_only,433,0.003945683594793081,0.003945683594793081,39.076927185058594,1e-05,1.0,41.322133300011046,9182.2685546875
final_only,434,0.0027652746066451073,0.0027652746066451073,39.78424072265625,1e-05,1.0,41.41715530003421,9182.2685546875
final_only,435,0.0005695740692317486,0.0005695740692317486,42.378746032714844,1e-05,1.0,41.51313460001256,9182.2685546875
final_only,436,0.016740707680583,0.016740707680583,39.308780670166016,1e-05,1.0,41.6083480999805,9182.2685546875
final_only,437,0.0008930346230044961,0.0008930346230044961,41.68244934082031,1e-05,1.0,41.70310459996108,9182.2685546875
final_only,438,0.0009062762837857008,0.0009062762837857008,41.11479568481445,1e-05,1.0,41.798226599930786,9182.2685546875
final_only,439,0.00012307078577578068,0.00012307078577578068,42.34575653076172,1e-05,1.0,41.89309719996527,9182.2685546875
final_only,440,0.0011449611047282815,0.0011449611047282815,40.72870635986328,1e-05,1.0,41.98797819996253,9182.2685546875
final_only,441,0.0024589954409748316,0.0024589954409748316,37.387962341308594,1e-05,1.0,42.083817500039004,9182.2685546875
final_only,442,0.018835943192243576,0.018835943192243576,38.22099304199219,1e-05,1.0,42.17934969998896,9182.2685546875
final_only,443,0.009222803637385368,0.009222803637385368,39.15803146362305,1e-05,1.0,42.27426730003208,9182.2685546875
final_only,444,0.0003631435101851821,0.0003631435101851821,41.399383544921875,1e-05,1.0,42.36918010003865,9182.2685546875
final_only,445,0.0011089278850704432,0.0011089278850704432,40.00597381591797,1e-05,1.0,42.465135199949145,9182.2685546875
final_only,446,0.005251693539321423,0.005251693539321423,42.1951904296875,1e-05,1.0,42.56177149992436,9182.2685546875
final_only,447,0.0021704863756895065,0.0021704863756895065,41.04874038696289,1e-05,1.0,42.65769200003706,9182.2685546875
final_only,448,0.0006834390223957598,0.0006834390223957598,42.178768157958984,1e-05,1.0,42.753532200003974,9182.2685546875
final_only,449,0.0008503442513756454,0.0008503442513756454,40.6891975402832,1e-05,1.0,42.849940399988554,9182.2685546875
final_only,450,0.0028746360912919044,0.0028746360912919044,36.12968063354492,1e-05,1.0,42.94479899993166,9182.2685546875
final_only,451,0.0003827429609373212,0.0003827429609373212,40.158870697021484,1e-05,1.0,43.04130769998301,9182.2685546875
final_only,452,0.0035054993350058794,0.0035054993350058794,41.24099349975586,1e-05,1.0,43.137157600023784,9182.2685546875
final_only,453,0.0005563729791902006,0.0005563729791902006,39.95290756225586,1e-05,1.0,43.23294260003604,9182.2685546875
final_only,454,0.0011496080551296473,0.0011496080551296473,38.732208251953125,1e-05,1.0,43.32741249992978,9182.2685546875
final_only,455,0.0013033354189246893,0.0013033354189246893,37.98854446411133,1e-05,1.0,43.422828100039624,9182.2685546875
final_only,456,0.001780683291144669,0.001780683291144669,40.23227310180664,1e-05,1.0,43.5176665999461,9182.2685546875
final_only,457,0.006440384313464165,0.006440384313464165,39.33012008666992,1e-05,1.0,43.61313409998547,9182.2685546875
final_only,458,0.0007763434550724924,0.0007763434550724924,42.1163444519043,1e-05,1.0,43.70866170001682,9182.2685546875
final_only,459,0.0001616253866814077,0.0001616253866814077,41.773826599121094,1e-05,1.0,43.804226199979894,9182.2685546875
final_only,460,0.0012232492445036769,0.0012232492445036769,40.23038101196289,1e-05,1.0,43.89947720000055,9182.2685546875
final_only,461,0.002221853006631136,0.002221853006631136,40.77180099487305,1e-05,1.0,43.995252699940465,9182.2685546875
final_only,462,0.0018156013684347272,0.0018156013684347272,41.74208450317383,1e-05,1.0,44.0917785000056,9182.2685546875
final_only,463,0.001508210669271648,0.001508210669271648,42.149818420410156,1e-05,1.0,44.187130599981174,9182.2685546875
final_only,464,0.0006616390310227871,0.0006616390310227871,38.93206024169922,1e-05,1.0,44.28171969996765,9182.2685546875
final_only,465,0.004517935682088137,0.004517935682088137,41.231868743896484,1e-05,1.0,44.37631029996555,9182.2685546875
final_only,466,0.0030461354181170464,0.0030461354181170464,40.387054443359375,1e-05,1.0,44.47183359996416,9182.2685546875
final_only,467,0.0018133959965780377,0.0018133959965780377,41.05453109741211,1e-05,1.0,44.568065400002524,9182.2685546875
final_only,468,0.00026983447605744004,0.00026983447605744004,39.77031707763672,1e-05,1.0,44.6648762000259,9182.2685546875
final_only,469,0.008522885851562023,0.008522885851562023,42.173606872558594,1e-05,0.9921875,44.76067260000855,9182.2685546875
final_only,470,0.0004317500861361623,0.0004317500861361623,40.83457565307617,1e-05,1.0,44.85555189999286,9182.2685546875
final_only,471,0.0014743735082447529,0.0014743735082447529,42.15393829345703,1e-05,1.0,44.95029870001599,9182.2685546875
final_only,472,0.0003515839343890548,0.0003515839343890548,41.27640151977539,1e-05,1.0,45.04665399994701,9182.2685546875
final_only,473,0.016742726787924767,0.016742726787924767,41.5665283203125,1e-05,1.0,45.14193559996784,9182.2685546875
final_only,474,0.000545031507499516,0.000545031507499516,38.804561614990234,1e-05,1.0,45.237224599928595,9182.2685546875
final_only,475,0.0010490581626072526,0.0010490581626072526,40.82007598876953,1e-05,1.0,45.33167839993257,9182.2685546875
final_only,476,0.0002632910036481917,0.0002632910036481917,41.108943939208984,1e-05,1.0,45.42632710002363,9182.2685546875
final_only,477,0.0005737071624025702,0.0005737071624025702,41.185150146484375,1e-05,1.0,45.52193649997935,9182.2685546875
final_only,478,0.008987882174551487,0.008987882174551487,39.630836486816406,1e-05,1.0,45.617505999980494,9182.2685546875
final_only,479,0.0006276617641560733,0.0006276617641560733,39.98405838012695,1e-05,1.0,45.71297350001987,9182.2685546875
final_only,480,0.001747716567479074,0.001747716567479074,40.03730773925781,1e-05,1.0,45.80839619995095,9182.2685546875
final_only,481,0.0008795132162049413,0.0008795132162049413,40.75698471069336,1e-05,1.0,45.903118600021116,9182.2685546875
final_only,482,0.00022458535386249423,0.00022458535386249423,41.236061096191406,1e-05,1.0,45.99979309993796,9182.2685546875
final_only,483,0.0032564783468842506,0.0032564783468842506,41.013580322265625,1e-05,1.0,46.09552370000165,9182.2685546875
final_only,484,0.001810173038393259,0.001810173038393259,39.34859848022461,1e-05,1.0,46.190453900024295,9182.2685546875
final_only,485,0.000968711159657687,0.000968711159657687,40.334476470947266,1e-05,1.0,46.28600820002612,9182.2685546875
final_only,486,0.0012017322005704045,0.0012017322005704045,40.57774353027344,1e-05,1.0,46.380452399956994,9182.2685546875
final_only,487,0.002233303850516677,0.002233303850516677,42.625762939453125,1e-05,1.0,46.47604169999249,9182.2685546875
final_only,488,0.0009523960761725903,0.0009523960761725903,42.59540939331055,1e-05,1.0,46.57090659998357,9182.2685546875
final_only,489,0.004191494081169367,0.004191494081169367,40.45538330078125,1e-05,1.0,46.66639369993936,9182.2685546875
final_only,490,0.0013973753666505218,0.0013973753666505218,41.6889533996582,1e-05,1.0,46.76138769998215,9182.2685546875
final_only,491,0.001256735878996551,0.001256735878996551,40.16902542114258,1e-05,1.0,46.8558963999385,9182.2685546875
final_only,492,0.0004033889854326844,0.0004033889854326844,41.30513000488281,1e-05,1.0,46.950779099948704,9182.2685546875
final_only,493,0.0005182414315640926,0.0005182414315640926,39.6126708984375,1e-05,1.0,47.04736999992747,9182.2685546875
final_only,494,0.0005661844043061137,0.0005661844043061137,41.267967224121094,1e-05,1.0,47.1432802999625,9182.2685546875
final_only,495,0.0013790606753900647,0.0013790606753900647,41.686031341552734,1e-05,1.0,47.237780799972825,9182.2685546875
final_only,496,0.0003600087366066873,0.0003600087366066873,39.904029846191406,1e-05,1.0,47.33266499999445,9182.2685546875
final_only,497,0.0004244306473992765,0.0004244306473992765,41.807952880859375,1e-05,1.0,47.427922099945135,9182.2685546875
final_only,498,0.0004633221833501011,0.0004633221833501011,40.437294006347656,1e-05,1.0,47.52261390001513,9182.2685546875
final_only,499,0.00015537592116743326,0.00015537592116743326,42.14643478393555,1e-05,1.0,47.6185778999934,9182.2685546875
final_only,500,0.0011203509056940675,0.0011203509056940675,41.17222595214844,1e-05,1.0,47.714310899958946,9182.2685546875
final_only,501,0.0006921340827830136,0.0006921340827830136,39.79618835449219,1e-05,1.0,49.14715550001711,9261.65087890625
final_only,502,0.00048634869745001197,0.00048634869745001197,41.406211853027344,1e-05,1.0,49.242628399981186,9261.65087890625
final_only,503,0.0023478628136217594,0.0023478628136217594,39.2255859375,1e-05,1.0,49.33675759995822,9261.65087890625
final_only,504,0.0002401247329544276,0.0002401247329544276,41.39729309082031,1e-05,1.0,49.43159960000776,9261.65087890625
final_only,505,0.0008618215215392411,0.0008618215215392411,39.8736457824707,1e-05,1.0,49.52703280001879,9261.65087890625
final_only,506,0.0016919911140576005,0.0016919911140576005,40.31901550292969,1e-05,1.0,49.62307209998835,9261.65087890625
final_only,507,0.000793136132415384,0.000793136132415384,41.46038818359375,1e-05,1.0,49.71828779997304,9261.65087890625
final_only,508,0.004470058251172304,0.004470058251172304,41.77228927612305,1e-05,1.0,49.81409929995425,9261.65087890625
final_only,509,0.002931141760200262,0.002931141760200262,40.576194763183594,1e-05,1.0,49.909619899932295,9261.65087890625
final_only,510,0.001850787317380309,0.001850787317380309,39.42478561401367,1e-05,1.0,50.00607260002289,9261.65087890625
final_only,511,0.0014750041300430894,0.0014750041300430894,41.48208999633789,1e-05,1.0,50.10171499999706,9261.65087890625
final_only,512,0.0012935015838593245,0.0012935015838593245,41.36652755737305,1e-05,1.0,50.19727090001106,9261.65087890625
final_only,513,0.0005334796733222902,0.0005334796733222902,41.48273849487305,1e-05,1.0,50.292364399996586,9261.65087890625
final_only,514,0.0019066864624619484,0.0019066864624619484,38.33177947998047,1e-05,1.0,50.386885799933225,9261.65087890625
final_only,515,0.0010856414446607232,0.0010856414446607232,39.47476577758789,1e-05,1.0,50.48207739996724,9261.65087890625
final_only,516,0.0005818429635837674,0.0005818429635837674,41.99092102050781,1e-05,1.0,50.57760900002904,9261.65087890625
final_only,517,0.00197168393060565,0.00197168393060565,40.63882827758789,1e-05,1.0,50.673436200013384,9261.65087890625
final_only,518,0.0006610279669985175,0.0006610279669985175,41.29892349243164,1e-05,1.0,50.7681970000267,9261.65087890625
final_only,519,0.00026891689049080014,0.00026891689049080014,40.514793395996094,1e-05,1.0,50.863542199949734,9261.65087890625
final_only,520,0.0005612663808278739,0.0005612663808278739,40.961463928222656,1e-05,1.0,50.95890770002734,9261.65087890625
final_only,521,0.00022530867136083543,0.00022530867136083543,40.38886260986328,1e-05,1.0,51.054308900027536,9261.65087890625
final_only,522,0.0031082499772310257,0.0031082499772310257,40.07661056518555,1e-05,1.0,51.150058900006115,9261.65087890625
final_only,523,0.0008037582156248391,0.0008037582156248391,42.441200256347656,1e-05,1.0,51.24540999997407,9261.65087890625
final_only,524,0.0014553368091583252,0.0014553368091583252,40.182273864746094,1e-05,1.0,51.339792700018734,9261.65087890625
final_only,525,0.0011162135051563382,0.0011162135051563382,41.21272659301758,1e-05,1.0,51.43407399998978,9261.65087890625
final_only,526,0.0006590652628801763,0.0006590652628801763,41.04920959472656,1e-05,1.0,51.529272499959916,9261.65087890625
final_only,527,0.00024183768255170435,0.00024183768255170435,41.736412048339844,1e-05,1.0,51.625139600015245,9261.65087890625
final_only,528,0.00031304368167184293,0.00031304368167184293,40.20014953613281,1e-05,1.0,51.71970230003353,9261.65087890625
final_only,529,0.0008465765276923776,0.0008465765276923776,42.57236862182617,1e-05,1.0,51.814671400003135,9261.65087890625
final_only,530,0.002489439444616437,0.002489439444616437,41.55152893066406,1e-05,1.0,51.90995589992963,9261.65087890625
final_only,531,0.0009120351169258356,0.0009120351169258356,40.54613494873047,1e-05,1.0,52.00543299992569,9261.65087890625
final_only,532,0.0006726267747581005,0.0006726267747581005,40.3707275390625,1e-05,1.0,52.10122549999505,9261.65087890625
final_only,533,0.0007841539918445051,0.0007841539918445051,42.020992279052734,1e-05,1.0,52.196989899966866,9261.65087890625
final_only,534,0.00023458579380530864,0.00023458579380530864,42.70439147949219,1e-05,1.0,52.29272559995297,9261.65087890625
final_only,535,0.0011513622011989355,0.0011513622011989355,41.05696487426758,1e-05,1.0,52.38748899998609,9261.65087890625
final_only,536,0.000293463614070788,0.000293463614070788,41.56047821044922,1e-05,1.0,52.48267159995157,9261.65087890625
final_only,537,0.0012275794288143516,0.0012275794288143516,41.30283737182617,1e-05,1.0,52.578215899993666,9261.65087890625
final_only,538,0.0003829709312412888,0.0003829709312412888,42.4390869140625,1e-05,1.0,52.67333479993977,9261.65087890625
final_only,539,0.00034632248571142554,0.00034632248571142554,41.58317947387695,1e-05,1.0,52.769530699937604,9261.65087890625
final_only,540,0.00037649160367436707,0.00037649160367436707,42.629051208496094,1e-05,1.0,52.866249799961224,9261.65087890625
final_only,541,0.0005084994481876493,0.0005084994481876493,42.45943069458008,1e-05,1.0,52.961891699931584,9261.65087890625
final_only,542,0.0001424881920684129,0.0001424881920684129,40.237815856933594,1e-05,1.0,53.05888749996666,9261.65087890625
final_only,543,0.0010454203002154827,0.0010454203002154827,41.71056365966797,1e-05,1.0,53.15598799998406,9261.65087890625
final_only,544,0.0004722037701867521,0.0004722037701867521,42.556922912597656,1e-05,1.0,53.253326799953356,9261.65087890625
final_only,545,0.0006636859616264701,0.0006636859616264701,41.674312591552734,1e-05,1.0,53.350988299935125,9261.65087890625
final_only,546,0.001027234480716288,0.001027234480716288,41.64196014404297,1e-05,1.0,53.44720729999244,9261.65087890625
final_only,547,0.000716001377440989,0.000716001377440989,39.694549560546875,1e-05,1.0,53.54369670001324,9261.65087890625
final_only,548,0.000423184537794441,0.000423184537794441,40.07855224609375,1e-05,1.0,53.64215159998275,9261.65087890625
final_only,549,0.0003560635959729552,0.0003560635959729552,41.38294982910156,1e-05,1.0,53.73823599994648,9261.65087890625
final_only,550,0.0026474592741578817,0.0026474592741578817,40.42707824707031,1e-05,1.0,53.83538840000983,9261.65087890625
final_only,551,0.0020430947188287973,0.0020430947188287973,41.384803771972656,1e-05,1.0,53.93225569999777,9261.65087890625
final_only,552,0.0018173402640968561,0.0018173402640968561,38.5418815612793,1e-05,1.0,54.02985849999823,9261.65087890625
final_only,553,0.001083425828255713,0.001083425828255713,40.830047607421875,1e-05,1.0,54.12661809998099,9261.65087890625
final_only,554,0.00040208426071330905,0.00040208426071330905,42.858009338378906,1e-05,1.0,54.22386839997489,9261.65087890625
final_only,555,0.00042697624303400517,0.00042697624303400517,40.08247756958008,1e-05,1.0,54.32029539998621,9261.65087890625
final_only,556,0.026791881769895554,0.026791881769895554,44.103172302246094,1e-05,0.9921875,54.415048599941656,9261.65087890625
final_only,557,0.00036346164415590465,0.00036346164415590465,40.24129104614258,1e-05,1.0,54.5111625000136,9261.65087890625
final_only,558,0.0008932857890613377,0.0008932857890613377,41.96696853637695,1e-05,1.0,54.607537399977446,9261.65087890625
final_only,559,0.0013187837321311235,0.0013187837321311235,42.19762420654297,1e-05,1.0,54.70326229999773,9261.65087890625
final_only,560,0.00034568319097161293,0.00034568319097161293,40.52421569824219,1e-05,1.0,54.79814049997367,9261.65087890625
final_only,561,0.0020603586453944445,0.0020603586453944445,41.95458984375,1e-05,1.0,54.894534099963494,9261.65087890625
final_only,562,0.000891844742000103,0.000891844742000103,42.76178741455078,1e-05,1.0,54.99145690002479,9261.65087890625
final_only,563,0.0009245486580766737,0.0009245486580766737,43.25547790527344,1e-05,1.0,55.0875931000337,9261.65087890625
final_only,564,0.001030714251101017,0.001030714251101017,41.18692398071289,1e-05,1.0,55.183014199952595,9261.65087890625
final_only,565,0.0006734078051522374,0.0006734078051522374,42.24238967895508,1e-05,1.0,55.27830999996513,9261.65087890625
final_only,566,0.0003444773028604686,0.0003444773028604686,40.47563934326172,1e-05,1.0,55.37513389997184,9261.65087890625
final_only,567,0.0008990183123387396,0.0008990183123387396,41.57450485229492,1e-05,1.0,55.47114259994123,9261.65087890625
final_only,568,0.0004523918905761093,0.0004523918905761093,41.52611541748047,1e-05,1.0,55.56724919995759,9261.65087890625
final_only,569,0.0015991423279047012,0.0015991423279047012,42.5081787109375,1e-05,1.0,55.663604700006545,9261.65087890625
final_only,570,0.0003928825899492949,0.0003928825899492949,40.84754943847656,1e-05,1.0,55.758973599993624,9261.65087890625
final_only,571,0.0008007275173440576,0.0008007275173440576,40.981956481933594,1e-05,1.0,55.85442400001921,9261.65087890625
final_only,572,0.02149629406630993,0.02149629406630993,41.07413101196289,1e-05,1.0,55.950858899974264,9261.65087890625
final_only,573,0.0004519937210716307,0.0004519937210716307,41.37670135498047,1e-05,1.0,56.047201499924995,9261.65087890625
final_only,574,0.004761892836540937,0.004761892836540937,42.36821365356445,1e-05,1.0,56.14288169995416,9261.65087890625
final_only,575,0.0007148992735892534,0.0007148992735892534,40.03782653808594,1e-05,1.0,56.23924379993696,9261.65087890625
final_only,576,0.00026303011691197753,0.00026303011691197753,43.400856018066406,1e-05,1.0,56.33533859997988,9261.65087890625
final_only,577,0.0013751871883869171,0.0013751871883869171,42.923240661621094,1e-05,1.0,56.430259199929424,9261.65087890625
final_only,578,0.00030806331778876483,0.00030806331778876483,42.65752029418945,1e-05,1.0,56.526639899937436,9261.65087890625
final_only,579,0.00010041729547083378,0.00010041729547083378,40.99614715576172,1e-05,1.0,56.62298370001372,9261.65087890625
final_only,580,0.00044222979340702295,0.00044222979340702295,43.21570587158203,1e-05,1.0,56.721004999941215,9261.65087890625
final_only,581,0.0008024565177038312,0.0008024565177038312,41.55828094482422,1e-05,1.0,56.81668709998485,9261.65087890625
final_only,582,0.0005848996224813163,0.0005848996224813163,43.545013427734375,1e-05,1.0,56.91391859995201,9261.65087890625
final_only,583,0.0006158158648759127,0.0006158158648759127,40.82016372680664,1e-05,1.0,57.011318400036544,9261.65087890625
final_only,584,0.00016146450070664287,0.00016146450070664287,42.03603744506836,1e-05,1.0,57.10795279999729,9261.65087890625
final_only,585,0.006604512222111225,0.006604512222111225,42.55170440673828,1e-05,1.0,57.20326710003428,9261.65087890625
final_only,586,0.0005593224195763469,0.0005593224195763469,39.89317321777344,1e-05,1.0,57.29930850001983,9261.65087890625
final_only,587,0.0004427018575370312,0.0004427018575370312,39.90964889526367,1e-05,1.0,57.3947301999433,9261.65087890625
final_only,588,0.001081938622519374,0.001081938622519374,41.62034225463867,1e-05,1.0,57.49030379997566,9261.65087890625
final_only,589,0.0029719120357185602,0.0029719120357185602,40.842803955078125,1e-05,1.0,57.58711810002569,9261.65087890625
final_only,590,0.0012714769691228867,0.0012714769691228867,41.67646026611328,1e-05,1.0,57.68283710000105,9261.65087890625
final_only,591,0.00031188991852104664,0.00031188991852104664,40.006072998046875,1e-05,1.0,57.77920460002497,9261.65087890625
final_only,592,0.0012723610270768404,0.0012723610270768404,41.65687942504883,1e-05,1.0,57.8748647000175,9261.65087890625
final_only,593,0.0005688432138413191,0.0005688432138413191,39.978248596191406,1e-05,1.0,57.97146779997274,9261.65087890625
final_only,594,0.0006287157302722335,0.0006287157302722335,39.49462890625,1e-05,1.0,58.06766719999723,9261.65087890625
final_only,595,0.0012492167297750711,0.0012492167297750711,42.05841827392578,1e-05,1.0,58.1643841000041,9261.65087890625
final_only,596,0.0007216570666059852,0.0007216570666059852,42.65403747558594,1e-05,1.0,58.26092609995976,9261.65087890625
final_only,597,0.0003805344458669424,0.0003805344458669424,40.022865295410156,1e-05,1.0,58.35678699996788,9261.65087890625
final_only,598,0.00036454619839787483,0.00036454619839787483,41.67242431640625,1e-05,1.0,58.45148589997552,9261.65087890625
final_only,599,0.0004557439824566245,0.0004557439824566245,41.626338958740234,1e-05,1.0,58.547645499929786,9261.65087890625
final_only,600,0.0013826754875481129,0.0013826754875481129,42.05803680419922,1e-05,1.0,58.64425869996194,9261.65087890625
final_only,601,0.0006938943406566978,0.0006938943406566978,40.92338562011719,1e-05,1.0,58.740351199987344,9261.65087890625
final_only,602,0.04982612654566765,0.04982612654566765,40.19127655029297,1e-05,0.9921875,58.83596990001388,9261.65087890625
final_only,603,0.0010844053467735648,0.0010844053467735648,42.12213897705078,1e-05,1.0,58.932014400023036,9261.65087890625
final_only,604,0.0005699890898540616,0.0005699890898540616,40.45824432373047,1e-05,1.0,59.029332599951886,9261.65087890625
final_only,605,0.00035434524761512876,0.00035434524761512876,39.374794006347656,1e-05,1.0,59.125977999996394,9261.65087890625
final_only,606,0.0013075056485831738,0.0013075056485831738,41.4307746887207,1e-05,1.0,59.221154500031844,9261.65087890625
final_only,607,0.00031821406446397305,0.00031821406446397305,42.137855529785156,1e-05,1.0,59.31674039992504,9261.65087890625
final_only,608,0.0003500521997921169,0.0003500521997921169,41.22298812866211,1e-05,1.0,59.413294499972835,9261.65087890625
final_only,609,0.0004648701869882643,0.0004648701869882643,40.856266021728516,1e-05,1.0,59.51732710003853,9261.65087890625
final_only,610,0.00019705476006492972,0.00019705476006492972,39.753116607666016,1e-05,1.0,59.615794499986805,9261.65087890625
final_only,611,0.0005236065480858088,0.0005236065480858088,38.740814208984375,1e-05,1.0,59.71105089993216,9261.65087890625
final_only,612,0.0002542256552260369,0.0002542256552260369,40.77521514892578,1e-05,1.0,59.8075440999819,9261.65087890625
final_only,613,0.0007305886247195303,0.0007305886247195303,42.10578155517578,1e-05,1.0,59.903510899981484,9261.65087890625
final_only,614,0.000241531859501265,0.000241531859501265,45.09379577636719,1e-05,1.0,59.99977390002459,9261.65087890625
final_only,615,0.0015345121501013637,0.0015345121501013637,40.532562255859375,1e-05,1.0,60.096167300012894,9261.65087890625
final_only,616,0.001204431988298893,0.001204431988298893,40.80750274658203,1e-05,1.0,60.192409300012514,9261.65087890625
final_only,617,0.008011942729353905,0.008011942729353905,40.0260124206543,1e-05,1.0,60.287755099940114,9261.65087890625
final_only,618,0.00035411337739787996,0.00035411337739787996,43.111846923828125,1e-05,1.0,60.383332500001416,9261.65087890625
final_only,619,0.0004755020490847528,0.0004755020490847528,40.68681716918945,1e-05,1.0,60.4774991000304,9261.65087890625
final_only,620,0.00021193581051193178,0.00021193581051193178,42.98477554321289,1e-05,1.0,60.57345929997973,9261.65087890625
final_only,621,0.00545481126755476,0.00545481126755476,42.43666458129883,1e-05,1.0,60.669312899932265,9261.65087890625
final_only,622,0.0007546805427409708,0.0007546805427409708,41.51292037963867,1e-05,1.0,60.765338900033385,9261.65087890625
final_only,623,0.0015667304396629333,0.0015667304396629333,41.42504119873047,1e-05,1.0,60.8606927000219,9261.65087890625
final_only,624,0.00038590223994106054,0.00038590223994106054,41.863853454589844,1e-05,1.0,60.95672499993816,9261.65087890625
final_only,625,0.0011575212702155113,0.0011575212702155113,41.48649978637695,1e-05,1.0,61.0543117999332,9261.65087890625
final_only,626,0.004448805004358292,0.004448805004358292,41.54037857055664,1e-05,1.0,61.150580500019714,9261.65087890625
final_only,627,0.0027612606063485146,0.0027612606063485146,41.96698760986328,1e-05,1.0,61.24668899993412,9261.65087890625
final_only,628,0.00022813912073615938,0.00022813912073615938,40.579261779785156,1e-05,1.0,61.343673900002614,9261.65087890625
final_only,629,0.00033337139757350087,0.00033337139757350087,41.0185546875,1e-05,1.0,61.44028320000507,9261.65087890625
final_only,630,0.0016481345519423485,0.0016481345519423485,39.53336715698242,1e-05,1.0,61.53666380001232,9261.65087890625
final_only,631,0.00015622313367202878,0.00015622313367202878,41.621944427490234,1e-05,1.0,61.633601599955,9261.65087890625
final_only,632,0.0005114325322210789,0.0005114325322210789,41.629154205322266,1e-05,1.0,61.72969029995147,9261.65087890625
final_only,633,4.970220470568165e-05,4.970220470568165e-05,42.28469467163086,1e-05,1.0,61.826133299968205,9261.65087890625
final_only,634,0.000435900641605258,0.000435900641605258,41.568965911865234,1e-05,1.0,61.922348299995065,9261.65087890625
final_only,635,0.0004187268787063658,0.0004187268787063658,42.354976654052734,1e-05,1.0,62.01926109998021,9261.65087890625
final_only,636,0.0012119566090404987,0.0012119566090404987,40.799598693847656,1e-05,1.0,62.116386999958195,9261.65087890625
final_only,637,0.00019458893802948296,0.00019458893802948296,42.26906204223633,1e-05,1.0,62.21315249998588,9261.65087890625
final_only,638,0.000360321719199419,0.000360321719199419,40.766605377197266,1e-05,1.0,62.30918999994174,9261.65087890625
final_only,639,0.0003549816901795566,0.0003549816901795566,39.95195007324219,1e-05,1.0,62.40399479994085,9261.65087890625
final_only,640,0.001325429417192936,0.001325429417192936,41.35179138183594,1e-05,1.0,62.49907949997578,9261.65087890625
final_only,641,0.00011080400872742757,0.00011080400872742757,42.47491455078125,1e-05,1.0,62.594131499994546,9261.65087890625
final_only,642,0.0002589854411780834,0.0002589854411780834,42.45972442626953,1e-05,1.0,62.68986990000121,9261.65087890625
final_only,643,0.0012849115300923586,0.0012849115300923586,40.30677795410156,1e-05,1.0,62.785335800028406,9261.65087890625
final_only,644,0.01710357703268528,0.01710357703268528,40.05765151977539,1e-05,0.9921875,62.88116330001503,9261.65087890625
final_only,645,0.00044531546882353723,0.00044531546882353723,41.24161911010742,1e-05,1.0,62.97678519994952,9261.65087890625
final_only,646,0.00024738520733080804,0.00024738520733080804,41.532958984375,1e-05,1.0,63.072682500001974,9261.65087890625
final_only,647,0.0018834177171811461,0.0018834177171811461,41.52507019042969,1e-05,1.0,63.16875680000521,9261.65087890625
final_only,648,0.00034223441616632044,0.00034223441616632044,41.3482666015625,1e-05,1.0,63.264663900015876,9261.65087890625
final_only,649,0.00041738947038538754,0.00041738947038538754,40.2747802734375,1e-05,1.0,63.359714000020176,9261.65087890625
final_only,650,0.0006580139743164182,0.0006580139743164182,42.20631408691406,1e-05,1.0,63.45465319999494,9261.65087890625
final_only,651,0.00014647947682533413,0.00014647947682533413,41.143611907958984,1e-05,1.0,63.55132880003657,9261.65087890625
final_only,652,0.0009005250176414847,0.0009005250176414847,41.16484451293945,1e-05,1.0,63.64725859998725,9261.65087890625
final_only,653,0.0008779960917308927,0.0008779960917308927,43.13129806518555,1e-05,1.0,63.74308839999139,9261.65087890625
final_only,654,0.0002530275087337941,0.0002530275087337941,41.924278259277344,1e-05,1.0,63.840133699937724,9261.65087890625
final_only,655,0.0006358654354698956,0.0006358654354698956,42.915794372558594,1e-05,1.0,63.936642799992114,9261.65087890625
final_only,656,0.0005656179273501039,0.0005656179273501039,41.701393127441406,1e-05,1.0,64.0333704999648,9261.65087890625
final_only,657,0.00015652415459044278,0.00015652415459044278,40.679969787597656,1e-05,1.0,64.12978880002629,9261.65087890625
final_only,658,0.0003374441002961248,0.0003374441002961248,44.437252044677734,1e-05,1.0,64.22606899996754,9261.65087890625
final_only,659,0.00048435747157782316,0.00048435747157782316,41.83856964111328,1e-05,1.0,64.32209070003591,9261.65087890625
final_only,660,0.000322147854603827,0.000322147854603827,43.67950439453125,1e-05,1.0,64.41811400000006,9261.65087890625
final_only,661,0.0007362842443399131,0.0007362842443399131,41.50056457519531,1e-05,1.0,64.5132076999871,9261.65087890625
final_only,662,0.0024107552599161863,0.0024107552599161863,40.971065521240234,1e-05,1.0,64.60881679994054,9261.65087890625
final_only,663,0.0012298349756747484,0.0012298349756747484,42.66032028198242,1e-05,1.0,64.70458349992987,9261.65087890625
final_only,664,0.00024085896438919008,0.00024085896438919008,42.48723220825195,1e-05,1.0,64.79992140003014,9261.65087890625
final_only,665,0.00016410143871326,0.00016410143871326,42.15899658203125,1e-05,1.0,64.8960341999773,9261.65087890625
final_only,666,0.0011134641245007515,0.0011134641245007515,40.93405532836914,1e-05,1.0,64.99271899997257,9261.65087890625
final_only,667,0.00024115612905006856,0.00024115612905006856,40.86460494995117,1e-05,1.0,65.09070449997671,9261.65087890625
final_only,668,0.001014197594486177,0.001014197594486177,41.148353576660156,1e-05,1.0,65.18928799999412,9261.65087890625
final_only,669,0.0005656867288053036,0.0005656867288053036,42.553184509277344,1e-05,1.0,65.28552839998156,9261.65087890625
final_only,670,0.0007540246588177979,0.0007540246588177979,40.47194290161133,1e-05,1.0,65.3816287999507,9261.65087890625
final_only,671,0.00034053364652208984,0.00034053364652208984,41.39656066894531,1e-05,1.0,65.4774273999501,9261.65087890625
final_only,672,0.0005596450064331293,0.0005596450064331293,41.180213928222656,1e-05,1.0,65.57454980001785,9261.65087890625
final_only,673,7.201234257081524e-05,7.201234257081524e-05,40.95112609863281,1e-05,1.0,65.6708744999487,9261.65087890625
final_only,674,0.0004076413461007178,0.0004076413461007178,42.457733154296875,1e-05,1.0,65.76676869997755,9261.65087890625
final_only,675,0.0005317064351402223,0.0005317064351402223,41.635990142822266,1e-05,1.0,65.86312999995425,9261.65087890625
final_only,676,0.0001740674488246441,0.0001740674488246441,42.426414489746094,1e-05,1.0,65.95995689998381,9261.65087890625
final_only,677,0.0013348355423659086,0.0013348355423659086,42.311004638671875,1e-05,1.0,66.05647619999945,9261.65087890625
final_only,678,0.00022250399342738092,0.00022250399342738092,41.383419036865234,1e-05,1.0,66.15219379996415,9261.65087890625
final_only,679,0.00088442926062271,0.00088442926062271,42.81171798706055,1e-05,1.0,66.24870270001702,9261.65087890625
final_only,680,0.0040769451297819614,0.0040769451297819614,39.53940963745117,1e-05,1.0,66.34501539997291,9261.65087890625
final_only,681,0.004463902208954096,0.004463902208954096,39.762245178222656,1e-05,1.0,66.44177010003477,9261.65087890625
final_only,682,0.0003875809197779745,0.0003875809197779745,42.597023010253906,1e-05,1.0,66.53811159997713,9261.65087890625
final_only,683,0.0005780368810519576,0.0005780368810519576,40.43894958496094,1e-05,1.0,66.63371249998454,9261.65087890625
final_only,684,0.00040444103069603443,0.00040444103069603443,40.32112503051758,1e-05,1.0,66.73063110001385,9261.65087890625
final_only,685,0.000447457074187696,0.000447457074187696,43.210269927978516,1e-05,1.0,66.8262980999425,9261.65087890625
final_only,686,0.0009236654150299728,0.0009236654150299728,41.80052185058594,1e-05,1.0,66.92226909997407,9261.65087890625
final_only,687,0.00038832469726912677,0.00038832469726912677,43.33711624145508,1e-05,1.0,67.01903520000633,9261.65087890625
final_only,688,0.00039405166171491146,0.00039405166171491146,39.476585388183594,1e-05,1.0,67.11493509996217,9261.65087890625
final_only,689,0.003438469022512436,0.003438469022512436,38.66664505004883,1e-05,1.0,67.21187140000984,9261.65087890625
final_only,690,0.0019598943181335926,0.0019598943181335926,41.41693878173828,1e-05,1.0,67.30736829992384,9261.65087890625
final_only,691,0.00030081084696576,0.00030081084696576,42.36067199707031,1e-05,1.0,67.40425729996059,9261.65087890625
final_only,692,0.0011462834663689137,0.0011462834663689137,41.184471130371094,1e-05,1.0,67.4991660999367,9261.65087890625
final_only,693,0.000525041890796274,0.000525041890796274,45.225982666015625,1e-05,1.0,67.5955998999998,9261.65087890625
final_only,694,0.00035764588392339647,0.00035764588392339647,42.86542510986328,1e-05,1.0,67.69186150003225,9261.65087890625
final_only,695,0.0014984828885644674,0.0014984828885644674,41.02595901489258,1e-05,1.0,67.78769499994814,9261.65087890625
final_only,696,0.0002774465538095683,0.0002774465538095683,41.6783447265625,1e-05,1.0,67.88256009994075,9261.65087890625
final_only,697,0.0003159542102366686,0.0003159542102366686,41.745384216308594,1e-05,1.0,67.9789758999832,9261.65087890625
final_only,698,0.00013441636110655963,0.00013441636110655963,41.973785400390625,1e-05,1.0,68.07461290003266,9261.65087890625
final_only,699,0.00012461176083888859,0.00012461176083888859,43.46070098876953,1e-05,1.0,68.1707044999348,9261.65087890625
final_only,700,0.000846570183057338,0.000846570183057338,42.88893127441406,1e-05,1.0,68.26610529993195,9261.65087890625
final_only,701,0.00016372340905945748,0.00016372340905945748,42.15715789794922,1e-05,1.0,68.36306529992726,9261.65087890625
final_only,702,0.001851150649599731,0.001851150649599731,41.94853973388672,1e-05,1.0,68.45882019994315,9261.65087890625
final_only,703,0.0005796294426545501,0.0005796294426545501,43.58542251586914,1e-05,1.0,68.55422239995096,9261.65087890625
final_only,704,0.0002583112218417227,0.0002583112218417227,42.24622344970703,1e-05,1.0,68.65126810001675,9261.65087890625
final_only,705,0.0009991894476115704,0.0009991894476115704,40.99422073364258,1e-05,1.0,68.74706460000016,9261.65087890625
final_only,706,8.113105286611244e-05,8.113105286611244e-05,41.72221374511719,1e-05,1.0,68.8423243999714,9261.65087890625
final_only,707,0.0004068011767230928,0.0004068011767230928,45.279083251953125,1e-05,1.0,68.9385600000387,9261.65087890625
final_only,708,0.0003601977659855038,0.0003601977659855038,41.00495529174805,1e-05,1.0,69.03541739995126,9261.65087890625
final_only,709,0.0002460310934111476,0.0002460310934111476,43.25379943847656,1e-05,1.0,69.13169710000511,9261.65087890625
final_only,710,0.0004974572220817208,0.0004974572220817208,43.323909759521484,1e-05,1.0,69.22888780001085,9261.65087890625
final_only,711,7.306908810278401e-05,7.306908810278401e-05,42.93271255493164,1e-05,1.0,69.3258671000367,9261.65087890625
final_only,712,0.00013128912542015314,0.00013128912542015314,42.60713577270508,1e-05,1.0,69.42205009993631,9261.65087890625
final_only,713,0.001536108204163611,0.001536108204163611,42.49248123168945,1e-05,1.0,69.51661259995308,9261.65087890625
final_only,714,0.00038712253444828093,0.00038712253444828093,40.4240608215332,1e-05,1.0,69.61476140003651,9261.65087890625
final_only,715,0.0017104691360145807,0.0017104691360145807,43.07044219970703,1e-05,1.0,69.71126649994403,9261.65087890625
final_only,716,0.005452106706798077,0.005452106706798077,42.08399200439453,1e-05,1.0,69.80663300002925,9261.65087890625
final_only,717,0.0003452860109973699,0.0003452860109973699,42.8079833984375,1e-05,1.0,69.90204099996481,9261.65087890625
final_only,718,0.003197100944817066,0.003197100944817066,41.06706619262695,1e-05,1.0,69.9988691000035,9261.65087890625
final_only,719,0.00039580214070156217,0.00039580214070156217,42.69343566894531,1e-05,1.0,70.0952343000099,9261.65087890625
final_only,720,0.0007226081797853112,0.0007226081797853112,39.963661193847656,1e-05,1.0,70.19080270000268,9261.65087890625
final_only,721,0.0007287946646101773,0.0007287946646101773,41.97288513183594,1e-05,1.0,70.28712929994799,9261.65087890625
final_only,722,0.0003714147605933249,0.0003714147605933249,42.24014663696289,1e-05,1.0,70.3831988000311,9261.65087890625
final_only,723,0.0009074009722098708,0.0009074009722098708,42.747798919677734,1e-05,1.0,70.47911229997408,9261.65087890625
final_only,724,0.0013889129040762782,0.0013889129040762782,40.5607795715332,1e-05,1.0,70.57502590003423,9261.65087890625
final_only,725,0.00025108829140663147,0.00025108829140663147,42.18043899536133,1e-05,1.0,70.67211089993361,9261.65087890625
final_only,726,0.0006284494884312153,0.0006284494884312153,41.98733901977539,1e-05,1.0,70.767886799993,9261.65087890625
final_only,727,0.0018525393679738045,0.0018525393679738045,41.60289764404297,1e-05,1.0,70.86387360002846,9261.65087890625
final_only,728,0.00038392265560105443,0.00038392265560105443,43.329673767089844,1e-05,1.0,70.95979590003844,9261.65087890625
final_only,729,0.0007159060332924128,0.0007159060332924128,39.926326751708984,1e-05,1.0,71.05717809998896,9261.65087890625
final_only,730,0.0005807553534395993,0.0005807553534395993,41.23236846923828,1e-05,1.0,71.15370509994682,9261.65087890625
final_only,731,0.00020974036306142807,0.00020974036306142807,43.3902702331543,1e-05,1.0,71.24986490001902,9261.65087890625
final_only,732,0.0007091432926245034,0.0007091432926245034,40.273372650146484,1e-05,1.0,71.34608409996144,9261.65087890625
final_only,733,0.00020823253726121038,0.00020823253726121038,42.10918045043945,1e-05,1.0,71.44214840000495,9261.65087890625
final_only,734,0.00028737355023622513,0.00028737355023622513,41.138954162597656,1e-05,1.0,71.53690189996269,9261.65087890625
final_only,735,0.00015468121273443103,0.00015468121273443103,42.023651123046875,1e-05,1.0,71.63289459992666,9261.65087890625
final_only,736,0.000623874890152365,0.000623874890152365,41.429073333740234,1e-05,1.0,71.72842930001207,9261.65087890625
final_only,737,0.0003290269523859024,0.0003290269523859024,43.56852722167969,1e-05,1.0,71.82414079993032,9261.65087890625
final_only,738,0.0009716572822071612,0.0009716572822071612,42.53456115722656,1e-05,1.0,71.91986000002362,9261.65087890625
final_only,739,0.0002604446199256927,0.0002604446199256927,43.57573318481445,1e-05,1.0,72.01668739994057,9261.65087890625
final_only,740,0.00027820985997095704,0.00027820985997095704,41.56100082397461,1e-05,1.0,72.1124889999628,9261.65087890625
final_only,741,0.000190008373465389,0.000190008373465389,42.99494934082031,1e-05,1.0,72.2091139999684,9261.65087890625
final_only,742,0.00013126854901202023,0.00013126854901202023,42.837921142578125,1e-05,1.0,72.30495699995663,9261.65087890625
final_only,743,0.0003538475139066577,0.0003538475139066577,42.409645080566406,1e-05,1.0,72.40679629996885,9261.65087890625
final_only,744,0.0003694748447742313,0.0003694748447742313,41.021392822265625,1e-05,1.0,72.50842059997376,9261.65087890625
final_only,745,0.003403094131499529,0.003403094131499529,40.84174346923828,1e-05,1.0,72.60491570003796,9261.65087890625
final_only,746,0.00010186135477852076,0.00010186135477852076,41.61627197265625,1e-05,1.0,72.70040289999451,9261.65087890625
final_only,747,0.00036930994247086346,0.00036930994247086346,42.89999771118164,1e-05,1.0,72.79544559994247,9261.65087890625
final_only,748,0.00027823244454339147,0.00027823244454339147,43.27378463745117,1e-05,1.0,72.89179589995183,9261.65087890625
final_only,749,0.0002544320304878056,0.0002544320304878056,43.4649658203125,1e-05,1.0,72.98791040002834,9261.65087890625
final_only,750,0.0014937722589820623,0.0014937722589820623,43.6358642578125,1e-05,1.0,73.08347579999827,9261.65087890625
final_only,751,0.010599716566503048,0.010599716566503048,43.090423583984375,1e-05,0.9921875,73.18100310000591,9261.65087890625
final_only,752,0.0026588053442537785,0.0026588053442537785,42.433372497558594,1e-05,1.0,73.27619469992351,9261.65087890625
final_only,753,8.721269114175811e-05,8.721269114175811e-05,42.68329620361328,1e-05,1.0,73.37293019995559,9261.65087890625
final_only,754,0.000893015880137682,0.000893015880137682,41.74180221557617,1e-05,1.0,73.4686270999955,9261.65087890625
final_only,755,0.0003759373794309795,0.0003759373794309795,44.2169303894043,1e-05,1.0,73.56344479997642,9261.65087890625
final_only,756,0.0004910783609375358,0.0004910783609375358,43.29841613769531,1e-05,1.0,73.65913249994628,9261.65087890625
final_only,757,0.00036349566653370857,0.00036349566653370857,41.847450256347656,1e-05,1.0,73.7551872000331,9261.65087890625
final_only,758,0.00039871258195489645,0.00039871258195489645,42.568912506103516,1e-05,1.0,73.85085139994044,9261.65087890625
final_only,759,0.0008310147095471621,0.0008310147095471621,38.891014099121094,1e-05,1.0,73.94703159993514,9261.65087890625
final_only,760,0.0006275014020502567,0.0006275014020502567,41.80868148803711,1e-05,1.0,74.0428628999507,9261.65087890625
final_only,761,0.000554755562916398,0.000554755562916398,41.152584075927734,1e-05,1.0,74.13915890001226,9261.65087890625
final_only,762,0.00011518253450049087,0.00011518253450049087,43.38865280151367,1e-05,1.0,74.23539129993878,9261.65087890625
final_only,763,0.0010444943327456713,0.0010444943327456713,42.41086196899414,1e-05,1.0,74.33182870002929,9261.65087890625
final_only,764,0.0002951858623418957,0.0002951858623418957,41.42562484741211,1e-05,1.0,74.42848859995138,9261.65087890625
final_only,765,0.00012375022924970835,0.00012375022924970835,41.411983489990234,1e-05,1.0,74.52427619998343,9261.65087890625
final_only,766,0.0013341228477656841,0.0013341228477656841,42.599422454833984,1e-05,1.0,74.62005239992868,9261.65087890625
final_only,767,0.0008924694848246872,0.0008924694848246872,42.923439025878906,1e-05,1.0,74.71645680000074,9261.65087890625
final_only,768,0.0003674974723253399,0.0003674974723253399,41.832855224609375,1e-05,1.0,74.81189659994561,9261.65087890625
final_only,769,0.00185284239705652,0.00185284239705652,42.166168212890625,1e-05,1.0,74.90762079996057,9261.65087890625
final_only,770,0.00344454706646502,0.00344454706646502,42.4971923828125,1e-05,1.0,75.0040413000388,9261.65087890625
final_only,771,0.00034665700513869524,0.00034665700513869524,42.560428619384766,1e-05,1.0,75.09913190000225,9261.65087890625
final_only,772,0.00032399699557572603,0.00032399699557572603,42.12056350708008,1e-05,1.0,75.19493110000622,9261.65087890625
final_only,773,8.496948430547491e-05,8.496948430547491e-05,43.83427429199219,1e-05,1.0,75.29026259994134,9261.65087890625
final_only,774,0.0005251950933597982,0.0005251950933597982,42.76514434814453,1e-05,1.0,75.38546579994727,9261.65087890625
final_only,775,0.00016249576583504677,0.00016249576583504677,41.46010971069336,1e-05,1.0,75.48099469998851,9261.65087890625
final_only,776,0.0024442155845463276,0.0024442155845463276,42.4488639831543,1e-05,1.0,75.57608529995196,9261.65087890625
final_only,777,0.00022982736118137836,0.00022982736118137836,43.129940032958984,1e-05,1.0,75.67146099999081,9261.65087890625
final_only,778,0.005177857354283333,0.005177857354283333,43.382408142089844,1e-05,1.0,75.76701760001015,9261.65087890625
final_only,779,0.0002665672218427062,0.0002665672218427062,41.42519760131836,1e-05,1.0,75.8625453999266,9261.65087890625
final_only,780,0.0004249736957717687,0.0004249736957717687,41.482574462890625,1e-05,1.0,75.95760059996974,9261.65087890625
final_only,781,0.00017589551862329245,0.00017589551862329245,42.577274322509766,1e-05,1.0,76.05433660000563,9261.65087890625
final_only,782,0.0005845138803124428,0.0005845138803124428,41.6071662902832,1e-05,1.0,76.1501344999997,9261.65087890625
final_only,783,0.00046463700709864497,0.00046463700709864497,43.10569763183594,1e-05,1.0,76.24602399999276,9261.65087890625
final_only,784,0.00042148755164816976,0.00042148755164816976,42.828189849853516,1e-05,1.0,76.34113970003091,9261.65087890625
final_only,785,0.00013437852612696588,0.00013437852612696588,41.921810150146484,1e-05,1.0,76.43685649998952,9261.65087890625
final_only,786,0.00010015524458140135,0.00010015524458140135,42.15058517456055,1e-05,1.0,76.53240469994489,9261.65087890625
final_only,787,0.00016406105714850128,0.00016406105714850128,41.44641876220703,1e-05,1.0,76.6284368999768,9261.65087890625
final_only,788,0.00010138187644770369,0.00010138187644770369,42.785011291503906,1e-05,1.0,76.72441439994145,9261.65087890625
final_only,789,0.0009818905964493752,0.0009818905964493752,43.78252029418945,1e-05,1.0,76.82035739999264,9261.65087890625
final_only,790,0.00023936451179906726,0.00023936451179906726,41.85165786743164,1e-05,1.0,76.91634560003877,9261.65087890625
final_only,791,0.001050658873282373,0.001050658873282373,43.18428421020508,1e-05,1.0,77.0123115000315,9261.65087890625
final_only,792,0.0003074904961977154,0.0003074904961977154,43.626075744628906,1e-05,1.0,77.10886549996212,9261.65087890625
final_only,793,0.0005658703157678246,0.0005658703157678246,42.87042236328125,1e-05,1.0,77.20568290003575,9261.65087890625
final_only,794,0.0003935756394639611,0.0003935756394639611,42.0968017578125,1e-05,1.0,77.30143270001281,9261.65087890625
final_only,795,0.0010387202491983771,0.0010387202491983771,41.39881134033203,1e-05,1.0,77.39709700003732,9261.65087890625
final_only,796,0.0003613776352722198,0.0003613776352722198,42.62284851074219,1e-05,1.0,77.49454300000798,9261.65087890625
final_only,797,0.0007616832153871655,0.0007616832153871655,43.48542785644531,1e-05,1.0,77.58979360002559,9261.65087890625
final_only,798,0.0010083101224154234,0.0010083101224154234,41.45880126953125,1e-05,1.0,77.68653820001055,9261.65087890625
final_only,799,0.0003999615728389472,0.0003999615728389472,42.84307098388672,1e-05,1.0,77.78189849993214,9261.65087890625
final_only,800,0.00017779978225007653,0.00017779978225007653,42.42788314819336,1e-05,1.0,77.8779544000281,9261.65087890625
final_only,801,0.0011178066488355398,0.0011178066488355398,43.88170623779297,1e-05,1.0,77.97452109993901,9261.65087890625
final_only,802,0.0004944816464558244,0.0004944816464558244,41.5359001159668,1e-05,1.0,78.06999729992822,9261.65087890625
final_only,803,0.00024087329802569002,0.00024087329802569002,42.72687911987305,1e-05,1.0,78.16578839998692,9261.65087890625
final_only,804,0.0011147528421133757,0.0011147528421133757,40.50834274291992,1e-05,1.0,78.26155639998615,9261.65087890625
final_only,805,0.0002265974908368662,0.0002265974908368662,43.00955581665039,1e-05,1.0,78.35681909997948,9261.65087890625
final_only,806,0.012075982056558132,0.012075982056558132,42.01166534423828,1e-05,1.0,78.45354949997272,9261.65087890625
final_only,807,0.00024325301637873054,0.00024325301637873054,41.96940231323242,1e-05,1.0,78.5508916999679,9261.65087890625
final_only,808,0.0003268682339694351,0.0003268682339694351,42.7168083190918,1e-05,1.0,78.64631630002987,9261.65087890625
final_only,809,0.00018469271890353411,0.00018469271890353411,41.62906265258789,1e-05,1.0,78.74262739997357,9261.65087890625
final_only,810,0.00013167024007998407,0.00013167024007998407,41.07649230957031,1e-05,1.0,78.83921400003601,9261.65087890625
final_only,811,0.0007957833586260676,0.0007957833586260676,41.556854248046875,1e-05,1.0,78.93522749992553,9261.65087890625
final_only,812,0.000700675300322473,0.000700675300322473,42.74452590942383,1e-05,1.0,79.0323712999234,9261.65087890625
final_only,813,0.0002803723909892142,0.0002803723909892142,42.56183624267578,1e-05,1.0,79.12832559994422,9261.65087890625
final_only,814,0.0005061262636445463,0.0005061262636445463,40.652130126953125,1e-05,1.0,79.22425760002807,9261.65087890625
final_only,815,0.00020036757632624358,0.00020036757632624358,43.00933074951172,1e-05,1.0,79.32077510003,9261.65087890625
final_only,816,0.0002020040701609105,0.0002020040701609105,42.76808166503906,1e-05,1.0,79.41656299994793,9261.65087890625
final_only,817,0.00016195289208553731,0.00016195289208553731,42.12904357910156,1e-05,1.0,79.51270109997131,9261.65087890625
final_only,818,0.0002712080313358456,0.0002712080313358456,42.080650329589844,1e-05,1.0,79.60856289998628,9261.65087890625
final_only,819,0.00024678782210685313,0.00024678782210685313,42.11677551269531,1e-05,1.0,79.70408449997194,9261.65087890625
final_only,820,0.0009456408442929387,0.0009456408442929387,42.929893493652344,1e-05,1.0,79.80199599999469,9261.65087890625
final_only,821,0.0004538254870567471,0.0004538254870567471,43.6960334777832,1e-05,1.0,79.89820729999337,9261.65087890625
final_only,822,0.0010806238278746605,0.0010806238278746605,41.03135681152344,1e-05,1.0,79.99585429998115,9261.65087890625
final_only,823,0.00034784385934472084,0.00034784385934472084,39.928627014160156,1e-05,1.0,80.0921909000026,9261.65087890625
final_only,824,0.00042325095273554325,0.00042325095273554325,41.769813537597656,1e-05,1.0,80.18861529999413,9261.65087890625
final_only,825,0.0018244879320263863,0.0018244879320263863,39.24992370605469,1e-05,1.0,80.28551620000508,9261.65087890625
final_only,826,0.00044944023829884827,0.00044944023829884827,42.387298583984375,1e-05,1.0,80.381804500008,9261.65087890625
final_only,827,0.00045812426833435893,0.00045812426833435893,43.1680793762207,1e-05,1.0,80.47716230002698,9261.65087890625
final_only,828,0.0006015531253069639,0.0006015531253069639,40.47822570800781,1e-05,1.0,80.5726140999468,9261.65087890625
final_only,829,0.000246992742177099,0.000246992742177099,43.84288024902344,1e-05,1.0,80.66913970001042,9261.65087890625
final_only,830,0.0002792789018712938,0.0002792789018712938,40.216529846191406,1e-05,1.0,80.76441529998556,9261.65087890625
final_only,831,0.00020033319015055895,0.00020033319015055895,43.291778564453125,1e-05,1.0,80.86072300001979,9261.65087890625
final_only,832,0.00033937141415663064,0.00033937141415663064,42.06602478027344,1e-05,1.0,80.95714229997247,9261.65087890625
final_only,833,0.0003542820049915463,0.0003542820049915463,41.50666046142578,1e-05,1.0,81.05333819997031,9261.65087890625
final_only,834,0.0003320743562653661,0.0003320743562653661,41.709571838378906,1e-05,1.0,81.1489657999482,9261.65087890625
final_only,835,0.0004383951018098742,0.0004383951018098742,43.43400192260742,1e-05,1.0,81.24453239992727,9261.65087890625
final_only,836,0.0001710442447802052,0.0001710442447802052,41.178985595703125,1e-05,1.0,81.34050259995274,9261.65087890625
final_only,837,7.219837425509468e-05,7.219837425509468e-05,43.883995056152344,1e-05,1.0,81.43581870000344,9261.65087890625
final_only,838,0.0004893596633337438,0.0004893596633337438,41.97215270996094,1e-05,1.0,81.5329343000194,9261.65087890625
final_only,839,0.00162831402849406,0.00162831402849406,42.14616012573242,1e-05,1.0,81.62972820003051,9261.65087890625
final_only,840,0.0013884843792766333,0.0013884843792766333,41.39568328857422,1e-05,1.0,81.72534909995738,9261.65087890625
final_only,841,0.0003409125783946365,0.0003409125783946365,40.27596664428711,1e-05,1.0,81.82047119992785,9261.65087890625
final_only,842,0.00024527046480216086,0.00024527046480216086,41.35672378540039,1e-05,1.0,81.91635359998327,9261.65087890625
final_only,843,0.00015667577099520713,0.00015667577099520713,41.727684020996094,1e-05,1.0,82.01344579993747,9261.65087890625
final_only,844,0.0004443541693035513,0.0004443541693035513,43.049983978271484,1e-05,1.0,82.10894479998387,9261.65087890625
final_only,845,0.0004939510254189372,0.0004939510254189372,41.66489791870117,1e-05,1.0,82.2056675000349,9261.65087890625
final_only,846,0.00016742122534196824,0.00016742122534196824,44.050472259521484,1e-05,1.0,82.30131639994215,9261.65087890625
final_only,847,0.00026722520124167204,0.00026722520124167204,43.741249084472656,1e-05,1.0,82.39754309994169,9261.65087890625
final_only,848,0.00016374931146856397,0.00016374931146856397,43.08589172363281,1e-05,1.0,82.49349010002334,9261.65087890625
final_only,849,0.0002489170874468982,0.0002489170874468982,43.38176727294922,1e-05,1.0,82.58911479997914,9261.65087890625
final_only,850,0.00020243505423422903,0.00020243505423422903,40.737457275390625,1e-05,1.0,82.68524469994009,9261.65087890625
final_only,851,0.0008165539475157857,0.0008165539475157857,41.44740295410156,1e-05,1.0,82.78118749998976,9261.65087890625
final_only,852,0.001615492277778685,0.001615492277778685,42.73344421386719,1e-05,1.0,82.87705759995151,9261.65087890625
final_only,853,0.000638900208286941,0.000638900208286941,41.31744384765625,1e-05,1.0,82.97389409993775,9261.65087890625
final_only,854,9.304833656642586e-05,9.304833656642586e-05,45.40486526489258,1e-05,1.0,83.06961989996489,9261.65087890625
final_only,855,0.00010374457633588463,0.00010374457633588463,44.74301528930664,1e-05,1.0,83.16807769995648,9261.65087890625
final_only,856,0.00023191908258013427,0.00023191908258013427,42.10652542114258,1e-05,1.0,83.26450559997465,9261.65087890625
final_only,857,0.00012633399455808103,0.00012633399455808103,42.8222541809082,1e-05,1.0,83.36053479998372,9261.65087890625
final_only,858,0.0023565730080008507,0.0023565730080008507,41.39794158935547,1e-05,1.0,83.4563252000371,9261.65087890625
final_only,859,0.00019276824605185539,0.00019276824605185539,41.26137161254883,1e-05,1.0,83.55373729998246,9261.65087890625
final_only,860,0.0003421238507144153,0.0003421238507144153,41.11213684082031,1e-05,1.0,83.64949730003718,9261.65087890625
final_only,861,0.000605264212936163,0.000605264212936163,43.14434051513672,1e-05,1.0,83.74493239994626,9261.65087890625
final_only,862,0.0011725432705134153,0.0011725432705134153,43.54834747314453,1e-05,1.0,83.84062239993364,9261.65087890625
final_only,863,0.0002824959810823202,0.0002824959810823202,43.68239974975586,1e-05,1.0,83.93648289993871,9261.65087890625
final_only,864,0.0006611997378058732,0.0006611997378058732,42.581565856933594,1e-05,1.0,84.03293889993802,9261.65087890625
final_only,865,0.000234938197536394,0.000234938197536394,42.19210433959961,1e-05,1.0,84.12870080000721,9261.65087890625
final_only,866,0.0002041099505731836,0.0002041099505731836,42.376670837402344,1e-05,1.0,84.22491270001046,9261.65087890625
final_only,867,0.00043011095840483904,0.00043011095840483904,41.3914909362793,1e-05,1.0,84.32085030002054,9261.65087890625
final_only,868,0.0005035373033024371,0.0005035373033024371,40.402374267578125,1e-05,1.0,84.4171472999733,9261.65087890625
final_only,869,0.00017599243437871337,0.00017599243437871337,40.8332405090332,1e-05,1.0,84.51214160001837,9261.65087890625
final_only,870,0.00029145239386707544,0.00029145239386707544,43.40287780761719,1e-05,1.0,84.60827640001662,9261.65087890625
final_only,871,0.0004650261253118515,0.0004650261253118515,41.317962646484375,1e-05,1.0,84.70478080003522,9261.65087890625
final_only,872,0.0005492368363775313,0.0005492368363775313,40.12492370605469,1e-05,1.0,84.80001759994775,9261.65087890625
final_only,873,0.0011334148002788424,0.0011334148002788424,41.49810028076172,1e-05,1.0,84.89518049999606,9261.65087890625
final_only,874,3.594479858293198e-05,3.594479858293198e-05,43.265296936035156,1e-05,1.0,84.99175839999225,9261.65087890625
final_only,875,0.0002652603143360466,0.0002652603143360466,42.049686431884766,1e-05,1.0,85.08883409993723,9261.65087890625
final_only,876,0.00017778821347746998,0.00017778821347746998,41.86827850341797,1e-05,1.0,85.18471199995838,9261.65087890625
final_only,877,0.0009626910905353725,0.0009626910905353725,41.91790771484375,1e-05,1.0,85.28077359998133,9261.65087890625
final_only,878,0.0009178631007671356,0.0009178631007671356,42.575416564941406,1e-05,1.0,85.37661539996043,9261.65087890625
final_only,879,0.0002504008880350739,0.0002504008880350739,44.114501953125,1e-05,1.0,85.47837599995546,9261.65087890625
final_only,880,0.0002409077133052051,0.0002409077133052051,40.84107971191406,1e-05,1.0,85.58039559994359,9261.65087890625
final_only,881,0.0006491849198937416,0.0006491849198937416,40.80473327636719,1e-05,1.0,85.67803519999143,9261.65087890625
final_only,882,0.0012282937532290816,0.0012282937532290816,41.9800910949707,1e-05,1.0,85.77395669999532,9261.65087890625
final_only,883,0.0005704872310161591,0.0005704872310161591,43.546180725097656,1e-05,1.0,85.86983829992823,9261.65087890625
final_only,884,0.00014358652697410434,0.00014358652697410434,42.94865036010742,1e-05,1.0,85.96483129996341,9261.65087890625
final_only,885,0.0003967040975112468,0.0003967040975112468,42.6553955078125,1e-05,1.0,86.06194589997176,9261.65087890625
final_only,886,0.0004977189237251878,0.0004977189237251878,42.45838165283203,1e-05,1.0,86.15866850002203,9261.65087890625
final_only,887,0.00041158043313771486,0.00041158043313771486,42.61406707763672,1e-05,1.0,86.25450269994326,9261.65087890625
final_only,888,0.00377982622012496,0.00377982622012496,43.212646484375,1e-05,1.0,86.34992019995116,9261.65087890625
final_only,889,0.00016587738355156034,0.00016587738355156034,43.216766357421875,1e-05,1.0,86.44550789997447,9261.65087890625
final_only,890,0.0002272693527629599,0.0002272693527629599,45.5359001159668,1e-05,1.0,86.54077289998531,9261.65087890625
final_only,891,0.00010428724635858089,0.00010428724635858089,41.29499816894531,1e-05,1.0,86.63575250003487,9261.65087890625
final_only,892,0.0003527128719724715,0.0003527128719724715,42.082786560058594,1e-05,1.0,86.73204519995488,9261.65087890625
final_only,893,0.00020439078798517585,0.00020439078798517585,43.122947692871094,1e-05,1.0,86.82793399994262,9261.65087890625
final_only,894,0.000214904808672145,0.000214904808672145,43.64985656738281,1e-05,1.0,86.9236364000244,9261.65087890625
final_only,895,0.0001857767638284713,0.0001857767638284713,41.26629638671875,1e-05,1.0,87.0191640999401,9261.65087890625
final_only,896,0.00017885208944790065,0.00017885208944790065,43.48713302612305,1e-05,1.0,87.11443630000576,9261.65087890625
final_only,897,0.00037362813600338995,0.00037362813600338995,42.33654022216797,1e-05,1.0,87.21110820001923,9261.65087890625
final_only,898,0.00022020775941200554,0.00022020775941200554,41.10621643066406,1e-05,1.0,87.30634729994927,9261.65087890625
final_only,899,0.0004561719251796603,0.0004561719251796603,42.88882827758789,1e-05,1.0,87.40296690003015,9261.65087890625
final_only,900,0.00010433882562210783,0.00010433882562210783,45.31125259399414,1e-05,1.0,87.50016880000476,9261.65087890625
final_only,901,0.00020535809744615108,0.00020535809744615108,42.222835540771484,1e-05,1.0,87.59661439992487,9261.65087890625
final_only,902,0.00023956014774739742,0.00023956014774739742,43.85834503173828,1e-05,1.0,87.69291909993626,9261.65087890625
final_only,903,7.255805394379422e-05,7.255805394379422e-05,41.43566131591797,1e-05,1.0,87.78994029993191,9261.65087890625
final_only,904,0.0002868979354389012,0.0002868979354389012,41.520877838134766,1e-05,1.0,87.88648959994316,9261.65087890625
final_only,905,0.00013182091061025858,0.00013182091061025858,41.70392608642578,1e-05,1.0,87.98288000002503,9261.65087890625
final_only,906,0.0008529517217539251,0.0008529517217539251,41.913726806640625,1e-05,1.0,88.07961020001676,9261.65087890625
final_only,907,0.00013561977539211512,0.00013561977539211512,39.406951904296875,1e-05,1.0,88.17620290000923,9261.65087890625
final_only,908,0.001555522670969367,0.001555522670969367,41.706565856933594,1e-05,1.0,88.27318519994151,9261.65087890625
final_only,909,0.0002070517948595807,0.0002070517948595807,40.737239837646484,1e-05,1.0,88.36879310000222,9261.65087890625
final_only,910,0.00351454084739089,0.00351454084739089,42.75181198120117,1e-05,1.0,88.46549049997702,9261.65087890625
final_only,911,0.010017137974500656,0.010017137974500656,41.51893997192383,1e-05,1.0,88.56314590002876,9261.65087890625
final_only,912,0.0002276179875480011,0.0002276179875480011,43.15146255493164,1e-05,1.0,88.65916159993503,9261.65087890625
final_only,913,0.00013482026406563818,0.00013482026406563818,40.77887725830078,1e-05,1.0,88.75509099999908,9261.65087890625
final_only,914,0.000467111385660246,0.000467111385660246,41.45387268066406,1e-05,1.0,88.85068829997908,9261.65087890625
final_only,915,0.0001679958077147603,0.0001679958077147603,43.132266998291016,1e-05,1.0,88.9454728999408,9261.65087890625
final_only,916,0.00021000382548663765,0.00021000382548663765,42.92957305908203,1e-05,1.0,89.04222850000951,9261.65087890625
final_only,917,0.0004170717438682914,0.0004170717438682914,41.90642547607422,1e-05,1.0,89.13790899992455,9261.65087890625
final_only,918,5.855311610503122e-05,5.855311610503122e-05,41.56336975097656,1e-05,1.0,89.23406980000436,9261.65087890625
final_only,919,0.00023458858777303249,0.00023458858777303249,41.31163787841797,1e-05,1.0,89.32883679994848,9261.65087890625
final_only,920,5.8709156292025e-05,5.8709156292025e-05,42.314781188964844,1e-05,1.0,89.42429629992694,9261.65087890625
final_only,921,0.001746506430208683,0.001746506430208683,41.820003509521484,1e-05,1.0,89.51945090002846,9261.65087890625
final_only,922,0.0010818765731528401,0.0010818765731528401,42.26649856567383,1e-05,1.0,89.61444669996854,9261.65087890625
final_only,923,0.00019875544239766896,0.00019875544239766896,43.397438049316406,1e-05,1.0,89.71005350002088,9261.65087890625
final_only,924,0.00017315542208962142,0.00017315542208962142,43.08185577392578,1e-05,1.0,89.80740349995904,9261.65087890625
final_only,925,0.00020002761448267847,0.00020002761448267847,42.899051666259766,1e-05,1.0,89.90306389995385,9261.65087890625
final_only,926,0.0002350646536797285,0.0002350646536797285,42.5397834777832,1e-05,1.0,89.99871790001635,9261.65087890625
final_only,927,0.00012432268704287708,0.00012432268704287708,42.179317474365234,1e-05,1.0,90.09399019996636,9261.65087890625
final_only,928,0.0008340206695720553,0.0008340206695720553,42.34757614135742,1e-05,1.0,90.18975629995111,9261.65087890625
final_only,929,0.000939071411266923,0.000939071411266923,41.20081329345703,1e-05,1.0,90.28510790003929,9261.65087890625
final_only,930,0.00018483294115867466,0.00018483294115867466,43.25114440917969,1e-05,1.0,90.37985689996276,9261.65087890625
final_only,931,0.0001244570012204349,0.0001244570012204349,40.88459777832031,1e-05,1.0,90.47483560000546,9261.65087890625
final_only,932,0.0003525910433381796,0.0003525910433381796,43.69944763183594,1e-05,1.0,90.56949319993146,9261.65087890625
final_only,933,0.000194695865502581,0.000194695865502581,42.030826568603516,1e-05,1.0,90.66492160002235,9261.65087890625
final_only,934,0.0007464321097359061,0.0007464321097359061,43.283592224121094,1e-05,1.0,90.76114209997468,9261.65087890625
final_only,935,0.00048759669880382717,0.00048759669880382717,41.83234405517578,1e-05,1.0,90.85665730002802,9261.65087890625
final_only,936,0.00031121025676839054,0.00031121025676839054,41.72862243652344,1e-05,1.0,90.95201869995799,9261.65087890625
final_only,937,0.0003520846366882324,0.0003520846366882324,40.56013488769531,1e-05,1.0,91.04752070002723,9261.65087890625
final_only,938,0.00018973916303366423,0.00018973916303366423,41.89809036254883,1e-05,1.0,91.14275130000897,9261.65087890625
final_only,939,0.00032685825135558844,0.00032685825135558844,43.35304641723633,1e-05,1.0,91.23905179998837,9261.65087890625
final_only,940,0.000233602273510769,0.000233602273510769,41.97322463989258,1e-05,1.0,91.33410490001552,9261.65087890625
final_only,941,0.00014482667029369622,0.00014482667029369622,41.28563690185547,1e-05,1.0,91.42924199998379,9261.65087890625
final_only,942,0.0002641954051796347,0.0002641954051796347,41.30794906616211,1e-05,1.0,91.52379819995258,9261.65087890625
final_only,943,0.0003338910755701363,0.0003338910755701363,42.60795974731445,1e-05,1.0,91.61946850002278,9261.65087890625
final_only,944,0.0004842976341024041,0.0004842976341024041,41.84621810913086,1e-05,1.0,91.71464050002396,9261.65087890625
final_only,945,0.0002905374567490071,0.0002905374567490071,42.435333251953125,1e-05,1.0,91.81020659999922,9261.65087890625
final_only,946,8.84254404809326e-05,8.84254404809326e-05,42.87052536010742,1e-05,1.0,91.9046604000032,9261.65087890625
final_only,947,0.0012609537225216627,0.0012609537225216627,40.23271560668945,1e-05,1.0,92.00053520000074,9261.65087890625
final_only,948,0.0006838002591393888,0.0006838002591393888,42.62915802001953,1e-05,1.0,92.09632619994227,9261.65087890625
final_only,949,0.0003788586182054132,0.0003788586182054132,40.98475646972656,1e-05,1.0,92.19150760001503,9261.65087890625
final_only,950,0.0011387611739337444,0.0011387611739337444,41.775596618652344,1e-05,1.0,92.28684750001412,9261.65087890625
final_only,951,0.00015116941358428448,0.00015116941358428448,43.17769241333008,1e-05,1.0,92.38285679998808,9261.65087890625
final_only,952,0.00010165861749555916,0.00010165861749555916,41.33916473388672,1e-05,1.0,92.4778449999867,9261.65087890625
final_only,953,0.0006638888735324144,0.0006638888735324144,44.05381774902344,1e-05,1.0,92.57245640002657,9261.65087890625
final_only,954,0.00019691913621500134,0.00019691913621500134,42.13414001464844,1e-05,1.0,92.66787749994546,9261.65087890625
final_only,955,0.0009886046173051,0.0009886046173051,43.40520477294922,1e-05,1.0,92.76376280002296,9261.65087890625
final_only,956,0.00027560099260881543,0.00027560099260881543,41.4892578125,1e-05,1.0,92.85827029997017,9261.65087890625
final_only,957,0.00024344702251255512,0.00024344702251255512,42.26499938964844,1e-05,1.0,92.953474799986,9261.65087890625
final_only,958,0.0002492792846169323,0.0002492792846169323,42.415794372558594,1e-05,1.0,93.04981510003563,9261.65087890625
final_only,959,0.0030243603978306055,0.0030243603978306055,40.6094856262207,1e-05,1.0,93.1453640999971,9261.65087890625
final_only,960,0.00032933431793935597,0.00032933431793935597,44.32255172729492,1e-05,1.0,93.24076690000948,9261.65087890625
final_only,961,0.0012621489586308599,0.0012621489586308599,41.584224700927734,1e-05,1.0,93.33644919993822,9261.65087890625
final_only,962,0.00047454677405767143,0.00047454677405767143,43.050987243652344,1e-05,1.0,93.43178410001565,9261.65087890625
final_only,963,6.830361962784082e-05,6.830361962784082e-05,43.12383270263672,1e-05,1.0,93.52630669996142,9261.65087890625
final_only,964,0.00021088428911753,0.00021088428911753,42.766571044921875,1e-05,1.0,93.62196160003077,9261.65087890625
final_only,965,0.0006357412785291672,0.0006357412785291672,43.495941162109375,1e-05,1.0,93.71760660002474,9261.65087890625
final_only,966,0.0003159859334118664,0.0003159859334118664,40.03310775756836,1e-05,1.0,93.8136348000262,9261.65087890625
final_only,967,0.00036908139009028673,0.00036908139009028673,43.00697326660156,1e-05,1.0,93.91034079995006,9261.65087890625
final_only,968,0.0011077455710619688,0.0011077455710619688,44.07773208618164,1e-05,1.0,94.00725070002954,9261.65087890625
final_only,969,0.000301662104902789,0.000301662104902789,40.58720397949219,1e-05,1.0,94.10270789999049,9261.65087890625
final_only,970,0.00019819715816993266,0.00019819715816993266,41.82217025756836,1e-05,1.0,94.19857290002983,9261.65087890625
final_only,971,8.902682748157531e-05,8.902682748157531e-05,44.69843292236328,1e-05,1.0,94.29357640002854,9261.65087890625
final_only,972,0.000671088753733784,0.000671088753733784,41.55015563964844,1e-05,1.0,94.38874940003734,9261.65087890625
final_only,973,0.00014474315685220063,0.00014474315685220063,44.24559020996094,1e-05,1.0,94.4841899999883,9261.65087890625
final_only,974,0.0006932740216143429,0.0006932740216143429,43.36281967163086,1e-05,1.0,94.57919880002737,9261.65087890625
final_only,975,0.0007575149647891521,0.0007575149647891521,43.169227600097656,1e-05,1.0,94.67415919993073,9261.65087890625
final_only,976,0.00026414799503982067,0.00026414799503982067,43.60832595825195,1e-05,1.0,94.76977869996335,9261.65087890625
final_only,977,0.0002626302884891629,0.0002626302884891629,40.864078521728516,1e-05,1.0,94.86422260000836,9261.65087890625
final_only,978,0.0001869180123321712,0.0001869180123321712,40.41862869262695,1e-05,1.0,94.96010629995726,9261.65087890625
final_only,979,0.00017947140440810472,0.00017947140440810472,43.4918212890625,1e-05,1.0,95.05612660001498,9261.65087890625
final_only,980,0.00015550004900433123,0.00015550004900433123,40.816383361816406,1e-05,1.0,95.15111570002045,9261.65087890625
final_only,981,0.0008892006007954478,0.0008892006007954478,43.07548141479492,1e-05,1.0,95.24663439998403,9261.65087890625
final_only,982,0.0004184651770628989,0.0004184651770628989,42.14627456665039,1e-05,1.0,95.34288010001183,9261.65087890625
final_only,983,0.00017178792040795088,0.00017178792040795088,44.62200927734375,1e-05,1.0,95.43841529998463,9261.65087890625
final_only,984,0.00042818329529836774,0.00042818329529836774,43.98617172241211,1e-05,1.0,95.53314079996198,9261.65087890625
final_only,985,0.00021202942298259586,0.00021202942298259586,44.78779602050781,1e-05,1.0,95.62910749996081,9261.65087890625
final_only,986,0.00018998603627551347,0.00018998603627551347,43.4549560546875,1e-05,1.0,95.72437219996937,9261.65087890625
final_only,987,0.000373605580534786,0.000373605580534786,42.17316436767578,1e-05,1.0,95.81899950001389,9261.65087890625
final_only,988,8.223188342526555e-05,8.223188342526555e-05,42.72306823730469,1e-05,1.0,95.91427820001263,9261.65087890625
final_only,989,0.00014113125507719815,0.00014113125507719815,43.84785461425781,1e-05,1.0,96.01061779994052,9261.65087890625
final_only,990,0.0002941182174254209,0.0002941182174254209,43.517578125,1e-05,1.0,96.10574209992774,9261.65087890625
final_only,991,0.00026963057462126017,0.00026963057462126017,42.19779968261719,1e-05,1.0,96.20139249996282,9261.65087890625
final_only,992,0.000518382410518825,0.000518382410518825,42.88957214355469,1e-05,1.0,96.29705850000028,9261.65087890625
final_only,993,0.0001365121715934947,0.0001365121715934947,42.91079330444336,1e-05,1.0,96.39200190000702,9261.65087890625
final_only,994,0.0001625693403184414,0.0001625693403184414,43.1300163269043,1e-05,1.0,96.48706569999922,9261.65087890625
final_only,995,0.00015774775238242,0.00015774775238242,43.42881774902344,1e-05,1.0,96.58158639993053,9261.65087890625
final_only,996,0.0006656883051618934,0.0006656883051618934,40.60627365112305,1e-05,1.0,96.6765299999388,9261.65087890625
final_only,997,0.00022265857842285186,0.00022265857842285186,44.17963790893555,1e-05,1.0,96.77166939992458,9261.65087890625
final_only,998,0.00012195105955470353,0.00012195105955470353,44.057193756103516,1e-05,1.0,96.86711280001327,9261.65087890625
final_only,999,0.00017630805086810142,0.00017630805086810142,44.42713165283203,1e-05,1.0,96.96259659994394,9261.65087890625
final_only,1000,0.00030420851544477046,0.00030420851544477046,43.0313720703125,1e-05,1.0,97.05902029993013,9261.65087890625
final_only,1001,9.398259862791747e-05,9.398259862791747e-05,42.144466400146484,1e-05,1.0,98.52438540000003,9261.65087890625
final_only,1002,0.00039567382191307843,0.00039567382191307843,42.85727310180664,1e-05,1.0,98.6204670999432,9261.65087890625
final_only,1003,8.83832253748551e-05,8.83832253748551e-05,45.168968200683594,1e-05,1.0,98.71563669992611,9261.65087890625
final_only,1004,0.0001364622003166005,0.0001364622003166005,43.95762634277344,1e-05,1.0,98.81161460001022,9261.65087890625
final_only,1005,8.147410699166358e-05,8.147410699166358e-05,41.38229751586914,1e-05,1.0,98.90670659998432,9261.65087890625
final_only,1006,6.895451952004805e-05,6.895451952004805e-05,43.77738952636719,1e-05,1.0,99.00189820001833,9261.65087890625
final_only,1007,0.0006561652407981455,0.0006561652407981455,41.55995559692383,1e-05,1.0,99.09779919998255,9261.65087890625
final_only,1008,0.00070148054510355,0.00070148054510355,44.889015197753906,1e-05,1.0,99.19293289992493,9261.65087890625
final_only,1009,0.0001589568128110841,0.0001589568128110841,43.40780258178711,1e-05,1.0,99.28887239994947,9261.65087890625
final_only,1010,0.00015439439448527992,0.00015439439448527992,43.581207275390625,1e-05,1.0,99.38395289995242,9261.65087890625
final_only,1011,0.0001448874536436051,0.0001448874536436051,44.387733459472656,1e-05,1.0,99.47913069999777,9261.65087890625
final_only,1012,0.00017104212020058185,0.00017104212020058185,44.11366653442383,1e-05,1.0,99.57383220002521,9261.65087890625
final_only,1013,0.001783063285984099,0.001783063285984099,42.050838470458984,1e-05,1.0,99.6692553999601,9261.65087890625
final_only,1014,0.00016539503121748567,0.00016539503121748567,45.467159271240234,1e-05,1.0,99.76442589994986,9261.65087890625
final_only,1015,8.392029121750966e-05,8.392029121750966e-05,43.11172866821289,1e-05,1.0,99.85896999994293,9261.65087890625
final_only,1016,0.0002949629270005971,0.0002949629270005971,42.32042694091797,1e-05,1.0,99.95401769992895,9261.65087890625
final_only,1017,0.0007148347212933004,0.0007148347212933004,40.25187683105469,1e-05,1.0,100.05050100001972,9261.65087890625
final_only,1018,0.0003302902332507074,0.0003302902332507074,43.11164855957031,1e-05,1.0,100.14565329998732,9261.65087890625
final_only,1019,0.0002316964091733098,0.0002316964091733098,42.20549774169922,1e-05,1.0,100.24209880002309,9261.65087890625
final_only,1020,0.00032714236294850707,0.00032714236294850707,44.151092529296875,1e-05,1.0,100.33711129997391,9261.65087890625
final_only,1021,0.00039471598574891686,0.00039471598574891686,42.89352798461914,1e-05,1.0,100.43221430003177,9261.65087890625
final_only,1022,0.00042264978401362896,0.00042264978401362896,43.52122116088867,1e-05,1.0,100.52768249996006,9261.65087890625
final_only,1023,0.00035450945142656565,0.00035450945142656565,41.17527770996094,1e-05,1.0,100.62290289998055,9261.65087890625
final_only,1024,0.00019711352069862187,0.00019711352069862187,43.6531982421875,1e-05,1.0,100.7182239999529,9261.65087890625
final_only,1025,6.312677578534931e-05,6.312677578534931e-05,42.019893646240234,1e-05,1.0,100.8137912999373,9261.65087890625
final_only,1026,8.467827865388244e-05,8.467827865388244e-05,44.41767120361328,1e-05,1.0,100.90832079993561,9261.65087890625
final_only,1027,0.0007363074109889567,0.0007363074109889567,40.87432861328125,1e-05,1.0,101.00460749992635,9261.65087890625
final_only,1028,0.00025699622347019613,0.00025699622347019613,42.5703010559082,1e-05,1.0,101.10003590001725,9261.65087890625
final_only,1029,0.000166201003594324,0.000166201003594324,43.286895751953125,1e-05,1.0,101.1952358999988,9261.65087890625
final_only,1030,0.0010147836292162538,0.0010147836292162538,43.02191162109375,1e-05,1.0,101.29059420002159,9261.65087890625
final_only,1031,0.00016532231529708952,0.00016532231529708952,44.316890716552734,1e-05,1.0,101.38591650000308,9261.65087890625
final_only,1032,0.00018683857342693955,0.00018683857342693955,43.2899169921875,1e-05,1.0,101.48095220001414,9261.65087890625
final_only,1033,0.00044235886889509857,0.00044235886889509857,43.54513931274414,1e-05,1.0,101.57532679999713,9261.65087890625
final_only,1034,6.902244058437645e-05,6.902244058437645e-05,44.03153991699219,1e-05,1.0,101.67182759998832,9261.65087890625
final_only,1035,7.069802086334676e-05,7.069802086334676e-05,42.80973815917969,1e-05,1.0,101.76700689992867,9261.65087890625
final_only,1036,0.0006031877128407359,0.0006031877128407359,41.05731201171875,1e-05,1.0,101.86151119996794,9261.65087890625
final_only,1037,0.00021452701184898615,0.00021452701184898615,43.894439697265625,1e-05,1.0,101.95696049998514,9261.65087890625
final_only,1038,0.00026456982595846057,0.00026456982595846057,42.54499816894531,1e-05,1.0,102.0542341999244,9261.65087890625
final_only,1039,0.00021046951587777585,0.00021046951587777585,42.55157470703125,1e-05,1.0,102.15076200000476,9261.65087890625
final_only,1040,0.00035456707701087,0.00035456707701087,43.01698684692383,1e-05,1.0,102.24624000000767,9261.65087890625
final_only,1041,8.504727884428576e-05,8.504727884428576e-05,42.27873611450195,1e-05,1.0,102.34151389996987,9261.65087890625
final_only,1042,0.00015404963050968945,0.00015404963050968945,44.35601043701172,1e-05,1.0,102.43652530002873,9261.65087890625
final_only,1043,0.00183978455606848,0.00183978455606848,41.590301513671875,1e-05,1.0,102.53201379999518,9261.65087890625
final_only,1044,0.0003553956048563123,0.0003553956048563123,43.07093811035156,1e-05,1.0,102.62674300000072,9261.65087890625
final_only,1045,0.00023259920999407768,0.00023259920999407768,43.221107482910156,1e-05,1.0,102.72237079998013,9261.65087890625
final_only,1046,0.00011655384150799364,0.00011655384150799364,42.36896514892578,1e-05,1.0,102.81805909995455,9261.65087890625
final_only,1047,0.0001923908421304077,0.0001923908421304077,43.16611862182617,1e-05,1.0,102.91271930001676,9261.65087890625
final_only,1048,0.00019132671877741814,0.00019132671877741814,41.969268798828125,1e-05,1.0,103.00884619995486,9261.65087890625
final_only,1049,0.0004070682916790247,0.0004070682916790247,44.62033462524414,1e-05,1.0,103.10345860000234,9261.65087890625
final_only,1050,0.00011946850281674415,0.00011946850281674415,42.123382568359375,1e-05,1.0,103.19913500000257,9261.65087890625
final_only,1051,0.0001269601925741881,0.0001269601925741881,42.51066970825195,1e-05,1.0,103.29590030002873,9261.65087890625
final_only,1052,9.443683666177094e-05,9.443683666177094e-05,43.18492126464844,1e-05,1.0,103.39106930000708,9261.65087890625
final_only,1053,0.00022028977400623262,0.00022028977400623262,41.26512908935547,1e-05,1.0,103.48542159993667,9261.65087890625
final_only,1054,0.00012323491682764143,0.00012323491682764143,40.467315673828125,1e-05,1.0,103.58033239992801,9261.65087890625
final_only,1055,0.00041054835310205817,0.00041054835310205817,41.58262634277344,1e-05,1.0,103.67645899998024,9261.65087890625
final_only,1056,0.0002084373263642192,0.0002084373263642192,42.049400329589844,1e-05,1.0,103.77120660000946,9261.65087890625
final_only,1057,0.0007333944085985422,0.0007333944085985422,41.7988166809082,1e-05,1.0,103.86639600002673,9261.65087890625
final_only,1058,0.00021077068231534213,0.00021077068231534213,41.35879898071289,1e-05,1.0,103.96129689994268,9261.65087890625
final_only,1059,0.0004140939563512802,0.0004140939563512802,42.42156219482422,1e-05,1.0,104.05733680003323,9261.65087890625
final_only,1060,0.0002971338981296867,0.0002971338981296867,42.214332580566406,1e-05,1.0,104.15294719999656,9261.65087890625
final_only,1061,0.0001305503537878394,0.0001305503537878394,41.409706115722656,1e-05,1.0,104.24853859993163,9261.65087890625
final_only,1062,0.0003437731647863984,0.0003437731647863984,41.31910705566406,1e-05,1.0,104.3439561999403,9261.65087890625
final_only,1063,0.0001363572955597192,0.0001363572955597192,43.243812561035156,1e-05,1.0,104.43949349992909,9261.65087890625
final_only,1064,0.0002259272732771933,0.0002259272732771933,43.41804122924805,1e-05,1.0,104.53393639996648,9261.65087890625
final_only,1065,0.0005170492804609239,0.0005170492804609239,43.47169494628906,1e-05,1.0,104.62933919997886,9261.65087890625
final_only,1066,0.00017770324484445155,0.00017770324484445155,42.92271423339844,1e-05,1.0,104.72481809998862,9261.65087890625
final_only,1067,0.00016785148181952536,0.00016785148181952536,42.716209411621094,1e-05,1.0,104.8201446000021,9261.65087890625
final_only,1068,0.00020137209503445774,0.00020137209503445774,41.88034439086914,1e-05,1.0,104.91495360003319,9261.65087890625
final_only,1069,0.0003611964639276266,0.0003611964639276266,44.141563415527344,1e-05,1.0,105.011184199946,9261.65087890625
final_only,1070,9.234798199031502e-05,9.234798199031502e-05,43.465110778808594,1e-05,1.0,105.10695970000234,9261.65087890625
final_only,1071,0.00019090858404524624,0.00019090858404524624,44.496192932128906,1e-05,1.0,105.20213530003093,9261.65087890625
final_only,1072,0.00014847585407551378,0.00014847585407551378,43.02728271484375,1e-05,1.0,105.29784689994995,9261.65087890625
final_only,1073,0.00024311718880198896,0.00024311718880198896,44.08824157714844,1e-05,1.0,105.39328359998763,9261.65087890625
final_only,1074,0.0001602625852683559,0.0001602625852683559,43.17502212524414,1e-05,1.0,105.48810650000814,9261.65087890625
final_only,1075,0.00017315370496362448,0.00017315370496362448,42.22920227050781,1e-05,1.0,105.58359709999058,9261.65087890625
final_only,1076,0.0002111873764079064,0.0002111873764079064,43.149139404296875,1e-05,1.0,105.68009389995132,9261.65087890625
final_only,1077,0.00011297019955236465,0.00011297019955236465,43.96455001831055,1e-05,1.0,105.77494969998952,9261.65087890625
final_only,1078,0.0004342013271525502,0.0004342013271525502,42.07316207885742,1e-05,1.0,105.87051449995488,9261.65087890625
final_only,1079,0.0007989350706338882,0.0007989350706338882,43.9405403137207,1e-05,1.0,105.96580669994,9261.65087890625
final_only,1080,0.00018417359387967736,0.00018417359387967736,41.947933197021484,1e-05,1.0,106.06098239996936,9261.65087890625
final_only,1081,0.0004709847562480718,0.0004709847562480718,42.791465759277344,1e-05,1.0,106.15629409998655,9261.65087890625
final_only,1082,0.00020611300715245306,0.00020611300715245306,41.586814880371094,1e-05,1.0,106.25293179997243,9261.65087890625
final_only,1083,8.876791980583221e-05,8.876791980583221e-05,44.498748779296875,1e-05,1.0,106.34896159998607,9261.65087890625
final_only,1084,8.870578312780708e-05,8.870578312780708e-05,43.11275863647461,1e-05,1.0,106.44382990000304,9261.65087890625
final_only,1085,5.7349934650119394e-05,5.7349934650119394e-05,43.58187484741211,1e-05,1.0,106.53858679998666,9261.65087890625
final_only,1086,8.335102756973356e-05,8.335102756973356e-05,40.8438720703125,1e-05,1.0,106.6340544000268,9261.65087890625
final_only,1087,0.00025981711223721504,0.00025981711223721504,43.82783126831055,1e-05,1.0,106.72965540003497,9261.65087890625
final_only,1088,0.0002277202147524804,0.0002277202147524804,42.031497955322266,1e-05,1.0,106.82434289995581,9261.65087890625
final_only,1089,0.00038814902654848993,0.00038814902654848993,43.85578918457031,1e-05,1.0,106.91960939997807,9261.65087890625
final_only,1090,7.566468411823735e-05,7.566468411823735e-05,45.453468322753906,1e-05,1.0,107.0151078000199,9261.65087890625
final_only,1091,0.00016702746506780386,0.00016702746506780386,42.97290802001953,1e-05,1.0,107.1098745999625,9261.65087890625
final_only,1092,0.000131365392007865,0.000131365392007865,43.90452575683594,1e-05,1.0,107.20593309996184,9261.65087890625
final_only,1093,0.0006233075400814414,0.0006233075400814414,43.311763763427734,1e-05,1.0,107.30157669994514,9261.65087890625
final_only,1094,0.00027370761381462216,0.00027370761381462216,42.82107925415039,1e-05,1.0,107.39633809996303,9261.65087890625
final_only,1095,0.00017592967196833342,0.00017592967196833342,43.020050048828125,1e-05,1.0,107.49140179995447,9261.65087890625
final_only,1096,0.0008354538003914058,0.0008354538003914058,43.83118438720703,1e-05,1.0,107.5863630999811,9261.65087890625
final_only,1097,0.0004288993659429252,0.0004288993659429252,42.560096740722656,1e-05,1.0,107.68291750003118,9261.65087890625
final_only,1098,0.00041399261681362987,0.00041399261681362987,42.003875732421875,1e-05,1.0,107.7777312999824,9261.65087890625
final_only,1099,4.066883775522001e-05,4.066883775522001e-05,40.61168670654297,1e-05,1.0,107.87286480003968,9261.65087890625
final_only,1100,0.00020106071315240115,0.00020106071315240115,45.24224090576172,1e-05,1.0,107.96788949996699,9261.65087890625
final_only,1101,0.00010664091678336263,0.00010664091678336263,43.10309600830078,1e-05,1.0,108.06417120003607,9261.65087890625
final_only,1102,0.00018804574210662395,0.00018804574210662395,41.737060546875,1e-05,1.0,108.16007400001399,9261.65087890625
final_only,1103,0.00047344190534204245,0.00047344190534204245,42.23751449584961,1e-05,1.0,108.25577829999384,9261.65087890625
final_only,1104,0.00029824633384123445,0.00029824633384123445,42.53352737426758,1e-05,1.0,108.35139089997392,9261.65087890625
final_only,1105,0.0002094656229019165,0.0002094656229019165,43.39915466308594,1e-05,1.0,108.44600729993545,9261.65087890625
final_only,1106,0.00015120801981538534,0.00015120801981538534,44.65715026855469,1e-05,1.0,108.54154509992804,9261.65087890625
final_only,1107,0.0002489896724000573,0.0002489896724000573,46.61079406738281,1e-05,1.0,108.63630489993375,9261.65087890625
final_only,1108,0.0001540868979645893,0.0001540868979645893,43.819847106933594,1e-05,1.0,108.73207539995201,9261.65087890625
final_only,1109,0.0013601749669760466,0.0013601749669760466,44.12517547607422,1e-05,1.0,108.82724010001402,9261.65087890625
final_only,1110,0.00024123158073052764,0.00024123158073052764,42.43472671508789,1e-05,1.0,108.92180270003155,9261.65087890625
final_only,1111,0.0003014469111803919,0.0003014469111803919,43.43376922607422,1e-05,1.0,109.01717649993952,9261.65087890625
final_only,1112,6.119638419477269e-05,6.119638419477269e-05,44.756473541259766,1e-05,1.0,109.11264379997738,9261.65087890625
final_only,1113,6.21242361376062e-05,6.21242361376062e-05,44.29009246826172,1e-05,1.0,109.20860469993204,9261.65087890625
final_only,1114,0.00011562242434592918,0.00011562242434592918,41.88922119140625,1e-05,1.0,109.30348529992625,9261.65087890625
final_only,1115,0.00011482028639875352,0.00011482028639875352,43.58204650878906,1e-05,1.0,109.39837399998214,9261.65087890625
final_only,1116,0.0016194372437894344,0.0016194372437894344,42.42377853393555,1e-05,1.0,109.493595500011,9261.65087890625
final_only,1117,0.0003892022941727191,0.0003892022941727191,41.997493743896484,1e-05,1.0,109.58945059997495,9261.65087890625
final_only,1118,0.0008613408426754177,0.0008613408426754177,43.08963394165039,1e-05,1.0,109.68533969996497,9261.65087890625
final_only,1119,0.00010861307964660227,0.00010861307964660227,44.157691955566406,1e-05,1.0,109.78061499993782,9261.65087890625
final_only,1120,9.904126636683941e-05,9.904126636683941e-05,42.343849182128906,1e-05,1.0,109.87524179997854,9261.65087890625
final_only,1121,0.0001429581898264587,0.0001429581898264587,43.04161071777344,1e-05,1.0,109.97103769995738,9261.65087890625
final_only,1122,0.0005263992352411151,0.0005263992352411151,43.396732330322266,1e-05,1.0,110.06646919995546,9261.65087890625
final_only,1123,0.00014042764087207615,0.00014042764087207615,44.13667678833008,1e-05,1.0,110.16235210001469,9261.65087890625
final_only,1124,0.00017034901247825474,0.00017034901247825474,41.92705535888672,1e-05,1.0,110.25881639996078,9261.65087890625
final_only,1125,0.0002756370522547513,0.0002756370522547513,43.57026290893555,1e-05,1.0,110.3546917999629,9261.65087890625
final_only,1126,5.798108031740412e-05,5.798108031740412e-05,42.548194885253906,1e-05,1.0,110.45119629998226,9261.65087890625
final_only,1127,0.00011262248153798282,0.00011262248153798282,42.79344177246094,1e-05,1.0,110.5463515999727,9261.65087890625
final_only,1128,0.0006379102705977857,0.0006379102705977857,42.37726593017578,1e-05,1.0,110.64202369994018,9261.65087890625
final_only,1129,0.0008532763458788395,0.0008532763458788395,43.01094055175781,1e-05,1.0,110.73824690002948,9261.65087890625
final_only,1130,0.0007298695854842663,0.0007298695854842663,43.199405670166016,1e-05,1.0,110.83243539999239,9261.65087890625
final_only,1131,0.00017416640184819698,0.00017416640184819698,44.520172119140625,1e-05,1.0,110.92859899997711,9261.65087890625
final_only,1132,0.0002493118809070438,0.0002493118809070438,44.92595672607422,1e-05,1.0,111.02403029997367,9261.65087890625
final_only,1133,0.00032562215346843004,0.00032562215346843004,41.60175323486328,1e-05,1.0,111.11972790001892,9261.65087890625
final_only,1134,0.00022245706350076944,0.00022245706350076944,45.22735595703125,1e-05,1.0,111.21506119996775,9261.65087890625
final_only,1135,0.0001239923294633627,0.0001239923294633627,44.38225173950195,1e-05,1.0,111.31002800003625,9261.65087890625
final_only,1136,0.0007492041331715882,0.0007492041331715882,42.40011215209961,1e-05,1.0,111.40538370003924,9261.65087890625
final_only,1137,0.00018248027481604367,0.00018248027481604367,42.00972366333008,1e-05,1.0,111.50041280000005,9261.65087890625
final_only,1138,0.000331732037011534,0.000331732037011534,42.54042434692383,1e-05,1.0,111.59514669992495,9261.65087890625
final_only,1139,0.00030076238908804953,0.00030076238908804953,40.874778747558594,1e-05,1.0,111.69051849993411,9261.65087890625
final_only,1140,0.00014267000369727612,0.00014267000369727612,44.85291290283203,1e-05,1.0,111.78579879994504,9261.65087890625
final_only,1141,0.0016021619085222483,0.0016021619085222483,41.99285888671875,1e-05,1.0,111.88077339995652,9261.65087890625
final_only,1142,8.77073616720736e-05,8.77073616720736e-05,42.05910110473633,1e-05,1.0,111.97623839997686,9261.65087890625
final_only,1143,9.335771028418094e-05,9.335771028418094e-05,42.34718704223633,1e-05,1.0,112.07163110002875,9261.65087890625
final_only,1144,0.00048114056698977947,0.00048114056698977947,42.97887420654297,1e-05,1.0,112.1676649999572,9261.65087890625
final_only,1145,0.00014046565047465265,0.00014046565047465265,41.33655548095703,1e-05,1.0,112.2630164999282,9261.65087890625
final_only,1146,0.0001373476261505857,0.0001373476261505857,42.99489974975586,1e-05,1.0,112.35860419995151,9261.65087890625
final_only,1147,0.0004957390483468771,0.0004957390483468771,41.001712799072266,1e-05,1.0,112.45399529999122,9261.65087890625
final_only,1148,0.00013186543947085738,0.00013186543947085738,44.49201583862305,1e-05,1.0,112.54853030003142,9261.65087890625
final_only,1149,0.0002764540258795023,0.0002764540258795023,41.177249908447266,1e-05,1.0,112.64387519995216,9261.65087890625
final_only,1150,0.00018153456039726734,0.00018153456039726734,42.440673828125,1e-05,1.0,112.73982369992882,9261.65087890625
final_only,1151,0.0004333553952164948,0.0004333553952164948,42.557315826416016,1e-05,1.0,112.834837900009,9261.65087890625
final_only,1152,0.0016899013426154852,0.0016899013426154852,44.4522705078125,1e-05,1.0,112.92999259999488,9261.65087890625
final_only,1153,0.0012287938734516501,0.0012287938734516501,44.726890563964844,1e-05,1.0,113.0266999999294,9261.65087890625
final_only,1154,8.346897811861709e-05,8.346897811861709e-05,43.19403076171875,1e-05,1.0,113.12225320003927,9261.65087890625
final_only,1155,0.00013185126590542495,0.00013185126590542495,44.28087615966797,1e-05,1.0,113.21730879996903,9261.65087890625
final_only,1156,0.00019411166431382298,0.00019411166431382298,44.025325775146484,1e-05,1.0,113.3126792999683,9261.65087890625
final_only,1157,0.0002969616325572133,0.0002969616325572133,43.795738220214844,1e-05,1.0,113.40784619993065,9261.65087890625
final_only,1158,0.00012570826220326126,0.00012570826220326126,44.51190185546875,1e-05,1.0,113.50345159997232,9261.65087890625
final_only,1159,0.00010655010555638,0.00010655010555638,44.0190315246582,1e-05,1.0,113.59841879992746,9261.65087890625
final_only,1160,0.0003128622192889452,0.0003128622192889452,43.52900314331055,1e-05,1.0,113.69444150000345,9261.65087890625
final_only,1161,0.00017483398551121354,0.00017483398551121354,43.829833984375,1e-05,1.0,113.78973800002132,9261.65087890625
final_only,1162,7.02636971254833e-05,7.02636971254833e-05,41.57105255126953,1e-05,1.0,113.88533439999446,9261.65087890625
final_only,1163,0.00016152560419868678,0.00016152560419868678,43.54460525512695,1e-05,1.0,113.98166199994739,9261.65087890625
final_only,1164,0.0001518251228844747,0.0001518251228844747,43.92115020751953,1e-05,1.0,114.07794670003932,9261.65087890625
final_only,1165,0.0006075805285945535,0.0006075805285945535,42.473724365234375,1e-05,1.0,114.17353030003142,9261.65087890625
final_only,1166,0.00036013853969052434,0.00036013853969052434,42.44559860229492,1e-05,1.0,114.269909500028,9261.65087890625
final_only,1167,0.0005157748819328845,0.0005157748819328845,42.80715560913086,1e-05,1.0,114.36610959994141,9261.65087890625
final_only,1168,0.00019261057605035603,0.00019261057605035603,40.59847640991211,1e-05,1.0,114.4629966999637,9261.65087890625
final_only,1169,0.00017894031770993024,0.00017894031770993024,44.487648010253906,1e-05,1.0,114.55833289993461,9261.65087890625
final_only,1170,0.00021998763259034604,0.00021998763259034604,42.8092041015625,1e-05,1.0,114.65447389998008,9261.65087890625
final_only,1171,5.963395960861817e-05,5.963395960861817e-05,43.511558532714844,1e-05,1.0,114.75067119998857,9261.65087890625
final_only,1172,5.632865213556215e-05,5.632865213556215e-05,45.63681411743164,1e-05,1.0,114.84529219998512,9261.65087890625
final_only,1173,8.57443010318093e-05,8.57443010318093e-05,45.43125915527344,1e-05,1.0,114.9410108999582,9261.65087890625
final_only,1174,0.00014029112935531884,0.00014029112935531884,45.15904998779297,1e-05,1.0,115.03781230002642,9261.65087890625
final_only,1175,0.00021160686446819454,0.00021160686446819454,44.37842559814453,1e-05,1.0,115.13422729994636,9261.65087890625
final_only,1176,0.0004654665244743228,0.0004654665244743228,42.785919189453125,1e-05,1.0,115.22941319993697,9261.65087890625
final_only,1177,3.6632289265980944e-05,3.6632289265980944e-05,43.12439727783203,1e-05,1.0,115.32543690002058,9261.65087890625
final_only,1178,0.00038465100806206465,0.00038465100806206465,43.99784851074219,1e-05,1.0,115.4212331000017,9261.65087890625
final_only,1179,0.00013529301213566214,0.00013529301213566214,43.93191146850586,1e-05,1.0,115.51708789996337,9261.65087890625
final_only,1180,0.004510610364377499,0.004510610364377499,42.38627624511719,1e-05,1.0,115.61211839993484,9261.65087890625
final_only,1181,0.0004317185084801167,0.0004317185084801167,42.16095733642578,1e-05,1.0,115.70795439998619,9261.65087890625
final_only,1182,0.0006183611694723368,0.0006183611694723368,46.2205924987793,1e-05,1.0,115.80350849998649,9261.65087890625
final_only,1183,0.00043620308861136436,0.00043620308861136436,43.54032897949219,1e-05,1.0,115.89880189998075,9261.65087890625
final_only,1184,0.00013321162259671837,0.00013321162259671837,42.10067367553711,1e-05,1.0,115.99530109995976,9261.65087890625
final_only,1185,7.19476884114556e-05,7.19476884114556e-05,41.77667999267578,1e-05,1.0,116.09098700003233,9261.65087890625
final_only,1186,0.00013769885117653757,0.00013769885117653757,42.3533821105957,1e-05,1.0,116.18721440003719,9261.65087890625
final_only,1187,6.643877713941038e-05,6.643877713941038e-05,43.30454635620117,1e-05,1.0,116.28275130002294,9261.65087890625
final_only,1188,0.00023247703211382031,0.00023247703211382031,44.2166633605957,1e-05,1.0,116.37880339997355,9261.65087890625
final_only,1189,0.00026129186153411865,0.00026129186153411865,43.835960388183594,1e-05,1.0,116.47423589997925,9261.65087890625
final_only,1190,0.00036170854582451284,0.00036170854582451284,43.91466522216797,1e-05,1.0,116.56939509999938,9261.65087890625
final_only,1191,0.0004652846837416291,0.0004652846837416291,44.89796829223633,1e-05,1.0,116.66557419998571,9261.65087890625
final_only,1192,0.00018670165445655584,0.00018670165445655584,46.27376937866211,1e-05,1.0,116.76179969997611,9261.65087890625
final_only,1193,6.598552135983482e-05,6.598552135983482e-05,43.39345169067383,1e-05,1.0,116.8566135999281,9261.65087890625
final_only,1194,0.0005254006828181446,0.0005254006828181446,40.798988342285156,1e-05,1.0,116.95255349995568,9261.65087890625
final_only,1195,0.0005632308893837035,0.0005632308893837035,42.45167922973633,1e-05,1.0,117.04888479993679,9261.65087890625
final_only,1196,5.30217366758734e-05,5.30217366758734e-05,41.771305084228516,1e-05,1.0,117.14524089999031,9261.65087890625
final_only,1197,9.33303963392973e-05,9.33303963392973e-05,43.85931396484375,1e-05,1.0,117.24120309995487,9261.65087890625
final_only,1198,2.0690553355962038e-05,2.0690553355962038e-05,45.988670349121094,1e-05,1.0,117.33713430003263,9261.65087890625
final_only,1199,0.0005798818892799318,0.0005798818892799318,43.00801467895508,1e-05,1.0,117.4328775999602,9261.65087890625
final_only,1200,0.00011446946155047044,0.00011446946155047044,43.975093841552734,1e-05,1.0,117.52855569997337,9261.65087890625
final_only,1201,1.4152390576782636e-05,1.4152390576782636e-05,42.98090362548828,1e-05,1.0,117.624718499952,9261.65087890625
final_only,1202,0.000694202957674861,0.000694202957674861,41.79596710205078,1e-05,1.0,117.72021209995728,9261.65087890625
final_only,1203,8.031295146793127e-05,8.031295146793127e-05,41.12148666381836,1e-05,1.0,117.81564759998582,9261.65087890625
final_only,1204,3.3361044188495725e-05,3.3361044188495725e-05,43.21213912963867,1e-05,1.0,117.91077009995934,9261.65087890625
final_only,1205,0.0002119484997820109,0.0002119484997820109,41.29899597167969,1e-05,1.0,118.007928899955,9261.65087890625
final_only,1206,9.605273953638971e-05,9.605273953638971e-05,43.47740936279297,1e-05,1.0,118.10422650002874,9261.65087890625
final_only,1207,0.00020100903930142522,0.00020100903930142522,43.19676971435547,1e-05,1.0,118.20036339992657,9261.65087890625
final_only,1208,9.255563782062382e-05,9.255563782062382e-05,42.309661865234375,1e-05,1.0,118.29616329993587,9261.65087890625
final_only,1209,0.00012741835962515324,0.00012741835962515324,42.92799377441406,1e-05,1.0,118.39202229992952,9261.65087890625
final_only,1210,5.723530921386555e-05,5.723530921386555e-05,42.92613220214844,1e-05,1.0,118.48821129999124,9261.65087890625
final_only,1211,0.00040449603693559766,0.00040449603693559766,43.55207061767578,1e-05,1.0,118.58453069999814,9261.65087890625
final_only,1212,0.00013290505739860237,0.00013290505739860237,43.95296096801758,1e-05,1.0,118.6809484999394,9261.65087890625
final_only,1213,4.844282739213668e-05,4.844282739213668e-05,44.819061279296875,1e-05,1.0,118.7778484999435,9261.65087890625
final_only,1214,0.00039833824848756194,0.00039833824848756194,43.00597381591797,1e-05,1.0,118.87291979999281,9261.65087890625
final_only,1215,0.00020579186093527824,0.00020579186093527824,40.94947052001953,1e-05,1.0,118.96948430000339,9261.65087890625
final_only,1216,9.175507875625044e-05,9.175507875625044e-05,44.065086364746094,1e-05,1.0,119.06622179993428,9261.65087890625
final_only,1217,0.000516397412866354,0.000516397412866354,42.76824951171875,1e-05,1.0,119.16294499998912,9261.65087890625
final_only,1218,0.00014049853780306876,0.00014049853780306876,44.03008270263672,1e-05,1.0,119.25907969998661,9261.65087890625
final_only,1219,0.00014773434668313712,0.00014773434668313712,44.410491943359375,1e-05,1.0,119.35479300003499,9261.65087890625
final_only,1220,0.000948198139667511,0.000948198139667511,43.77399826049805,1e-05,1.0,119.45129120000638,9261.65087890625
final_only,1221,0.0002249191893497482,0.0002249191893497482,44.07067108154297,1e-05,1.0,119.54721520002931,9261.65087890625
final_only,1222,0.0010834638960659504,0.0010834638960659504,45.015995025634766,1e-05,1.0,119.64296949992422,9261.65087890625
final_only,1223,7.949685823405161e-05,7.949685823405161e-05,43.0616455078125,1e-05,1.0,119.73988749994896,9261.65087890625
final_only,1224,3.045235098397825e-05,3.045235098397825e-05,44.209163665771484,1e-05,1.0,119.83561890001874,9261.65087890625
final_only,1225,0.00032118885428644717,0.00032118885428644717,42.135101318359375,1e-05,1.0,119.9311153999297,9261.65087890625
final_only,1226,0.00011103891301900148,0.00011103891301900148,44.30751037597656,1e-05,1.0,120.0271281999303,9261.65087890625
final_only,1227,0.0003829162451438606,0.0003829162451438606,42.4760856628418,1e-05,1.0,120.12313720001839,9261.65087890625
final_only,1228,7.925988757051528e-05,7.925988757051528e-05,43.998199462890625,1e-05,1.0,120.21848909999244,9261.65087890625
final_only,1229,5.2677529311040416e-05,5.2677529311040416e-05,44.84194564819336,1e-05,1.0,120.31500399997458,9261.65087890625
final_only,1230,0.00019392877584323287,0.00019392877584323287,43.6812744140625,1e-05,1.0,120.41109660000075,9261.65087890625
final_only,1231,0.0003035389236174524,0.0003035389236174524,44.263126373291016,1e-05,1.0,120.50659100001212,9261.65087890625
final_only,1232,0.001033344422467053,0.001033344422467053,43.0876350402832,1e-05,1.0,120.60364470002241,9261.65087890625
final_only,1233,0.00025111850118264556,0.00025111850118264556,42.70707321166992,1e-05,1.0,120.69941480003763,9261.65087890625
final_only,1234,0.0001417925814166665,0.0001417925814166665,40.53084945678711,1e-05,1.0,120.79537409998011,9261.65087890625
final_only,1235,0.0004537408531177789,0.0004537408531177789,43.384483337402344,1e-05,1.0,120.89021169999614,9261.65087890625
final_only,1236,0.0002338505582883954,0.0002338505582883954,41.6419792175293,1e-05,1.0,120.98630059999414,9261.65087890625
final_only,1237,0.0003370592021383345,0.0003370592021383345,44.37148666381836,1e-05,1.0,121.08257790002972,9261.65087890625
final_only,1238,6.368513277266175e-05,6.368513277266175e-05,42.163856506347656,1e-05,1.0,121.17964869993739,9261.65087890625
final_only,1239,0.0002038876264123246,0.0002038876264123246,43.03428649902344,1e-05,1.0,121.27592879999429,9261.65087890625
final_only,1240,0.00013385228521656245,0.00013385228521656245,41.62611389160156,1e-05,1.0,121.37127240002155,9261.65087890625
final_only,1241,0.0002638163568917662,0.0002638163568917662,45.305625915527344,1e-05,1.0,121.46692619996611,9261.65087890625
final_only,1242,0.004019792191684246,0.004019792191684246,41.789344787597656,1e-05,1.0,121.56212270003743,9261.65087890625
final_only,1243,0.000219960420508869,0.000219960420508869,42.618370056152344,1e-05,1.0,121.65807949996088,9261.65087890625
final_only,1244,0.0003052030806429684,0.0003052030806429684,41.87925720214844,1e-05,1.0,121.75449810002465,9261.65087890625
final_only,1245,0.00016365689225494862,0.00016365689225494862,43.49728012084961,1e-05,1.0,121.84984319994692,9261.65087890625
final_only,1246,0.00025923934299498796,0.00025923934299498796,41.784950256347656,1e-05,1.0,121.94562949996907,9261.65087890625
final_only,1247,9.965417848434299e-05,9.965417848434299e-05,42.98344421386719,1e-05,1.0,122.0411005000351,9261.65087890625
final_only,1248,0.00042935769306495786,0.00042935769306495786,42.67057800292969,1e-05,1.0,122.1372507000342,9261.65087890625
final_only,1249,0.00029940938111394644,0.00029940938111394644,43.29154968261719,1e-05,1.0,122.23353770002723,9261.65087890625
final_only,1250,0.0002401923411525786,0.0002401923411525786,44.315032958984375,1e-05,1.0,122.32938619994093,9261.65087890625
final_only,1251,0.000171798441442661,0.000171798441442661,44.08068084716797,1e-05,1.0,122.42597540002316,9261.65087890625
final_only,1252,0.00019168955623172224,0.00019168955623172224,44.97454833984375,1e-05,1.0,122.5218320999993,9261.65087890625
final_only,1253,0.0001659146073507145,0.0001659146073507145,41.08412170410156,1e-05,1.0,122.61876620003022,9261.65087890625
final_only,1254,0.0002333030424779281,0.0002333030424779281,43.38688278198242,1e-05,1.0,122.71521069994196,9261.65087890625
final_only,1255,0.0005631752428598702,0.0005631752428598702,41.19672775268555,1e-05,1.0,122.8114399999613,9261.65087890625
final_only,1256,0.00021869137708563358,0.00021869137708563358,43.996307373046875,1e-05,1.0,122.9063782999292,9261.65087890625
final_only,1257,2.68120966211427e-05,2.68120966211427e-05,45.09693908691406,1e-05,1.0,123.00364120001905,9261.65087890625
final_only,1258,8.608495409134775e-05,8.608495409134775e-05,44.16520690917969,1e-05,1.0,123.09913680003956,9261.65087890625
final_only,1259,0.00011257219011895359,0.00011257219011895359,42.0644645690918,1e-05,1.0,123.19532679999247,9261.65087890625
final_only,1260,0.00035703578032553196,0.00035703578032553196,41.243629455566406,1e-05,1.0,123.29098579997662,9261.65087890625
final_only,1261,9.893541573546827e-05,9.893541573546827e-05,42.33428955078125,1e-05,1.0,123.3868260999443,9261.65087890625
final_only,1262,2.5606324925320223e-05,2.5606324925320223e-05,44.86224365234375,1e-05,1.0,123.48276189994067,9261.65087890625
final_only,1263,0.0003378419787622988,0.0003378419787622988,42.35023498535156,1e-05,1.0,123.57838219997939,9261.65087890625
final_only,1264,0.00012805905134882778,0.00012805905134882778,44.108428955078125,1e-05,1.0,123.6749215000309,9261.65087890625
final_only,1265,0.0005410967278294265,0.0005410967278294265,43.09616470336914,1e-05,1.0,123.77107329992577,9261.65087890625
final_only,1266,0.0003113973652943969,0.0003113973652943969,42.01587677001953,1e-05,1.0,123.86644270003308,9261.65087890625
final_only,1267,9.855008102022111e-05,9.855008102022111e-05,45.68275451660156,1e-05,1.0,123.96233949996531,9261.65087890625
final_only,1268,0.0005005889688618481,0.0005005889688618481,40.779903411865234,1e-05,1.0,124.05925869999919,9261.65087890625
final_only,1269,0.0005491050542332232,0.0005491050542332232,41.824195861816406,1e-05,1.0,124.15544649993535,9261.65087890625
final_only,1270,0.0003703226102516055,0.0003703226102516055,43.30156707763672,1e-05,1.0,124.25235770002473,9261.65087890625
final_only,1271,0.0002592781384009868,0.0002592781384009868,41.189552307128906,1e-05,1.0,124.3483961999882,9261.65087890625
final_only,1272,0.00026907623396255076,0.00026907623396255076,44.73797607421875,1e-05,1.0,124.44422980002128,9261.65087890625
final_only,1273,8.548996993340552e-05,8.548996993340552e-05,43.45967483520508,1e-05,1.0,124.54004570003599,9261.65087890625
final_only,1274,0.0001695924875093624,0.0001695924875093624,43.55059814453125,1e-05,1.0,124.63553460000549,9261.65087890625
final_only,1275,8.360054926015437e-05,8.360054926015437e-05,42.28090286254883,1e-05,1.0,124.73159839992877,9261.65087890625
final_only,1276,3.459320942056365e-05,3.459320942056365e-05,45.09235382080078,1e-05,1.0,124.82737590000033,9261.65087890625
final_only,1277,0.00021055653633084148,0.00021055653633084148,43.75776290893555,1e-05,1.0,124.92186749994289,9261.65087890625
final_only,1278,0.00010960128565784544,0.00010960128565784544,43.974830627441406,1e-05,1.0,125.01891099999193,9261.65087890625
final_only,1279,0.000121444980322849,0.000121444980322849,46.67105484008789,1e-05,1.0,125.11479080002755,9261.65087890625
final_only,1280,0.000821106368675828,0.000821106368675828,43.855613708496094,1e-05,1.0,125.21147799992468,9261.65087890625
final_only,1281,0.00010467246465850621,0.00010467246465850621,45.07904052734375,1e-05,1.0,125.30797249998432,9261.65087890625
final_only,1282,3.893662506015971e-05,3.893662506015971e-05,42.96772003173828,1e-05,1.0,125.40317459998187,9261.65087890625
final_only,1283,0.0001838819298427552,0.0001838819298427552,43.06866455078125,1e-05,1.0,125.49937839992344,9261.65087890625
final_only,1284,8.323060319526121e-05,8.323060319526121e-05,42.95599365234375,1e-05,1.0,125.5961207000073,9261.65087890625
final_only,1285,0.0001511836308054626,0.0001511836308054626,43.687469482421875,1e-05,1.0,125.69212559994776,9261.65087890625
final_only,1286,0.0005977815599180758,0.0005977815599180758,42.83378219604492,1e-05,1.0,125.7886109999381,9261.65087890625
final_only,1287,0.0002026731235673651,0.0002026731235673651,43.24323272705078,1e-05,1.0,125.88395339995623,9261.65087890625
final_only,1288,0.00013345270417630672,0.00013345270417630672,43.610321044921875,1e-05,1.0,125.98070930002723,9261.65087890625
final_only,1289,6.341653352137655e-05,6.341653352137655e-05,39.658809661865234,1e-05,1.0,126.07629849994555,9261.65087890625
final_only,1290,0.00015298210200853646,0.00015298210200853646,44.414817810058594,1e-05,1.0,126.17184229998384,9261.65087890625
final_only,1291,0.00010387024667579681,0.00010387024667579681,45.11004638671875,1e-05,1.0,126.26847749995068,9261.65087890625
final_only,1292,0.0005917105590924621,0.0005917105590924621,43.98099899291992,1e-05,1.0,126.36500170000363,9261.65087890625
final_only,1293,0.0005559375276789069,0.0005559375276789069,44.240806579589844,1e-05,1.0,126.46018960000947,9261.65087890625
final_only,1294,0.0004144767881371081,0.0004144767881371081,45.207454681396484,1e-05,1.0,126.55595730000641,9261.65087890625
final_only,1295,7.51377665437758e-05,7.51377665437758e-05,43.78424072265625,1e-05,1.0,126.651820100029,9261.65087890625
final_only,1296,0.0002946850727312267,0.0002946850727312267,44.45685958862305,1e-05,1.0,126.74893390003126,9261.65087890625
final_only,1297,7.967847341205925e-05,7.967847341205925e-05,42.07590866088867,1e-05,1.0,126.8451162999263,9261.65087890625
final_only,1298,0.00010824272612808272,0.00010824272612808272,44.362308502197266,1e-05,1.0,126.94055870000739,9261.65087890625
final_only,1299,0.0006926845526322722,0.0006926845526322722,45.663631439208984,1e-05,1.0,127.03648330003489,9261.65087890625
final_only,1300,0.00010000458132708445,0.00010000458132708445,44.15232849121094,1e-05,1.0,127.13252490002196,9261.65087890625
final_only,1301,0.0015364179853349924,0.0015364179853349924,40.71062469482422,1e-05,1.0,127.22990079992451,9261.65087890625
final_only,1302,0.00015059567522257566,0.00015059567522257566,43.031436920166016,1e-05,1.0,127.3251829999499,9261.65087890625
final_only,1303,0.0011699709575623274,0.0011699709575623274,43.372737884521484,1e-05,1.0,127.42134589992929,9261.65087890625
final_only,1304,6.504846533061936e-05,6.504846533061936e-05,44.596099853515625,1e-05,1.0,127.51719419995788,9261.65087890625
final_only,1305,9.13362018764019e-05,9.13362018764019e-05,44.74124526977539,1e-05,1.0,127.61346479994245,9261.65087890625
final_only,1306,0.00020704120106529444,0.00020704120106529444,43.89661407470703,1e-05,1.0,127.70925539999735,9261.65087890625
final_only,1307,0.00020096405933145434,0.00020096405933145434,41.885459899902344,1e-05,1.0,127.80495589994825,9261.65087890625
final_only,1308,0.00020243009203113616,0.00020243009203113616,43.38312530517578,1e-05,1.0,127.90056740003638,9261.65087890625
final_only,1309,5.8497160352999344e-05,5.8497160352999344e-05,43.54872512817383,1e-05,1.0,127.99714610003866,9261.65087890625
final_only,1310,0.000699958938639611,0.000699958938639611,43.58051300048828,1e-05,1.0,128.0927001000382,9261.65087890625
final_only,1311,0.000918996927794069,0.000918996927794069,44.0423698425293,1e-05,1.0,128.1889345999807,9261.65087890625
final_only,1312,1.7818294509197585e-05,1.7818294509197585e-05,43.28516387939453,1e-05,1.0,128.28493229998276,9261.65087890625
final_only,1313,2.3004020476946607e-05,2.3004020476946607e-05,45.6592903137207,1e-05,1.0,128.38004109996837,9261.65087890625
final_only,1314,0.00012100848834961653,0.00012100848834961653,44.62555694580078,1e-05,1.0,128.47525439993478,9261.65087890625
final_only,1315,0.0010928763076663017,0.0010928763076663017,44.00645446777344,1e-05,1.0,128.57139429997187,9261.65087890625
final_only,1316,0.00010342196765122935,0.00010342196765122935,43.080543518066406,1e-05,1.0,128.66683869995177,9261.65087890625
final_only,1317,4.067681948072277e-05,4.067681948072277e-05,40.855255126953125,1e-05,1.0,128.76314479997382,9261.65087890625
final_only,1318,0.00012473213428165764,0.00012473213428165764,44.21461486816406,1e-05,1.0,128.85905049997382,9261.65087890625
final_only,1319,0.0002362726372666657,0.0002362726372666657,43.20039367675781,1e-05,1.0,128.95365129993297,9261.65087890625
final_only,1320,0.00020532580674625933,0.00020532580674625933,44.09343719482422,1e-05,1.0,129.05012179992627,9261.65087890625
final_only,1321,0.00019329844508320093,0.00019329844508320093,44.50922393798828,1e-05,1.0,129.1454235999845,9261.65087890625
final_only,1322,0.00012951574171893299,0.00012951574171893299,44.98701477050781,1e-05,1.0,129.2416182999732,9261.65087890625
final_only,1323,2.4457371182506904e-05,2.4457371182506904e-05,44.593788146972656,1e-05,1.0,129.33675929997116,9261.65087890625
final_only,1324,0.00017994357040151954,0.00017994357040151954,44.137298583984375,1e-05,1.0,129.4327467000112,9261.65087890625
final_only,1325,5.881448305444792e-05,5.881448305444792e-05,43.71005630493164,1e-05,1.0,129.52904729999136,9261.65087890625
final_only,1326,0.00021590929827652872,0.00021590929827652872,42.393890380859375,1e-05,1.0,129.62509169999976,9261.65087890625
final_only,1327,8.550842176191509e-05,8.550842176191509e-05,44.004051208496094,1e-05,1.0,129.72097309993114,9261.65087890625
final_only,1328,0.0001944797986652702,0.0001944797986652702,45.732669830322266,1e-05,1.0,129.81675839994568,9261.65087890625
final_only,1329,6.140227196738124e-05,6.140227196738124e-05,43.157779693603516,1e-05,1.0,129.9124953999417,9261.65087890625
final_only,1330,0.000342047365847975,0.000342047365847975,43.52683639526367,1e-05,1.0,130.00974170002155,9261.65087890625
final_only,1331,0.00043114868458360434,0.00043114868458360434,44.08108901977539,1e-05,1.0,130.10510619997513,9261.65087890625
final_only,1332,0.0003395613457541913,0.0003395613457541913,44.2988395690918,1e-05,1.0,130.20186839997768,9261.65087890625
final_only,1333,0.00011314179573673755,0.00011314179573673755,42.27233123779297,1e-05,1.0,130.2971740999492,9261.65087890625
final_only,1334,7.96672684373334e-05,7.96672684373334e-05,44.77301025390625,1e-05,1.0,130.3930918999249,9261.65087890625
final_only,1335,5.52926430827938e-05,5.52926430827938e-05,44.37916946411133,1e-05,1.0,130.48830780002754,9261.65087890625
final_only,1336,0.0008271822007372975,0.0008271822007372975,43.10594177246094,1e-05,1.0,130.58436360000633,9261.65087890625
final_only,1337,0.00019762470037676394,0.00019762470037676394,44.36843490600586,1e-05,1.0,130.68031429999974,9261.65087890625
final_only,1338,0.00013558374485000968,0.00013558374485000968,44.05010986328125,1e-05,1.0,130.7765183999436,9261.65087890625
final_only,1339,0.001151300617493689,0.001151300617493689,40.07329559326172,1e-05,1.0,130.87317219993565,9261.65087890625
final_only,1340,8.449735469184816e-05,8.449735469184816e-05,46.072853088378906,1e-05,1.0,130.96812009997666,9261.65087890625
final_only,1341,0.0001864073856268078,0.0001864073856268078,44.6517448425293,1e-05,1.0,131.0657937999349,9261.65087890625
final_only,1342,0.0002586654736660421,0.0002586654736660421,41.94214630126953,1e-05,1.0,131.16099280002527,9261.65087890625
final_only,1343,0.00026582556893117726,0.00026582556893117726,42.4814338684082,1e-05,1.0,131.25784929993097,9261.65087890625
final_only,1344,0.00032351186382584274,0.00032351186382584274,44.14497375488281,1e-05,1.0,131.35451540001668,9261.65087890625
final_only,1345,0.00010598677909001708,0.00010598677909001708,45.447731018066406,1e-05,1.0,131.4497252999572,9261.65087890625
final_only,1346,0.00025113546871580184,0.00025113546871580184,43.25788497924805,1e-05,1.0,131.5451701999409,9261.65087890625
final_only,1347,0.00026061333483085036,0.00026061333483085036,43.575050354003906,1e-05,1.0,131.64129840000533,9261.65087890625
final_only,1348,8.327161776833236e-05,8.327161776833236e-05,45.408573150634766,1e-05,1.0,131.73765359993558,9261.65087890625
final_only,1349,5.590239379671402e-05,5.590239379671402e-05,44.110286712646484,1e-05,1.0,131.83314629993401,9261.65087890625
final_only,1350,0.00024167876108549535,0.00024167876108549535,42.392940521240234,1e-05,1.0,131.92857640003785,9261.65087890625
final_only,1351,8.230793901020661e-05,8.230793901020661e-05,42.29762268066406,1e-05,1.0,132.0261582999956,9261.65087890625
final_only,1352,0.00020978017710149288,0.00020978017710149288,44.05792236328125,1e-05,1.0,132.12171460001264,9261.65087890625
final_only,1353,7.965270197018981e-05,7.965270197018981e-05,43.28559112548828,1e-05,1.0,132.2175233999733,9261.65087890625
final_only,1354,0.0001553812762722373,0.0001553812762722373,44.748043060302734,1e-05,1.0,132.31339279992972,9261.65087890625
final_only,1355,0.00013801941531710327,0.00013801941531710327,44.40333557128906,1e-05,1.0,132.40917150001042,9261.65087890625
final_only,1356,0.00014746611122973263,0.00014746611122973263,44.501014709472656,1e-05,1.0,132.5043730000034,9261.65087890625
final_only,1357,0.0016828214284032583,0.0016828214284032583,44.24571228027344,1e-05,1.0,132.6000778999878,9261.65087890625
final_only,1358,0.00010108816786669195,0.00010108816786669195,44.35184097290039,1e-05,1.0,132.69615319999866,9261.65087890625
final_only,1359,0.0036773935426026583,0.0036773935426026583,45.832706451416016,1e-05,1.0,132.79199389996938,9261.65087890625
final_only,1360,0.00012109300587326288,0.00012109300587326288,44.60228729248047,1e-05,1.0,132.88819209998474,9261.65087890625
final_only,1361,0.0010799737647175789,0.0010799737647175789,42.16664123535156,1e-05,1.0,132.983883399982,9261.65087890625
final_only,1362,0.0003306718426756561,0.0003306718426756561,44.544071197509766,1e-05,1.0,133.08010609995108,9261.65087890625
final_only,1363,3.61919665010646e-05,3.61919665010646e-05,44.720947265625,1e-05,1.0,133.17533919995185,9261.65087890625
final_only,1364,7.427740638377145e-05,7.427740638377145e-05,43.88538360595703,1e-05,1.0,133.2719339999603,9261.65087890625
final_only,1365,0.00017371088324580342,0.00017371088324580342,43.47346878051758,1e-05,1.0,133.36775400000624,9261.65087890625
final_only,1366,3.5295448469696566e-05,3.5295448469696566e-05,44.67687225341797,1e-05,1.0,133.46290969999973,9261.65087890625
final_only,1367,0.00014972759527154267,0.00014972759527154267,44.824859619140625,1e-05,1.0,133.55908079992514,9261.65087890625
final_only,1368,0.000430362910265103,0.000430362910265103,45.79004669189453,1e-05,1.0,133.65596519992687,9261.65087890625
final_only,1369,0.00016880425391718745,0.00016880425391718745,43.7200927734375,1e-05,1.0,133.75224950001575,9261.65087890625
final_only,1370,0.0001729584182612598,0.0001729584182612598,43.51081466674805,1e-05,1.0,133.8478080999339,9261.65087890625
final_only,1371,3.57145800080616e-05,3.57145800080616e-05,43.903663635253906,1e-05,1.0,133.94308579992503,9261.65087890625
final_only,1372,0.0002679998578969389,0.0002679998578969389,44.92366027832031,1e-05,1.0,134.04012130002957,9261.65087890625
final_only,1373,0.00014609057689085603,0.00014609057689085603,44.37469482421875,1e-05,1.0,134.1361493000295,9261.65087890625
final_only,1374,0.00012940666056238115,0.00012940666056238115,44.066715240478516,1e-05,1.0,134.23179430002347,9261.65087890625
final_only,1375,0.000114255934022367,0.000114255934022367,45.33115005493164,1e-05,1.0,134.32740870001726,9261.65087890625
final_only,1376,0.00016989573487080634,0.00016989573487080634,42.64499282836914,1e-05,1.0,134.42322929995134,9261.65087890625
final_only,1377,9.997956658480689e-05,9.997956658480689e-05,39.68686294555664,1e-05,1.0,134.51815270003863,9261.65087890625
final_only,1378,6.338089588098228e-05,6.338089588098228e-05,44.055503845214844,1e-05,1.0,134.61419450002722,9261.65087890625
final_only,1379,0.00041858945041894913,0.00041858945041894913,40.8663215637207,1e-05,1.0,134.7103600000264,9261.65087890625
final_only,1380,0.00013336294796317816,0.00013336294796317816,42.524169921875,1e-05,1.0,134.80591659992933,9261.65087890625
final_only,1381,0.0004086032568011433,0.0004086032568011433,42.30717468261719,1e-05,1.0,134.90243469993584,9261.65087890625
final_only,1382,9.037782729137689e-05,9.037782729137689e-05,42.30985641479492,1e-05,1.0,134.99874369997997,9261.65087890625
final_only,1383,0.00011524309229571372,0.00011524309229571372,42.67759704589844,1e-05,1.0,135.09432139992714,9261.65087890625
final_only,1384,0.0004944586544297636,0.0004944586544297636,46.42395782470703,1e-05,1.0,135.18986149993725,9261.65087890625
final_only,1385,0.00014429676230065525,0.00014429676230065525,44.95256805419922,1e-05,1.0,135.28620159998536,9261.65087890625
final_only,1386,0.00011267676018178463,0.00011267676018178463,42.32366180419922,1e-05,1.0,135.38179060001858,9261.65087890625
final_only,1387,0.0005572650115936995,0.0005572650115936995,43.65294647216797,1e-05,1.0,135.47697429999243,9261.65087890625
final_only,1388,0.0003571704146452248,0.0003571704146452248,43.2835693359375,1e-05,1.0,135.57277540001087,9261.65087890625
final_only,1389,0.0009645756217651069,0.0009645756217651069,44.030826568603516,1e-05,1.0,135.66893139993772,9261.65087890625
final_only,1390,5.7463414123049006e-05,5.7463414123049006e-05,44.65217590332031,1e-05,1.0,135.7651452999562,9261.65087890625
final_only,1391,0.00016143894754350185,0.00016143894754350185,42.98273849487305,1e-05,1.0,135.8602190000238,9261.65087890625
final_only,1392,0.00013243037392385304,0.00013243037392385304,45.16282653808594,1e-05,1.0,135.95603599993046,9261.65087890625
final_only,1393,0.0001016143723973073,0.0001016143723973073,44.47101974487305,1e-05,1.0,136.0524436000269,9261.65087890625
final_only,1394,0.00018335538334213197,0.00018335538334213197,44.000160217285156,1e-05,1.0,136.14818619994912,9261.65087890625
final_only,1395,0.00010906720126513392,0.00010906720126513392,42.222267150878906,1e-05,1.0,136.24434670002665,9261.65087890625
final_only,1396,0.00024461615248583257,0.00024461615248583257,43.18482971191406,1e-05,1.0,136.34023109998088,9261.65087890625
final_only,1397,3.4823358873836696e-05,3.4823358873836696e-05,44.420650482177734,1e-05,1.0,136.43610369996168,9261.65087890625
final_only,1398,0.00045092671643942595,0.00045092671643942595,42.715614318847656,1e-05,1.0,136.5313640999375,9261.65087890625
final_only,1399,3.867152554448694e-05,3.867152554448694e-05,43.2872200012207,1e-05,1.0,136.6273991999915,9261.65087890625
final_only,1400,0.00015061843441799283,0.00015061843441799283,41.5906867980957,1e-05,1.0,136.72371709998697,9261.65087890625
final_only,1401,0.00020819928613491356,0.00020819928613491356,44.686004638671875,1e-05,1.0,136.82032860000618,9261.65087890625
final_only,1402,0.00021454061788972467,0.00021454061788972467,42.73136901855469,1e-05,1.0,136.91558449994773,9261.65087890625
final_only,1403,0.00012429236085154116,0.00012429236085154116,44.197303771972656,1e-05,1.0,137.0113717999775,9261.65087890625
final_only,1404,6.642277730861679e-05,6.642277730861679e-05,45.055389404296875,1e-05,1.0,137.1076119999634,9261.65087890625
final_only,1405,6.885718903504312e-05,6.885718903504312e-05,42.81123352050781,1e-05,1.0,137.20336970000062,9261.65087890625
final_only,1406,0.0002314388402737677,0.0002314388402737677,43.78392791748047,1e-05,1.0,137.29941019997932,9261.65087890625
final_only,1407,0.0009018946439027786,0.0009018946439027786,43.112483978271484,1e-05,1.0,137.3957891999744,9261.65087890625
final_only,1408,5.943675932940096e-05,5.943675932940096e-05,44.98523712158203,1e-05,1.0,137.49116640002467,9261.65087890625
final_only,1409,0.0001667288161115721,0.0001667288161115721,44.526649475097656,1e-05,1.0,137.58694039995316,9261.65087890625
final_only,1410,6.199408380780369e-05,6.199408380780369e-05,43.70478057861328,1e-05,1.0,137.68331450002734,9261.65087890625
final_only,1411,0.0002204283809987828,0.0002204283809987828,43.169273376464844,1e-05,1.0,137.77976429997943,9261.65087890625
final_only,1412,0.00015968579100444913,0.00015968579100444913,44.69208526611328,1e-05,1.0,137.8752176000271,9261.65087890625
final_only,1413,0.00015491947124246508,0.00015491947124246508,43.416587829589844,1e-05,1.0,137.97095009998884,9261.65087890625
final_only,1414,6.821627175668254e-05,6.821627175668254e-05,43.66613006591797,1e-05,1.0,138.06700429995544,9261.65087890625
final_only,1415,0.00011993585212621838,0.00011993585212621838,42.73855972290039,1e-05,1.0,138.1621957999887,9261.65087890625
final_only,1416,7.545085827587172e-05,7.545085827587172e-05,42.70873260498047,1e-05,1.0,138.2585733999731,9261.65087890625
final_only,1417,0.00021282992383930832,0.00021282992383930832,43.62795639038086,1e-05,1.0,138.3546085000271,9261.65087890625
final_only,1418,6.699469668092206e-05,6.699469668092206e-05,43.87171936035156,1e-05,1.0,138.44963849999476,9261.65087890625
final_only,1419,0.00013612356269732118,0.00013612356269732118,43.9205322265625,1e-05,1.0,138.54542310000397,9261.65087890625
final_only,1420,0.00021473030210472643,0.00021473030210472643,44.429134368896484,1e-05,1.0,138.64109889999963,9261.65087890625
final_only,1421,4.9806101742433384e-05,4.9806101742433384e-05,44.636016845703125,1e-05,1.0,138.73736679996364,9261.65087890625
final_only,1422,0.00020198372658342123,0.00020198372658342123,44.950584411621094,1e-05,1.0,138.83261609997135,9261.65087890625
final_only,1423,0.00025708606699481606,0.00025708606699481606,44.67919921875,1e-05,1.0,138.92855750001036,9261.65087890625
final_only,1424,3.180652856826782e-05,3.180652856826782e-05,43.72336196899414,1e-05,1.0,139.02543239993975,9261.65087890625
final_only,1425,0.00015990869724191725,0.00015990869724191725,41.79802322387695,1e-05,1.0,139.12205759994686,9261.65087890625
final_only,1426,0.0003182746295351535,0.0003182746295351535,43.69810104370117,1e-05,1.0,139.217896200018,9261.65087890625
final_only,1427,4.153478948865086e-05,4.153478948865086e-05,42.76221466064453,1e-05,1.0,139.31401009997353,9261.65087890625
final_only,1428,0.0002960863639600575,0.0002960863639600575,46.47966766357422,1e-05,1.0,139.41020339995157,9261.65087890625
final_only,1429,3.538512100931257e-05,3.538512100931257e-05,41.51212692260742,1e-05,1.0,139.50587580003776,9261.65087890625
final_only,1430,0.00020484140259213746,0.00020484140259213746,43.02690887451172,1e-05,1.0,139.60203419998288,9261.65087890625
final_only,1431,5.649402737617493e-05,5.649402737617493e-05,44.02756118774414,1e-05,1.0,139.6987214999972,9261.65087890625
final_only,1432,0.00019969322602264583,0.00019969322602264583,44.265926361083984,1e-05,1.0,139.79558959999122,9261.65087890625
final_only,1433,2.2818619981990196e-05,2.2818619981990196e-05,42.75270080566406,1e-05,1.0,139.89105879992712,9261.65087890625
final_only,1434,7.832863775547594e-05,7.832863775547594e-05,43.29337692260742,1e-05,1.0,139.9872486999957,9261.65087890625
final_only,1435,0.0001582471013534814,0.0001582471013534814,42.23221206665039,1e-05,1.0,140.08342049992643,9261.65087890625
final_only,1436,0.0002759710478130728,0.0002759710478130728,43.997718811035156,1e-05,1.0,140.17895239999052,9261.65087890625
final_only,1437,0.00027020045672543347,0.00027020045672543347,44.82798767089844,1e-05,1.0,140.27582540002186,9261.65087890625
final_only,1438,0.0001266480248887092,0.0001266480248887092,44.76862335205078,1e-05,1.0,140.37152419995982,9261.65087890625
final_only,1439,9.828846668824553e-05,9.828846668824553e-05,44.92559814453125,1e-05,1.0,140.46731009997893,9261.65087890625
final_only,1440,6.003816451993771e-05,6.003816451993771e-05,44.32346725463867,1e-05,1.0,140.56239819992334,9261.65087890625
final_only,1441,0.00029762741178274155,0.00029762741178274155,44.23311233520508,1e-05,1.0,140.65862649993505,9261.65087890625
final_only,1442,1.915982829814311e-05,1.915982829814311e-05,41.9459114074707,1e-05,1.0,140.75598309992347,9261.65087890625
final_only,1443,0.00013475374726112932,0.00013475374726112932,44.10537338256836,1e-05,1.0,140.85230339993723,9261.65087890625
final_only,1444,0.0001763257459970191,0.0001763257459970191,43.53827667236328,1e-05,1.0,140.94789539999329,9261.65087890625
final_only,1445,9.154694998869672e-05,9.154694998869672e-05,42.344451904296875,1e-05,1.0,141.04376149992459,9261.65087890625
final_only,1446,0.00010048464901046827,0.00010048464901046827,43.49672317504883,1e-05,1.0,141.13913389993832,9261.65087890625
final_only,1447,0.00033250628621317446,0.00033250628621317446,43.136322021484375,1e-05,1.0,141.23548169992864,9261.65087890625
final_only,1448,0.00015178498870227486,0.00015178498870227486,43.195045471191406,1e-05,1.0,141.33141220000107,9261.65087890625
final_only,1449,3.868225394398905e-05,3.868225394398905e-05,44.319122314453125,1e-05,1.0,141.4272476999322,9261.65087890625
final_only,1450,0.0002758297778200358,0.0002758297778200358,42.728187561035156,1e-05,1.0,141.52252809994388,9261.65087890625
final_only,1451,6.89051448716782e-05,6.89051448716782e-05,45.263423919677734,1e-05,1.0,141.61949409998488,9261.65087890625
final_only,1452,0.0001521436934126541,0.0001521436934126541,44.07241439819336,1e-05,1.0,141.716104799998,9261.65087890625
final_only,1453,0.0001852746936492622,0.0001852746936492622,44.98548126220703,1e-05,1.0,141.8123371999245,9261.65087890625
final_only,1454,0.00012656848412007093,0.00012656848412007093,44.07637023925781,1e-05,1.0,141.90761510003358,9261.65087890625
final_only,1455,0.00021884209127165377,0.00021884209127165377,43.566123962402344,1e-05,1.0,142.00371149997227,9261.65087890625
final_only,1456,0.0001963569811778143,0.0001963569811778143,44.48476791381836,1e-05,1.0,142.09973859996535,9261.65087890625
final_only,1457,9.871900692814961e-05,9.871900692814961e-05,45.4219970703125,1e-05,1.0,142.1955636999337,9261.65087890625
final_only,1458,7.589012966491282e-05,7.589012966491282e-05,44.48453140258789,1e-05,1.0,142.29185169993434,9261.65087890625
final_only,1459,0.00025827481294982135,0.00025827481294982135,44.540122985839844,1e-05,1.0,142.38780369993765,9261.65087890625
final_only,1460,8.57906779856421e-05,8.57906779856421e-05,46.2117919921875,1e-05,1.0,142.48351119994186,9261.65087890625
final_only,1461,0.00017443469550926238,0.00017443469550926238,44.11912536621094,1e-05,1.0,142.57860469992738,9261.65087890625
final_only,1462,9.778831736184657e-05,9.778831736184657e-05,44.772769927978516,1e-05,1.0,142.67466469993815,9261.65087890625
final_only,1463,6.212978769326583e-05,6.212978769326583e-05,43.466835021972656,1e-05,1.0,142.77110589994118,9261.65087890625
final_only,1464,6.566231604665518e-05,6.566231604665518e-05,42.274818420410156,1e-05,1.0,142.86702659993898,9261.65087890625
final_only,1465,0.00011509579053381458,0.00011509579053381458,43.357730865478516,1e-05,1.0,142.96319339994807,9261.65087890625
final_only,1466,0.0008961347048170865,0.0008961347048170865,43.277915954589844,1e-05,1.0,143.0591300999513,9261.65087890625
final_only,1467,2.8936023227288388e-05,2.8936023227288388e-05,44.07577896118164,1e-05,1.0,143.15621239994653,9261.65087890625
final_only,1468,0.00012585065269377083,0.00012585065269377083,41.132484436035156,1e-05,1.0,143.25239539996255,9261.65087890625
final_only,1469,8.035691280383617e-05,8.035691280383617e-05,43.52983856201172,1e-05,1.0,143.34852899995167,9261.65087890625
final_only,1470,3.634442327893339e-05,3.634442327893339e-05,44.8656005859375,1e-05,1.0,143.44476999994367,9261.65087890625
final_only,1471,7.718701817793772e-05,7.718701817793772e-05,45.573001861572266,1e-05,1.0,143.53984370001126,9261.65087890625
final_only,1472,0.00014895806089043617,0.00014895806089043617,44.02572250366211,1e-05,1.0,143.63569100003224,9261.65087890625
final_only,1473,0.00022791270748712122,0.00022791270748712122,42.96677780151367,1e-05,1.0,143.7318955999799,9261.65087890625
final_only,1474,3.928825753973797e-05,3.928825753973797e-05,41.04755783081055,1e-05,1.0,143.82806530001108,9261.65087890625
final_only,1475,0.00014902981638442725,0.00014902981638442725,45.403228759765625,1e-05,1.0,143.92337630002294,9261.65087890625
final_only,1476,9.508300718152896e-05,9.508300718152896e-05,42.27045440673828,1e-05,1.0,144.01901459996589,9261.65087890625
final_only,1477,0.00015240666107274592,0.00015240666107274592,43.175846099853516,1e-05,1.0,144.1148097999394,9261.65087890625
final_only,1478,0.00035094248596578836,0.00035094248596578836,42.397972106933594,1e-05,1.0,144.21047769999132,9261.65087890625
final_only,1479,0.00014279255992732942,0.00014279255992732942,42.988346099853516,1e-05,1.0,144.3068740000017,9261.65087890625
final_only,1480,2.400871380814351e-05,2.400871380814351e-05,43.383750915527344,1e-05,1.0,144.4023691000184,9261.65087890625
final_only,1481,0.00031448755180463195,0.00031448755180463195,42.46976852416992,1e-05,1.0,144.49790499999654,9261.65087890625
final_only,1482,4.0209637518273667e-05,4.0209637518273667e-05,44.59185028076172,1e-05,1.0,144.5929720000131,9261.65087890625
final_only,1483,5.76368547626771e-05,5.76368547626771e-05,44.90135192871094,1e-05,1.0,144.6889780999627,9261.65087890625
final_only,1484,0.0001938195782713592,0.0001938195782713592,45.65345764160156,1e-05,1.0,144.78474219993223,9261.65087890625
final_only,1485,6.032937017153017e-05,6.032937017153017e-05,42.908878326416016,1e-05,1.0,144.87979639996774,9261.65087890625
final_only,1486,0.0005119851557537913,0.0005119851557537913,42.7997932434082,1e-05,1.0,144.97565209993627,9261.65087890625
final_only,1487,0.00013081199722364545,0.00013081199722364545,44.71084213256836,1e-05,1.0,145.07102799997665,9261.65087890625
final_only,1488,0.000343539344612509,0.000343539344612509,44.9590950012207,1e-05,1.0,145.1667856000131,9261.65087890625
final_only,1489,0.00012579429312609136,0.00012579429312609136,43.618438720703125,1e-05,1.0,145.26344130001962,9261.65087890625
final_only,1490,8.417777280556038e-05,8.417777280556038e-05,42.789180755615234,1e-05,1.0,145.35918569995556,9261.65087890625
final_only,1491,6.390542694134638e-05,6.390542694134638e-05,43.37982177734375,1e-05,1.0,145.45501089992467,9261.65087890625
final_only,1492,0.0007126530399546027,0.0007126530399546027,43.86408615112305,1e-05,1.0,145.55051680002362,9261.65087890625
final_only,1493,6.705174746457487e-05,6.705174746457487e-05,41.988407135009766,1e-05,1.0,145.64674380002543,9261.65087890625
final_only,1494,0.00017337113968096673,0.00017337113968096673,47.12889099121094,1e-05,1.0,145.74318699992727,9261.65087890625
final_only,1495,9.164115181192756e-05,9.164115181192756e-05,43.28327941894531,1e-05,1.0,145.8398083000211,9261.65087890625
final_only,1496,0.00011362015357008204,0.00011362015357008204,41.37755584716797,1e-05,1.0,145.93512079992797,9261.65087890625
final_only,1497,0.0005287011153995991,0.0005287011153995991,42.89859390258789,1e-05,1.0,146.03091279999353,9261.65087890625
final_only,1498,6.662294617854059e-05,6.662294617854059e-05,44.07017135620117,1e-05,1.0,146.1270327999955,9261.65087890625
final_only,1499,7.522988744312897e-05,7.522988744312897e-05,42.342308044433594,1e-05,1.0,146.2229101000121,9261.65087890625
final_only,1500,7.869403634686023e-05,7.869403634686023e-05,43.43976593017578,1e-05,1.0,146.31866560003255,9261.65087890625
final_only,1501,0.0001941039809025824,0.0001941039809025824,42.789878845214844,1e-05,1.0,146.73153170000296,9261.65087890625
final_only,1502,5.7920380641007796e-05,5.7920380641007796e-05,42.648868560791016,1e-05,1.0,146.82740479998756,9261.65087890625
final_only,1503,0.0001135874044848606,0.0001135874044848606,44.04338836669922,1e-05,1.0,146.92401449999306,9261.65087890625
final_only,1504,6.54792384011671e-05,6.54792384011671e-05,43.705162048339844,1e-05,1.0,147.02016309997998,9261.65087890625
final_only,1505,7.584601553389803e-05,7.584601553389803e-05,43.10521697998047,1e-05,1.0,147.11576209997293,9261.65087890625
final_only,1506,0.00024917806149460375,0.00024917806149460375,42.30040740966797,1e-05,1.0,147.2126403999282,9261.65087890625
final_only,1507,5.09720848640427e-05,5.09720848640427e-05,42.42723846435547,1e-05,1.0,147.30962820001878,9261.65087890625
final_only,1508,0.00014191454101819545,0.00014191454101819545,43.410301208496094,1e-05,1.0,147.40575509995688,9261.65087890625
final_only,1509,5.157318810233846e-05,5.157318810233846e-05,45.0384521484375,1e-05,1.0,147.50148229999468,9261.65087890625
final_only,1510,0.00010521088552195579,0.00010521088552195579,44.44581604003906,1e-05,1.0,147.59702350001317,9261.65087890625
final_only,1511,4.40680087194778e-05,4.40680087194778e-05,45.79936981201172,1e-05,1.0,147.6935383999953,9261.65087890625
final_only,1512,0.00013615001807920635,0.00013615001807920635,42.561153411865234,1e-05,1.0,147.78926809993573,9261.65087890625
final_only,1513,7.741873560007662e-05,7.741873560007662e-05,43.456687927246094,1e-05,1.0,147.8847808999708,9261.65087890625
final_only,1514,3.8119847886264324e-05,3.8119847886264324e-05,44.249755859375,1e-05,1.0,147.98071499995422,9261.65087890625
final_only,1515,0.0002913617354352027,0.0002913617354352027,45.104740142822266,1e-05,1.0,148.07632290001493,9261.65087890625
final_only,1516,0.0001412299752701074,0.0001412299752701074,44.73529052734375,1e-05,1.0,148.17252939997707,9261.65087890625
final_only,1517,0.0001187816887977533,0.0001187816887977533,44.60550308227539,1e-05,1.0,148.26922649994958,9261.65087890625
final_only,1518,0.00010660671978257596,0.00010660671978257596,43.46004104614258,1e-05,1.0,148.36486109998077,9261.65087890625
final_only,1519,0.0007417774177156389,0.0007417774177156389,43.671485900878906,1e-05,1.0,148.46088279993273,9261.65087890625
final_only,1520,0.00046714095515199006,0.00046714095515199006,45.561004638671875,1e-05,1.0,148.5567056,9261.65087890625
final_only,1521,0.00012880390568170696,0.00012880390568170696,44.25938415527344,1e-05,1.0,148.6527965000132,9261.65087890625
final_only,1522,0.00011624104809015989,0.00011624104809015989,43.97465133666992,1e-05,1.0,148.74905400001444,9261.65087890625
final_only,1523,0.00017642702732700855,0.00017642702732700855,45.42617416381836,1e-05,1.0,148.84470349992625,9261.65087890625
final_only,1524,0.00016918519395403564,0.00016918519395403564,42.852294921875,1e-05,1.0,148.94099239993375,9261.65087890625
final_only,1525,0.0004007868701592088,0.0004007868701592088,45.43331527709961,1e-05,1.0,149.03753309999593,9261.65087890625
final_only,1526,0.00023402403166983277,0.00023402403166983277,46.6717643737793,1e-05,1.0,149.13308019994292,9261.65087890625
final_only,1527,8.471927139908075e-05,8.471927139908075e-05,44.289031982421875,1e-05,1.0,149.22932349995244,9261.65087890625
final_only,1528,0.0002690715773496777,0.0002690715773496777,43.57612991333008,1e-05,1.0,149.325152699952,9261.65087890625
final_only,1529,2.1232868675724603e-05,2.1232868675724603e-05,44.38115692138672,1e-05,1.0,149.42117109999526,9261.65087890625
final_only,1530,4.122020982322283e-05,4.122020982322283e-05,44.40919876098633,1e-05,1.0,149.51679429993965,9261.65087890625
final_only,1531,2.6435305699124e-05,2.6435305699124e-05,43.37083435058594,1e-05,1.0,149.61316860001534,9261.65087890625
final_only,1532,0.00010976973862852901,0.00010976973862852901,45.078216552734375,1e-05,1.0,149.71013659995515,9261.65087890625
final_only,1533,0.00014396669575944543,0.00014396669575944543,45.53288269042969,1e-05,1.0,149.80566970002837,9261.65087890625
final_only,1534,9.864424646366388e-05,9.864424646366388e-05,44.73820877075195,1e-05,1.0,149.9010585999349,9261.65087890625
final_only,1535,0.00020548244356177747,0.00020548244356177747,43.77263641357422,1e-05,1.0,149.99797269992996,9261.65087890625
final_only,1536,0.00015284231631085277,0.00015284231631085277,43.58709716796875,1e-05,1.0,150.092860499979,9261.65087890625
final_only,1537,0.00022145622642710805,0.00022145622642710805,43.04414749145508,1e-05,1.0,150.1885087999981,9261.65087890625
final_only,1538,0.0002030429313890636,0.0002030429313890636,44.60511779785156,1e-05,1.0,150.28499580000062,9261.65087890625
final_only,1539,3.777127858484164e-05,3.777127858484164e-05,44.388885498046875,1e-05,1.0,150.38097199995536,9261.65087890625
final_only,1540,5.4462641855934635e-05,5.4462641855934635e-05,43.16337585449219,1e-05,1.0,150.4762638999382,9261.65087890625
final_only,1541,5.0627841119421646e-05,5.0627841119421646e-05,43.98229217529297,1e-05,1.0,150.57223910000175,9261.65087890625
final_only,1542,0.0002623385516926646,0.0002623385516926646,40.83701705932617,1e-05,1.0,150.6685495999409,9261.65087890625
final_only,1543,8.300687477458268e-05,8.300687477458268e-05,45.41524124145508,1e-05,1.0,150.76429249998182,9261.65087890625
final_only,1544,9.421372669748962e-05,9.421372669748962e-05,45.12394332885742,1e-05,1.0,150.86003839992918,9261.65087890625
final_only,1545,0.00011500240361783653,0.00011500240361783653,44.27867889404297,1e-05,1.0,150.9563326999778,9261.65087890625
final_only,1546,7.253373769344762e-05,7.253373769344762e-05,42.478416442871094,1e-05,1.0,151.05272489995696,9261.65087890625
final_only,1547,0.00011751864803954959,0.00011751864803954959,44.20845413208008,1e-05,1.0,151.1475616999669,9261.65087890625
final_only,1548,0.0003136410959996283,0.0003136410959996283,45.751827239990234,1e-05,1.0,151.24313610000536,9261.65087890625
final_only,1549,4.4711880036629736e-05,4.4711880036629736e-05,44.52128601074219,1e-05,1.0,151.33984849997796,9261.65087890625
final_only,1550,6.251638842513785e-05,6.251638842513785e-05,42.41149139404297,1e-05,1.0,151.43647559999954,9261.65087890625
final_only,1551,4.712413647212088e-05,4.712413647212088e-05,46.29829406738281,1e-05,1.0,151.53324849996716,9261.65087890625
final_only,1552,0.00016469166439492255,0.00016469166439492255,45.852909088134766,1e-05,1.0,151.62925040000118,9261.65087890625
final_only,1553,0.00026668657665140927,0.00026668657665140927,45.73421096801758,1e-05,1.0,151.72522959997877,9261.65087890625
final_only,1554,4.8008256271714345e-05,4.8008256271714345e-05,46.43488311767578,1e-05,1.0,151.82211700000335,9261.65087890625
final_only,1555,0.00013976571790408343,0.00013976571790408343,45.68954086303711,1e-05,1.0,151.91808710002806,9261.65087890625
final_only,1556,0.00015552058175671846,0.00015552058175671846,43.570884704589844,1e-05,1.0,152.01494519994594,9261.65087890625
final_only,1557,0.00020444553229026496,0.00020444553229026496,43.3025016784668,1e-05,1.0,152.10982939996757,9261.65087890625
final_only,1558,0.0001850913540693,0.0001850913540693,45.155460357666016,1e-05,1.0,152.20637369994074,9261.65087890625
final_only,1559,0.00019282993162050843,0.00019282993162050843,43.66669845581055,1e-05,1.0,152.30196369998157,9261.65087890625
final_only,1560,0.0002344736276427284,0.0002344736276427284,44.85694885253906,1e-05,1.0,152.3978137000231,9261.65087890625
final_only,1561,8.07901524240151e-05,8.07901524240151e-05,44.865482330322266,1e-05,1.0,152.49297469994053,9261.65087890625
final_only,1562,0.00018044255557470024,0.00018044255557470024,45.110626220703125,1e-05,1.0,152.58867189998273,9261.65087890625
final_only,1563,3.9603488403372467e-05,3.9603488403372467e-05,44.444583892822266,1e-05,1.0,152.68555649998598,9261.65087890625
final_only,1564,1.4994569937698543e-05,1.4994569937698543e-05,42.51288604736328,1e-05,1.0,152.78195690002758,9261.65087890625
final_only,1565,0.00011927331070182845,0.00011927331070182845,45.13656234741211,1e-05,1.0,152.8766599999508,9261.65087890625
final_only,1566,3.3429580071242526e-05,3.3429580071242526e-05,44.9290771484375,1e-05,1.0,152.9735803999938,9261.65087890625
final_only,1567,7.315056427614763e-05,7.315056427614763e-05,44.535614013671875,1e-05,1.0,153.06936109997332,9261.65087890625
final_only,1568,0.00015950764645822346,0.00015950764645822346,43.281471252441406,1e-05,1.0,153.16600650001783,9261.65087890625
final_only,1569,4.5133336243452504e-05,4.5133336243452504e-05,43.15202331542969,1e-05,1.0,153.26209059997927,9261.65087890625
final_only,1570,0.00016616737411823124,0.00016616737411823124,44.96803283691406,1e-05,1.0,153.35825299995486,9261.65087890625
final_only,1571,0.0003055513952858746,0.0003055513952858746,44.65225601196289,1e-05,1.0,153.45459780003875,9261.65087890625
final_only,1572,0.0004632383934222162,0.0004632383934222162,43.231571197509766,1e-05,1.0,153.54991309996694,9261.65087890625
final_only,1573,0.0001385362120345235,0.0001385362120345235,43.329429626464844,1e-05,1.0,153.64512539992575,9261.65087890625
final_only,1574,0.00010506343096494675,0.00010506343096494675,44.73736572265625,1e-05,1.0,153.74054659996182,9261.65087890625
final_only,1575,3.065557757508941e-05,3.065557757508941e-05,45.838539123535156,1e-05,1.0,153.8371055999305,9261.65087890625
final_only,1576,0.00019038739264942706,0.00019038739264942706,44.543155670166016,1e-05,1.0,153.9322819999652,9261.65087890625
final_only,1577,2.5368997739860788e-05,2.5368997739860788e-05,44.663658142089844,1e-05,1.0,154.02946470002644,9261.65087890625
final_only,1578,0.00021452376677189022,0.00021452376677189022,45.74790954589844,1e-05,1.0,154.1241267999867,9261.65087890625
final_only,1579,0.00029787124367430806,0.00029787124367430806,45.39442825317383,1e-05,1.0,154.22094000002835,9261.65087890625
final_only,1580,0.0008597660926170647,0.0008597660926170647,45.20416259765625,1e-05,1.0,154.31634509994183,9261.65087890625
final_only,1581,0.00019386946223676205,0.00019386946223676205,43.53007507324219,1e-05,1.0,154.41135840001516,9261.65087890625
final_only,1582,0.00013513228623196483,0.00013513228623196483,44.509891510009766,1e-05,1.0,154.50820189993829,9261.65087890625
final_only,1583,3.0760485969949514e-05,3.0760485969949514e-05,42.273048400878906,1e-05,1.0,154.60376949992497,9261.65087890625
final_only,1584,0.00013090582797303796,0.00013090582797303796,41.52243423461914,1e-05,1.0,154.700260899961,9261.65087890625
final_only,1585,5.6352226238232106e-05,5.6352226238232106e-05,43.34416580200195,1e-05,1.0,154.79684870003257,9261.65087890625
final_only,1586,3.7575606256723404e-05,3.7575606256723404e-05,44.107765197753906,1e-05,1.0,154.89212800003588,9261.65087890625
final_only,1587,0.00023909879382699728,0.00023909879382699728,44.25804138183594,1e-05,1.0,154.9885490000015,9261.65087890625
final_only,1588,8.370139403268695e-05,8.370139403268695e-05,43.61882781982422,1e-05,1.0,155.08414679998532,9261.65087890625
final_only,1589,9.135825530393049e-05,9.135825530393049e-05,45.34832763671875,1e-05,1.0,155.17970189999323,9261.65087890625
final_only,1590,0.0001466335670556873,0.0001466335670556873,44.26921844482422,1e-05,1.0,155.27583679999225,9261.65087890625
final_only,1591,0.0002344553649891168,0.0002344553649891168,43.2260856628418,1e-05,1.0,155.37190349993762,9261.65087890625
final_only,1592,6.575124280061573e-05,6.575124280061573e-05,45.42304229736328,1e-05,1.0,155.46843290003017,9261.65087890625
final_only,1593,2.3632104785065167e-05,2.3632104785065167e-05,42.97130584716797,1e-05,1.0,155.56544939999003,9261.65087890625
final_only,1594,0.0004155173373874277,0.0004155173373874277,45.20854949951172,1e-05,1.0,155.6612270999467,9261.65087890625
final_only,1595,0.0008928957977332175,0.0008928957977332175,43.916831970214844,1e-05,1.0,155.7578577999957,9261.65087890625
final_only,1596,0.00019056859309785068,0.00019056859309785068,42.794437408447266,1e-05,1.0,155.8527502999641,9261.65087890625
final_only,1597,2.153016612282954e-05,2.153016612282954e-05,46.64140319824219,1e-05,1.0,155.9486943000229,9261.65087890625
final_only,1598,3.654235115391202e-05,3.654235115391202e-05,46.83147430419922,1e-05,1.0,156.04541309992783,9261.65087890625
final_only,1599,0.00021535161067731678,0.00021535161067731678,44.39781951904297,1e-05,1.0,156.14015610003844,9261.65087890625
final_only,1600,0.0005429406883195043,0.0005429406883195043,45.55324172973633,1e-05,1.0,156.23601699993014,9261.65087890625
final_only,1601,0.00028920761542394757,0.00028920761542394757,44.33353805541992,1e-05,1.0,156.33336799999233,9261.65087890625
final_only,1602,8.608725329395384e-05,8.608725329395384e-05,45.72364807128906,1e-05,1.0,156.42937919998076,9261.65087890625
final_only,1603,0.00017965782899409533,0.00017965782899409533,45.082191467285156,1e-05,1.0,156.52569579996634,9261.65087890625
final_only,1604,0.0003013842215295881,0.0003013842215295881,44.5879020690918,1e-05,1.0,156.62098719994538,9261.65087890625
final_only,1605,6.79664226481691e-05,6.79664226481691e-05,45.02732849121094,1e-05,1.0,156.71709319995716,9261.65087890625
final_only,1606,0.00018794929201249033,0.00018794929201249033,45.295040130615234,1e-05,1.0,156.8129653999349,9261.65087890625
final_only,1607,8.177741983672604e-05,8.177741983672604e-05,43.81385040283203,1e-05,1.0,156.90887849999126,9261.65087890625
final_only,1608,8.991251525003463e-05,8.991251525003463e-05,43.29730224609375,1e-05,1.0,157.0043946999358,9261.65087890625
final_only,1609,0.00019461836200207472,0.00019461836200207472,42.60714340209961,1e-05,1.0,157.10023660003208,9261.65087890625
final_only,1610,9.320005483459681e-05,9.320005483459681e-05,43.32155227661133,1e-05,1.0,157.19716520002112,9261.65087890625
final_only,1611,0.00023124496510718018,0.00023124496510718018,42.81285858154297,1e-05,1.0,157.29290909995325,9261.65087890625
final_only,1612,6.36403274256736e-05,6.36403274256736e-05,44.62013626098633,1e-05,1.0,157.38904399995226,9261.65087890625
final_only,1613,9.665074321674183e-05,9.665074321674183e-05,45.4687385559082,1e-05,1.0,157.48544389999006,9261.65087890625
final_only,1614,0.0003018357965629548,0.0003018357965629548,43.19859313964844,1e-05,1.0,157.5805973999668,9261.65087890625
final_only,1615,5.049765604780987e-05,5.049765604780987e-05,44.25893783569336,1e-05,1.0,157.67697929998394,9261.65087890625
final_only,1616,7.83974101068452e-05,7.83974101068452e-05,45.60953140258789,1e-05,1.0,157.7728840999771,9261.65087890625
final_only,1617,1.4290602848632261e-05,1.4290602848632261e-05,44.90462112426758,1e-05,1.0,157.86963339999784,9261.65087890625
final_only,1618,0.00018565499340184033,0.00018565499340184033,44.952880859375,1e-05,1.0,157.9651854999829,9261.65087890625
final_only,1619,0.0001436043530702591,0.0001436043530702591,42.66132354736328,1e-05,1.0,158.06170900003053,9261.65087890625
final_only,1620,4.8696565499994904e-05,4.8696565499994904e-05,46.00495910644531,1e-05,1.0,158.1575156999752,9261.65087890625
final_only,1621,0.00018482987070456147,0.00018482987070456147,43.55707550048828,1e-05,1.0,158.25384190003388,9261.65087890625
final_only,1622,0.00010532823216635734,0.00010532823216635734,43.940696716308594,1e-05,1.0,158.35057120001875,9261.65087890625
final_only,1623,0.0004904522793367505,0.0004904522793367505,44.164554595947266,1e-05,1.0,158.44659249996766,9261.65087890625
final_only,1624,6.880359433125705e-05,6.880359433125705e-05,44.139469146728516,1e-05,1.0,158.54351450002287,9261.65087890625
final_only,1625,3.9335296605713665e-05,3.9335296605713665e-05,44.98396301269531,1e-05,1.0,158.63949580001645,9261.65087890625
final_only,1626,0.0001348806545138359,0.0001348806545138359,44.38897705078125,1e-05,1.0,158.7357632999774,9261.65087890625
final_only,1627,0.0001102806199924089,0.0001102806199924089,43.503021240234375,1e-05,1.0,158.83146629994735,9261.65087890625
final_only,1628,0.00012788297317456454,0.00012788297317456454,42.807861328125,1e-05,1.0,158.92710299999453,9261.65087890625
final_only,1629,9.104445052798837e-05,9.104445052798837e-05,44.957908630371094,1e-05,1.0,159.0237264999887,9261.65087890625
final_only,1630,2.8730508347507566e-05,2.8730508347507566e-05,43.90483856201172,1e-05,1.0,159.11936140002217,9261.65087890625
final_only,1631,0.00016668897296767682,0.00016668897296767682,43.92729187011719,1e-05,1.0,159.21573319996241,9261.65087890625
final_only,1632,7.171613833634183e-05,7.171613833634183e-05,43.577579498291016,1e-05,1.0,159.31127629999537,9261.65087890625
final_only,1633,4.298141720937565e-05,4.298141720937565e-05,43.357276916503906,1e-05,1.0,159.40718819992617,9261.65087890625
final_only,1634,8.094236545730382e-05,8.094236545730382e-05,42.75205993652344,1e-05,1.0,159.50309070001822,9261.65087890625
final_only,1635,0.00011327741958666593,0.00011327741958666593,45.21089172363281,1e-05,1.0,159.59942199999932,9261.65087890625
final_only,1636,2.480778675817419e-05,2.480778675817419e-05,45.15374755859375,1e-05,1.0,159.6960565999616,9261.65087890625
final_only,1637,0.00036028079921379685,0.00036028079921379685,44.39036560058594,1e-05,1.0,159.79249429993797,9261.65087890625
final_only,1638,0.00021000212291255593,0.00021000212291255593,43.01653289794922,1e-05,1.0,159.88922110002022,9261.65087890625
final_only,1639,0.0001120724919019267,0.0001120724919019267,42.032989501953125,1e-05,1.0,159.98601150000468,9261.65087890625
final_only,1640,0.00012126474030083045,0.00012126474030083045,44.56621170043945,1e-05,1.0,160.08222510002088,9261.65087890625
final_only,1641,0.00021600283798761666,0.00021600283798761666,43.079139709472656,1e-05,1.0,160.17772509995848,9261.65087890625
final_only,1642,0.00011683107732096687,0.00011683107732096687,45.08528137207031,1e-05,1.0,160.2737960999366,9261.65087890625
final_only,1643,0.0005902964621782303,0.0005902964621782303,42.447715759277344,1e-05,1.0,160.36860960000195,9261.65087890625
final_only,1644,8.772717410465702e-05,8.772717410465702e-05,42.063350677490234,1e-05,1.0,160.4639967000112,9261.65087890625
final_only,1645,0.0001717935811029747,0.0001717935811029747,46.015098571777344,1e-05,1.0,160.55962019995786,9261.65087890625
final_only,1646,9.884835162665695e-05,9.884835162665695e-05,44.324363708496094,1e-05,1.0,160.65462459996343,9261.65087890625
final_only,1647,0.00011367432307451963,0.00011367432307451963,45.525508880615234,1e-05,1.0,160.75128490000498,9261.65087890625
final_only,1648,0.0005566441686823964,0.0005566441686823964,44.65201950073242,1e-05,1.0,160.84666589996777,9261.65087890625
final_only,1649,2.6039811928058043e-05,2.6039811928058043e-05,45.08527374267578,1e-05,1.0,160.9425183000276,9261.65087890625
final_only,1650,7.986626587808132e-05,7.986626587808132e-05,43.344451904296875,1e-05,1.0,161.03940619993955,9261.65087890625
final_only,1651,4.185585567029193e-05,4.185585567029193e-05,45.77580261230469,1e-05,1.0,161.1359798000194,9261.65087890625
final_only,1652,0.00012187671381980181,0.00012187671381980181,45.13896560668945,1e-05,1.0,161.231679599965,9261.65087890625
final_only,1653,0.0004830731777474284,0.0004830731777474284,42.85809326171875,1e-05,1.0,161.3266077999724,9261.65087890625
final_only,1654,0.00015768458251841366,0.00015768458251841366,45.15367126464844,1e-05,1.0,161.42119100003038,9261.65087890625
final_only,1655,7.900513446656987e-05,7.900513446656987e-05,46.494346618652344,1e-05,1.0,161.5158731000265,9261.65087890625
final_only,1656,6.18483973084949e-05,6.18483973084949e-05,45.083457946777344,1e-05,1.0,161.61214580002706,9261.65087890625
final_only,1657,4.306863047531806e-05,4.306863047531806e-05,44.36543655395508,1e-05,1.0,161.70684460003395,9261.65087890625
final_only,1658,3.5590786865213886e-05,3.5590786865213886e-05,45.55555725097656,1e-05,1.0,161.80254609999247,9261.65087890625
final_only,1659,1.3971699445392005e-05,1.3971699445392005e-05,45.25834274291992,1e-05,1.0,161.89814679999836,9261.65087890625
final_only,1660,0.00010415569704491645,0.00010415569704491645,43.778846740722656,1e-05,1.0,161.99362049996853,9261.65087890625
final_only,1661,0.0001875279122032225,0.0001875279122032225,44.286376953125,1e-05,1.0,162.08998389996123,9261.65087890625
final_only,1662,5.190310548641719e-05,5.190310548641719e-05,44.1930046081543,1e-05,1.0,162.18432549992576,9261.65087890625
final_only,1663,0.00028556777397170663,0.00028556777397170663,45.788063049316406,1e-05,1.0,162.28050889994483,9261.65087890625
final_only,1664,9.288323781220242e-05,9.288323781220242e-05,46.60614776611328,1e-05,1.0,162.37511419993825,9261.65087890625
final_only,1665,0.00011571982759051025,0.00011571982759051025,44.4713249206543,1e-05,1.0,162.46953819994815,9261.65087890625
final_only,1666,4.881806671619415e-05,4.881806671619415e-05,44.48469161987305,1e-05,1.0,162.5651144000003,9261.65087890625
final_only,1667,7.844758511055261e-05,7.844758511055261e-05,43.16895294189453,1e-05,1.0,162.66016159998253,9261.65087890625
final_only,1668,9.22336766961962e-05,9.22336766961962e-05,46.57265853881836,1e-05,1.0,162.75612239993643,9261.65087890625
final_only,1669,6.684818072244525e-05,6.684818072244525e-05,44.87610626220703,1e-05,1.0,162.85150829993654,9261.65087890625
final_only,1670,0.0002313549630343914,0.0002313549630343914,42.189640045166016,1e-05,1.0,162.94595349999145,9261.65087890625
final_only,1671,2.9491035093087703e-05,2.9491035093087703e-05,45.606021881103516,1e-05,1.0,163.0419159999583,9261.65087890625
final_only,1672,0.00011264609202044085,0.00011264609202044085,44.73280334472656,1e-05,1.0,163.13658930000383,9261.65087890625
final_only,1673,0.00011754270235542208,0.00011754270235542208,42.110721588134766,1e-05,1.0,163.23178399994504,9261.65087890625
final_only,1674,5.616561247734353e-05,5.616561247734353e-05,45.37367630004883,1e-05,1.0,163.3266864999896,9261.65087890625
final_only,1675,8.07813776191324e-05,8.07813776191324e-05,44.2519416809082,1e-05,1.0,163.4216308000032,9261.65087890625
final_only,1676,0.0002423505502520129,0.0002423505502520129,47.11768341064453,1e-05,1.0,163.51660079997964,9261.65087890625
final_only,1677,3.235102121834643e-05,3.235102121834643e-05,45.691436767578125,1e-05,1.0,163.61179160000756,9261.65087890625
final_only,1678,0.00033304240787401795,0.00033304240787401795,43.02938461303711,1e-05,1.0,163.70888869999908,9261.65087890625
final_only,1679,0.00028272042982280254,0.00028272042982280254,44.769195556640625,1e-05,1.0,163.8047091999324,9261.65087890625
final_only,1680,6.539270543726161e-05,6.539270543726161e-05,44.748512268066406,1e-05,1.0,163.89993670000695,9261.65087890625
final_only,1681,0.00024638092145323753,0.00024638092145323753,46.13560485839844,1e-05,1.0,163.9962002999382,9261.65087890625
final_only,1682,3.026271406270098e-05,3.026271406270098e-05,44.34540939331055,1e-05,1.0,164.0920451999409,9261.65087890625
final_only,1683,0.00037376044201664627,0.00037376044201664627,44.66337585449219,1e-05,1.0,164.18647640000563,9261.65087890625
final_only,1684,8.635067933937535e-05,8.635067933937535e-05,44.73591613769531,1e-05,1.0,164.28265730000567,9261.65087890625
final_only,1685,0.00031496441806666553,0.00031496441806666553,43.685272216796875,1e-05,1.0,164.37824360001832,9261.65087890625
final_only,1686,4.5874468924012035e-05,4.5874468924012035e-05,45.582176208496094,1e-05,1.0,164.47280160000082,9261.65087890625
final_only,1687,5.5701631936244667e-05,5.5701631936244667e-05,44.18412780761719,1e-05,1.0,164.56796749995556,9261.65087890625
final_only,1688,9.90351545624435e-05,9.90351545624435e-05,44.29380416870117,1e-05,1.0,164.66314720001537,9261.65087890625
final_only,1689,8.305566007038578e-05,8.305566007038578e-05,44.064266204833984,1e-05,1.0,164.75934999994934,9261.65087890625
final_only,1690,2.833000871760305e-05,2.833000871760305e-05,43.892799377441406,1e-05,1.0,164.85430949996226,9261.65087890625
final_only,1691,6.828305777162313e-05,6.828305777162313e-05,43.908843994140625,1e-05,1.0,164.9493723999476,9261.65087890625
final_only,1692,4.2900901462417096e-05,4.2900901462417096e-05,45.475975036621094,1e-05,1.0,165.04542059998494,9261.65087890625
final_only,1693,0.0001420596381649375,0.0001420596381649375,44.46156311035156,1e-05,1.0,165.14015839993954,9261.65087890625
final_only,1694,2.6181243811151944e-05,2.6181243811151944e-05,44.47187805175781,1e-05,1.0,165.23633809993044,9261.65087890625
final_only,1695,0.00011306972737656906,0.00011306972737656906,46.306007385253906,1e-05,1.0,165.33177159994375,9261.65087890625
final_only,1696,6.717120413668454e-05,6.717120413668454e-05,44.1666259765625,1e-05,1.0,165.42630239995196,9261.65087890625
final_only,1697,2.617318750708364e-05,2.617318750708364e-05,43.155174255371094,1e-05,1.0,165.52135739999358,9261.65087890625
final_only,1698,0.00019202382827643305,0.00019202382827643305,43.95576477050781,1e-05,1.0,165.61652429995593,9261.65087890625
final_only,1699,0.00010160324745811522,0.00010160324745811522,44.795265197753906,1e-05,1.0,165.71218080003746,9261.65087890625
final_only,1700,8.725794032216072e-05,8.725794032216072e-05,41.975494384765625,1e-05,1.0,165.80722419999074,9261.65087890625
final_only,1701,6.306948489509523e-05,6.306948489509523e-05,45.9371452331543,1e-05,1.0,165.902542399941,9261.65087890625
final_only,1702,0.00016113996389321983,0.00016113996389321983,45.08416748046875,1e-05,1.0,165.99830939993262,9261.65087890625
final_only,1703,0.00012801644334103912,0.00012801644334103912,44.12075424194336,1e-05,1.0,166.09355659992434,9261.65087890625
final_only,1704,6.514726555906236e-05,6.514726555906236e-05,43.81584167480469,1e-05,1.0,166.18761809996795,9261.65087890625
final_only,1705,9.105940262088552e-05,9.105940262088552e-05,41.51666259765625,1e-05,1.0,166.28397460002452,9261.65087890625
final_only,1706,0.0006909320363774896,0.0006909320363774896,43.919837951660156,1e-05,1.0,166.37937199999578,9261.65087890625
final_only,1707,4.2146035411860794e-05,4.2146035411860794e-05,46.59465026855469,1e-05,1.0,166.47403409995604,9261.65087890625
final_only,1708,0.00015690956206526607,0.00015690956206526607,44.17674255371094,1e-05,1.0,166.56935809995048,9261.65087890625
final_only,1709,0.0001713053061394021,0.0001713053061394021,44.74903106689453,1e-05,1.0,166.66492290003225,9261.65087890625
final_only,1710,7.916298636700958e-05,7.916298636700958e-05,45.47650909423828,1e-05,1.0,166.76067669992335,9261.65087890625
final_only,1711,1.8177895981352776e-05,1.8177895981352776e-05,45.01879119873047,1e-05,1.0,166.85573700000532,9261.65087890625
final_only,1712,0.0003392908547539264,0.0003392908547539264,44.26962661743164,1e-05,1.0,166.95093309995718,9261.65087890625
final_only,1713,0.00013844016939401627,0.00013844016939401627,44.07914733886719,1e-05,1.0,167.0469410000369,9261.65087890625
final_only,1714,0.00013375398702919483,0.00013375398702919483,43.52920150756836,1e-05,1.0,167.14163710002322,9261.65087890625
final_only,1715,6.280289380811155e-05,6.280289380811155e-05,43.506011962890625,1e-05,1.0,167.23699789994862,9261.65087890625
final_only,1716,3.205781104043126e-05,3.205781104043126e-05,43.21331787109375,1e-05,1.0,167.33259979996365,9261.65087890625
final_only,1717,7.307669147849083e-05,7.307669147849083e-05,45.10698699951172,1e-05,1.0,167.42743299994618,9261.65087890625
final_only,1718,4.949454159941524e-05,4.949454159941524e-05,43.23643112182617,1e-05,1.0,167.52300059993286,9261.65087890625
final_only,1719,7.072280277498066e-05,7.072280277498066e-05,43.450836181640625,1e-05,1.0,167.61818989994936,9261.65087890625
final_only,1720,4.5888493332313374e-05,4.5888493332313374e-05,43.51397705078125,1e-05,1.0,167.7129905000329,9261.65087890625
final_only,1721,2.2438982341554947e-05,2.2438982341554947e-05,46.027259826660156,1e-05,1.0,167.80940859997645,9261.65087890625
final_only,1722,7.50423496356234e-05,7.50423496356234e-05,44.13621520996094,1e-05,1.0,167.90584989998024,9261.65087890625
final_only,1723,3.0352617613971233e-05,3.0352617613971233e-05,42.48993682861328,1e-05,1.0,168.00188240001444,9261.65087890625
final_only,1724,0.0004072698066011071,0.0004072698066011071,42.19916534423828,1e-05,1.0,168.09673939994536,9261.65087890625
final_only,1725,0.00015801464905962348,0.00015801464905962348,46.609771728515625,1e-05,1.0,168.19195420003962,9261.65087890625
final_only,1726,0.00011235789861530066,0.00011235789861530066,43.71870422363281,1e-05,1.0,168.28843159996904,9261.65087890625
final_only,1727,0.0009450778015889227,0.0009450778015889227,45.317054748535156,1e-05,1.0,168.3843310000375,9261.65087890625
final_only,1728,8.84384207893163e-05,8.84384207893163e-05,45.11798095703125,1e-05,1.0,168.47879419999663,9261.65087890625
final_only,1729,0.0001512118469690904,0.0001512118469690904,43.84646224975586,1e-05,1.0,168.57408349995967,9261.65087890625
final_only,1730,3.915117122232914e-05,3.915117122232914e-05,43.972198486328125,1e-05,1.0,168.66852910001762,9261.65087890625
final_only,1731,3.2058793294709176e-05,3.2058793294709176e-05,45.51289749145508,1e-05,1.0,168.764427099959,9261.65087890625
final_only,1732,3.769683462451212e-05,3.769683462451212e-05,43.13910675048828,1e-05,1.0,168.85990109993145,9261.65087890625
final_only,1733,5.348966078599915e-05,5.348966078599915e-05,41.65113830566406,1e-05,1.0,168.95486679999158,9261.65087890625
final_only,1734,6.433463568100706e-05,6.433463568100706e-05,44.701995849609375,1e-05,1.0,169.05074049998075,9261.65087890625
final_only,1735,3.6057837860425934e-05,3.6057837860425934e-05,42.994544982910156,1e-05,1.0,169.14598249993287,9261.65087890625
final_only,1736,5.090182094136253e-05,5.090182094136253e-05,44.37664031982422,1e-05,1.0,169.24127050000243,9261.65087890625
final_only,1737,1.886658719740808e-05,1.886658719740808e-05,44.410789489746094,1e-05,1.0,169.3368352999678,9261.65087890625
final_only,1738,0.0003119188768323511,0.0003119188768323511,47.075279235839844,1e-05,1.0,169.43129179999232,9261.65087890625
final_only,1739,7.663623546250165e-05,7.663623546250165e-05,45.86376953125,1e-05,1.0,169.52678740001284,9261.65087890625
final_only,1740,0.00010459698387421668,0.00010459698387421668,45.95671463012695,1e-05,1.0,169.62227940000594,9261.65087890625
final_only,1741,5.0288559577893466e-05,5.0288559577893466e-05,43.57014083862305,1e-05,1.0,169.71724559995346,9261.65087890625
final_only,1742,1.2489764230849687e-05,1.2489764230849687e-05,44.39625549316406,1e-05,1.0,169.81329860002734,9261.65087890625
final_only,1743,7.784022454870865e-05,7.784022454870865e-05,46.266502380371094,1e-05,1.0,169.90839400002733,9261.65087890625
final_only,1744,5.3597366786561906e-05,5.3597366786561906e-05,44.8487548828125,1e-05,1.0,170.00440309999976,9261.65087890625
final_only,1745,8.962302672443911e-05,8.962302672443911e-05,44.13172912597656,1e-05,1.0,170.09991769993212,9261.65087890625
final_only,1746,5.2398179832380265e-05,5.2398179832380265e-05,44.740604400634766,1e-05,1.0,170.1948693000013,9261.65087890625
final_only,1747,0.00021384653518907726,0.00021384653518907726,44.01190185546875,1e-05,1.0,170.29110349994153,9261.65087890625
final_only,1748,7.68986064940691e-05,7.68986064940691e-05,45.4153938293457,1e-05,1.0,170.38576939993072,9261.65087890625
final_only,1749,3.837548865703866e-05,3.837548865703866e-05,42.364463806152344,1e-05,1.0,170.48091799998656,9261.65087890625
final_only,1750,0.00017657240096013993,0.00017657240096013993,45.580291748046875,1e-05,1.0,170.5761269000359,9261.65087890625
final_only,1751,0.0001712587254587561,0.0001712587254587561,42.877593994140625,1e-05,1.0,170.6717582999263,9261.65087890625
final_only,1752,9.828805923461914e-05,9.828805923461914e-05,43.12721252441406,1e-05,1.0,170.7673106000293,9261.65087890625
final_only,1753,2.8330559871392325e-05,2.8330559871392325e-05,43.083770751953125,1e-05,1.0,170.86235820001457,9261.65087890625
final_only,1754,0.0010391336400061846,0.0010391336400061846,43.756004333496094,1e-05,1.0,170.95710230001714,9261.65087890625
final_only,1755,0.00019478508329484612,0.00019478508329484612,42.67738342285156,1e-05,1.0,171.0536111999536,9261.65087890625
final_only,1756,5.40777800779324e-05,5.40777800779324e-05,44.878875732421875,1e-05,1.0,171.15033340000082,9261.65087890625
final_only,1757,0.00016739213606342673,0.00016739213606342673,42.550235748291016,1e-05,1.0,171.24578230001498,9261.65087890625
final_only,1758,0.000152162931044586,0.000152162931044586,42.332130432128906,1e-05,1.0,171.34082859999035,9261.65087890625
final_only,1759,9.41284088185057e-05,9.41284088185057e-05,44.42357635498047,1e-05,1.0,171.43600959994365,9261.65087890625
final_only,1760,5.1727285608649254e-05,5.1727285608649254e-05,43.12917709350586,1e-05,1.0,171.5314082999248,9261.65087890625
final_only,1761,3.3693359000608325e-05,3.3693359000608325e-05,44.80030822753906,1e-05,1.0,171.6266709000338,9261.65087890625
final_only,1762,0.00011927459854632616,0.00011927459854632616,42.90299987792969,1e-05,1.0,171.72241039993241,9261.65087890625
final_only,1763,0.00025639566592872143,0.00025639566592872143,42.7437629699707,1e-05,1.0,171.81863759993576,9261.65087890625
final_only,1764,9.31954855332151e-05,9.31954855332151e-05,42.44633102416992,1e-05,1.0,171.91498519992456,9261.65087890625
final_only,1765,5.381627852329984e-05,5.381627852329984e-05,43.92643737792969,1e-05,1.0,172.01086459995713,9261.65087890625
final_only,1766,4.2175553971901536e-05,4.2175553971901536e-05,44.335052490234375,1e-05,1.0,172.10658739996143,9261.65087890625
final_only,1767,9.454580867895856e-05,9.454580867895856e-05,43.933929443359375,1e-05,1.0,172.2015412999317,9261.65087890625
final_only,1768,0.0008615261176601052,0.0008615261176601052,42.130821228027344,1e-05,1.0,172.29674040002283,9261.65087890625
final_only,1769,8.722711936570704e-05,8.722711936570704e-05,44.174407958984375,1e-05,1.0,172.3922127999831,9261.65087890625
final_only,1770,0.0003930451348423958,0.0003930451348423958,44.552459716796875,1e-05,1.0,172.48770679999143,9261.65087890625
final_only,1771,0.0001426361413905397,0.0001426361413905397,43.10192108154297,1e-05,1.0,172.5829140000278,9261.65087890625
final_only,1772,0.00015847924805711955,0.00015847924805711955,45.821800231933594,1e-05,1.0,172.67719219997525,9261.65087890625
final_only,1773,0.00016755911929067224,0.00016755911929067224,44.363380432128906,1e-05,1.0,172.77262920001522,9261.65087890625
final_only,1774,0.00011612339585553855,0.00011612339585553855,45.467647552490234,1e-05,1.0,172.8681638999842,9261.65087890625
final_only,1775,0.0003142852510791272,0.0003142852510791272,45.52552032470703,1e-05,1.0,172.96312390000094,9261.65087890625
final_only,1776,2.7040554414270446e-05,2.7040554414270446e-05,45.555572509765625,1e-05,1.0,173.05889729992487,9261.65087890625
final_only,1777,3.7471116229426116e-05,3.7471116229426116e-05,44.755393981933594,1e-05,1.0,173.1544251999585,9261.65087890625
final_only,1778,6.229282007552683e-05,6.229282007552683e-05,44.45216369628906,1e-05,1.0,173.24926059995778,9261.65087890625
final_only,1779,6.240920629352331e-05,6.240920629352331e-05,44.642913818359375,1e-05,1.0,173.3446011999622,9261.65087890625
final_only,1780,0.00010593305341899395,0.00010593305341899395,43.94583511352539,1e-05,1.0,173.43946100003086,9261.65087890625
final_only,1781,0.00014537500101141632,0.00014537500101141632,45.025630950927734,1e-05,1.0,173.5345376000041,9261.65087890625
final_only,1782,0.00012308020086493343,0.00012308020086493343,44.48422622680664,1e-05,1.0,173.6290513999993,9261.65087890625
final_only,1783,4.344741319073364e-05,4.344741319073364e-05,43.62970733642578,1e-05,1.0,173.72472800000105,9261.65087890625
final_only,1784,0.00022994093887973577,0.00022994093887973577,44.905906677246094,1e-05,1.0,173.82073999999557,9261.65087890625
final_only,1785,2.554291859269142e-05,2.554291859269142e-05,44.14081573486328,1e-05,1.0,173.9155163000105,9261.65087890625
final_only,1786,0.00017230823868885636,0.00017230823868885636,44.97941970825195,1e-05,1.0,174.0110069999937,9261.65087890625
final_only,1787,6.477980787167326e-05,6.477980787167326e-05,44.18498611450195,1e-05,1.0,174.10573770001065,9261.65087890625
final_only,1788,5.840426092618145e-05,5.840426092618145e-05,43.17123794555664,1e-05,1.0,174.2003913000226,9261.65087890625
final_only,1789,4.872748831985518e-05,4.872748831985518e-05,46.087310791015625,1e-05,1.0,174.29564329993445,9261.65087890625
final_only,1790,0.0009747711010277271,0.0009747711010277271,45.6420783996582,1e-05,1.0,174.39101569994818,9261.65087890625
final_only,1791,0.0001277064875466749,0.0001277064875466749,42.08072280883789,1e-05,1.0,174.4858927000314,9261.65087890625
final_only,1792,8.686924411449581e-05,8.686924411449581e-05,45.43544387817383,1e-05,1.0,174.58020760002546,9261.65087890625
final_only,1793,9.559799946146086e-05,9.559799946146086e-05,43.0609016418457,1e-05,1.0,174.6758872999344,9261.65087890625
final_only,1794,5.9182930272072554e-05,5.9182930272072554e-05,45.11077117919922,1e-05,1.0,174.77121829998214,9261.65087890625
final_only,1795,0.00011580713908188045,0.00011580713908188045,43.690574645996094,1e-05,1.0,174.86650310002733,9261.65087890625
final_only,1796,0.0003772249328903854,0.0003772249328903854,44.3380126953125,1e-05,1.0,174.96202269999776,9261.65087890625
final_only,1797,0.0001495480682933703,0.0001495480682933703,45.435340881347656,1e-05,1.0,175.05868260003626,9261.65087890625
final_only,1798,0.0001098469874705188,0.0001098469874705188,44.58505630493164,1e-05,1.0,175.1538806000026,9261.65087890625
final_only,1799,6.092372495913878e-05,6.092372495913878e-05,43.57897186279297,1e-05,1.0,175.24885340000037,9261.65087890625
final_only,1800,0.0001921007060445845,0.0001921007060445845,44.595436096191406,1e-05,1.0,175.34412569995038,9261.65087890625
final_only,1801,0.00011087783786933869,0.00011087783786933869,46.505313873291016,1e-05,1.0,175.44039240002166,9261.65087890625
final_only,1802,0.000142363685881719,0.000142363685881719,44.36717224121094,1e-05,1.0,175.53466499992646,9261.65087890625
final_only,1803,0.00024485724861733615,0.00024485724861733615,42.17766189575195,1e-05,1.0,175.62994130002335,9261.65087890625
final_only,1804,0.000539261382073164,0.000539261382073164,46.12533187866211,1e-05,1.0,175.72587550000753,9261.65087890625
final_only,1805,8.85138288140297e-05,8.85138288140297e-05,44.69099807739258,1e-05,1.0,175.8207941999426,9261.65087890625
final_only,1806,3.270787055953406e-05,3.270787055953406e-05,43.40771484375,1e-05,1.0,175.91563439997844,9261.65087890625
final_only,1807,5.517680256161839e-05,5.517680256161839e-05,46.4163932800293,1e-05,1.0,176.01373969996348,9261.65087890625
final_only,1808,4.4024785893270746e-05,4.4024785893270746e-05,43.248348236083984,1e-05,1.0,176.10930859996006,9261.65087890625
final_only,1809,0.0002644122578203678,0.0002644122578203678,44.462738037109375,1e-05,1.0,176.20526199997403,9261.65087890625
final_only,1810,0.00017040615784935653,0.00017040615784935653,43.66587829589844,1e-05,1.0,176.30095830000937,9261.65087890625
final_only,1811,8.127254841383547e-05,8.127254841383547e-05,45.02983474731445,1e-05,1.0,176.39631610002834,9261.65087890625
final_only,1812,0.0001767629146343097,0.0001767629146343097,45.13957214355469,1e-05,1.0,176.491970699979,9261.65087890625
final_only,1813,0.00010654865764081478,0.00010654865764081478,44.44639587402344,1e-05,1.0,176.58633399999235,9261.65087890625
final_only,1814,5.682096889358945e-05,5.682096889358945e-05,44.395015716552734,1e-05,1.0,176.68186370003968,9261.65087890625
final_only,1815,0.00026194576639682055,0.00026194576639682055,45.36793518066406,1e-05,1.0,176.7779105999507,9261.65087890625
final_only,1816,3.29707472701557e-05,3.29707472701557e-05,43.32381820678711,1e-05,1.0,176.87237400002778,9261.65087890625
final_only,1817,5.827652785228565e-05,5.827652785228565e-05,44.531837463378906,1e-05,1.0,176.9682733999798,9261.65087890625
final_only,1818,0.00010067213588627055,0.00010067213588627055,44.93932342529297,1e-05,1.0,177.0634208000265,9261.65087890625
final_only,1819,3.7546345993177965e-05,3.7546345993177965e-05,44.15031051635742,1e-05,1.0,177.15906400000677,9261.65087890625
final_only,1820,0.00018790799367707223,0.00018790799367707223,43.66629409790039,1e-05,1.0,177.25414450000972,9261.65087890625
final_only,1821,9.291771857533604e-05,9.291771857533604e-05,45.35694122314453,1e-05,1.0,177.34951089997776,9261.65087890625
final_only,1822,0.0003673158644232899,0.0003673158644232899,44.15796661376953,1e-05,1.0,177.4442679999629,9261.65087890625
final_only,1823,0.00014973267388995737,0.00014973267388995737,45.176063537597656,1e-05,1.0,177.5387804999482,9261.65087890625
final_only,1824,6.512484105769545e-05,6.512484105769545e-05,42.87055969238281,1e-05,1.0,177.6341620000312,9261.65087890625
final_only,1825,5.950305057922378e-05,5.950305057922378e-05,44.16904830932617,1e-05,1.0,177.72934449999593,9261.65087890625
final_only,1826,5.575099203269929e-05,5.575099203269929e-05,46.09471130371094,1e-05,1.0,177.82446569995955,9261.65087890625
final_only,1827,6.835102249169722e-05,6.835102249169722e-05,44.4094123840332,1e-05,1.0,177.9198440000182,9261.65087890625
final_only,1828,0.0001238335098605603,0.0001238335098605603,44.88418960571289,1e-05,1.0,178.01600770000368,9261.65087890625
final_only,1829,6.808125181123614e-05,6.808125181123614e-05,44.40364074707031,1e-05,1.0,178.11088659998495,9261.65087890625
final_only,1830,0.0001443157671019435,0.0001443157671019435,44.19546890258789,1e-05,1.0,178.2067077999236,9261.65087890625
final_only,1831,0.00010667611786630005,0.00010667611786630005,47.78098678588867,1e-05,1.0,178.30258619994856,9261.65087890625
final_only,1832,9.155480074696243e-05,9.155480074696243e-05,43.626834869384766,1e-05,1.0,178.3980832999805,9261.65087890625
final_only,1833,0.000205564996576868,0.000205564996576868,46.8313102722168,1e-05,1.0,178.49259829998482,9261.65087890625
final_only,1834,7.863316568545997e-05,7.863316568545997e-05,42.6190185546875,1e-05,1.0,178.58748530002777,9261.65087890625
final_only,1835,3.459170329733752e-05,3.459170329733752e-05,45.38893127441406,1e-05,1.0,178.6830714000389,9261.65087890625
final_only,1836,0.00016717669495847076,0.00016717669495847076,45.867706298828125,1e-05,1.0,178.77879529993515,9261.65087890625
final_only,1837,3.394239683984779e-05,3.394239683984779e-05,46.313079833984375,1e-05,1.0,178.87400609999895,9261.65087890625
final_only,1838,0.00016536568000447005,0.00016536568000447005,46.403831481933594,1e-05,1.0,178.96947759995237,9261.65087890625
final_only,1839,4.984147017239593e-05,4.984147017239593e-05,42.689453125,1e-05,1.0,179.06515109993052,9261.65087890625
final_only,1840,4.182657357887365e-05,4.182657357887365e-05,47.1652946472168,1e-05,1.0,179.15989739994984,9261.65087890625
final_only,1841,0.00030970483203418553,0.00030970483203418553,44.328956604003906,1e-05,1.0,179.25533710001037,9261.65087890625
final_only,1842,0.00022145028924569488,0.00022145028924569488,44.92413330078125,1e-05,1.0,179.35084069997538,9261.65087890625
final_only,1843,5.587999476119876e-05,5.587999476119876e-05,44.642478942871094,1e-05,1.0,179.44536899996456,9261.65087890625
final_only,1844,8.407292625634e-05,8.407292625634e-05,44.8046760559082,1e-05,1.0,179.54018499993253,9261.65087890625
final_only,1845,0.00013066473184153438,0.00013066473184153438,43.58009338378906,1e-05,1.0,179.63476549996994,9261.65087890625
final_only,1846,0.0001223367580678314,0.0001223367580678314,43.31114196777344,1e-05,1.0,179.72993769997265,9261.65087890625
final_only,1847,8.829547732602805e-05,8.829547732602805e-05,44.1776123046875,1e-05,1.0,179.8259882000275,9261.65087890625
final_only,1848,0.0017115981318056583,0.0017115981318056583,45.070804595947266,1e-05,1.0,179.92086920002475,9261.65087890625
final_only,1849,8.041831461014226e-05,8.041831461014226e-05,45.593894958496094,1e-05,1.0,180.01591379998717,9261.65087890625
final_only,1850,1.327791869698558e-05,1.327791869698558e-05,45.52911376953125,1e-05,1.0,180.11272879992612,9261.65087890625
final_only,1851,0.00014660670422017574,0.00014660670422017574,44.07987976074219,1e-05,1.0,180.210835600039,9261.65087890625
final_only,1852,0.00019822592730633914,0.00019822592730633914,45.558563232421875,1e-05,1.0,180.3057625000365,9261.65087890625
final_only,1853,0.0001339214650215581,0.0001339214650215581,43.39287185668945,1e-05,1.0,180.40104040002916,9261.65087890625
final_only,1854,3.2390045817010105e-05,3.2390045817010105e-05,46.14424133300781,1e-05,1.0,180.49671670002863,9261.65087890625
final_only,1855,5.3186911827651784e-05,5.3186911827651784e-05,46.07207489013672,1e-05,1.0,180.5918243000051,9261.65087890625
final_only,1856,0.0002764581295195967,0.0002764581295195967,43.94002914428711,1e-05,1.0,180.6862409999594,9261.65087890625
final_only,1857,7.385689968941733e-05,7.385689968941733e-05,45.06072998046875,1e-05,1.0,180.7823805999942,9261.65087890625
final_only,1858,0.00025893968995660543,0.00025893968995660543,46.568153381347656,1e-05,1.0,180.87818220001645,9261.65087890625
final_only,1859,3.409761848160997e-05,3.409761848160997e-05,46.01335525512695,1e-05,1.0,180.97384270001203,9261.65087890625
final_only,1860,3.5273820685688406e-05,3.5273820685688406e-05,42.34828186035156,1e-05,1.0,181.06913830002304,9261.65087890625
final_only,1861,0.0002595551195554435,0.0002595551195554435,45.07181930541992,1e-05,1.0,181.16476349998266,9261.65087890625
final_only,1862,6.297818617895246e-05,6.297818617895246e-05,44.12339401245117,1e-05,1.0,181.26016830001026,9261.65087890625
final_only,1863,0.00010583853145362809,0.00010583853145362809,40.71758270263672,1e-05,1.0,181.35505290003493,9261.65087890625
final_only,1864,9.61508194450289e-05,9.61508194450289e-05,44.3079719543457,1e-05,1.0,181.4495647000149,9261.65087890625
final_only,1865,5.6072702136589214e-05,5.6072702136589214e-05,44.81031799316406,1e-05,1.0,181.54481430002488,9261.65087890625
final_only,1866,1.6263067664112896e-05,1.6263067664112896e-05,43.170501708984375,1e-05,1.0,181.6393535999814,9261.65087890625
final_only,1867,0.00013914925511926413,0.00013914925511926413,45.89073181152344,1e-05,1.0,181.7343824999407,9261.65087890625
final_only,1868,2.8993650630582124e-05,2.8993650630582124e-05,44.827205657958984,1e-05,1.0,181.83021749998443,9261.65087890625
final_only,1869,9.666544065112248e-05,9.666544065112248e-05,44.16156005859375,1e-05,1.0,181.92547250003554,9261.65087890625
final_only,1870,5.147152842255309e-05,5.147152842255309e-05,46.51954650878906,1e-05,1.0,182.0213447000133,9261.65087890625
final_only,1871,0.00011633346730377525,0.00011633346730377525,42.05560302734375,1e-05,1.0,182.1174738999689,9261.65087890625
final_only,1872,6.641354411840439e-05,6.641354411840439e-05,41.87800979614258,1e-05,1.0,182.2136393999681,9261.65087890625
final_only,1873,6.020275759510696e-05,6.020275759510696e-05,40.18719482421875,1e-05,1.0,182.30862439994235,9261.65087890625
final_only,1874,5.653392872773111e-05,5.653392872773111e-05,44.21639633178711,1e-05,1.0,182.40377600002103,9261.65087890625
final_only,1875,0.0001428167597623542,0.0001428167597623542,44.920166015625,1e-05,1.0,182.49904389993753,9261.65087890625
final_only,1876,6.761489203199744e-05,6.761489203199744e-05,46.444644927978516,1e-05,1.0,182.5941318999976,9261.65087890625
final_only,1877,9.535861317999661e-05,9.535861317999661e-05,43.93507766723633,1e-05,1.0,182.68902980000712,9261.65087890625
final_only,1878,0.0002032853662967682,0.0002032853662967682,44.17762756347656,1e-05,1.0,182.7853546999395,9261.65087890625
final_only,1879,0.0004631014890037477,0.0004631014890037477,45.24912643432617,1e-05,1.0,182.88009220000822,9261.65087890625
final_only,1880,4.038486804347485e-05,4.038486804347485e-05,43.44295120239258,1e-05,1.0,182.97573319997173,9261.65087890625
final_only,1881,0.0004253131919540465,0.0004253131919540465,43.91176986694336,1e-05,1.0,183.07207540003583,9261.65087890625
final_only,1882,8.07315664133057e-05,8.07315664133057e-05,43.37802505493164,1e-05,1.0,183.16766439995263,9261.65087890625
final_only,1883,6.938880687812343e-05,6.938880687812343e-05,44.70515060424805,1e-05,1.0,183.26311229995918,9261.65087890625
final_only,1884,4.381973485578783e-05,4.381973485578783e-05,44.375335693359375,1e-05,1.0,183.35774949996267,9261.65087890625
final_only,1885,2.9639239073731005e-05,2.9639239073731005e-05,45.3634033203125,1e-05,1.0,183.45211219997145,9261.65087890625
final_only,1886,6.279644730966538e-05,6.279644730966538e-05,46.112525939941406,1e-05,1.0,183.5476754999254,9261.65087890625
final_only,1887,0.00016746274195611477,0.00016746274195611477,45.52349853515625,1e-05,1.0,183.64209029998165,9261.65087890625
final_only,1888,8.597379746788647e-06,8.597379746788647e-06,44.5853271484375,1e-05,1.0,183.7378639000235,9261.65087890625
final_only,1889,4.126543353777379e-05,4.126543353777379e-05,42.896732330322266,1e-05,1.0,183.83305180002935,9261.65087890625
final_only,1890,5.223035259405151e-05,5.223035259405151e-05,44.45722579956055,1e-05,1.0,183.92826830002014,9261.65087890625
final_only,1891,3.8357993616955355e-05,3.8357993616955355e-05,43.75403594970703,1e-05,1.0,184.0242379999254,9261.65087890625
final_only,1892,7.980353257153183e-05,7.980353257153183e-05,43.13581848144531,1e-05,1.0,184.11972279998008,9261.65087890625
final_only,1893,3.4745968150673434e-05,3.4745968150673434e-05,44.01243591308594,1e-05,1.0,184.2157252000179,9261.65087890625
final_only,1894,0.00020521582337096334,0.00020521582337096334,44.020362854003906,1e-05,1.0,184.31115860003047,9261.65087890625
final_only,1895,0.00016223802231252193,0.00016223802231252193,43.51347732543945,1e-05,1.0,184.40694369992707,9261.65087890625
final_only,1896,5.537563265534118e-05,5.537563265534118e-05,43.59678268432617,1e-05,1.0,184.50254809996113,9261.65087890625
final_only,1897,0.00011642333993222564,0.00011642333993222564,43.91426086425781,1e-05,1.0,184.5972226000158,9261.65087890625
final_only,1898,6.142773054307327e-05,6.142773054307327e-05,44.9173583984375,1e-05,1.0,184.6925585999852,9261.65087890625
final_only,1899,0.00014289133832789958,0.00014289133832789958,40.90596389770508,1e-05,1.0,184.7878594000358,9261.65087890625
final_only,1900,6.970173126319423e-05,6.970173126319423e-05,43.9708137512207,1e-05,1.0,184.88293710001744,9261.65087890625
final_only,1901,0.00024326963466592133,0.00024326963466592133,44.69903564453125,1e-05,1.0,184.97971630003303,9261.65087890625
final_only,1902,4.5158067223383114e-05,4.5158067223383114e-05,44.97908020019531,1e-05,1.0,185.07591300003696,9261.65087890625
final_only,1903,1.7668675354798324e-05,1.7668675354798324e-05,45.01322555541992,1e-05,1.0,185.17120809992775,9261.65087890625
final_only,1904,3.878675852320157e-05,3.878675852320157e-05,45.40269088745117,1e-05,1.0,185.26659799995832,9261.65087890625
final_only,1905,4.2952178773703054e-05,4.2952178773703054e-05,44.79642868041992,1e-05,1.0,185.36138160002884,9261.65087890625
final_only,1906,1.6051366401370615e-05,1.6051366401370615e-05,45.55495834350586,1e-05,1.0,185.45643010002095,9261.65087890625
final_only,1907,0.00026190257631242275,0.00026190257631242275,43.32151794433594,1e-05,1.0,185.55093060003128,9261.65087890625
final_only,1908,3.286051287432201e-05,3.286051287432201e-05,45.00798797607422,1e-05,1.0,185.64559610001743,9261.65087890625
final_only,1909,0.00015298320795409381,0.00015298320795409381,45.379032135009766,1e-05,1.0,185.74059439997654,9261.65087890625
final_only,1910,2.3286149371415377e-05,2.3286149371415377e-05,43.63938903808594,1e-05,1.0,185.83643959998153,9261.65087890625
final_only,1911,0.002585283713415265,0.002585283713415265,45.171653747558594,1e-05,1.0,185.93090989999473,9261.65087890625
final_only,1912,3.978606764576398e-05,3.978606764576398e-05,45.01552963256836,1e-05,1.0,186.0269064999884,9261.65087890625
final_only,1913,0.0006101339240558445,0.0006101339240558445,43.63041687011719,1e-05,1.0,186.12169960001484,9261.65087890625
final_only,1914,5.11792823090218e-05,5.11792823090218e-05,46.296600341796875,1e-05,1.0,186.21744919999037,9261.65087890625
final_only,1915,0.00011275828001089394,0.00011275828001089394,42.83995819091797,1e-05,1.0,186.31348919996526,9261.65087890625
final_only,1916,2.2873513444210403e-05,2.2873513444210403e-05,44.928550720214844,1e-05,1.0,186.4088281999575,9261.65087890625
final_only,1917,5.4132266086526215e-05,5.4132266086526215e-05,45.00530242919922,1e-05,1.0,186.5036984999897,9261.65087890625
final_only,1918,4.115465344511904e-05,4.115465344511904e-05,45.130577087402344,1e-05,1.0,186.59934299997985,9261.65087890625
final_only,1919,6.07126894465182e-05,6.07126894465182e-05,44.680763244628906,1e-05,1.0,186.69430380000267,9261.65087890625
final_only,1920,7.860186451580375e-05,7.860186451580375e-05,43.500545501708984,1e-05,1.0,186.78948819998186,9261.65087890625
final_only,1921,4.172111948719248e-05,4.172111948719248e-05,43.815673828125,1e-05,1.0,186.88471949996892,9261.65087890625
final_only,1922,3.5726887290365994e-05,3.5726887290365994e-05,46.71086120605469,1e-05,1.0,186.98038249998353,9261.65087890625
final_only,1923,7.079304486978799e-05,7.079304486978799e-05,43.109779357910156,1e-05,1.0,187.07573649997357,9261.65087890625
final_only,1924,0.000541774439625442,0.000541774439625442,45.306373596191406,1e-05,1.0,187.17040770000312,9261.65087890625
final_only,1925,0.00012634554877877235,0.00012634554877877235,47.59658432006836,1e-05,1.0,187.26684789999854,9261.65087890625
final_only,1926,4.054933742736466e-05,4.054933742736466e-05,46.62120819091797,1e-05,1.0,187.361955499975,9261.65087890625
final_only,1927,5.824972686241381e-05,5.824972686241381e-05,46.10442352294922,1e-05,1.0,187.45669729996007,9261.65087890625
final_only,1928,4.317006096243858e-05,4.317006096243858e-05,47.37763977050781,1e-05,1.0,187.5518836999545,9261.65087890625
final_only,1929,3.599517367547378e-05,3.599517367547378e-05,44.41297912597656,1e-05,1.0,187.6471100000199,9261.65087890625
final_only,1930,3.3772965252865106e-05,3.3772965252865106e-05,45.67066955566406,1e-05,1.0,187.74203600001056,9261.65087890625
final_only,1931,1.6868270904524252e-05,1.6868270904524252e-05,45.498207092285156,1e-05,1.0,187.8375068999594,9261.65087890625
final_only,1932,3.79200246243272e-05,3.79200246243272e-05,43.98479461669922,1e-05,1.0,187.93316559994128,9261.65087890625
final_only,1933,3.701678360812366e-05,3.701678360812366e-05,45.041847229003906,1e-05,1.0,188.02947479998693,9261.65087890625
final_only,1934,5.048260936746374e-05,5.048260936746374e-05,41.998931884765625,1e-05,1.0,188.1252608000068,9261.65087890625
final_only,1935,6.660116923740134e-05,6.660116923740134e-05,44.39839172363281,1e-05,1.0,188.2205964999739,9261.65087890625
final_only,1936,6.846326868981123e-05,6.846326868981123e-05,43.251365661621094,1e-05,1.0,188.3176691000117,9261.65087890625
final_only,1937,9.552371921017766e-05,9.552371921017766e-05,45.63333511352539,1e-05,1.0,188.41369860002305,9261.65087890625
final_only,1938,0.00020593764202203602,0.00020593764202203602,45.215797424316406,1e-05,1.0,188.5093774999259,9261.65087890625
final_only,1939,5.4968844779068604e-05,5.4968844779068604e-05,44.290653228759766,1e-05,1.0,188.60554010001943,9261.65087890625
final_only,1940,1.2339426575636026e-05,1.2339426575636026e-05,45.291412353515625,1e-05,1.0,188.70053020003252,9261.65087890625
final_only,1941,0.000197114102775231,0.000197114102775231,43.518985748291016,1e-05,1.0,188.79666889994405,9261.65087890625
final_only,1942,0.00011114118387922645,0.00011114118387922645,43.2041130065918,1e-05,1.0,188.8913571999874,9261.65087890625
final_only,1943,0.00023498886730521917,0.00023498886730521917,46.70635223388672,1e-05,1.0,188.98753749998286,9261.65087890625
final_only,1944,0.0002387837739661336,0.0002387837739661336,44.56475067138672,1e-05,1.0,189.082578200032,9261.65087890625
final_only,1945,0.0005094103398732841,0.0005094103398732841,46.64468002319336,1e-05,1.0,189.177104900009,9261.65087890625
final_only,1946,0.00013670531916432083,0.00013670531916432083,44.45975112915039,1e-05,1.0,189.27280549996067,9261.65087890625
final_only,1947,6.920568557688966e-05,6.920568557688966e-05,42.343135833740234,1e-05,1.0,189.36740350001492,9261.65087890625
final_only,1948,3.3066469768527895e-05,3.3066469768527895e-05,44.946571350097656,1e-05,1.0,189.46315800002776,9261.65087890625
final_only,1949,0.00010725789616117254,0.00010725789616117254,43.062408447265625,1e-05,1.0,189.55811939993873,9261.65087890625
final_only,1950,8.142544538713992e-05,8.142544538713992e-05,42.45995330810547,1e-05,1.0,189.65296869992744,9261.65087890625
final_only,1951,0.0005287807434797287,0.0005287807434797287,43.56207275390625,1e-05,1.0,189.75043399992865,9261.65087890625
final_only,1952,3.07233895000536e-05,3.07233895000536e-05,43.81864547729492,1e-05,1.0,189.8456154000014,9261.65087890625
final_only,1953,0.0007075309404172003,0.0007075309404172003,45.288658142089844,1e-05,1.0,189.94062060001306,9261.65087890625
final_only,1954,2.471885090926662e-05,2.471885090926662e-05,47.28059005737305,1e-05,1.0,190.03635549999308,9261.65087890625
final_only,1955,2.3790606064721942e-05,2.3790606064721942e-05,44.64908218383789,1e-05,1.0,190.13114249997307,9261.65087890625
final_only,1956,2.303456494701095e-05,2.303456494701095e-05,44.90965270996094,1e-05,1.0,190.22673679993022,9261.65087890625
final_only,1957,0.0001406508090440184,0.0001406508090440184,42.81195068359375,1e-05,1.0,190.3221224999288,9261.65087890625
final_only,1958,3.0078856070758775e-05,3.0078856070758775e-05,44.05217361450195,1e-05,1.0,190.41752519994043,9261.65087890625
final_only,1959,0.00013237481471151114,0.00013237481471151114,44.27714157104492,1e-05,1.0,190.51202809996903,9261.65087890625
final_only,1960,0.00024396818480454385,0.00024396818480454385,45.45311737060547,1e-05,1.0,190.6070963999955,9261.65087890625
final_only,1961,1.1891143003595062e-05,1.1891143003595062e-05,45.86640548706055,1e-05,1.0,190.70213300001342,9261.65087890625
final_only,1962,8.954635268310085e-05,8.954635268310085e-05,46.55014419555664,1e-05,1.0,190.7974732000148,9261.65087890625
final_only,1963,9.004625462694094e-05,9.004625462694094e-05,45.352760314941406,1e-05,1.0,190.89305369998328,9261.65087890625
final_only,1964,9.335004142485559e-05,9.335004142485559e-05,43.4633903503418,1e-05,1.0,190.98896809993312,9261.65087890625
final_only,1965,0.00010944948735414073,0.00010944948735414073,44.40144729614258,1e-05,1.0,191.0839268999407,9261.65087890625
final_only,1966,5.5864464229671285e-05,5.5864464229671285e-05,44.99966812133789,1e-05,1.0,191.1798033999512,9261.65087890625
final_only,1967,8.943186549004167e-05,8.943186549004167e-05,42.942230224609375,1e-05,1.0,191.2754566000076,9261.65087890625
final_only,1968,7.174805796239525e-05,7.174805796239525e-05,43.490875244140625,1e-05,1.0,191.3696564999409,9261.65087890625
final_only,1969,7.30110114091076e-05,7.30110114091076e-05,46.05978012084961,1e-05,1.0,191.46441260003485,9261.65087890625
final_only,1970,0.00033193695708177984,0.00033193695708177984,44.211612701416016,1e-05,1.0,191.559725399944,9261.65087890625
final_only,1971,0.00010169390588998795,0.00010169390588998795,46.03306579589844,1e-05,1.0,191.6546675999416,9261.65087890625
final_only,1972,0.000193778018001467,0.000193778018001467,46.561275482177734,1e-05,1.0,191.7494341999991,9261.65087890625
final_only,1973,0.00012070361117366701,0.00012070361117366701,44.98898696899414,1e-05,1.0,191.84499220002908,9261.65087890625
final_only,1974,0.0001511718874098733,0.0001511718874098733,44.802650451660156,1e-05,1.0,191.94073629996274,9261.65087890625
final_only,1975,0.00010014638974098489,0.00010014638974098489,45.8857421875,1e-05,1.0,192.03655890002847,9261.65087890625
final_only,1976,0.00015003597945906222,0.00015003597945906222,43.83942413330078,1e-05,1.0,192.13240340002812,9261.65087890625
final_only,1977,2.380465593887493e-05,2.380465593887493e-05,45.82337188720703,1e-05,1.0,192.22789899993222,9261.65087890625
final_only,1978,5.3611889597959816e-05,5.3611889597959816e-05,44.257415771484375,1e-05,1.0,192.3229946999345,9261.65087890625
final_only,1979,4.3721756810555235e-05,4.3721756810555235e-05,43.35369110107422,1e-05,1.0,192.41847539995797,9261.65087890625
final_only,1980,0.0001245360472239554,0.0001245360472239554,45.13294982910156,1e-05,1.0,192.51530229998752,9261.65087890625
final_only,1981,0.00015630216512363404,0.00015630216512363404,44.59737014770508,1e-05,1.0,192.6110470999265,9261.65087890625
final_only,1982,4.872310091741383e-05,4.872310091741383e-05,44.10784149169922,1e-05,1.0,192.7055149000371,9261.65087890625
final_only,1983,4.219267430016771e-05,4.219267430016771e-05,45.320369720458984,1e-05,1.0,192.8012956000166,9261.65087890625
final_only,1984,7.649995677638799e-05,7.649995677638799e-05,46.78977966308594,1e-05,1.0,192.89669149997644,9261.65087890625
final_only,1985,4.620608888217248e-05,4.620608888217248e-05,45.51287078857422,1e-05,1.0,192.99192529998254,9261.65087890625
final_only,1986,2.316610698471777e-05,2.316610698471777e-05,46.756103515625,1e-05,1.0,193.08732499997132,9261.65087890625
final_only,1987,0.0002256809821119532,0.0002256809821119532,43.325294494628906,1e-05,1.0,193.182990900008,9261.65087890625
final_only,1988,2.6428802812006325e-05,2.6428802812006325e-05,45.89814758300781,1e-05,1.0,193.2790101999417,9261.65087890625
final_only,1989,5.551756112254225e-05,5.551756112254225e-05,44.82284927368164,1e-05,1.0,193.3735832000384,9261.65087890625
final_only,1990,8.477420487906784e-05,8.477420487906784e-05,47.045448303222656,1e-05,1.0,193.46930090000387,9261.65087890625
final_only,1991,1.9331240764586255e-05,1.9331240764586255e-05,43.69209289550781,1e-05,1.0,193.5644059999613,9261.65087890625
final_only,1992,4.5065800804877654e-05,4.5065800804877654e-05,45.29776382446289,1e-05,1.0,193.65965309995227,9261.65087890625
final_only,1993,3.136883970000781e-05,3.136883970000781e-05,43.7809944152832,1e-05,1.0,193.7550293999957,9261.65087890625
final_only,1994,3.4835946280509233e-05,3.4835946280509233e-05,44.73788070678711,1e-05,1.0,193.85082399996463,9261.65087890625
final_only,1995,3.4008258808171377e-05,3.4008258808171377e-05,43.334800720214844,1e-05,1.0,193.94543630001135,9261.65087890625
final_only,1996,0.00014493732305709273,0.00014493732305709273,45.052616119384766,1e-05,1.0,194.04141649999656,9261.65087890625
final_only,1997,2.2262262064032257e-05,2.2262262064032257e-05,45.17619705200195,1e-05,1.0,194.13733960001264,9261.65087890625
final_only,1998,0.00017232839309144765,0.00017232839309144765,41.44536209106445,1e-05,1.0,194.23274619993754,9261.65087890625
final_only,1999,0.00012391623749863356,0.00012391623749863356,44.01519775390625,1e-05,1.0,194.3279462000355,9261.65087890625
final_only,2000,0.00014210701920092106,0.00014210701920092106,44.22075653076172,1e-05,1.0,194.42287270002998,9261.65087890625
final_only,2001,0.00012936325219925493,0.00012936325219925493,44.10443878173828,1e-05,1.0,195.90869499999098,9261.65087890625
final_only,2002,8.386871922994033e-05,8.386871922994033e-05,44.38177490234375,1e-05,1.0,196.0041043999372,9261.65087890625
final_only,2003,0.0002447199949529022,0.0002447199949529022,47.07482147216797,1e-05,1.0,196.0998944999883,9261.65087890625
final_only,2004,4.0893581171985716e-05,4.0893581171985716e-05,44.277915954589844,1e-05,1.0,196.19464669993613,9261.65087890625
final_only,2005,0.00022745072783436626,0.00022745072783436626,44.4952278137207,1e-05,1.0,196.29091740003787,9261.65087890625
final_only,2006,8.214086119551212e-05,8.214086119551212e-05,42.49266052246094,1e-05,1.0,196.385967399925,9261.65087890625
final_only,2007,3.237123746657744e-05,3.237123746657744e-05,44.6717643737793,1e-05,1.0,196.4811808000086,9261.65087890625
final_only,2008,7.720907888142392e-05,7.720907888142392e-05,45.13941192626953,1e-05,1.0,196.57842399994843,9261.65087890625
final_only,2009,1.8622284187586047e-05,1.8622284187586047e-05,44.2830810546875,1e-05,1.0,196.6739993999945,9261.65087890625
final_only,2010,0.00011454470222815871,0.00011454470222815871,46.71000671386719,1e-05,1.0,196.7693389999913,9261.65087890625
final_only,2011,5.327270264388062e-05,5.327270264388062e-05,44.0801887512207,1e-05,1.0,196.86487589997705,9261.65087890625
final_only,2012,5.8244004321750253e-05,5.8244004321750253e-05,45.194358825683594,1e-05,1.0,196.95957029995043,9261.65087890625
final_only,2013,0.00014363368973135948,0.00014363368973135948,42.77185821533203,1e-05,1.0,197.05583490000572,9261.65087890625
final_only,2014,9.919948752212804e-06,9.919948752212804e-06,45.846458435058594,1e-05,1.0,197.15154540003277,9261.65087890625
final_only,2015,0.00012093969417037442,0.00012093969417037442,47.36613082885742,1e-05,1.0,197.24718830001075,9261.65087890625
final_only,2016,3.1356863473774865e-05,3.1356863473774865e-05,45.10227966308594,1e-05,1.0,197.34324269997887,9261.65087890625
final_only,2017,6.465906335506588e-05,6.465906335506588e-05,45.62226486206055,1e-05,1.0,197.43808530003298,9261.65087890625
final_only,2018,0.00010778308205772191,0.00010778308205772191,44.07440185546875,1e-05,1.0,197.53351829992607,9261.65087890625
final_only,2019,4.191394691588357e-05,4.191394691588357e-05,45.241065979003906,1e-05,1.0,197.62816249998286,9261.65087890625
final_only,2020,0.00010292403749190271,0.00010292403749190271,44.102943420410156,1e-05,1.0,197.72328010003548,9261.65087890625
final_only,2021,0.00023073192278388888,0.00023073192278388888,45.07585525512695,1e-05,1.0,197.81902079994325,9261.65087890625
final_only,2022,2.6796764359460212e-05,2.6796764359460212e-05,45.736385345458984,1e-05,1.0,197.91398650000338,9261.65087890625
final_only,2023,0.00012697887723334134,0.00012697887723334134,45.40638732910156,1e-05,1.0,198.00957679993007,9261.65087890625
final_only,2024,0.00012429004709701985,0.00012429004709701985,43.80908966064453,1e-05,1.0,198.10520829993766,9261.65087890625
final_only,2025,0.00010820460738614202,0.00010820460738614202,43.77452087402344,1e-05,1.0,198.2010350000346,9261.65087890625
final_only,2026,0.00019147989223711193,0.00019147989223711193,44.917388916015625,1e-05,1.0,198.29665849998128,9261.65087890625
final_only,2027,0.00013816719001624733,0.00013816719001624733,41.74567413330078,1e-05,1.0,198.39156100002583,9261.65087890625
final_only,2028,0.0001614872453501448,0.0001614872453501448,45.53096008300781,1e-05,1.0,198.48657299997285,9261.65087890625
final_only,2029,2.1073505195090547e-05,2.1073505195090547e-05,44.498985290527344,1e-05,1.0,198.58099980000407,9261.65087890625
final_only,2030,3.330257095512934e-05,3.330257095512934e-05,46.87260437011719,1e-05,1.0,198.67612469999585,9261.65087890625
final_only,2031,3.721030952874571e-05,3.721030952874571e-05,44.28399658203125,1e-05,1.0,198.77176399994642,9261.65087890625
final_only,2032,6.966444198042154e-05,6.966444198042154e-05,45.58346176147461,1e-05,1.0,198.86770379997324,9261.65087890625
final_only,2033,7.227982860058546e-05,7.227982860058546e-05,44.893795013427734,1e-05,1.0,198.96272199996747,9261.65087890625
final_only,2034,6.839284469606355e-05,6.839284469606355e-05,45.134239196777344,1e-05,1.0,199.0585680999793,9261.65087890625
final_only,2035,3.739107705769129e-05,3.739107705769129e-05,43.523868560791016,1e-05,1.0,199.1528968999628,9261.65087890625
final_only,2036,0.00020244954794179648,0.00020244954794179648,44.88052749633789,1e-05,1.0,199.24775390001014,9261.65087890625
final_only,2037,7.840940088499337e-05,7.840940088499337e-05,44.65047836303711,1e-05,1.0,199.34393119998276,9261.65087890625
final_only,2038,4.3803578591905534e-05,4.3803578591905534e-05,44.314842224121094,1e-05,1.0,199.43785590003245,9261.65087890625
final_only,2039,5.370406142901629e-05,5.370406142901629e-05,43.674705505371094,1e-05,1.0,199.53306629997678,9261.65087890625
final_only,2040,2.188546204706654e-05,2.188546204706654e-05,45.36939239501953,1e-05,1.0,199.62857719999738,9261.65087890625
final_only,2041,1.8435370293445885e-05,1.8435370293445885e-05,45.68647003173828,1e-05,1.0,199.7241715999553,9261.65087890625
final_only,2042,7.081728108460084e-05,7.081728108460084e-05,43.012332916259766,1e-05,1.0,199.81961360003334,9261.65087890625
final_only,2043,5.019369928049855e-05,5.019369928049855e-05,45.013511657714844,1e-05,1.0,199.91499019996263,9261.65087890625
final_only,2044,0.0002349366113776341,0.0002349366113776341,44.2091064453125,1e-05,1.0,200.01079550001305,9261.65087890625
final_only,2045,4.370798706077039e-05,4.370798706077039e-05,45.1234245300293,1e-05,1.0,200.10641679994296,9261.65087890625
final_only,2046,5.446478462545201e-05,5.446478462545201e-05,46.61504364013672,1e-05,1.0,200.20214219996706,9261.65087890625
final_only,2047,0.00011289561371086165,0.00011289561371086165,42.985145568847656,1e-05,1.0,200.2984148999676,9261.65087890625
final_only,2048,2.9339382308535278e-05,2.9339382308535278e-05,45.346397399902344,1e-05,1.0,200.3934039999731,9261.65087890625
final_only,2049,6.268020661082119e-05,6.268020661082119e-05,45.53090286254883,1e-05,1.0,200.48774579993915,9261.65087890625
final_only,2050,0.00012519376468844712,0.00012519376468844712,46.97239685058594,1e-05,1.0,200.58306139998604,9261.65087890625
final_only,2051,3.112707781838253e-05,3.112707781838253e-05,45.74578094482422,1e-05,1.0,200.68089770001825,9261.65087890625
final_only,2052,9.098522423300892e-05,9.098522423300892e-05,44.972984313964844,1e-05,1.0,200.77684139995836,9261.65087890625
final_only,2053,0.00036750180879607797,0.00036750180879607797,45.033077239990234,1e-05,1.0,200.87319039995782,9261.65087890625
final_only,2054,3.770209150388837e-05,3.770209150388837e-05,44.655540466308594,1e-05,1.0,200.968993699993,9261.65087890625
final_only,2055,0.00012496727867983282,0.00012496727867983282,44.49755859375,1e-05,1.0,201.06457579997368,9261.65087890625
final_only,2056,0.0001274478854611516,0.0001274478854611516,43.323150634765625,1e-05,1.0,201.15901149995625,9261.65087890625
final_only,2057,3.247275162721053e-05,3.247275162721053e-05,44.29744338989258,1e-05,1.0,201.25492490001488,9261.65087890625
final_only,2058,3.3466756576672196e-05,3.3466756576672196e-05,44.718448638916016,1e-05,1.0,201.35125680000056,9261.65087890625
final_only,2059,9.283384133595973e-05,9.283384133595973e-05,45.63896179199219,1e-05,1.0,201.44546610000543,9261.65087890625
final_only,2060,0.00015097606228664517,0.00015097606228664517,43.40679168701172,1e-05,1.0,201.54144289996475,9261.65087890625
final_only,2061,5.418799992185086e-05,5.418799992185086e-05,44.698673248291016,1e-05,1.0,201.63664179993793,9261.65087890625
final_only,2062,1.803284976631403e-05,1.803284976631403e-05,45.671791076660156,1e-05,1.0,201.73116259998642,9261.65087890625
final_only,2063,2.908662281697616e-05,2.908662281697616e-05,45.06319046020508,1e-05,1.0,201.8273796000285,9261.65087890625
final_only,2064,0.00010509110143175349,0.00010509110143175349,45.983055114746094,1e-05,1.0,201.92260189994704,9261.65087890625
final_only,2065,7.48101738281548e-05,7.48101738281548e-05,45.36532974243164,1e-05,1.0,202.0190266999416,9261.65087890625
final_only,2066,7.3571709435782395e-06,7.3571709435782395e-06,46.723976135253906,1e-05,1.0,202.11386009992566,9261.65087890625
final_only,2067,5.8447785704629496e-05,5.8447785704629496e-05,42.659156799316406,1e-05,1.0,202.20941879996099,9261.65087890625
final_only,2068,1.089532088371925e-05,1.089532088371925e-05,44.28496551513672,1e-05,1.0,202.30580500001088,9261.65087890625
final_only,2069,3.129111064481549e-05,3.129111064481549e-05,43.53131103515625,1e-05,1.0,202.40100279997569,9261.65087890625
final_only,2070,1.8157441445509903e-05,1.8157441445509903e-05,44.9404296875,1e-05,1.0,202.49527479999233,9261.65087890625
final_only,2071,0.00010869294055737555,0.00010869294055737555,45.318885803222656,1e-05,1.0,202.59059799998067,9261.65087890625
final_only,2072,0.00011667296348605305,0.00011667296348605305,43.40846252441406,1e-05,1.0,202.6860267999582,9261.65087890625
final_only,2073,3.837836266029626e-05,3.837836266029626e-05,43.259822845458984,1e-05,1.0,202.78097490000073,9261.65087890625
final_only,2074,0.00034140009665861726,0.00034140009665861726,44.991573333740234,1e-05,1.0,202.87654470000416,9261.65087890625
final_only,2075,2.6562702259980142e-05,2.6562702259980142e-05,42.478267669677734,1e-05,1.0,202.97263670002576,9261.65087890625
final_only,2076,1.476975012337789e-05,1.476975012337789e-05,46.24591064453125,1e-05,1.0,203.06869350001216,9261.65087890625
final_only,2077,9.56758412939962e-06,9.56758412939962e-06,44.000083923339844,1e-05,1.0,203.16347219992895,9261.65087890625
final_only,2078,1.588215855008457e-05,1.588215855008457e-05,44.70524215698242,1e-05,1.0,203.25944960000925,9261.65087890625
final_only,2079,2.4643650249345228e-05,2.4643650249345228e-05,45.16611099243164,1e-05,1.0,203.3553597999271,9261.65087890625
final_only,2080,0.00014699263556394726,0.00014699263556394726,45.17950439453125,1e-05,1.0,203.44944869994652,9261.65087890625
final_only,2081,2.5849196390481666e-05,2.5849196390481666e-05,45.36398696899414,1e-05,1.0,203.54521040001418,9261.65087890625
final_only,2082,9.03767067939043e-05,9.03767067939043e-05,45.195228576660156,1e-05,1.0,203.64096709992737,9261.65087890625
final_only,2083,3.9626018406124786e-05,3.9626018406124786e-05,44.62917709350586,1e-05,1.0,203.73576940002386,9261.65087890625
final_only,2084,4.1608986066421494e-05,4.1608986066421494e-05,44.692840576171875,1e-05,1.0,203.83209219994023,9261.65087890625
final_only,2085,3.702723915921524e-05,3.702723915921524e-05,45.7024040222168,1e-05,1.0,203.92728269996587,9261.65087890625
final_only,2086,3.16030636895448e-05,3.16030636895448e-05,46.747947692871094,1e-05,1.0,204.0230893000262,9261.65087890625
final_only,2087,2.6080453608301468e-05,2.6080453608301468e-05,44.37297058105469,1e-05,1.0,204.11792079999577,9261.65087890625
final_only,2088,3.154348814859986e-05,3.154348814859986e-05,43.65895080566406,1e-05,1.0,204.21358440001495,9261.65087890625
final_only,2089,6.60036166664213e-05,6.60036166664213e-05,43.370025634765625,1e-05,1.0,204.30961540003773,9261.65087890625
final_only,2090,4.138796066399664e-05,4.138796066399664e-05,46.86408615112305,1e-05,1.0,204.40486320003401,9261.65087890625
final_only,2091,0.00012779337703250349,0.00012779337703250349,42.91483688354492,1e-05,1.0,204.499216599972,9261.65087890625
final_only,2092,9.564786887494847e-05,9.564786887494847e-05,46.16223907470703,1e-05,1.0,204.59428800002206,9261.65087890625
final_only,2093,2.3282958864001557e-05,2.3282958864001557e-05,45.01247787475586,1e-05,1.0,204.68925789999776,9261.65087890625
final_only,2094,7.055392052279785e-05,7.055392052279785e-05,45.71632385253906,1e-05,1.0,204.78525590000208,9261.65087890625
final_only,2095,0.0003173073346260935,0.0003173073346260935,45.22753143310547,1e-05,1.0,204.8809331000084,9261.65087890625
final_only,2096,8.633667312096804e-05,8.633667312096804e-05,44.89293670654297,1e-05,1.0,204.97653779992834,9261.65087890625
final_only,2097,0.00012867586337961257,0.00012867586337961257,46.66127395629883,1e-05,1.0,205.07182820001617,9261.65087890625
final_only,2098,7.139285298762843e-05,7.139285298762843e-05,44.08606719970703,1e-05,1.0,205.1674667999614,9261.65087890625
final_only,2099,5.6499709899071604e-05,5.6499709899071604e-05,46.48977279663086,1e-05,1.0,205.26312789996155,9261.65087890625
final_only,2100,6.280403613345698e-05,6.280403613345698e-05,45.075626373291016,1e-05,1.0,205.35877019993495,9261.65087890625
final_only,2101,0.00021023050067014992,0.00021023050067014992,43.66728973388672,1e-05,1.0,205.45392719993833,9261.65087890625
final_only,2102,0.00017967360327020288,0.00017967360327020288,41.97962188720703,1e-05,1.0,205.5487838999834,9261.65087890625
final_only,2103,0.000133957015350461,0.000133957015350461,45.17381286621094,1e-05,1.0,205.64434440003242,9261.65087890625
final_only,2104,7.554444891866297e-05,7.554444891866297e-05,43.680625915527344,1e-05,1.0,205.73899139999412,9261.65087890625
final_only,2105,4.421110497787595e-05,4.421110497787595e-05,44.41185760498047,1e-05,1.0,205.8348903999431,9261.65087890625
final_only,2106,5.344347300706431e-05,5.344347300706431e-05,45.76460266113281,1e-05,1.0,205.93015409994405,9261.65087890625
final_only,2107,2.854864578694105e-05,2.854864578694105e-05,46.225807189941406,1e-05,1.0,206.02601479995064,9261.65087890625
final_only,2108,7.899054617155343e-05,7.899054617155343e-05,45.20283889770508,1e-05,1.0,206.12185420002788,9261.65087890625
final_only,2109,4.77921093988698e-05,4.77921093988698e-05,45.580291748046875,1e-05,1.0,206.2178107999498,9261.65087890625
final_only,2110,4.4859640183858573e-05,4.4859640183858573e-05,45.65900802612305,1e-05,1.0,206.31391949998215,9261.65087890625
final_only,2111,7.901667413534597e-05,7.901667413534597e-05,44.383384704589844,1e-05,1.0,206.4088317999849,9261.65087890625
final_only,2112,5.79343868594151e-05,5.79343868594151e-05,44.70152282714844,1e-05,1.0,206.50323449994903,9261.65087890625
final_only,2113,3.833416849374771e-05,3.833416849374771e-05,44.661190032958984,1e-05,1.0,206.59801700001117,9261.65087890625
final_only,2114,3.4463275369489565e-05,3.4463275369489565e-05,43.121517181396484,1e-05,1.0,206.69294989993796,9261.65087890625
final_only,2115,5.632187821902335e-05,5.632187821902335e-05,44.06345748901367,1e-05,1.0,206.78818809997756,9261.65087890625
final_only,2116,5.1023576816078275e-05,5.1023576816078275e-05,44.64408493041992,1e-05,1.0,206.8839012000244,9261.65087890625
final_only,2117,3.795677548623644e-05,3.795677548623644e-05,45.13098907470703,1e-05,1.0,206.97794300003443,9261.65087890625
final_only,2118,2.985172250191681e-05,2.985172250191681e-05,45.59149932861328,1e-05,1.0,207.07367559999693,9261.65087890625
final_only,2119,2.6015006369561888e-05,2.6015006369561888e-05,45.54273223876953,1e-05,1.0,207.16880630003288,9261.65087890625
final_only,2120,5.9440102631924674e-05,5.9440102631924674e-05,45.13005828857422,1e-05,1.0,207.2647822999861,9261.65087890625
final_only,2121,3.5042117815464735e-05,3.5042117815464735e-05,45.837730407714844,1e-05,1.0,207.36016429995652,9261.65087890625
final_only,2122,2.783062882372178e-05,2.783062882372178e-05,45.754085540771484,1e-05,1.0,207.45501609996427,9261.65087890625
final_only,2123,5.636784771922976e-05,5.636784771922976e-05,45.887046813964844,1e-05,1.0,207.55025660002138,9261.65087890625
final_only,2124,4.618426464730874e-05,4.618426464730874e-05,46.002445220947266,1e-05,1.0,207.6451099999249,9261.65087890625
final_only,2125,2.3297161533264443e-05,2.3297161533264443e-05,45.6223258972168,1e-05,1.0,207.7403820999898,9261.65087890625
final_only,2126,0.0001942659728229046,0.0001942659728229046,44.639007568359375,1e-05,1.0,207.83633950003423,9261.65087890625
final_only,2127,2.57522588071879e-05,2.57522588071879e-05,42.861961364746094,1e-05,1.0,207.93153729999904,9261.65087890625
final_only,2128,1.8576913134893402e-05,1.8576913134893402e-05,46.8920783996582,1e-05,1.0,208.02703190001193,9261.65087890625
final_only,2129,4.5458258682629094e-05,4.5458258682629094e-05,43.5578498840332,1e-05,1.0,208.12245779996738,9261.65087890625
final_only,2130,0.0001421343331458047,0.0001421343331458047,45.81468200683594,1e-05,1.0,208.2175996999722,9261.65087890625
final_only,2131,1.2425207387423143e-05,1.2425207387423143e-05,47.26118850708008,1e-05,1.0,208.31300820002798,9261.65087890625
final_only,2132,8.626681665191427e-05,8.626681665191427e-05,42.27056121826172,1e-05,1.0,208.40876090002712,9261.65087890625
final_only,2133,0.00017098586249630898,0.00017098586249630898,44.81959915161133,1e-05,1.0,208.5026649000356,9261.65087890625
final_only,2134,4.203191929263994e-05,4.203191929263994e-05,43.22449493408203,1e-05,1.0,208.5973995999666,9261.65087890625
final_only,2135,3.1880696042208e-05,3.1880696042208e-05,43.79769515991211,1e-05,1.0,208.69234790001065,9261.65087890625
final_only,2136,4.849483957514167e-05,4.849483957514167e-05,46.155555725097656,1e-05,1.0,208.78745950001758,9261.65087890625
final_only,2137,4.7587738663423806e-05,4.7587738663423806e-05,44.97814178466797,1e-05,1.0,208.8835684999358,9261.65087890625
final_only,2138,1.9573362806113437e-05,1.9573362806113437e-05,44.08941650390625,1e-05,1.0,208.97964070003945,9261.65087890625
final_only,2139,1.8790662579704076e-05,1.8790662579704076e-05,46.30735778808594,1e-05,1.0,209.07607990002725,9261.65087890625
final_only,2140,8.459931996185333e-05,8.459931996185333e-05,44.24721145629883,1e-05,1.0,209.171768900007,9261.65087890625
final_only,2141,0.0001843753707362339,0.0001843753707362339,42.51750946044922,1e-05,1.0,209.26751769997645,9261.65087890625
final_only,2142,1.65139226737665e-05,1.65139226737665e-05,47.73851013183594,1e-05,1.0,209.36418249993585,9261.65087890625
final_only,2143,0.0001714303798507899,0.0001714303798507899,45.480525970458984,1e-05,1.0,209.4592413000064,9261.65087890625
final_only,2144,3.150644261040725e-05,3.150644261040725e-05,45.00174331665039,1e-05,1.0,209.55397749994881,9261.65087890625
final_only,2145,3.6527224438032135e-05,3.6527224438032135e-05,42.963226318359375,1e-05,1.0,209.64944129996002,9261.65087890625
final_only,2146,4.270002682460472e-05,4.270002682460472e-05,43.17532730102539,1e-05,1.0,209.74476219993085,9261.65087890625
final_only,2147,1.3538685379899107e-05,1.3538685379899107e-05,44.879364013671875,1e-05,1.0,209.8406294999877,9261.65087890625
final_only,2148,7.498388004023582e-05,7.498388004023582e-05,46.823829650878906,1e-05,1.0,209.93507869995665,9261.65087890625
final_only,2149,8.443818660452962e-05,8.443818660452962e-05,45.14091491699219,1e-05,1.0,210.03153289994225,9261.65087890625
final_only,2150,0.00013911491259932518,0.00013911491259932518,45.58053970336914,1e-05,1.0,210.12679799995385,9261.65087890625
final_only,2151,9.340896212961525e-05,9.340896212961525e-05,45.488426208496094,1e-05,1.0,210.22304389998317,9261.65087890625
final_only,2152,9.995180334954057e-06,9.995180334954057e-06,45.88875961303711,1e-05,1.0,210.3190278999973,9261.65087890625
final_only,2153,5.0014852604363114e-05,5.0014852604363114e-05,46.824249267578125,1e-05,1.0,210.4147070000181,9261.65087890625
final_only,2154,0.00013509034761227667,0.00013509034761227667,46.503055572509766,1e-05,1.0,210.50856859993655,9261.65087890625
final_only,2155,8.313471334986389e-05,8.313471334986389e-05,45.42898178100586,1e-05,1.0,210.60358019999694,9261.65087890625
final_only,2156,6.650155410170555e-05,6.650155410170555e-05,43.95745086669922,1e-05,1.0,210.69906230003107,9261.65087890625
final_only,2157,4.290956712793559e-05,4.290956712793559e-05,42.95489501953125,1e-05,1.0,210.79550569993444,9261.65087890625
final_only,2158,0.00010589914745651186,0.00010589914745651186,46.62950897216797,1e-05,1.0,210.89079849992413,9261.65087890625
final_only,2159,3.700157685671002e-05,3.700157685671002e-05,43.95996856689453,1e-05,1.0,210.98657109995838,9261.65087890625
final_only,2160,3.9676593587500975e-05,3.9676593587500975e-05,44.33664321899414,1e-05,1.0,211.0821724999696,9261.65087890625
final_only,2161,2.370478614466265e-05,2.370478614466265e-05,44.33169174194336,1e-05,1.0,211.17663030000404,9261.65087890625
final_only,2162,1.2937200153828599e-05,1.2937200153828599e-05,42.78497314453125,1e-05,1.0,211.27155639999546,9261.65087890625
final_only,2163,7.719387213001028e-05,7.719387213001028e-05,44.690189361572266,1e-05,1.0,211.36765909998212,9261.65087890625
final_only,2164,3.0920826247893274e-05,3.0920826247893274e-05,44.87663269042969,1e-05,1.0,211.46214249997865,9261.65087890625
final_only,2165,1.2854990927735344e-05,1.2854990927735344e-05,45.67808532714844,1e-05,1.0,211.55675180000253,9261.65087890625
final_only,2166,4.6713324991287664e-05,4.6713324991287664e-05,47.940887451171875,1e-05,1.0,211.65194719994906,9261.65087890625
final_only,2167,8.081660780590028e-05,8.081660780590028e-05,44.62816619873047,1e-05,1.0,211.7474266999634,9261.65087890625
final_only,2168,4.150599124841392e-05,4.150599124841392e-05,45.61585998535156,1e-05,1.0,211.84270139993168,9261.65087890625
final_only,2169,9.71959816524759e-05,9.71959816524759e-05,46.34376907348633,1e-05,1.0,211.9379613000201,9261.65087890625
final_only,2170,9.681475057732314e-05,9.681475057732314e-05,44.462669372558594,1e-05,1.0,212.03469150001183,9261.65087890625
final_only,2171,0.0003730723983608186,0.0003730723983608186,44.4312858581543,1e-05,1.0,212.1294606999727,9261.65087890625
final_only,2172,0.000353504263330251,0.000353504263330251,43.992984771728516,1e-05,1.0,212.22560919995885,9261.65087890625
final_only,2173,5.823109677294269e-05,5.823109677294269e-05,45.47559356689453,1e-05,1.0,212.3215368000092,9261.65087890625
final_only,2174,0.00010763219324871898,0.00010763219324871898,41.14972686767578,1e-05,1.0,212.41715460002888,9261.65087890625
final_only,2175,3.5080345696769655e-05,3.5080345696769655e-05,44.50882339477539,1e-05,1.0,212.51109559996985,9261.65087890625
final_only,2176,4.7909947170410305e-05,4.7909947170410305e-05,45.870643615722656,1e-05,1.0,212.6061042000074,9261.65087890625
final_only,2177,0.00015158377937041223,0.00015158377937041223,43.65499496459961,1e-05,1.0,212.7013716000365,9261.65087890625
final_only,2178,9.213105659000576e-05,9.213105659000576e-05,44.38911437988281,1e-05,1.0,212.79587020003237,9261.65087890625
final_only,2179,9.36936994548887e-05,9.36936994548887e-05,46.962406158447266,1e-05,1.0,212.89159679994918,9261.65087890625
final_only,2180,8.237545989686623e-05,8.237545989686623e-05,44.299537658691406,1e-05,1.0,212.98811839998234,9261.65087890625
final_only,2181,5.3871630370849743e-05,5.3871630370849743e-05,46.356502532958984,1e-05,1.0,213.08428730000742,9261.65087890625
final_only,2182,1.7890586605062708e-05,1.7890586605062708e-05,44.996070861816406,1e-05,1.0,213.1789258000208,9261.65087890625
final_only,2183,6.516475696116686e-05,6.516475696116686e-05,46.22261047363281,1e-05,1.0,213.274728499935,9261.65087890625
final_only,2184,4.1400897316634655e-05,4.1400897316634655e-05,43.5536994934082,1e-05,1.0,213.37076790002175,9261.65087890625
final_only,2185,0.0001557719224365428,0.0001557719224365428,44.66973876953125,1e-05,1.0,213.46557120000944,9261.65087890625
final_only,2186,9.077414870262146e-05,9.077414870262146e-05,46.13935852050781,1e-05,1.0,213.55995809996966,9261.65087890625
final_only,2187,6.45529871690087e-05,6.45529871690087e-05,45.600486755371094,1e-05,1.0,213.65512749995105,9261.65087890625
final_only,2188,0.00016587440040893853,0.00016587440040893853,45.76202392578125,1e-05,1.0,213.74951859994326,9261.65087890625
final_only,2189,4.230684498907067e-05,4.230684498907067e-05,42.788936614990234,1e-05,1.0,213.84487849997822,9261.65087890625
final_only,2190,3.821927748504095e-05,3.821927748504095e-05,46.49079895019531,1e-05,1.0,213.94055820000358,9261.65087890625
final_only,2191,2.274357757414691e-05,2.274357757414691e-05,45.25871658325195,1e-05,1.0,214.03682049992494,9261.65087890625
final_only,2192,8.486922160955146e-05,8.486922160955146e-05,46.93360900878906,1e-05,1.0,214.13131079997402,9261.65087890625
final_only,2193,0.00012232799781486392,0.00012232799781486392,45.099735260009766,1e-05,1.0,214.22626180003863,9261.65087890625
final_only,2194,0.00012022204464301467,0.00012022204464301467,44.98841857910156,1e-05,1.0,214.32238949998282,9261.65087890625
final_only,2195,0.00013577673234976828,0.00013577673234976828,43.73048400878906,1e-05,1.0,214.41808540001512,9261.65087890625
final_only,2196,5.6193994169007055e-06,5.6193994169007055e-06,45.84016036987305,1e-05,1.0,214.51184719998855,9261.65087890625
final_only,2197,6.22126244707033e-05,6.22126244707033e-05,45.73822784423828,1e-05,1.0,214.60690999997314,9261.65087890625
final_only,2198,3.3551958040334284e-05,3.3551958040334284e-05,43.34923553466797,1e-05,1.0,214.70142920000944,9261.65087890625
final_only,2199,5.4498679673997685e-05,5.4498679673997685e-05,44.49165725708008,1e-05,1.0,214.79651469993405,9261.65087890625
final_only,2200,2.2431711840908974e-05,2.2431711840908974e-05,46.47983169555664,1e-05,1.0,214.89238530001603,9261.65087890625
final_only,2201,5.420156958280131e-05,5.420156958280131e-05,44.42837142944336,1e-05,1.0,214.98911750002299,9261.65087890625
final_only,2202,0.00010485859820619226,0.00010485859820619226,45.060081481933594,1e-05,1.0,215.08400679996703,9261.65087890625
final_only,2203,0.00021560312598012388,0.00021560312598012388,45.2028923034668,1e-05,1.0,215.1790653000353,9261.65087890625
final_only,2204,2.349042915739119e-05,2.349042915739119e-05,46.06603240966797,1e-05,1.0,215.27475169999525,9261.65087890625
final_only,2205,7.533997268183157e-05,7.533997268183157e-05,46.09229278564453,1e-05,1.0,215.37090039998293,9261.65087890625
final_only,2206,5.707170203095302e-05,5.707170203095302e-05,42.72113800048828,1e-05,1.0,215.46584289998282,9261.65087890625
final_only,2207,6.54070609016344e-05,6.54070609016344e-05,45.77848815917969,1e-05,1.0,215.5601495000301,9261.65087890625
final_only,2208,2.3943728592712432e-05,2.3943728592712432e-05,44.753692626953125,1e-05,1.0,215.65521769993939,9261.65087890625
final_only,2209,2.3276505089597777e-05,2.3276505089597777e-05,42.639888763427734,1e-05,1.0,215.74959439993836,9261.65087890625
final_only,2210,0.0001279316929867491,0.0001279316929867491,44.51173400878906,1e-05,1.0,215.84576349996496,9261.65087890625
final_only,2211,4.2762490920722485e-05,4.2762490920722485e-05,44.3742790222168,1e-05,1.0,215.941490600002,9261.65087890625
final_only,2212,7.743950845906511e-05,7.743950845906511e-05,43.49026107788086,1e-05,1.0,216.03693609999027,9261.65087890625
final_only,2213,2.5750126951606944e-05,2.5750126951606944e-05,45.76811218261719,1e-05,1.0,216.13148260000162,9261.65087890625
final_only,2214,9.269849397242069e-05,9.269849397242069e-05,43.58012008666992,1e-05,1.0,216.2277902000351,9261.65087890625
final_only,2215,7.433343125740066e-05,7.433343125740066e-05,44.532859802246094,1e-05,1.0,216.32433810003567,9261.65087890625
final_only,2216,2.6818383048521355e-05,2.6818383048521355e-05,46.67781066894531,1e-05,1.0,216.4197914999677,9261.65087890625
final_only,2217,2.6886627892963588e-05,2.6886627892963588e-05,45.28132629394531,1e-05,1.0,216.51479139993899,9261.65087890625
final_only,2218,0.00010034790466306731,0.00010034790466306731,44.65300750732422,1e-05,1.0,216.61088189994916,9261.65087890625
final_only,2219,0.0007318085408769548,0.0007318085408769548,44.332210540771484,1e-05,1.0,216.70568080001976,9261.65087890625
final_only,2220,7.98727705841884e-05,7.98727705841884e-05,43.47310256958008,1e-05,1.0,216.80124840000644,9261.65087890625
final_only,2221,5.15018509759102e-05,5.15018509759102e-05,45.5594482421875,1e-05,1.0,216.89682749996427,9261.65087890625
final_only,2222,0.0015184888616204262,0.0015184888616204262,43.580711364746094,1e-05,1.0,216.9926065999316,9261.65087890625
final_only,2223,5.913227505516261e-05,5.913227505516261e-05,47.415611267089844,1e-05,1.0,217.08860899996944,9261.65087890625
final_only,2224,6.850058707641438e-05,6.850058707641438e-05,47.875709533691406,1e-05,1.0,217.18483089993242,9261.65087890625
final_only,2225,0.0001229782064910978,0.0001229782064910978,44.93071365356445,1e-05,1.0,217.28028379997704,9261.65087890625
final_only,2226,0.0002270622062496841,0.0002270622062496841,47.21512985229492,1e-05,1.0,217.37575140001718,9261.65087890625
final_only,2227,7.059795461827889e-05,7.059795461827889e-05,45.07238006591797,1e-05,1.0,217.47085279994644,9261.65087890625
final_only,2228,0.00012479227734729648,0.00012479227734729648,46.26050567626953,1e-05,1.0,217.56547449994832,9261.65087890625
final_only,2229,0.00010512283188290894,0.00010512283188290894,45.62325668334961,1e-05,1.0,217.65985079994425,9261.65087890625
final_only,2230,0.00012287583376746625,0.00012287583376746625,44.88355255126953,1e-05,1.0,217.7546593999723,9261.65087890625
final_only,2231,0.000172357089468278,0.000172357089468278,43.927913665771484,1e-05,1.0,217.85066889994778,9261.65087890625
final_only,2232,7.239227124955505e-05,7.239227124955505e-05,47.97044372558594,1e-05,1.0,217.9463699000189,9261.65087890625
final_only,2233,8.302934293169528e-05,8.302934293169528e-05,44.626075744628906,1e-05,1.0,218.04216189996805,9261.65087890625
final_only,2234,4.035998063045554e-05,4.035998063045554e-05,44.826377868652344,1e-05,1.0,218.13726969994605,9261.65087890625
final_only,2235,8.101017738226801e-05,8.101017738226801e-05,43.0611686706543,1e-05,1.0,218.2329307999462,9261.65087890625
final_only,2236,2.3213944587041624e-05,2.3213944587041624e-05,47.124725341796875,1e-05,1.0,218.32839079992846,9261.65087890625
final_only,2237,8.133526716846973e-05,8.133526716846973e-05,46.08907699584961,1e-05,1.0,218.42390769999474,9261.65087890625
final_only,2238,2.1191726773395203e-05,2.1191726773395203e-05,46.091365814208984,1e-05,1.0,218.5190892999526,9261.65087890625
final_only,2239,0.00027333537582308054,0.00027333537582308054,44.55196762084961,1e-05,1.0,218.6137233999325,9261.65087890625
final_only,2240,1.5371810150099918e-05,1.5371810150099918e-05,46.302284240722656,1e-05,1.0,218.70910680002999,9261.65087890625
final_only,2241,3.434030440985225e-05,3.434030440985225e-05,44.84737014770508,1e-05,1.0,218.80477039993275,9261.65087890625
final_only,2242,5.253778726910241e-05,5.253778726910241e-05,46.05754470825195,1e-05,1.0,218.89986469992436,9261.65087890625
final_only,2243,2.9109760362189263e-05,2.9109760362189263e-05,45.17611312866211,1e-05,1.0,218.99544450000394,9261.65087890625
final_only,2244,2.1690462745027617e-05,2.1690462745027617e-05,46.55632781982422,1e-05,1.0,219.09102599998005,9261.65087890625
final_only,2245,0.0001357233850285411,0.0001357233850285411,43.23421096801758,1e-05,1.0,219.18622639996465,9261.65087890625
final_only,2246,9.869495261227712e-05,9.869495261227712e-05,41.568275451660156,1e-05,1.0,219.2813244999852,9261.65087890625
final_only,2247,1.9011582480743527e-05,1.9011582480743527e-05,46.197357177734375,1e-05,1.0,219.37662639992777,9261.65087890625
final_only,2248,0.00010697351535782218,0.00010697351535782218,46.70781707763672,1e-05,1.0,219.4720942999702,9261.65087890625
final_only,2249,9.075489651877433e-05,9.075489651877433e-05,46.29090118408203,1e-05,1.0,219.56587259995285,9261.65087890625
final_only,2250,1.3840461178915575e-05,1.3840461178915575e-05,47.5169792175293,1e-05,1.0,219.66116329992656,9261.65087890625
final_only,2251,4.217367677483708e-05,4.217367677483708e-05,45.467247009277344,1e-05,1.0,219.75722249993123,9261.65087890625
final_only,2252,0.00010846949589904398,0.00010846949589904398,44.33650207519531,1e-05,1.0,219.8525362999644,9261.65087890625
final_only,2253,4.954879841534421e-05,4.954879841534421e-05,43.70460891723633,1e-05,1.0,219.94770270003937,9261.65087890625
final_only,2254,0.0006540240719914436,0.0006540240719914436,45.320960998535156,1e-05,1.0,220.0437156999251,9261.65087890625
final_only,2255,0.00012745389540214092,0.00012745389540214092,46.27846145629883,1e-05,1.0,220.13891989993863,9261.65087890625
final_only,2256,3.835224924841896e-05,3.835224924841896e-05,43.310951232910156,1e-05,1.0,220.2338691999903,9261.65087890625
final_only,2257,6.162919453345239e-05,6.162919453345239e-05,45.57526397705078,1e-05,1.0,220.32949579996057,9261.65087890625
final_only,2258,5.516470628208481e-05,5.516470628208481e-05,44.95649719238281,1e-05,1.0,220.42554850003216,9261.65087890625
final_only,2259,3.904154436895624e-05,3.904154436895624e-05,45.981388092041016,1e-05,1.0,220.52011769998353,9261.65087890625
final_only,2260,4.0401388105237857e-05,4.0401388105237857e-05,44.178001403808594,1e-05,1.0,220.61511909996625,9261.65087890625
final_only,2261,8.659162267576903e-05,8.659162267576903e-05,45.19432830810547,1e-05,1.0,220.71019629994407,9261.65087890625
final_only,2262,5.717826570617035e-05,5.717826570617035e-05,46.382080078125,1e-05,1.0,220.80534319998696,9261.65087890625
final_only,2263,7.739921420579776e-05,7.739921420579776e-05,46.38587951660156,1e-05,1.0,220.9005685999291,9261.65087890625
final_only,2264,0.00013391327229328454,0.00013391327229328454,46.70287322998047,1e-05,1.0,220.9962781999493,9261.65087890625
final_only,2265,3.4238764783367515e-05,3.4238764783367515e-05,42.70189666748047,1e-05,1.0,221.0917169000022,9261.65087890625
final_only,2266,2.1200326955295168e-05,2.1200326955295168e-05,45.51310348510742,1e-05,1.0,221.1871783999959,9261.65087890625
final_only,2267,8.325108501594514e-05,8.325108501594514e-05,43.54207992553711,1e-05,1.0,221.2837681999663,9261.65087890625
final_only,2268,5.557981785386801e-05,5.557981785386801e-05,45.87992477416992,1e-05,1.0,221.3789940000279,9261.65087890625
final_only,2269,1.8387861928204075e-05,1.8387861928204075e-05,47.119930267333984,1e-05,1.0,221.47425590001512,9261.65087890625
final_only,2270,1.0881415619223844e-05,1.0881415619223844e-05,46.38831329345703,1e-05,1.0,221.56820420001168,9261.65087890625
final_only,2271,0.00023423318634741008,0.00023423318634741008,42.846038818359375,1e-05,1.0,221.66411310003605,9261.65087890625
final_only,2272,2.0623661839636043e-05,2.0623661839636043e-05,43.111167907714844,1e-05,1.0,221.75850240001455,9261.65087890625
final_only,2273,3.77990108972881e-05,3.77990108972881e-05,44.86996078491211,1e-05,1.0,221.85406119993422,9261.65087890625
final_only,2274,6.700526864733547e-05,6.700526864733547e-05,44.551937103271484,1e-05,1.0,221.94953999994323,9261.65087890625
final_only,2275,1.9838813386741094e-05,1.9838813386741094e-05,44.52488327026367,1e-05,1.0,222.0447717999341,9261.65087890625
final_only,2276,4.769050428876653e-05,4.769050428876653e-05,45.67650604248047,1e-05,1.0,222.14064709993545,9261.65087890625
final_only,2277,1.6784497347543947e-05,1.6784497347543947e-05,45.08930969238281,1e-05,1.0,222.2354082999518,9261.65087890625
final_only,2278,3.308920713607222e-05,3.308920713607222e-05,45.92039489746094,1e-05,1.0,222.33216659992468,9261.65087890625
final_only,2279,0.00021962824393995106,0.00021962824393995106,43.12023162841797,1e-05,1.0,222.42800079996232,9261.65087890625
final_only,2280,0.0001162033440778032,0.0001162033440778032,45.079620361328125,1e-05,1.0,222.52271449996624,9261.65087890625
final_only,2281,3.440128784859553e-05,3.440128784859553e-05,47.46809387207031,1e-05,1.0,222.61753749998752,9261.65087890625
final_only,2282,9.012336522573605e-05,9.012336522573605e-05,44.35359573364258,1e-05,1.0,222.71277049998753,9261.65087890625
final_only,2283,4.956584234605543e-05,4.956584234605543e-05,44.976280212402344,1e-05,1.0,222.8081775000319,9261.65087890625
final_only,2284,7.619416282977909e-05,7.619416282977909e-05,45.248348236083984,1e-05,1.0,222.90334129997063,9261.65087890625
final_only,2285,8.161799632944167e-05,8.161799632944167e-05,44.25299835205078,1e-05,1.0,222.99917069997173,9261.65087890625
final_only,2286,1.3418136404652614e-05,1.3418136404652614e-05,44.92335510253906,1e-05,1.0,223.09458559995983,9261.65087890625
final_only,2287,0.00015888114285189658,0.00015888114285189658,45.24423599243164,1e-05,1.0,223.18943349993788,9261.65087890625
final_only,2288,0.00014791559078730643,0.00014791559078730643,46.43999481201172,1e-05,1.0,223.2849453999661,9261.65087890625
final_only,2289,1.855619302659761e-05,1.855619302659761e-05,45.401641845703125,1e-05,1.0,223.3810520999832,9261.65087890625
final_only,2290,0.0001730482908897102,0.0001730482908897102,46.27360916137695,1e-05,1.0,223.47570960002486,9261.65087890625
final_only,2291,1.3444976502796635e-05,1.3444976502796635e-05,44.406166076660156,1e-05,1.0,223.57018139993306,9261.65087890625
final_only,2292,7.574351911898702e-05,7.574351911898702e-05,46.8447265625,1e-05,1.0,223.66530829994008,9261.65087890625
final_only,2293,0.0001435106387361884,0.0001435106387361884,44.8885612487793,1e-05,1.0,223.76052429992706,9261.65087890625
final_only,2294,0.00024452328216284513,0.00024452328216284513,44.83428192138672,1e-05,1.0,223.85599129996262,9261.65087890625
final_only,2295,8.713141141925007e-06,8.713141141925007e-06,45.553035736083984,1e-05,1.0,223.95047829998657,9261.65087890625
final_only,2296,4.3519186874618754e-05,4.3519186874618754e-05,44.98331832885742,1e-05,1.0,224.04695839993656,9261.65087890625
final_only,2297,4.164073470747098e-05,4.164073470747098e-05,45.96562957763672,1e-05,1.0,224.14165759994648,9261.65087890625
final_only,2298,2.294588557560928e-05,2.294588557560928e-05,45.51664733886719,1e-05,1.0,224.23714690003544,9261.65087890625
final_only,2299,3.429291245993227e-05,3.429291245993227e-05,45.73307418823242,1e-05,1.0,224.33307930000592,9261.65087890625
final_only,2300,6.303595000645146e-05,6.303595000645146e-05,46.15260696411133,1e-05,1.0,224.42831360001583,9261.65087890625
final_only,2301,0.0002579123538453132,0.0002579123538453132,44.534427642822266,1e-05,1.0,224.52436419995502,9261.65087890625
final_only,2302,7.374406413873658e-05,7.374406413873658e-05,47.41935729980469,1e-05,1.0,224.61839479999617,9261.65087890625
final_only,2303,5.763056833529845e-05,5.763056833529845e-05,44.59195327758789,1e-05,1.0,224.7138879999984,9261.65087890625
final_only,2304,4.3500229367055e-05,4.3500229367055e-05,46.57801055908203,1e-05,1.0,224.80961789994035,9261.65087890625
final_only,2305,4.232404171489179e-05,4.232404171489179e-05,45.70932388305664,1e-05,1.0,224.90521629992872,9261.65087890625
final_only,2306,0.00012346690346021205,0.00012346690346021205,42.7000732421875,1e-05,1.0,225.00093620002735,9261.65087890625
final_only,2307,7.170264871092513e-05,7.170264871092513e-05,44.656734466552734,1e-05,1.0,225.0957431999268,9261.65087890625
final_only,2308,1.0542838936089538e-05,1.0542838936089538e-05,45.553131103515625,1e-05,1.0,225.19128429994453,9261.65087890625
final_only,2309,3.119074972346425e-05,3.119074972346425e-05,46.28331756591797,1e-05,1.0,225.2874094999861,9261.65087890625
final_only,2310,2.127769766957499e-05,2.127769766957499e-05,44.816646575927734,1e-05,1.0,225.38306779996492,9261.65087890625
final_only,2311,3.252951501053758e-05,3.252951501053758e-05,44.902000427246094,1e-05,1.0,225.47843639994971,9261.65087890625
final_only,2312,7.870404806453735e-05,7.870404806453735e-05,47.40353775024414,1e-05,1.0,225.5730382000329,9261.65087890625
final_only,2313,0.00011654444097075611,0.00011654444097075611,44.11030197143555,1e-05,1.0,225.66780579998158,9261.65087890625
final_only,2314,2.80903132079402e-05,2.80903132079402e-05,43.624351501464844,1e-05,1.0,225.76260919997003,9261.65087890625
final_only,2315,0.000140290183480829,0.000140290183480829,46.187522888183594,1e-05,1.0,225.85852220002562,9261.65087890625
final_only,2316,1.5813271602382883e-05,1.5813271602382883e-05,45.59934997558594,1e-05,1.0,225.95372839993797,9261.65087890625
final_only,2317,4.1874576709233224e-05,4.1874576709233224e-05,46.33711624145508,1e-05,1.0,226.04993179999292,9261.65087890625
final_only,2318,2.31745343626244e-05,2.31745343626244e-05,45.61968994140625,1e-05,1.0,226.14478129998315,9261.65087890625
final_only,2319,0.00010534971806919202,0.00010534971806919202,43.258758544921875,1e-05,1.0,226.2399899000302,9261.65087890625
final_only,2320,2.423969635856338e-05,2.423969635856338e-05,46.27167510986328,1e-05,1.0,226.33522849995643,9261.65087890625
final_only,2321,1.39639505505329e-05,1.39639505505329e-05,45.34255599975586,1e-05,1.0,226.43050799996126,9261.65087890625
final_only,2322,1.9577142666094005e-05,1.9577142666094005e-05,44.41316223144531,1e-05,1.0,226.52554399997462,9261.65087890625
final_only,2323,4.2797379137482494e-05,4.2797379137482494e-05,45.02556610107422,1e-05,1.0,226.61960700002965,9261.65087890625
final_only,2324,0.00039583101170137525,0.00039583101170137525,44.99189758300781,1e-05,1.0,226.71472569997422,9261.65087890625
final_only,2325,3.911042585968971e-05,3.911042585968971e-05,45.683937072753906,1e-05,1.0,226.8105140000116,9261.65087890625
final_only,2326,0.0005524836597032845,0.0005524836597032845,45.56498718261719,1e-05,1.0,226.9055278999731,9261.65087890625
final_only,2327,3.659023059299216e-05,3.659023059299216e-05,47.28055191040039,1e-05,1.0,227.0018415999366,9261.65087890625
final_only,2328,0.000667083018925041,0.000667083018925041,47.231170654296875,1e-05,1.0,227.09746149997227,9261.65087890625
final_only,2329,4.839637040277012e-05,4.839637040277012e-05,45.841224670410156,1e-05,1.0,227.1930030999938,9261.65087890625
final_only,2330,7.494817509723362e-06,7.494817509723362e-06,44.53633499145508,1e-05,1.0,227.28801949997433,9261.65087890625
final_only,2331,9.150259575108066e-05,9.150259575108066e-05,43.30131149291992,1e-05,1.0,227.3837839999469,9261.65087890625
final_only,2332,3.614778324845247e-05,3.614778324845247e-05,47.731895446777344,1e-05,1.0,227.47970699996222,9261.65087890625
final_only,2333,1.4526737686537672e-05,1.4526737686537672e-05,46.30146408081055,1e-05,1.0,227.57475130003877,9261.65087890625
final_only,2334,1.796607830328867e-05,1.796607830328867e-05,44.620845794677734,1e-05,1.0,227.6696748000104,9261.65087890625
final_only,2335,1.9324001186760142e-05,1.9324001186760142e-05,44.17420196533203,1e-05,1.0,227.76490529999137,9261.65087890625
final_only,2336,3.4552114811958745e-05,3.4552114811958745e-05,42.98844528198242,1e-05,1.0,227.8606174000306,9261.65087890625
final_only,2337,3.5468961868900806e-05,3.5468961868900806e-05,44.20396423339844,1e-05,1.0,227.95614120003302,9261.65087890625
final_only,2338,9.746362047735602e-05,9.746362047735602e-05,46.486331939697266,1e-05,1.0,228.0525405999506,9261.65087890625
final_only,2339,8.817775233183056e-05,8.817775233183056e-05,43.586666107177734,1e-05,1.0,228.14755619992502,9261.65087890625
final_only,2340,2.6403962692711502e-05,2.6403962692711502e-05,47.54322814941406,1e-05,1.0,228.24309839995112,9261.65087890625
final_only,2341,7.512906449846923e-05,7.512906449846923e-05,44.95175552368164,1e-05,1.0,228.33904099999927,9261.65087890625
final_only,2342,1.5148911188589409e-05,1.5148911188589409e-05,46.87310791015625,1e-05,1.0,228.43449429993052,9261.65087890625
final_only,2343,1.1786806680902373e-05,1.1786806680902373e-05,44.542354583740234,1e-05,1.0,228.53004740003962,9261.65087890625
final_only,2344,3.480675877653994e-05,3.480675877653994e-05,47.999427795410156,1e-05,1.0,228.62428390001878,9261.65087890625
final_only,2345,0.00015200783673208207,0.00015200783673208207,45.56339645385742,1e-05,1.0,228.7193287999835,9261.65087890625
final_only,2346,0.0002017518854700029,0.0002017518854700029,44.4759635925293,1e-05,1.0,228.81518619996496,9261.65087890625
final_only,2347,4.920959327137098e-05,4.920959327137098e-05,43.10838317871094,1e-05,1.0,228.91018609993625,9261.65087890625
final_only,2348,1.7734728317009285e-05,1.7734728317009285e-05,46.550540924072266,1e-05,1.0,229.00629729998764,9261.65087890625
final_only,2349,6.377526733558625e-05,6.377526733558625e-05,42.574462890625,1e-05,1.0,229.10216469992884,9261.65087890625
final_only,2350,5.3588948503602296e-05,5.3588948503602296e-05,45.80711364746094,1e-05,1.0,229.19730300002266,9261.65087890625
final_only,2351,6.524463969981298e-05,6.524463969981298e-05,45.157691955566406,1e-05,1.0,229.29326099995524,9261.65087890625
final_only,2352,2.398046308371704e-05,2.398046308371704e-05,45.22892379760742,1e-05,1.0,229.38965150003787,9261.65087890625
final_only,2353,9.91241613519378e-05,9.91241613519378e-05,45.999961853027344,1e-05,1.0,229.4864072999917,9261.65087890625
final_only,2354,7.151864701882005e-05,7.151864701882005e-05,44.549503326416016,1e-05,1.0,229.58064309996553,9261.65087890625
final_only,2355,2.0000388758489862e-05,2.0000388758489862e-05,46.44470977783203,1e-05,1.0,229.67524729995057,9261.65087890625
final_only,2356,0.00010669411858543754,0.00010669411858543754,46.153526306152344,1e-05,1.0,229.77032110001892,9261.65087890625
final_only,2357,1.1883944353030529e-05,1.1883944353030529e-05,46.0339469909668,1e-05,1.0,229.86562309996225,9261.65087890625
final_only,2358,5.697544565919088e-06,5.697544565919088e-06,46.56678771972656,1e-05,1.0,229.96126160002314,9261.65087890625
final_only,2359,0.00010135328921023756,0.00010135328921023756,43.28265380859375,1e-05,1.0,230.05729979998432,9261.65087890625
final_only,2360,1.731037991703488e-05,1.731037991703488e-05,47.21833801269531,1e-05,1.0,230.1519064999884,9261.65087890625
final_only,2361,3.9609156374353915e-05,3.9609156374353915e-05,44.52143478393555,1e-05,1.0,230.24728999997023,9261.65087890625
final_only,2362,7.919927156763151e-06,7.919927156763151e-06,43.5455207824707,1e-05,1.0,230.34375480003655,9261.65087890625
final_only,2363,2.380591286055278e-05,2.380591286055278e-05,44.54790496826172,1e-05,1.0,230.43897929997183,9261.65087890625
final_only,2364,1.5161932424234692e-05,1.5161932424234692e-05,45.17488098144531,1e-05,1.0,230.53358399996068,9261.65087890625
final_only,2365,0.0005011784960515797,0.0005011784960515797,45.759639739990234,1e-05,1.0,230.6282166999299,9261.65087890625
final_only,2366,0.000608525238931179,0.000608525238931179,43.61304473876953,1e-05,1.0,230.72326360002626,9261.65087890625
final_only,2367,0.00011607080523390323,0.00011607080523390323,45.14423370361328,1e-05,1.0,230.81902629998513,9261.65087890625
final_only,2368,4.426865780260414e-05,4.426865780260414e-05,44.28140640258789,1e-05,1.0,230.91384009993635,9261.65087890625
final_only,2369,4.68519028800074e-05,4.68519028800074e-05,45.25769805908203,1e-05,1.0,231.01008759997785,9261.65087890625
final_only,2370,2.766396210063249e-05,2.766396210063249e-05,44.3956184387207,1e-05,1.0,231.10580829996616,9261.65087890625
final_only,2371,2.4176320948754437e-05,2.4176320948754437e-05,47.5499267578125,1e-05,1.0,231.2001944000367,9261.65087890625
final_only,2372,8.48467752803117e-05,8.48467752803117e-05,44.833309173583984,1e-05,1.0,231.2956096000271,9261.65087890625
final_only,2373,9.114167187362909e-05,9.114167187362909e-05,43.99076843261719,1e-05,1.0,231.39166760002263,9261.65087890625
final_only,2374,4.196174268145114e-05,4.196174268145114e-05,43.51233673095703,1e-05,1.0,231.48618190002162,9261.65087890625
final_only,2375,1.1889580491697416e-05,1.1889580491697416e-05,45.172813415527344,1e-05,1.0,231.58159199997317,9261.65087890625
final_only,2376,5.5142467317637056e-05,5.5142467317637056e-05,46.060935974121094,1e-05,1.0,231.67607769998722,9261.65087890625
final_only,2377,0.0004183807468507439,0.0004183807468507439,45.777408599853516,1e-05,1.0,231.7723855000222,9261.65087890625
final_only,2378,2.970389323309064e-05,2.970389323309064e-05,45.28644943237305,1e-05,1.0,231.86779259995092,9261.65087890625
final_only,2379,3.763532004086301e-05,3.763532004086301e-05,44.7562370300293,1e-05,1.0,231.96279519994278,9261.65087890625
final_only,2380,2.7098947612103075e-05,2.7098947612103075e-05,44.75566864013672,1e-05,1.0,232.05845629994292,9261.65087890625
final_only,2381,9.909705840982497e-05,9.909705840982497e-05,47.05758285522461,1e-05,1.0,232.15289729996584,9261.65087890625
final_only,2382,3.7678517401218414e-05,3.7678517401218414e-05,46.03281021118164,1e-05,1.0,232.24810009996872,9261.65087890625
final_only,2383,3.190634515704005e-06,3.190634515704005e-06,44.33502197265625,1e-05,1.0,232.34423229994718,9261.65087890625
final_only,2384,5.042541306465864e-05,5.042541306465864e-05,44.64985275268555,1e-05,1.0,232.44000880001113,9261.65087890625
final_only,2385,3.2567299058428034e-05,3.2567299058428034e-05,44.62135696411133,1e-05,1.0,232.53489380003884,9261.65087890625
final_only,2386,7.246445602504537e-05,7.246445602504537e-05,47.986358642578125,1e-05,1.0,232.62954059999902,9261.65087890625
final_only,2387,0.0001952787715708837,0.0001952787715708837,44.52587127685547,1e-05,1.0,232.72439909994137,9261.65087890625
final_only,2388,8.94234690349549e-05,8.94234690349549e-05,42.79106140136719,1e-05,1.0,232.81968549999874,9261.65087890625
final_only,2389,4.154598354944028e-05,4.154598354944028e-05,45.78609848022461,1e-05,1.0,232.91525409999304,9261.65087890625
final_only,2390,0.00010852240666281432,0.00010852240666281432,47.54978942871094,1e-05,1.0,233.01138769998215,9261.65087890625
final_only,2391,4.1977749788202345e-05,4.1977749788202345e-05,45.57651901245117,1e-05,1.0,233.10660079994705,9261.65087890625
final_only,2392,0.0002132416411768645,0.0002132416411768645,42.17346954345703,1e-05,1.0,233.20198519993573,9261.65087890625
final_only,2393,5.348639388103038e-05,5.348639388103038e-05,47.63120651245117,1e-05,1.0,233.29795419995207,9261.65087890625
final_only,2394,5.4213538533076644e-05,5.4213538533076644e-05,43.19655227661133,1e-05,1.0,233.3933797000209,9261.65087890625
final_only,2395,0.00021861821005586535,0.00021861821005586535,45.940826416015625,1e-05,1.0,233.49048109992873,9261.65087890625
final_only,2396,2.896364458138123e-05,2.896364458138123e-05,44.051414489746094,1e-05,1.0,233.58706559997518,9261.65087890625
final_only,2397,6.84185724821873e-05,6.84185724821873e-05,45.10968780517578,1e-05,1.0,233.68140070000663,9261.65087890625
final_only,2398,4.46570229541976e-05,4.46570229541976e-05,46.84846496582031,1e-05,1.0,233.77732180000748,9261.65087890625
final_only,2399,3.935483982786536e-05,3.935483982786536e-05,44.4184455871582,1e-05,1.0,233.87276389996987,9261.65087890625
final_only,2400,6.313874473562464e-05,6.313874473562464e-05,43.714927673339844,1e-05,1.0,233.96944469993468,9261.65087890625
final_only,2401,0.00031604093965142965,0.00031604093965142965,44.12348937988281,1e-05,1.0,234.0654103999259,9261.65087890625
final_only,2402,6.836422835476696e-05,6.836422835476696e-05,44.80625534057617,1e-05,1.0,234.1609472000273,9261.65087890625
final_only,2403,0.00018559774616733193,0.00018559774616733193,45.107154846191406,1e-05,1.0,234.25714300002437,9261.65087890625
final_only,2404,3.109272802248597e-05,3.109272802248597e-05,44.522979736328125,1e-05,1.0,234.35332979995292,9261.65087890625
final_only,2405,3.056718924199231e-05,3.056718924199231e-05,46.542816162109375,1e-05,1.0,234.4480911999708,9261.65087890625
final_only,2406,0.00028054669382981956,0.00028054669382981956,46.27909469604492,1e-05,1.0,234.54297499998938,9261.65087890625
final_only,2407,3.3794694900279865e-05,3.3794694900279865e-05,45.02014923095703,1e-05,1.0,234.6377499999944,9261.65087890625
final_only,2408,5.787279224023223e-05,5.787279224023223e-05,47.261940002441406,1e-05,1.0,234.73216999997385,9261.65087890625
final_only,2409,3.984394788858481e-05,3.984394788858481e-05,45.368194580078125,1e-05,1.0,234.82785450003576,9261.65087890625
final_only,2410,0.00010722636943683028,0.00010722636943683028,44.90614318847656,1e-05,1.0,234.92360059998464,9261.65087890625
final_only,2411,0.00011445966811152175,0.00011445966811152175,47.100852966308594,1e-05,1.0,235.01979599997867,9261.65087890625
final_only,2412,0.00012504158075898886,0.00012504158075898886,44.865760803222656,1e-05,1.0,235.11461869999766,9261.65087890625
final_only,2413,2.571768891357351e-05,2.571768891357351e-05,46.37806701660156,1e-05,1.0,235.20995549997315,9261.65087890625
final_only,2414,5.035366484662518e-05,5.035366484662518e-05,45.66310119628906,1e-05,1.0,235.30536400002893,9261.65087890625
final_only,2415,1.910987703013234e-05,1.910987703013234e-05,46.38245391845703,1e-05,1.0,235.40042940003332,9261.65087890625
final_only,2416,5.1809431170113385e-05,5.1809431170113385e-05,46.49424362182617,1e-05,1.0,235.49573429999873,9261.65087890625
final_only,2417,0.000703095574863255,0.000703095574863255,44.252098083496094,1e-05,1.0,235.59120429994073,9261.65087890625
final_only,2418,3.7859659641981125e-05,3.7859659641981125e-05,44.603782653808594,1e-05,1.0,235.68528249999508,9261.65087890625
final_only,2419,1.185811106552137e-05,1.185811106552137e-05,44.600982666015625,1e-05,1.0,235.78061799996067,9261.65087890625
final_only,2420,2.420015152893029e-05,2.420015152893029e-05,45.438941955566406,1e-05,1.0,235.8764172999654,9261.65087890625
final_only,2421,6.575011502718553e-05,6.575011502718553e-05,45.499656677246094,1e-05,1.0,235.97251709992997,9261.65087890625
final_only,2422,4.6376291720662266e-05,4.6376291720662266e-05,44.44820022583008,1e-05,1.0,236.06740019994322,9261.65087890625
final_only,2423,4.873317448073067e-05,4.873317448073067e-05,45.46205139160156,1e-05,1.0,236.16261060000397,9261.65087890625
final_only,2424,2.9425995307974517e-05,2.9425995307974517e-05,44.21623992919922,1e-05,1.0,236.25781600002665,9261.65087890625
final_only,2425,1.1447009455878288e-05,1.1447009455878288e-05,46.20030212402344,1e-05,1.0,236.35335330001544,9261.65087890625
final_only,2426,6.269251025514677e-05,6.269251025514677e-05,45.341827392578125,1e-05,1.0,236.44875109998975,9261.65087890625
final_only,2427,3.270560046075843e-05,3.270560046075843e-05,46.572731018066406,1e-05,1.0,236.54380859993398,9261.65087890625
final_only,2428,3.249979272368364e-05,3.249979272368364e-05,46.53488540649414,1e-05,1.0,236.6386296999408,9261.65087890625
final_only,2429,8.27856820251327e-06,8.27856820251327e-06,45.99553298950195,1e-05,1.0,236.73301029996946,9261.65087890625
final_only,2430,7.7682503615506e-05,7.7682503615506e-05,46.19516372680664,1e-05,1.0,236.82872170000337,9261.65087890625
final_only,2431,4.658080069930293e-05,4.658080069930293e-05,45.94416809082031,1e-05,1.0,236.92426809994504,9261.65087890625
final_only,2432,2.4419176043011248e-05,2.4419176043011248e-05,45.12139892578125,1e-05,1.0,237.01990089996252,9261.65087890625
final_only,2433,6.340786057990044e-05,6.340786057990044e-05,43.953243255615234,1e-05,1.0,237.1156763000181,9261.65087890625
final_only,2434,0.0005140582798048854,0.0005140582798048854,48.84812927246094,1e-05,1.0,237.21090970002115,9261.65087890625
final_only,2435,2.9000619178987108e-05,2.9000619178987108e-05,45.895179748535156,1e-05,1.0,237.30696469999384,9261.65087890625
final_only,2436,3.0703486118e-05,3.0703486118e-05,46.666500091552734,1e-05,1.0,237.40230349998455,9261.65087890625
final_only,2437,0.00013591302558779716,0.00013591302558779716,43.001609802246094,1e-05,1.0,237.49781069997698,9261.65087890625
final_only,2438,4.568924487102777e-05,4.568924487102777e-05,45.535362243652344,1e-05,1.0,237.59419600002002,9261.65087890625
final_only,2439,4.3874155380763113e-05,4.3874155380763113e-05,46.04220199584961,1e-05,1.0,237.68932469992433,9261.65087890625
final_only,2440,4.085919863427989e-05,4.085919863427989e-05,45.77098846435547,1e-05,1.0,237.78460809995886,9261.65087890625
final_only,2441,8.999348210636526e-06,8.999348210636526e-06,45.91984558105469,1e-05,1.0,237.8805360000115,9261.65087890625
final_only,2442,2.9624941817019135e-05,2.9624941817019135e-05,43.73586654663086,1e-05,1.0,237.976218399941,9261.65087890625
final_only,2443,4.791329411091283e-05,4.791329411091283e-05,45.08186340332031,1e-05,1.0,238.07149340002798,9261.65087890625
final_only,2444,4.5787004637531936e-05,4.5787004637531936e-05,43.448184967041016,1e-05,1.0,238.1663850999903,9261.65087890625
final_only,2445,7.305660255951807e-05,7.305660255951807e-05,45.51514434814453,1e-05,1.0,238.26231439993717,9261.65087890625
final_only,2446,3.245614789193496e-05,3.245614789193496e-05,44.55126953125,1e-05,1.0,238.35780060000252,9261.65087890625
final_only,2447,4.770158193423413e-05,4.770158193423413e-05,44.21644592285156,1e-05,1.0,238.4529971999582,9261.65087890625
final_only,2448,2.9209131753304973e-05,2.9209131753304973e-05,46.02357482910156,1e-05,1.0,238.54825749993324,9261.65087890625
final_only,2449,4.496100154938176e-05,4.496100154938176e-05,46.061668395996094,1e-05,1.0,238.642778599984,9261.65087890625
final_only,2450,3.748622111743316e-05,3.748622111743316e-05,44.8761100769043,1e-05,1.0,238.73704149993137,9261.65087890625
final_only,2451,3.469840521574952e-05,3.469840521574952e-05,45.569129943847656,1e-05,1.0,238.8334270999767,9261.65087890625
final_only,2452,4.432637433637865e-05,4.432637433637865e-05,42.97905731201172,1e-05,1.0,238.928241699934,9261.65087890625
final_only,2453,5.148050331627019e-05,5.148050331627019e-05,45.02166748046875,1e-05,1.0,239.02412199997343,9261.65087890625
final_only,2454,0.00011373262532288209,0.00011373262532288209,47.08612823486328,1e-05,1.0,239.119309599977,9261.65087890625
final_only,2455,4.840879046241753e-05,4.840879046241753e-05,45.530948638916016,1e-05,1.0,239.2144788999576,9261.65087890625
final_only,2456,0.00010321078298147768,0.00010321078298147768,45.080039978027344,1e-05,1.0,239.30974149995018,9261.65087890625
final_only,2457,4.0354694647248834e-05,4.0354694647248834e-05,45.96152877807617,1e-05,1.0,239.4055423999671,9261.65087890625
final_only,2458,3.072601248277351e-05,3.072601248277351e-05,45.26979064941406,1e-05,1.0,239.5007616999792,9261.65087890625
final_only,2459,3.331407060613856e-05,3.331407060613856e-05,44.833335876464844,1e-05,1.0,239.59540859994013,9261.65087890625
final_only,2460,6.168012623675168e-05,6.168012623675168e-05,45.807823181152344,1e-05,1.0,239.6899671999272,9261.65087890625
final_only,2461,8.690560207469389e-05,8.690560207469389e-05,44.682708740234375,1e-05,1.0,239.784894399927,9261.65087890625
final_only,2462,1.6209714885917492e-05,1.6209714885917492e-05,44.71038818359375,1e-05,1.0,239.8801980999997,9261.65087890625
final_only,2463,6.615719030378386e-06,6.615719030378386e-06,43.33176040649414,1e-05,1.0,239.9760303000221,9261.65087890625
final_only,2464,1.8249134882353246e-05,1.8249134882353246e-05,44.58540344238281,1e-05,1.0,240.07241020002402,9261.65087890625
final_only,2465,4.271953730494715e-05,4.271953730494715e-05,45.26911544799805,1e-05,1.0,240.16760709998198,9261.65087890625
final_only,2466,0.00010077028127852827,0.00010077028127852827,45.324398040771484,1e-05,1.0,240.262086099945,9261.65087890625
final_only,2467,0.00014261924661695957,0.00014261924661695957,45.861351013183594,1e-05,1.0,240.3585283999564,9261.65087890625
final_only,2468,3.357265086378902e-05,3.357265086378902e-05,47.96632385253906,1e-05,1.0,240.4544745000312,9261.65087890625
final_only,2469,3.578240648494102e-05,3.578240648494102e-05,45.379302978515625,1e-05,1.0,240.5494570999872,9261.65087890625
final_only,2470,0.00012179597251815721,0.00012179597251815721,47.36928176879883,1e-05,1.0,240.6444527999265,9261.65087890625
final_only,2471,1.3615751413453836e-05,1.3615751413453836e-05,44.54637145996094,1e-05,1.0,240.73899410001468,9261.65087890625
final_only,2472,4.059402272105217e-05,4.059402272105217e-05,44.19369888305664,1e-05,1.0,240.83423939999193,9261.65087890625
final_only,2473,6.0189299802004825e-06,6.0189299802004825e-06,44.760372161865234,1e-05,1.0,240.93006709998008,9261.65087890625
final_only,2474,4.1836538002826273e-05,4.1836538002826273e-05,46.687477111816406,1e-05,1.0,241.02604889997747,9261.65087890625
final_only,2475,4.61612107756082e-05,4.61612107756082e-05,43.87696075439453,1e-05,1.0,241.120986099937,9261.65087890625
final_only,2476,2.8742428185069002e-05,2.8742428185069002e-05,44.928592681884766,1e-05,1.0,241.2164560999954,9261.65087890625
final_only,2477,4.420804907567799e-05,4.420804907567799e-05,45.822994232177734,1e-05,1.0,241.31284429994412,9261.65087890625
final_only,2478,0.0006244701216928661,0.0006244701216928661,44.41722869873047,1e-05,1.0,241.40895409998484,9261.65087890625
final_only,2479,2.484279866621364e-05,2.484279866621364e-05,46.9769287109375,1e-05,1.0,241.50436499994248,9261.65087890625
final_only,2480,5.205296474741772e-05,5.205296474741772e-05,47.10312271118164,1e-05,1.0,241.59958729997743,9261.65087890625
final_only,2481,2.87478651443962e-05,2.87478651443962e-05,45.748863220214844,1e-05,1.0,241.69456680002622,9261.65087890625
final_only,2482,3.460886364337057e-05,3.460886364337057e-05,45.69137191772461,1e-05,1.0,241.7911643999396,9261.65087890625
final_only,2483,5.805464388686232e-05,5.805464388686232e-05,46.6020622253418,1e-05,1.0,241.88677330000792,9261.65087890625
final_only,2484,2.1808049496030435e-05,2.1808049496030435e-05,45.86271667480469,1e-05,1.0,241.98271649994422,9261.65087890625
final_only,2485,0.00017913365445565432,0.00017913365445565432,44.94942855834961,1e-05,1.0,242.07814709993545,9261.65087890625
final_only,2486,1.7880433006212115e-05,1.7880433006212115e-05,46.89258575439453,1e-05,1.0,242.17268760001753,9261.65087890625
final_only,2487,2.509163459762931e-05,2.509163459762931e-05,43.152610778808594,1e-05,1.0,242.26762249995954,9261.65087890625
final_only,2488,2.2439005988417193e-05,2.2439005988417193e-05,44.48448944091797,1e-05,1.0,242.3642546000192,9261.65087890625
final_only,2489,0.00021063926396891475,0.00021063926396891475,45.671051025390625,1e-05,1.0,242.46005230001174,9261.65087890625
final_only,2490,2.6199220883427188e-05,2.6199220883427188e-05,46.66863250732422,1e-05,1.0,242.55469040002208,9261.65087890625
final_only,2491,6.374515942297876e-05,6.374515942297876e-05,45.812217712402344,1e-05,1.0,242.6498247999698,9261.65087890625
final_only,2492,0.00011625289334915578,0.00011625289334915578,42.91192626953125,1e-05,1.0,242.74474330001976,9261.65087890625
final_only,2493,0.00023168441839516163,0.00023168441839516163,46.84527587890625,1e-05,1.0,242.84042579995003,9261.65087890625
final_only,2494,7.967086276039481e-05,7.967086276039481e-05,46.323673248291016,1e-05,1.0,242.93641790002584,9261.65087890625
final_only,2495,2.903168206103146e-05,2.903168206103146e-05,46.347694396972656,1e-05,1.0,243.03197689994704,9261.65087890625
final_only,2496,2.8650336389546283e-05,2.8650336389546283e-05,47.0446662902832,1e-05,1.0,243.1265887999907,9261.65087890625
final_only,2497,0.0001386146614095196,0.0001386146614095196,45.33566665649414,1e-05,1.0,243.22181070002262,9261.65087890625
final_only,2498,0.00013201322872191668,0.00013201322872191668,43.99003219604492,1e-05,1.0,243.31740329996683,9261.65087890625
final_only,2499,1.640333175600972e-05,1.640333175600972e-05,45.001983642578125,1e-05,1.0,243.41327469993848,9261.65087890625
final_only,2500,2.6552366762189195e-05,2.6552366762189195e-05,48.54423904418945,1e-05,1.0,243.5078240999719,9261.65087890625
final_only,2501,0.00011418035137467086,0.00011418035137467086,44.65736389160156,1e-05,1.0,243.9171835000161,9261.65087890625
final_only,2502,5.153039455763064e-05,5.153039455763064e-05,48.333045959472656,1e-05,1.0,244.01353709993418,9261.65087890625
final_only,2503,2.107492218783591e-05,2.107492218783591e-05,46.858421325683594,1e-05,1.0,244.1082167000277,9261.65087890625
final_only,2504,1.0607467629597522e-05,1.0607467629597522e-05,45.88148498535156,1e-05,1.0,244.2034016000107,9261.65087890625
final_only,2505,0.00014616141561418772,0.00014616141561418772,46.10851287841797,1e-05,1.0,244.29885180003475,9261.65087890625
final_only,2506,5.659106682287529e-05,5.659106682287529e-05,45.48048400878906,1e-05,1.0,244.39420839992817,9261.65087890625
final_only,2507,1.750452065607533e-05,1.750452065607533e-05,47.03385543823242,1e-05,1.0,244.48962210002355,9261.65087890625
final_only,2508,0.0002111308858729899,0.0002111308858729899,44.76714324951172,1e-05,1.0,244.58479639992584,9261.65087890625
final_only,2509,7.326769991777837e-05,7.326769991777837e-05,43.72882843017578,1e-05,1.0,244.6796473999275,9261.65087890625
final_only,2510,2.3334101570071653e-05,2.3334101570071653e-05,44.126590728759766,1e-05,1.0,244.77423610002734,9261.65087890625
final_only,2511,7.837735756766051e-05,7.837735756766051e-05,47.058746337890625,1e-05,1.0,244.8700450999895,9261.65087890625
final_only,2512,1.473355860071024e-05,1.473355860071024e-05,45.641387939453125,1e-05,1.0,244.96565449994523,9261.65087890625
final_only,2513,0.0001682231086306274,0.0001682231086306274,44.52545166015625,1e-05,1.0,245.06058469996788,9261.65087890625
final_only,2514,2.426951687084511e-05,2.426951687084511e-05,45.843807220458984,1e-05,1.0,245.15577249997295,9261.65087890625
final_only,2515,0.00017170676437672228,0.00017170676437672228,47.79048538208008,1e-05,1.0,245.2506858999841,9261.65087890625
final_only,2516,1.85723984031938e-05,1.85723984031938e-05,45.09372329711914,1e-05,1.0,245.34650290000718,9261.65087890625
final_only,2517,2.3096865334082395e-05,2.3096865334082395e-05,44.297264099121094,1e-05,1.0,245.4423456999939,9261.65087890625
final_only,2518,0.0001608187594683841,0.0001608187594683841,45.510887145996094,1e-05,1.0,245.53743120003492,9261.65087890625
final_only,2519,4.9124748329631984e-05,4.9124748329631984e-05,44.51924133300781,1e-05,1.0,245.63210159994196,9261.65087890625
final_only,2520,1.4118969374976587e-05,1.4118969374976587e-05,43.34358215332031,1e-05,1.0,245.72656620002817,9261.65087890625
final_only,2521,6.714074697811157e-05,6.714074697811157e-05,44.36695098876953,1e-05,1.0,245.82341529999394,9261.65087890625
final_only,2522,1.2316392712818924e-05,1.2316392712818924e-05,45.70212173461914,1e-05,1.0,245.91916279995348,9261.65087890625
final_only,2523,7.283868035301566e-05,7.283868035301566e-05,42.684593200683594,1e-05,1.0,246.0147897999268,9261.65087890625
final_only,2524,2.080211925203912e-05,2.080211925203912e-05,46.90907287597656,1e-05,1.0,246.111019999953,9261.65087890625
final_only,2525,7.872826245147735e-05,7.872826245147735e-05,45.95656967163086,1e-05,1.0,246.2061890999321,9261.65087890625
final_only,2526,4.0396309486823156e-05,4.0396309486823156e-05,46.87627410888672,1e-05,1.0,246.30114979995415,9261.65087890625
final_only,2527,6.625425885431468e-05,6.625425885431468e-05,46.06549835205078,1e-05,1.0,246.39700270001777,9261.65087890625
final_only,2528,1.6767691704444587e-05,1.6767691704444587e-05,45.350589752197266,1e-05,1.0,246.49274310003966,9261.65087890625
final_only,2529,9.832980867940933e-05,9.832980867940933e-05,44.761474609375,1e-05,1.0,246.58768490003422,9261.65087890625
final_only,2530,0.00010914333688560873,0.00010914333688560873,42.66911697387695,1e-05,1.0,246.6824338999577,9261.65087890625
final_only,2531,7.771833770675585e-05,7.771833770675585e-05,44.0289192199707,1e-05,1.0,246.77679349994287,9261.65087890625
final_only,2532,1.8313205146114342e-05,1.8313205146114342e-05,45.848018646240234,1e-05,1.0,246.87307209998835,9261.65087890625
final_only,2533,1.7839311112766154e-05,1.7839311112766154e-05,46.25666046142578,1e-05,1.0,246.96886729996186,9261.65087890625
final_only,2534,4.069973874720745e-05,4.069973874720745e-05,45.87059020996094,1e-05,1.0,247.06450430001132,9261.65087890625
final_only,2535,8.396805787924677e-05,8.396805787924677e-05,42.14556884765625,1e-05,1.0,247.15967730002012,9261.65087890625
final_only,2536,3.002304583787918e-05,3.002304583787918e-05,44.16397476196289,1e-05,1.0,247.2551576999249,9261.65087890625
final_only,2537,5.877629519090988e-05,5.877629519090988e-05,46.66602325439453,1e-05,1.0,247.35124250000808,9261.65087890625
final_only,2538,1.6242276615230367e-05,1.6242276615230367e-05,46.329044342041016,1e-05,1.0,247.447026800015,9261.65087890625
final_only,2539,7.173194899223745e-05,7.173194899223745e-05,45.39665603637695,1e-05,1.0,247.5417909999378,9261.65087890625
final_only,2540,6.32560477242805e-05,6.32560477242805e-05,46.53070068359375,1e-05,1.0,247.63639290002175,9261.65087890625
final_only,2541,6.0585563915083185e-05,6.0585563915083185e-05,45.755760192871094,1e-05,1.0,247.73074719996657,9261.65087890625
final_only,2542,2.2023181372787803e-05,2.2023181372787803e-05,46.485939025878906,1e-05,1.0,247.82614509994164,9261.65087890625
final_only,2543,0.0004939069622196257,0.0004939069622196257,43.494022369384766,1e-05,1.0,247.92129299999215,9261.65087890625
final_only,2544,8.703515959496144e-06,8.703515959496144e-06,46.2669677734375,1e-05,1.0,248.0178321999265,9261.65087890625
final_only,2545,2.395167393842712e-05,2.395167393842712e-05,45.584197998046875,1e-05,1.0,248.11325289995875,9261.65087890625
final_only,2546,0.00013302055594976991,0.00013302055594976991,46.42162322998047,1e-05,1.0,248.20780490001198,9261.65087890625
final_only,2547,4.615116631612182e-05,4.615116631612182e-05,47.35887145996094,1e-05,1.0,248.30250240000896,9261.65087890625
final_only,2548,0.0002527901087887585,0.0002527901087887585,44.444190979003906,1e-05,1.0,248.39864459994715,9261.65087890625
final_only,2549,1.0585984455246944e-05,1.0585984455246944e-05,47.56433868408203,1e-05,1.0,248.49387969996314,9261.65087890625
final_only,2550,5.196673373575322e-05,5.196673373575322e-05,46.799537658691406,1e-05,1.0,248.5887901999522,9261.65087890625
final_only,2551,6.511955871246755e-05,6.511955871246755e-05,45.949188232421875,1e-05,1.0,248.68468189996202,9261.65087890625
final_only,2552,4.68668804387562e-05,4.68668804387562e-05,48.3204345703125,1e-05,1.0,248.77877899992745,9261.65087890625
final_only,2553,6.986716471146792e-05,6.986716471146792e-05,46.88010787963867,1e-05,1.0,248.87465399992652,9261.65087890625
final_only,2554,3.376212407601997e-05,3.376212407601997e-05,45.83110046386719,1e-05,1.0,248.9703548999969,9261.65087890625
final_only,2555,1.271980090677971e-05,1.271980090677971e-05,47.2423210144043,1e-05,1.0,249.06641209998634,9261.65087890625
final_only,2556,9.362369746668264e-05,9.362369746668264e-05,44.99232482910156,1e-05,1.0,249.1613570000045,9261.65087890625
final_only,2557,3.69010740541853e-05,3.69010740541853e-05,45.371891021728516,1e-05,1.0,249.25597509997897,9261.65087890625
final_only,2558,3.5912271414417773e-05,3.5912271414417773e-05,44.72412872314453,1e-05,1.0,249.35158899996895,9261.65087890625
final_only,2559,4.661185812437907e-05,4.661185812437907e-05,42.880279541015625,1e-05,1.0,249.4465694000246,9261.65087890625
final_only,2560,1.5064102626638487e-05,1.5064102626638487e-05,47.690025329589844,1e-05,1.0,249.54113399994094,9261.65087890625
final_only,2561,1.9962542864959687e-05,1.9962542864959687e-05,44.97062683105469,1e-05,1.0,249.6362669999944,9261.65087890625
final_only,2562,3.6962752346880734e-05,3.6962752346880734e-05,47.33184051513672,1e-05,1.0,249.7311400999315,9261.65087890625
final_only,2563,6.921897147549316e-05,6.921897147549316e-05,46.357017517089844,1e-05,1.0,249.82586640003137,9261.65087890625
final_only,2564,0.00016317186236847192,0.00016317186236847192,44.500389099121094,1e-05,1.0,249.92280739999842,9261.65087890625
final_only,2565,6.567420496139675e-05,6.567420496139675e-05,47.33935546875,1e-05,1.0,250.01986470003612,9261.65087890625
final_only,2566,0.0001393466955050826,0.0001393466955050826,47.43408966064453,1e-05,1.0,250.1149599000346,9261.65087890625
final_only,2567,7.113241008482873e-05,7.113241008482873e-05,47.14335632324219,1e-05,1.0,250.2095237999456,9261.65087890625
final_only,2568,5.2569917897926643e-05,5.2569917897926643e-05,45.582000732421875,1e-05,1.0,250.305141299963,9261.65087890625
final_only,2569,1.1407135389163159e-05,1.1407135389163159e-05,46.957611083984375,1e-05,1.0,250.4010495999828,9261.65087890625
final_only,2570,0.00012863596202805638,0.00012863596202805638,44.02361297607422,1e-05,1.0,250.49564440001268,9261.65087890625
final_only,2571,4.440984412212856e-05,4.440984412212856e-05,43.834083557128906,1e-05,1.0,250.59090329997707,9261.65087890625
final_only,2572,6.115376891102642e-05,6.115376891102642e-05,44.52162551879883,1e-05,1.0,250.68603929993697,9261.65087890625
final_only,2573,8.751292625674978e-05,8.751292625674978e-05,46.65552520751953,1e-05,1.0,250.78016870003194,9261.65087890625
final_only,2574,1.5299327060347423e-05,1.5299327060347423e-05,45.350730895996094,1e-05,1.0,250.87656779994722,9261.65087890625
final_only,2575,9.708743164082989e-05,9.708743164082989e-05,45.47686004638672,1e-05,1.0,250.97272229997907,9261.65087890625
final_only,2576,3.2570475013926625e-05,3.2570475013926625e-05,45.402130126953125,1e-05,1.0,251.06926230003592,9261.65087890625
final_only,2577,9.254561155103147e-05,9.254561155103147e-05,45.255615234375,1e-05,1.0,251.1641132000368,9261.65087890625
final_only,2578,9.927035716827959e-05,9.927035716827959e-05,43.15552520751953,1e-05,1.0,251.2598250999581,9261.65087890625
final_only,2579,3.0337485441123135e-05,3.0337485441123135e-05,45.08357238769531,1e-05,1.0,251.35630019998644,9261.65087890625
final_only,2580,3.138702959404327e-05,3.138702959404327e-05,45.4664306640625,1e-05,1.0,251.45148579997476,9261.65087890625
final_only,2581,4.214219734421931e-05,4.214219734421931e-05,44.6766471862793,1e-05,1.0,251.5464304999914,9261.65087890625
final_only,2582,2.8156749976915307e-05,2.8156749976915307e-05,43.70173645019531,1e-05,1.0,251.6417405999964,9261.65087890625
final_only,2583,3.086122160311788e-05,3.086122160311788e-05,45.85205841064453,1e-05,1.0,251.7359107999364,9261.65087890625
final_only,2584,1.122308003687067e-05,1.122308003687067e-05,44.964996337890625,1e-05,1.0,251.830901099951,9261.65087890625
final_only,2585,3.2027294309955323e-06,3.2027294309955323e-06,47.97715759277344,1e-05,1.0,251.9266230999492,9261.65087890625
final_only,2586,2.1259827917674556e-05,2.1259827917674556e-05,48.829071044921875,1e-05,1.0,252.02240639994852,9261.65087890625
final_only,2587,8.366677502635866e-05,8.366677502635866e-05,46.569313049316406,1e-05,1.0,252.117031199974,9261.65087890625
final_only,2588,1.3152873179933522e-05,1.3152873179933522e-05,46.028343200683594,1e-05,1.0,252.21218879998196,9261.65087890625
final_only,2589,1.5522746252827346e-05,1.5522746252827346e-05,47.151031494140625,1e-05,1.0,252.30748029996175,9261.65087890625
final_only,2590,2.0113406208110973e-05,2.0113406208110973e-05,44.39970397949219,1e-05,1.0,252.40273999993224,9261.65087890625
final_only,2591,3.090763129875995e-05,3.090763129875995e-05,44.52530288696289,1e-05,1.0,252.49823429994285,9261.65087890625
final_only,2592,4.3489726522238925e-06,4.3489726522238925e-06,46.92060852050781,1e-05,1.0,252.59356309997384,9261.65087890625
final_only,2593,1.3761792615696322e-05,1.3761792615696322e-05,44.698158264160156,1e-05,1.0,252.68894479994196,9261.65087890625
final_only,2594,3.323725832160562e-05,3.323725832160562e-05,47.009803771972656,1e-05,1.0,252.78310020000208,9261.65087890625
final_only,2595,4.3965206714347005e-05,4.3965206714347005e-05,45.003299713134766,1e-05,1.0,252.87897279998288,9261.65087890625
final_only,2596,6.722507532685995e-05,6.722507532685995e-05,43.12592315673828,1e-05,1.0,252.97509650001302,9261.65087890625
final_only,2597,2.6680067094275728e-05,2.6680067094275728e-05,44.07465362548828,1e-05,1.0,253.07037059997674,9261.65087890625
final_only,2598,0.0004860113258473575,0.0004860113258473575,44.637184143066406,1e-05,1.0,253.1655123999808,9261.65087890625
final_only,2599,0.00012639514170587063,0.00012639514170587063,46.492034912109375,1e-05,1.0,253.2601753999479,9261.65087890625
final_only,2600,3.5818477044813335e-05,3.5818477044813335e-05,44.401458740234375,1e-05,1.0,253.35620909999125,9261.65087890625
final_only,2601,1.5716534107923508e-05,1.5716534107923508e-05,44.85421371459961,1e-05,1.0,253.45210230001248,9261.65087890625
final_only,2602,4.248359255143441e-05,4.248359255143441e-05,47.024234771728516,1e-05,1.0,253.54753250000067,9261.65087890625
final_only,2603,2.6381581847090274e-05,2.6381581847090274e-05,46.827579498291016,1e-05,1.0,253.64338160003535,9261.65087890625
final_only,2604,0.00032168187317438424,0.00032168187317438424,45.114410400390625,1e-05,1.0,253.73798289999831,9261.65087890625
final_only,2605,3.9966576878214255e-05,3.9966576878214255e-05,43.7122802734375,1e-05,1.0,253.8327672999585,9261.65087890625
final_only,2606,7.582116086268798e-05,7.582116086268798e-05,46.75286102294922,1e-05,1.0,253.9279136999976,9261.65087890625
final_only,2607,9.347385639557615e-05,9.347385639557615e-05,46.967857360839844,1e-05,1.0,254.02475380001124,9261.65087890625
final_only,2608,1.900495590234641e-05,1.900495590234641e-05,44.0012321472168,1e-05,1.0,254.12104669993278,9261.65087890625
final_only,2609,0.0001608964812476188,0.0001608964812476188,46.555747985839844,1e-05,1.0,254.2159365999978,9261.65087890625
final_only,2610,0.00011705158976837993,0.00011705158976837993,45.54032897949219,1e-05,1.0,254.31144840002526,9261.65087890625
final_only,2611,3.6489949707174674e-05,3.6489949707174674e-05,43.493900299072266,1e-05,1.0,254.40669169998728,9261.65087890625
final_only,2612,3.233461029594764e-05,3.233461029594764e-05,45.595726013183594,1e-05,1.0,254.50227569998242,9261.65087890625
final_only,2613,6.732768815709278e-05,6.732768815709278e-05,46.43234634399414,1e-05,1.0,254.5970092000207,9261.65087890625
final_only,2614,2.244483766844496e-05,2.244483766844496e-05,43.67717361450195,1e-05,1.0,254.69260629999917,9261.65087890625
final_only,2615,9.021851292345673e-05,9.021851292345673e-05,43.582786560058594,1e-05,1.0,254.78714110003784,9261.65087890625
final_only,2616,3.315197318443097e-05,3.315197318443097e-05,45.898136138916016,1e-05,1.0,254.8824217999354,9261.65087890625
final_only,2617,9.670222425484098e-06,9.670222425484098e-06,46.095314025878906,1e-05,1.0,254.9775629999349,9261.65087890625
final_only,2618,1.214051735587418e-05,1.214051735587418e-05,47.35607147216797,1e-05,1.0,255.07313499995507,9261.65087890625
final_only,2619,6.544021016452461e-05,6.544021016452461e-05,44.14109802246094,1e-05,1.0,255.16800579999108,9261.65087890625
final_only,2620,3.302541881566867e-05,3.302541881566867e-05,45.5474853515625,1e-05,1.0,255.26314880000427,9261.65087890625
final_only,2621,4.716394323622808e-05,4.716394323622808e-05,44.84370422363281,1e-05,1.0,255.35860309994314,9261.65087890625
final_only,2622,0.00015211802383419126,0.00015211802383419126,44.792381286621094,1e-05,1.0,255.45406289992388,9261.65087890625
final_only,2623,3.08979106193874e-05,3.08979106193874e-05,46.84748458862305,1e-05,1.0,255.54889079998247,9261.65087890625
final_only,2624,3.785434091696516e-05,3.785434091696516e-05,45.574466705322266,1e-05,1.0,255.64338929997757,9261.65087890625
final_only,2625,6.668431160505861e-05,6.668431160505861e-05,46.0712890625,1e-05,1.0,255.73816910001915,9261.65087890625
final_only,2626,0.00014368598931469023,0.00014368598931469023,47.37823486328125,1e-05,1.0,255.8321963000344,9261.65087890625
final_only,2627,7.686698518227786e-05,7.686698518227786e-05,44.99894714355469,1e-05,1.0,255.9273115999531,9261.65087890625
final_only,2628,1.9855677237501368e-05,1.9855677237501368e-05,45.889793395996094,1e-05,1.0,256.0234253000235,9261.65087890625
final_only,2629,4.3768028263002634e-05,4.3768028263002634e-05,43.5731086730957,1e-05,1.0,256.1188140999293,9261.65087890625
final_only,2630,9.921185846906155e-05,9.921185846906155e-05,44.302947998046875,1e-05,1.0,256.2137085000286,9261.65087890625
final_only,2631,1.3794355254503898e-05,1.3794355254503898e-05,45.424705505371094,1e-05,1.0,256.30986339994706,9261.65087890625
final_only,2632,0.0003714205522555858,0.0003714205522555858,45.55636215209961,1e-05,1.0,256.4059215999441,9261.65087890625
final_only,2633,3.837645999738015e-05,3.837645999738015e-05,45.386558532714844,1e-05,1.0,256.5015780000249,9261.65087890625
final_only,2634,4.685759995481931e-05,4.685759995481931e-05,45.270912170410156,1e-05,1.0,256.5961085000308,9261.65087890625
final_only,2635,2.8720756745315157e-05,2.8720756745315157e-05,43.78173065185547,1e-05,1.0,256.69138099998236,9261.65087890625
final_only,2636,3.9625418139621615e-05,3.9625418139621615e-05,45.45817565917969,1e-05,1.0,256.7859025000362,9261.65087890625
final_only,2637,0.00014546197780873626,0.00014546197780873626,42.59649658203125,1e-05,1.0,256.8810583000304,9261.65087890625
final_only,2638,3.9533166273031384e-05,3.9533166273031384e-05,43.456382751464844,1e-05,1.0,256.97705680003855,9261.65087890625
final_only,2639,6.8165609263814986e-06,6.8165609263814986e-06,49.3701171875,1e-05,1.0,257.0726916999556,9261.65087890625
final_only,2640,1.814228562579956e-05,1.814228562579956e-05,45.629920959472656,1e-05,1.0,257.16742680000607,9261.65087890625
final_only,2641,0.00014263021876104176,0.00014263021876104176,42.80760955810547,1e-05,1.0,257.26260499993805,9261.65087890625
final_only,2642,1.4668556104879826e-05,1.4668556104879826e-05,45.66282653808594,1e-05,1.0,257.35887649992947,9261.65087890625
final_only,2643,1.1980042472714558e-05,1.1980042472714558e-05,46.367374420166016,1e-05,1.0,257.4547277999809,9261.65087890625
final_only,2644,1.966245508810971e-05,1.966245508810971e-05,46.067256927490234,1e-05,1.0,257.5496131000109,9261.65087890625
final_only,2645,9.203332592733204e-05,9.203332592733204e-05,43.95355987548828,1e-05,1.0,257.64519710000604,9261.65087890625
final_only,2646,0.00010242241842206568,0.00010242241842206568,45.00936508178711,1e-05,1.0,257.7404092999641,9261.65087890625
final_only,2647,3.1318086257670075e-05,3.1318086257670075e-05,44.573509216308594,1e-05,1.0,257.8347377999453,9261.65087890625
final_only,2648,0.00014133623335510492,0.00014133623335510492,47.11137771606445,1e-05,1.0,257.93084439996164,9261.65087890625
final_only,2649,9.510117524769157e-05,9.510117524769157e-05,43.54083251953125,1e-05,1.0,258.0273292999482,9261.65087890625
final_only,2650,3.286948049208149e-05,3.286948049208149e-05,45.02212142944336,1e-05,1.0,258.1238059999887,9261.65087890625
final_only,2651,8.822346717352048e-05,8.822346717352048e-05,46.19221496582031,1e-05,1.0,258.2201380999759,9261.65087890625
final_only,2652,3.17235680995509e-05,3.17235680995509e-05,42.311500549316406,1e-05,1.0,258.31605219992343,9261.65087890625
final_only,2653,1.2308268196647987e-05,1.2308268196647987e-05,44.690940856933594,1e-05,1.0,258.4120338000357,9261.65087890625
final_only,2654,7.94290826888755e-05,7.94290826888755e-05,45.87978744506836,1e-05,1.0,258.5068632999901,9261.65087890625
final_only,2655,3.248037683079019e-05,3.248037683079019e-05,45.39141845703125,1e-05,1.0,258.60227449995,9261.65087890625
final_only,2656,5.095832602819428e-05,5.095832602819428e-05,46.029605865478516,1e-05,1.0,258.6977033999283,9261.65087890625
final_only,2657,2.492191742931027e-05,2.492191742931027e-05,45.06388854980469,1e-05,1.0,258.7927625000011,9261.65087890625
final_only,2658,1.564346530358307e-05,1.564346530358307e-05,46.92696762084961,1e-05,1.0,258.8880395999877,9261.65087890625
final_only,2659,5.3652831411454827e-05,5.3652831411454827e-05,45.31395721435547,1e-05,1.0,258.9846682000207,9261.65087890625
final_only,2660,0.00012238007911946625,0.00012238007911946625,46.776947021484375,1e-05,1.0,259.0800594999455,9261.65087890625
final_only,2661,2.6362293283455074e-05,2.6362293283455074e-05,48.599002838134766,1e-05,1.0,259.17430920002516,9261.65087890625
final_only,2662,3.342954732943326e-05,3.342954732943326e-05,45.887359619140625,1e-05,1.0,259.26982549997047,9261.65087890625
final_only,2663,2.105896783177741e-05,2.105896783177741e-05,46.30048370361328,1e-05,1.0,259.3656479000347,9261.65087890625
final_only,2664,1.5969171727192588e-05,1.5969171727192588e-05,44.772491455078125,1e-05,1.0,259.4611864000326,9261.65087890625
final_only,2665,4.9818045226857066e-05,4.9818045226857066e-05,47.14714050292969,1e-05,1.0,259.55593179992866,9261.65087890625
final_only,2666,2.733846486080438e-05,2.733846486080438e-05,46.67133331298828,1e-05,1.0,259.6510363999987,9261.65087890625
final_only,2667,7.458508480340242e-05,7.458508480340242e-05,47.83399963378906,1e-05,1.0,259.7462394000031,9261.65087890625
final_only,2668,1.5821506167412736e-05,1.5821506167412736e-05,45.57122039794922,1e-05,1.0,259.84086140000727,9261.65087890625
final_only,2669,5.397236964199692e-05,5.397236964199692e-05,44.408042907714844,1e-05,1.0,259.93690249999054,9261.65087890625
final_only,2670,5.5642340157646686e-05,5.5642340157646686e-05,47.53572463989258,1e-05,1.0,260.033374199993,9261.65087890625
final_only,2671,1.2593577594088856e-05,1.2593577594088856e-05,45.29711151123047,1e-05,1.0,260.1283237999305,9261.65087890625
final_only,2672,9.191087156068534e-05,9.191087156068534e-05,45.58819580078125,1e-05,1.0,260.22385639999993,9261.65087890625
final_only,2673,5.26839830854442e-05,5.26839830854442e-05,43.848724365234375,1e-05,1.0,260.31897859997116,9261.65087890625
final_only,2674,4.0788341721054167e-05,4.0788341721054167e-05,45.47631072998047,1e-05,1.0,260.41497099993285,9261.65087890625
final_only,2675,2.5277406166424043e-05,2.5277406166424043e-05,46.62709045410156,1e-05,1.0,260.51011609996203,9261.65087890625
final_only,2676,2.060572114714887e-05,2.060572114714887e-05,45.13385009765625,1e-05,1.0,260.60512089997064,9261.65087890625
final_only,2677,3.824099258054048e-05,3.824099258054048e-05,45.56817626953125,1e-05,1.0,260.7003382999683,9261.65087890625
final_only,2678,1.3992647836857941e-05,1.3992647836857941e-05,46.49046325683594,1e-05,1.0,260.79517689999193,9261.65087890625
final_only,2679,3.3966782211791724e-05,3.3966782211791724e-05,44.67001724243164,1e-05,1.0,260.8903439999558,9261.65087890625
final_only,2680,8.043016714509577e-05,8.043016714509577e-05,45.31352996826172,1e-05,1.0,260.9863775999984,9261.65087890625
final_only,2681,3.0336243071360514e-05,3.0336243071360514e-05,46.38211441040039,1e-05,1.0,261.08150620001834,9261.65087890625
final_only,2682,6.982879858696833e-05,6.982879858696833e-05,44.30155944824219,1e-05,1.0,261.1770039999392,9261.65087890625
final_only,2683,5.469915777212009e-05,5.469915777212009e-05,44.92132568359375,1e-05,1.0,261.2717560000019,9261.65087890625
final_only,2684,0.0001994427730096504,0.0001994427730096504,45.616634368896484,1e-05,1.0,261.3676285999827,9261.65087890625
final_only,2685,4.0858245483832434e-05,4.0858245483832434e-05,45.08435821533203,1e-05,1.0,261.4626038999995,9261.65087890625
final_only,2686,3.1673138437327e-05,3.1673138437327e-05,45.484405517578125,1e-05,1.0,261.55833100003656,9261.65087890625
final_only,2687,9.665465768193826e-05,9.665465768193826e-05,47.04697799682617,1e-05,1.0,261.65407679998316,9261.65087890625
final_only,2688,4.720150900539011e-05,4.720150900539011e-05,46.41859817504883,1e-05,1.0,261.7480962999398,9261.65087890625
final_only,2689,3.3324606192763895e-05,3.3324606192763895e-05,44.46544647216797,1e-05,1.0,261.84349729993846,9261.65087890625
final_only,2690,1.879938463389408e-05,1.879938463389408e-05,45.56559753417969,1e-05,1.0,261.9389335999731,9261.65087890625
final_only,2691,1.2928441719850525e-05,1.2928441719850525e-05,46.305728912353516,1e-05,1.0,262.03460629994515,9261.65087890625
final_only,2692,3.7312365748221055e-05,3.7312365748221055e-05,44.82014846801758,1e-05,1.0,262.13008229993284,9261.65087890625
final_only,2693,9.412217877979856e-06,9.412217877979856e-06,43.62864303588867,1e-05,1.0,262.2263419999508,9261.65087890625
final_only,2694,1.7090889741666615e-05,1.7090889741666615e-05,47.40386962890625,1e-05,1.0,262.3218702999875,9261.65087890625
final_only,2695,3.9841172110754997e-05,3.9841172110754997e-05,46.74608612060547,1e-05,1.0,262.4181575999828,9261.65087890625
final_only,2696,1.4039183952263556e-05,1.4039183952263556e-05,47.25468826293945,1e-05,1.0,262.5135780000128,9261.65087890625
final_only,2697,0.0004304239701014012,0.0004304239701014012,45.807594299316406,1e-05,1.0,262.6091281999834,9261.65087890625
final_only,2698,2.8608010325115174e-05,2.8608010325115174e-05,45.35517120361328,1e-05,1.0,262.7040084999753,9261.65087890625
final_only,2699,1.8491187802283093e-05,1.8491187802283093e-05,44.471771240234375,1e-05,1.0,262.7997263999423,9261.65087890625
final_only,2700,4.0210914448834956e-05,4.0210914448834956e-05,44.26054000854492,1e-05,1.0,262.8951980000129,9261.65087890625
final_only,2701,3.0071747460169718e-05,3.0071747460169718e-05,46.94851303100586,1e-05,1.0,262.9920790999895,9261.65087890625
final_only,2702,0.00027243950171396136,0.00027243950171396136,43.33546447753906,1e-05,1.0,263.08741799998097,9261.65087890625
final_only,2703,5.702887938241474e-05,5.702887938241474e-05,47.85344696044922,1e-05,1.0,263.1824209999759,9261.65087890625
final_only,2704,3.626535908551887e-05,3.626535908551887e-05,45.50287628173828,1e-05,1.0,263.27764190000016,9261.65087890625
final_only,2705,4.859548425883986e-05,4.859548425883986e-05,45.84583282470703,1e-05,1.0,263.37310830003116,9261.65087890625
final_only,2706,9.883272468869109e-06,9.883272468869109e-06,45.70270919799805,1e-05,1.0,263.46883110003546,9261.65087890625
final_only,2707,9.537949517834932e-05,9.537949517834932e-05,45.900978088378906,1e-05,1.0,263.5643356000073,9261.65087890625
final_only,2708,7.165227725636214e-05,7.165227725636214e-05,46.00234603881836,1e-05,1.0,263.6594408999663,9261.65087890625
final_only,2709,2.6462161258677952e-05,2.6462161258677952e-05,46.4893798828125,1e-05,1.0,263.754407200031,9261.65087890625
final_only,2710,2.0487876099650748e-05,2.0487876099650748e-05,48.67193603515625,1e-05,1.0,263.84951840003487,9261.65087890625
final_only,2711,3.751838448806666e-05,3.751838448806666e-05,46.122474670410156,1e-05,1.0,263.94431809999514,9261.65087890625
final_only,2712,3.6827830626862124e-05,3.6827830626862124e-05,44.57146072387695,1e-05,1.0,264.04011169995647,9261.65087890625
final_only,2713,3.610507337725721e-05,3.610507337725721e-05,45.025054931640625,1e-05,1.0,264.1355367000215,9261.65087890625
final_only,2714,4.355885903351009e-05,4.355885903351009e-05,46.27098846435547,1e-05,1.0,264.2307628999697,9261.65087890625
final_only,2715,0.0001424421789124608,0.0001424421789124608,46.54207992553711,1e-05,1.0,264.325631899992,9261.65087890625
final_only,2716,2.103706356137991e-05,2.103706356137991e-05,44.140785217285156,1e-05,1.0,264.4213362999726,9261.65087890625
final_only,2717,2.4446342649753205e-05,2.4446342649753205e-05,46.476844787597656,1e-05,1.0,264.5164479999803,9261.65087890625
final_only,2718,4.747808998217806e-05,4.747808998217806e-05,47.72010803222656,1e-05,1.0,264.61207569995895,9261.65087890625
final_only,2719,8.667571819387376e-05,8.667571819387376e-05,45.623435974121094,1e-05,1.0,264.7068167999387,9261.65087890625
final_only,2720,9.658786439104006e-06,9.658786439104006e-06,44.80423355102539,1e-05,1.0,264.8023891999619,9261.65087890625
final_only,2721,5.596698974841274e-05,5.596698974841274e-05,45.13011169433594,1e-05,1.0,264.89753550000023,9261.65087890625
final_only,2722,1.938886816787999e-05,1.938886816787999e-05,45.93928527832031,1e-05,1.0,264.99288829998113,9261.65087890625
final_only,2723,8.089227048913017e-05,8.089227048913017e-05,45.485992431640625,1e-05,1.0,265.0886790000368,9261.65087890625
final_only,2724,1.843458812800236e-05,1.843458812800236e-05,44.439876556396484,1e-05,1.0,265.18349660001695,9261.65087890625
final_only,2725,7.027212177490583e-06,7.027212177490583e-06,44.30788803100586,1e-05,1.0,265.2787379999645,9261.65087890625
final_only,2726,1.955881089088507e-05,1.955881089088507e-05,45.9300537109375,1e-05,1.0,265.3738809999777,9261.65087890625
final_only,2727,3.1197097996482626e-05,3.1197097996482626e-05,45.22666931152344,1e-05,1.0,265.4689444999676,9261.65087890625
final_only,2728,4.276645267964341e-05,4.276645267964341e-05,44.13603973388672,1e-05,1.0,265.56448870000895,9261.65087890625
final_only,2729,5.406696436693892e-05,5.406696436693892e-05,44.06846618652344,1e-05,1.0,265.65920069999993,9261.65087890625
final_only,2730,1.2723614418064244e-05,1.2723614418064244e-05,47.10825729370117,1e-05,1.0,265.75440049997997,9261.65087890625
final_only,2731,0.00012028947094222531,0.00012028947094222531,43.89059066772461,1e-05,1.0,265.8494683000026,9261.65087890625
final_only,2732,1.8743565306067467e-05,1.8743565306067467e-05,44.68798065185547,1e-05,1.0,265.944102199981,9261.65087890625
final_only,2733,2.287264942424372e-05,2.287264942424372e-05,46.325130462646484,1e-05,1.0,266.04018439992797,9261.65087890625
final_only,2734,5.924301513005048e-05,5.924301513005048e-05,46.23722839355469,1e-05,1.0,266.1355274999514,9261.65087890625
final_only,2735,6.0617107919824775e-06,6.0617107919824775e-06,45.6352424621582,1e-05,1.0,266.2302583999699,9261.65087890625
final_only,2736,1.440902633476071e-05,1.440902633476071e-05,45.396034240722656,1e-05,1.0,266.32627570000477,9261.65087890625
final_only,2737,7.54112406866625e-05,7.54112406866625e-05,44.61394500732422,1e-05,1.0,266.42243989999406,9261.65087890625
final_only,2738,1.7012807802530006e-05,1.7012807802530006e-05,47.200313568115234,1e-05,1.0,266.51795669994317,9261.65087890625
final_only,2739,7.123639079509303e-05,7.123639079509303e-05,43.10690689086914,1e-05,1.0,266.6130966999335,9261.65087890625
final_only,2740,1.3432584637484979e-05,1.3432584637484979e-05,46.214454650878906,1e-05,1.0,266.70824479998555,9261.65087890625
final_only,2741,4.0680817619431764e-05,4.0680817619431764e-05,46.261199951171875,1e-05,1.0,266.80347389995586,9261.65087890625
final_only,2742,4.806838114745915e-05,4.806838114745915e-05,45.262481689453125,1e-05,1.0,266.8983394999523,9261.65087890625
final_only,2743,2.1142484911251813e-05,2.1142484911251813e-05,47.005401611328125,1e-05,1.0,266.9944824000122,9261.65087890625
final_only,2744,1.7252958059543744e-05,1.7252958059543744e-05,43.17353057861328,1e-05,1.0,267.09013749996666,9261.65087890625
final_only,2745,0.00011872384493472055,0.00011872384493472055,44.563297271728516,1e-05,1.0,267.1856493999949,9261.65087890625
final_only,2746,8.690414688317105e-05,8.690414688317105e-05,43.967681884765625,1e-05,1.0,267.280449999962,9261.65087890625
final_only,2747,2.341560866625514e-05,2.341560866625514e-05,44.756553649902344,1e-05,1.0,267.37618709995877,9261.65087890625
final_only,2748,3.2573188946116716e-05,3.2573188946116716e-05,47.72101974487305,1e-05,1.0,267.47204040002543,9261.65087890625
final_only,2749,1.848189640440978e-05,1.848189640440978e-05,47.84681701660156,1e-05,1.0,267.56767909997143,9261.65087890625
final_only,2750,3.707854193635285e-05,3.707854193635285e-05,46.277557373046875,1e-05,1.0,267.66228980000596,9261.65087890625
final_only,2751,4.837129381485283e-06,4.837129381485283e-06,44.78167724609375,1e-05,1.0,267.7587973999325,9261.65087890625
final_only,2752,9.784731082618237e-05,9.784731082618237e-05,44.49893569946289,1e-05,1.0,267.8540739000309,9261.65087890625
final_only,2753,1.9753953893086873e-05,1.9753953893086873e-05,46.64129638671875,1e-05,1.0,267.94898440002,9261.65087890625
final_only,2754,1.9031289411941543e-05,1.9031289411941543e-05,44.01838302612305,1e-05,1.0,268.0447163999779,9261.65087890625
final_only,2755,8.758490366744809e-06,8.758490366744809e-06,45.21415710449219,1e-05,1.0,268.14021430001594,9261.65087890625
final_only,2756,2.2946242097532377e-05,2.2946242097532377e-05,45.432376861572266,1e-05,1.0,268.23501699999906,9261.65087890625
final_only,2757,1.0642413144523744e-05,1.0642413144523744e-05,47.18074035644531,1e-05,1.0,268.3308681999333,9261.65087890625
final_only,2758,2.051628143817652e-05,2.051628143817652e-05,45.42961883544922,1e-05,1.0,268.42647479998413,9261.65087890625
final_only,2759,0.00015035555406939238,0.00015035555406939238,43.53672409057617,1e-05,1.0,268.5218652000185,9261.65087890625
final_only,2760,2.581003718660213e-05,2.581003718660213e-05,47.881080627441406,1e-05,1.0,268.61684659996536,9261.65087890625
final_only,2761,3.447484414209612e-05,3.447484414209612e-05,43.88194274902344,1e-05,1.0,268.7128590999637,9261.65087890625
final_only,2762,1.5046551197883673e-05,1.5046551197883673e-05,45.831398010253906,1e-05,1.0,268.80893830000423,9261.65087890625
final_only,2763,1.7877318896353245e-05,1.7877318896353245e-05,42.02728271484375,1e-05,1.0,268.903544700006,9261.65087890625
final_only,2764,2.081895581795834e-05,2.081895581795834e-05,46.69750213623047,1e-05,1.0,269.0000063999323,9261.65087890625
final_only,2765,1.911317667691037e-05,1.911317667691037e-05,46.361167907714844,1e-05,1.0,269.0956236999482,9261.65087890625
final_only,2766,4.1693419916555285e-06,4.1693419916555285e-06,46.05287551879883,1e-05,1.0,269.1911248000106,9261.65087890625
final_only,2767,4.080250073457137e-05,4.080250073457137e-05,45.912994384765625,1e-05,1.0,269.2854214999825,9261.65087890625
final_only,2768,4.3755004298873246e-05,4.3755004298873246e-05,45.01325225830078,1e-05,1.0,269.381127199973,9261.65087890625
final_only,2769,3.0652070563519374e-05,3.0652070563519374e-05,45.02243423461914,1e-05,1.0,269.47670779994223,9261.65087890625
final_only,2770,4.997142241336405e-05,4.997142241336405e-05,45.85165786743164,1e-05,1.0,269.57133980002254,9261.65087890625
final_only,2771,1.062599585566204e-05,1.062599585566204e-05,46.652278900146484,1e-05,1.0,269.6667995000025,9261.65087890625
final_only,2772,1.732911005092319e-05,1.732911005092319e-05,44.688072204589844,1e-05,1.0,269.76207830000203,9261.65087890625
final_only,2773,1.7284914065385237e-05,1.7284914065385237e-05,47.46785354614258,1e-05,1.0,269.8577491999604,9261.65087890625
final_only,2774,2.6074270863318816e-05,2.6074270863318816e-05,46.22625732421875,1e-05,1.0,269.953018900007,9261.65087890625
final_only,2775,6.713781476719305e-05,6.713781476719305e-05,45.883056640625,1e-05,1.0,270.049176099943,9261.65087890625
final_only,2776,3.581099008442834e-05,3.581099008442834e-05,46.942325592041016,1e-05,1.0,270.1446774000069,9261.65087890625
final_only,2777,8.712513954378664e-05,8.712513954378664e-05,44.943477630615234,1e-05,1.0,270.23921199992765,9261.65087890625
final_only,2778,2.679285353224259e-05,2.679285353224259e-05,44.99304962158203,1e-05,1.0,270.3348032999784,9261.65087890625
final_only,2779,0.0008105586748570204,0.0008105586748570204,43.92762756347656,1e-05,1.0,270.43128629995044,9261.65087890625
final_only,2780,1.5720432202215306e-05,1.5720432202215306e-05,47.153594970703125,1e-05,1.0,270.5267582000233,9261.65087890625
final_only,2781,4.382463521324098e-05,4.382463521324098e-05,43.69220733642578,1e-05,1.0,270.6224176000105,9261.65087890625
final_only,2782,0.0004296030674595386,0.0004296030674595386,47.686683654785156,1e-05,1.0,270.7177838999778,9261.65087890625
final_only,2783,2.8721431590383872e-05,2.8721431590383872e-05,44.49589538574219,1e-05,1.0,270.81250270002056,9261.65087890625
final_only,2784,4.215304215904325e-05,4.215304215904325e-05,46.66465759277344,1e-05,1.0,270.90710890002083,9261.65087890625
final_only,2785,5.544399027712643e-05,5.544399027712643e-05,43.74108123779297,1e-05,1.0,271.00300439994317,9261.65087890625
final_only,2786,0.0002782565134111792,0.0002782565134111792,45.38410949707031,1e-05,1.0,271.0988878000062,9261.65087890625
final_only,2787,4.3850948713952675e-05,4.3850948713952675e-05,44.59272003173828,1e-05,1.0,271.1936713999603,9261.65087890625
final_only,2788,0.00020010094158351421,0.00020010094158351421,45.59759521484375,1e-05,1.0,271.2889446000336,9261.65087890625
final_only,2789,1.1076229384343605e-05,1.1076229384343605e-05,44.48433303833008,1e-05,1.0,271.3848200000357,9261.65087890625
final_only,2790,7.0033011070336215e-06,7.0033011070336215e-06,47.56599807739258,1e-05,1.0,271.4796899999492,9261.65087890625
final_only,2791,2.3692549802944995e-05,2.3692549802944995e-05,45.834625244140625,1e-05,1.0,271.5751600000076,9261.65087890625
final_only,2792,7.588666630908847e-05,7.588666630908847e-05,47.09980773925781,1e-05,1.0,271.6707119999919,9261.65087890625
final_only,2793,2.751139982137829e-05,2.751139982137829e-05,46.15157699584961,1e-05,1.0,271.76581140002236,9261.65087890625
final_only,2794,0.00010109970753546804,0.00010109970753546804,46.232181549072266,1e-05,1.0,271.8615515999263,9261.65087890625
final_only,2795,1.0984153959725518e-05,1.0984153959725518e-05,43.57188034057617,1e-05,1.0,271.9564274000004,9261.65087890625
final_only,2796,5.2441235311562195e-05,5.2441235311562195e-05,45.841651916503906,1e-05,1.0,272.0517101000296,9261.65087890625
final_only,2797,5.308988329488784e-05,5.308988329488784e-05,45.000545501708984,1e-05,1.0,272.1470860999543,9261.65087890625
final_only,2798,8.803089440334588e-05,8.803089440334588e-05,44.198951721191406,1e-05,1.0,272.24216979998164,9261.65087890625
final_only,2799,4.0597842598799616e-05,4.0597842598799616e-05,43.97412872314453,1e-05,1.0,272.3377045999514,9261.65087890625
final_only,2800,2.0750798285007477e-05,2.0750798285007477e-05,47.19134521484375,1e-05,1.0,272.4332149999682,9261.65087890625
final_only,2801,1.665779564063996e-05,1.665779564063996e-05,46.61298751831055,1e-05,1.0,272.5295928999549,9261.65087890625
final_only,2802,4.783594704349525e-05,4.783594704349525e-05,43.463050842285156,1e-05,1.0,272.62497170001734,9261.65087890625
final_only,2803,7.965719123603776e-05,7.965719123603776e-05,46.465633392333984,1e-05,1.0,272.7204546999419,9261.65087890625
final_only,2804,2.2031486878404394e-05,2.2031486878404394e-05,43.11866760253906,1e-05,1.0,272.81505710002966,9261.65087890625
final_only,2805,6.332506018225104e-05,6.332506018225104e-05,44.257057189941406,1e-05,1.0,272.91036799992435,9261.65087890625
final_only,2806,0.00045504377339966595,0.00045504377339966595,44.57079315185547,1e-05,1.0,273.00587889994495,9261.65087890625
final_only,2807,0.00010703802399802953,0.00010703802399802953,44.119964599609375,1e-05,1.0,273.1005953999702,9261.65087890625
final_only,2808,4.486610123421997e-05,4.486610123421997e-05,46.5105094909668,1e-05,1.0,273.1956048000138,9261.65087890625
final_only,2809,6.559899338753894e-05,6.559899338753894e-05,47.04320526123047,1e-05,1.0,273.2908084000228,9261.65087890625
final_only,2810,6.75339178997092e-05,6.75339178997092e-05,46.05229568481445,1e-05,1.0,273.3858527999837,9261.65087890625
final_only,2811,1.0755558832897805e-05,1.0755558832897805e-05,44.245086669921875,1e-05,1.0,273.48127220000606,9261.65087890625
final_only,2812,4.244700539857149e-05,4.244700539857149e-05,49.38996124267578,1e-05,1.0,273.5767038000049,9261.65087890625
final_only,2813,0.00013562543608713895,0.00013562543608713895,47.37136459350586,1e-05,1.0,273.6722137000179,9261.65087890625
final_only,2814,2.513288018235471e-05,2.513288018235471e-05,47.4185676574707,1e-05,1.0,273.7665879999986,9261.65087890625
final_only,2815,2.2752306904294528e-05,2.2752306904294528e-05,47.290496826171875,1e-05,1.0,273.8618507999927,9261.65087890625
final_only,2816,0.0001640691189095378,0.0001640691189095378,46.29790496826172,1e-05,1.0,273.95621999993455,9261.65087890625
final_only,2817,4.444400838110596e-05,4.444400838110596e-05,48.37727737426758,1e-05,1.0,274.05177130002994,9261.65087890625
final_only,2818,4.2018767999252304e-05,4.2018767999252304e-05,45.89419174194336,1e-05,1.0,274.1468571999576,9261.65087890625
final_only,2819,4.340024315752089e-05,4.340024315752089e-05,46.70866775512695,1e-05,1.0,274.2418611999601,9261.65087890625
final_only,2820,2.716516246437095e-05,2.716516246437095e-05,47.70620346069336,1e-05,1.0,274.3366251999978,9261.65087890625
final_only,2821,2.2263575374381617e-05,2.2263575374381617e-05,45.612083435058594,1e-05,1.0,274.4318305000197,9261.65087890625
final_only,2822,3.04318054986652e-05,3.04318054986652e-05,46.80805206298828,1e-05,1.0,274.5283729999792,9261.65087890625
final_only,2823,0.00013985548866912723,0.00013985548866912723,45.56653594970703,1e-05,1.0,274.6247139000334,9261.65087890625
final_only,2824,1.804818384698592e-05,1.804818384698592e-05,46.08662414550781,1e-05,1.0,274.7197675999487,9261.65087890625
final_only,2825,5.637640424538404e-05,5.637640424538404e-05,46.6087646484375,1e-05,1.0,274.8148964999709,9261.65087890625
final_only,2826,6.215456960489973e-05,6.215456960489973e-05,44.82966613769531,1e-05,1.0,274.91025369998533,9261.65087890625
final_only,2827,4.9632151785772294e-05,4.9632151785772294e-05,46.07093048095703,1e-05,1.0,275.0061013000086,9261.65087890625
final_only,2828,1.2474003597162664e-05,1.2474003597162664e-05,47.23107147216797,1e-05,1.0,275.10162909992505,9261.65087890625
final_only,2829,1.2552402949950192e-05,1.2552402949950192e-05,45.70452117919922,1e-05,1.0,275.196993199992,9261.65087890625
final_only,2830,6.220055183803197e-06,6.220055183803197e-06,48.6093864440918,1e-05,1.0,275.29201319999993,9261.65087890625
final_only,2831,9.993277672037948e-06,9.993277672037948e-06,45.49240493774414,1e-05,1.0,275.38743939995766,9261.65087890625
final_only,2832,2.3132819478632882e-05,2.3132819478632882e-05,46.12848663330078,1e-05,1.0,275.48330449999776,9261.65087890625
final_only,2833,3.4934353607241064e-05,3.4934353607241064e-05,45.65883255004883,1e-05,1.0,275.57882759999484,9261.65087890625
final_only,2834,5.315650923876092e-05,5.315650923876092e-05,46.870262145996094,1e-05,1.0,275.6735880000051,9261.65087890625
final_only,2835,3.867698251269758e-05,3.867698251269758e-05,47.10865020751953,1e-05,1.0,275.7680299000349,9261.65087890625
final_only,2836,1.1949081454076804e-05,1.1949081454076804e-05,45.19253158569336,1e-05,1.0,275.86392719997093,9261.65087890625
final_only,2837,3.97470394091215e-05,3.97470394091215e-05,44.98255157470703,1e-05,1.0,275.9582867999561,9261.65087890625
final_only,2838,1.7064467101590708e-05,1.7064467101590708e-05,47.56048583984375,1e-05,1.0,276.0541055999929,9261.65087890625
final_only,2839,0.00013745363685302436,0.00013745363685302436,47.495059967041016,1e-05,1.0,276.1494759999914,9261.65087890625
final_only,2840,4.665667802328244e-06,4.665667802328244e-06,45.43642044067383,1e-05,1.0,276.24395499995444,9261.65087890625
final_only,2841,2.645196218509227e-05,2.645196218509227e-05,48.81749725341797,1e-05,1.0,276.33881799993105,9261.65087890625
final_only,2842,1.2833062100980897e-05,1.2833062100980897e-05,46.15523147583008,1e-05,1.0,276.43509209994227,9261.65087890625
final_only,2843,5.5179843911901116e-05,5.5179843911901116e-05,45.831302642822266,1e-05,1.0,276.5300430000061,9261.65087890625
final_only,2844,3.6766452922165627e-06,3.6766452922165627e-06,47.712135314941406,1e-05,1.0,276.62616260000505,9261.65087890625
final_only,2845,2.6246008928865194e-05,2.6246008928865194e-05,44.68986892700195,1e-05,1.0,276.7209062000038,9261.65087890625
final_only,2846,2.727501305344049e-05,2.727501305344049e-05,41.96366882324219,1e-05,1.0,276.8161968999775,9261.65087890625
final_only,2847,4.5070926717016846e-05,4.5070926717016846e-05,43.97161865234375,1e-05,1.0,276.9118676999351,9261.65087890625
final_only,2848,6.014788232278079e-05,6.014788232278079e-05,45.09201431274414,1e-05,1.0,277.0073679999914,9261.65087890625
final_only,2849,0.00010267947800457478,0.00010267947800457478,45.77649688720703,1e-05,1.0,277.1026333000045,9261.65087890625
final_only,2850,0.00014867381833028048,0.00014867381833028048,45.44160461425781,1e-05,1.0,277.1988314000191,9261.65087890625
final_only,2851,4.354062184575014e-05,4.354062184575014e-05,45.09973907470703,1e-05,1.0,277.2951689999318,9261.65087890625
final_only,2852,1.5347883163485676e-05,1.5347883163485676e-05,43.71233367919922,1e-05,1.0,277.39161599997897,9261.65087890625
final_only,2853,1.0947807822958566e-05,1.0947807822958566e-05,48.009647369384766,1e-05,1.0,277.48645580001175,9261.65087890625
final_only,2854,1.3134429536876269e-05,1.3134429536876269e-05,48.220436096191406,1e-05,1.0,277.58152789995074,9261.65087890625
final_only,2855,3.932583786081523e-05,3.932583786081523e-05,46.105167388916016,1e-05,1.0,277.6767431999324,9261.65087890625
final_only,2856,7.865366933401674e-05,7.865366933401674e-05,45.13454818725586,1e-05,1.0,277.77186919993255,9261.65087890625
final_only,2857,1.053031792253023e-05,1.053031792253023e-05,45.58823013305664,1e-05,1.0,277.86769650003407,9261.65087890625
final_only,2858,2.0179511921014637e-05,2.0179511921014637e-05,45.26998519897461,1e-05,1.0,277.9627134000184,9261.65087890625
final_only,2859,5.284178405418061e-05,5.284178405418061e-05,44.62398910522461,1e-05,1.0,278.0590792000294,9261.65087890625
final_only,2860,4.646631714422256e-05,4.646631714422256e-05,46.99968719482422,1e-05,1.0,278.1546907000011,9261.65087890625
final_only,2861,0.00010305113391950727,0.00010305113391950727,44.93025207519531,1e-05,1.0,278.2490824999986,9261.65087890625
final_only,2862,6.443695747293532e-05,6.443695747293532e-05,44.70923614501953,1e-05,1.0,278.344736799947,9261.65087890625
final_only,2863,2.801066148094833e-05,2.801066148094833e-05,45.421730041503906,1e-05,1.0,278.4402096000267,9261.65087890625
final_only,2864,4.123225517105311e-05,4.123225517105311e-05,46.16347885131836,1e-05,1.0,278.5353924999945,9261.65087890625
final_only,2865,2.5267863748013042e-05,2.5267863748013042e-05,48.04756546020508,1e-05,1.0,278.63134179997724,9261.65087890625
final_only,2866,2.5045947040780447e-05,2.5045947040780447e-05,45.10988998413086,1e-05,1.0,278.72784049995244,9261.65087890625
final_only,2867,0.00014159124111756682,0.00014159124111756682,44.701820373535156,1e-05,1.0,278.82376249996014,9261.65087890625
final_only,2868,2.3597640392836183e-05,2.3597640392836183e-05,44.47435760498047,1e-05,1.0,278.9190790000139,9261.65087890625
final_only,2869,4.726452607428655e-05,4.726452607428655e-05,47.45756912231445,1e-05,1.0,279.01478379999753,9261.65087890625
final_only,2870,3.4826902265194803e-05,3.4826902265194803e-05,47.313499450683594,1e-05,1.0,279.11065009993035,9261.65087890625
final_only,2871,0.00010079296043841168,0.00010079296043841168,46.979225158691406,1e-05,1.0,279.20582569995895,9261.65087890625
final_only,2872,7.241334969876334e-06,7.241334969876334e-06,47.173423767089844,1e-05,1.0,279.30077470000833,9261.65087890625
final_only,2873,1.7390430002706125e-05,1.7390430002706125e-05,47.026458740234375,1e-05,1.0,279.39720789995044,9261.65087890625
final_only,2874,4.6801938879070804e-05,4.6801938879070804e-05,45.5849723815918,1e-05,1.0,279.49252890003845,9261.65087890625
final_only,2875,0.00010159083467442542,0.00010159083467442542,43.48384475708008,1e-05,1.0,279.58740980003495,9261.65087890625
final_only,2876,6.087800284149125e-05,6.087800284149125e-05,45.41770553588867,1e-05,1.0,279.68277730001137,9261.65087890625
final_only,2877,4.708137203124352e-05,4.708137203124352e-05,46.333580017089844,1e-05,1.0,279.77739930001553,9261.65087890625
final_only,2878,7.199560786830261e-05,7.199560786830261e-05,47.214447021484375,1e-05,1.0,279.87360199994873,9261.65087890625
final_only,2879,4.679872654378414e-05,4.679872654378414e-05,46.043548583984375,1e-05,1.0,279.96917049994227,9261.65087890625
final_only,2880,6.5082958826678805e-06,6.5082958826678805e-06,47.581180572509766,1e-05,1.0,280.0649989999365,9261.65087890625
final_only,2881,8.66255650180392e-05,8.66255650180392e-05,45.75822448730469,1e-05,1.0,280.15985629998613,9261.65087890625
final_only,2882,1.5515126506215893e-05,1.5515126506215893e-05,46.476314544677734,1e-05,1.0,280.25410919997375,9261.65087890625
final_only,2883,2.9652957891812548e-05,2.9652957891812548e-05,46.10258102416992,1e-05,1.0,280.3493781000143,9261.65087890625
final_only,2884,1.896204958029557e-05,1.896204958029557e-05,46.44696044921875,1e-05,1.0,280.4450558000244,9261.65087890625
final_only,2885,9.010305802803487e-06,9.010305802803487e-06,44.99616241455078,1e-05,1.0,280.5395543000195,9261.65087890625
final_only,2886,5.750146010541357e-05,5.750146010541357e-05,44.608638763427734,1e-05,1.0,280.6350797000341,9261.65087890625
final_only,2887,5.597822746494785e-05,5.597822746494785e-05,45.17176055908203,1e-05,1.0,280.7306728999829,9261.65087890625
final_only,2888,1.1566123248485383e-05,1.1566123248485383e-05,46.67121124267578,1e-05,1.0,280.8258983999258,9261.65087890625
final_only,2889,8.643885848869104e-06,8.643885848869104e-06,47.50659942626953,1e-05,1.0,280.9219669000013,9261.65087890625
final_only,2890,3.0906827305443585e-05,3.0906827305443585e-05,44.7349967956543,1e-05,1.0,281.0180906000314,9261.65087890625
final_only,2891,2.9349850592552684e-05,2.9349850592552684e-05,45.04424285888672,1e-05,1.0,281.1135379000334,9261.65087890625
final_only,2892,3.7832789530511945e-05,3.7832789530511945e-05,45.66250228881836,1e-05,1.0,281.20815680001397,9261.65087890625
final_only,2893,2.238502747786697e-05,2.238502747786697e-05,46.77116775512695,1e-05,1.0,281.30355930002406,9261.65087890625
final_only,2894,2.1207106328802183e-05,2.1207106328802183e-05,45.348941802978516,1e-05,1.0,281.39899519993924,9261.65087890625
final_only,2895,3.84548693546094e-05,3.84548693546094e-05,47.14697265625,1e-05,1.0,281.49412809999194,9261.65087890625
final_only,2896,3.65295163646806e-05,3.65295163646806e-05,43.28010940551758,1e-05,1.0,281.58965909993276,9261.65087890625
final_only,2897,5.146008334122598e-05,5.146008334122598e-05,44.36769104003906,1e-05,1.0,281.6849413999589,9261.65087890625
final_only,2898,2.927439345512539e-05,2.927439345512539e-05,44.2276611328125,1e-05,1.0,281.77943520003464,9261.65087890625
final_only,2899,1.758044345478993e-05,1.758044345478993e-05,44.851444244384766,1e-05,1.0,281.87523739994504,9261.65087890625
final_only,2900,5.137447078595869e-05,5.137447078595869e-05,43.648155212402344,1e-05,1.0,281.9705275000306,9261.65087890625
final_only,2901,1.3891563867218792e-05,1.3891563867218792e-05,47.65026092529297,1e-05,1.0,282.06701819994487,9261.65087890625
final_only,2902,1.1104344594059512e-05,1.1104344594059512e-05,47.722999572753906,1e-05,1.0,282.1617860000115,9261.65087890625
final_only,2903,0.00015401057316921651,0.00015401057316921651,46.080223083496094,1e-05,1.0,282.2569350999547,9261.65087890625
final_only,2904,3.7001678720116615e-05,3.7001678720116615e-05,46.82678985595703,1e-05,1.0,282.35241669998504,9261.65087890625
final_only,2905,1.3941364159109071e-05,1.3941364159109071e-05,46.63471984863281,1e-05,1.0,282.44687380001415,9261.65087890625
final_only,2906,4.8412995965918526e-05,4.8412995965918526e-05,45.77983856201172,1e-05,1.0,282.54187630000524,9261.65087890625
final_only,2907,1.5114780580915976e-05,1.5114780580915976e-05,45.24032211303711,1e-05,1.0,282.63758889993187,9261.65087890625
final_only,2908,3.179144550813362e-05,3.179144550813362e-05,45.876564025878906,1e-05,1.0,282.7329770999495,9261.65087890625
final_only,2909,3.213924856027006e-06,3.213924856027006e-06,46.80351638793945,1e-05,1.0,282.8284487000201,9261.65087890625
final_only,2910,7.905505299277138e-06,7.905505299277138e-06,44.111263275146484,1e-05,1.0,282.9240736999782,9261.65087890625
final_only,2911,5.3849536925554276e-05,5.3849536925554276e-05,44.930198669433594,1e-05,1.0,283.0188440999482,9261.65087890625
final_only,2912,2.866480645025149e-05,2.866480645025149e-05,45.88859939575195,1e-05,1.0,283.1136580000166,9261.65087890625
final_only,2913,5.512920688488521e-05,5.512920688488521e-05,45.13239669799805,1e-05,1.0,283.208840199979,9261.65087890625
final_only,2914,2.284963193233125e-05,2.284963193233125e-05,47.33843231201172,1e-05,1.0,283.3042934000259,9261.65087890625
final_only,2915,1.715707912808284e-05,1.715707912808284e-05,46.70801544189453,1e-05,1.0,283.40068980003707,9261.65087890625
final_only,2916,4.4300573790678754e-05,4.4300573790678754e-05,45.85565185546875,1e-05,1.0,283.4953254000284,9261.65087890625
final_only,2917,1.5622636055923067e-05,1.5622636055923067e-05,47.538368225097656,1e-05,1.0,283.59029800002463,9261.65087890625
final_only,2918,2.525872696423903e-05,2.525872696423903e-05,47.04515838623047,1e-05,1.0,283.68547100003343,9261.65087890625
final_only,2919,3.067187572014518e-05,3.067187572014518e-05,45.789939880371094,1e-05,1.0,283.7803636000026,9261.65087890625
final_only,2920,7.822117186151445e-05,7.822117186151445e-05,44.88886260986328,1e-05,1.0,283.87636979995295,9261.65087890625
final_only,2921,5.191294985706918e-05,5.191294985706918e-05,47.76833724975586,1e-05,1.0,283.9720407000277,9261.65087890625
final_only,2922,2.0160587155260146e-05,2.0160587155260146e-05,45.05252456665039,1e-05,1.0,284.0673844999401,9261.65087890625
final_only,2923,7.137817738112062e-05,7.137817738112062e-05,46.095359802246094,1e-05,1.0,284.16308490000665,9261.65087890625
final_only,2924,2.5184053811244667e-05,2.5184053811244667e-05,46.26499557495117,1e-05,1.0,284.25812509993557,9261.65087890625
final_only,2925,4.5642576878890395e-05,4.5642576878890395e-05,47.299705505371094,1e-05,1.0,284.35406889999285,9261.65087890625
final_only,2926,4.4004635128658265e-05,4.4004635128658265e-05,45.213138580322266,1e-05,1.0,284.449534400017,9261.65087890625
final_only,2927,3.602926881285384e-05,3.602926881285384e-05,44.895442962646484,1e-05,1.0,284.544650399941,9261.65087890625
final_only,2928,2.3669512302149087e-05,2.3669512302149087e-05,45.535728454589844,1e-05,1.0,284.6405930999899,9261.65087890625
final_only,2929,4.182582051726058e-05,4.182582051726058e-05,47.354610443115234,1e-05,1.0,284.73543929995503,9261.65087890625
final_only,2930,1.6353862520190887e-05,1.6353862520190887e-05,47.83445739746094,1e-05,1.0,284.83105159993283,9261.65087890625
final_only,2931,1.6058036635513417e-05,1.6058036635513417e-05,44.81599426269531,1e-05,1.0,284.9270462000277,9261.65087890625
final_only,2932,1.2615791092684958e-05,1.2615791092684958e-05,46.31199645996094,1e-05,1.0,285.021940000006,9261.65087890625
final_only,2933,3.2843759981915355e-05,3.2843759981915355e-05,47.295745849609375,1e-05,1.0,285.1170264999382,9261.65087890625
final_only,2934,3.22247578878887e-05,3.22247578878887e-05,45.323997497558594,1e-05,1.0,285.211741099949,9261.65087890625
final_only,2935,2.428590778436046e-05,2.428590778436046e-05,46.6495475769043,1e-05,1.0,285.3071692000376,9261.65087890625
final_only,2936,2.1975818526698276e-05,2.1975818526698276e-05,46.03361511230469,1e-05,1.0,285.4023470999673,9261.65087890625
final_only,2937,7.565598025394138e-06,7.565598025394138e-06,46.65377426147461,1e-05,1.0,285.49795979994815,9261.65087890625
final_only,2938,6.509925151476637e-05,6.509925151476637e-05,45.88105773925781,1e-05,1.0,285.59320290002506,9261.65087890625
final_only,2939,7.76840461185202e-05,7.76840461185202e-05,46.67109298706055,1e-05,1.0,285.6882095999317,9261.65087890625
final_only,2940,2.2890706532052718e-05,2.2890706532052718e-05,46.5740966796875,1e-05,1.0,285.7834568999242,9261.65087890625
final_only,2941,5.2795279771089554e-05,5.2795279771089554e-05,44.05868148803711,1e-05,1.0,285.8784450000385,9261.65087890625
final_only,2942,5.459226667881012e-05,5.459226667881012e-05,42.02824020385742,1e-05,1.0,285.9745242999634,9261.65087890625
final_only,2943,6.0344464145600796e-05,6.0344464145600796e-05,45.21990203857422,1e-05,1.0,286.0695416999515,9261.65087890625
final_only,2944,5.957499979558634e-06,5.957499979558634e-06,44.799644470214844,1e-05,1.0,286.1645206999965,9261.65087890625
final_only,2945,3.956148702854989e-06,3.956148702854989e-06,46.47418975830078,1e-05,1.0,286.2592737999512,9261.65087890625
final_only,2946,1.3434298125503119e-05,1.3434298125503119e-05,46.00275421142578,1e-05,1.0,286.35404180001933,9261.65087890625
final_only,2947,3.249473593314178e-05,3.249473593314178e-05,45.538509368896484,1e-05,1.0,286.4501605000114,9261.65087890625
final_only,2948,1.5638053810107522e-05,1.5638053810107522e-05,46.259246826171875,1e-05,1.0,286.545179800014,9261.65087890625
final_only,2949,4.71192215627525e-05,4.71192215627525e-05,47.398033142089844,1e-05,1.0,286.6403261999367,9261.65087890625
final_only,2950,2.4508492060704157e-05,2.4508492060704157e-05,49.379722595214844,1e-05,1.0,286.73594139993656,9261.65087890625
final_only,2951,0.00019967122352682054,0.00019967122352682054,45.30824661254883,1e-05,1.0,286.8326753999572,9261.65087890625
final_only,2952,2.1788693629787304e-05,2.1788693629787304e-05,45.747642517089844,1e-05,1.0,286.92867649998516,9261.65087890625
final_only,2953,2.3244334443006665e-05,2.3244334443006665e-05,48.27950668334961,1e-05,1.0,287.0234338999726,9261.65087890625
final_only,2954,3.926627687178552e-05,3.926627687178552e-05,44.569820404052734,1e-05,1.0,287.119118600036,9261.65087890625
final_only,2955,2.214311098214239e-05,2.214311098214239e-05,46.82752227783203,1e-05,1.0,287.2146544000134,9261.65087890625
final_only,2956,7.999341505637858e-06,7.999341505637858e-06,46.55168151855469,1e-05,1.0,287.30919749999885,9261.65087890625
final_only,2957,4.581415851134807e-05,4.581415851134807e-05,43.61516189575195,1e-05,1.0,287.4052849999862,9261.65087890625
final_only,2958,3.596243914216757e-05,3.596243914216757e-05,44.351890563964844,1e-05,1.0,287.50033409998287,9261.65087890625
final_only,2959,0.0001119635853683576,0.0001119635853683576,47.02797317504883,1e-05,1.0,287.5961933999788,9261.65087890625
final_only,2960,1.7459207811043598e-05,1.7459207811043598e-05,47.13752365112305,1e-05,1.0,287.6910635000095,9261.65087890625
final_only,2961,1.083198185369838e-05,1.083198185369838e-05,45.37567138671875,1e-05,1.0,287.7865436000284,9261.65087890625
final_only,2962,6.10138667980209e-05,6.10138667980209e-05,45.46704864501953,1e-05,1.0,287.88214639993384,9261.65087890625
final_only,2963,3.157102037221193e-05,3.157102037221193e-05,47.663753509521484,1e-05,1.0,287.9780659000389,9261.65087890625
final_only,2964,6.893219688208774e-05,6.893219688208774e-05,47.09606170654297,1e-05,1.0,288.07328899996355,9261.65087890625
final_only,2965,3.280624878243543e-05,3.280624878243543e-05,45.90194320678711,1e-05,1.0,288.1681352999294,9261.65087890625
final_only,2966,1.5532008546870202e-05,1.5532008546870202e-05,46.706878662109375,1e-05,1.0,288.26286170003004,9261.65087890625
final_only,2967,3.5319528251420707e-05,3.5319528251420707e-05,47.73329162597656,1e-05,1.0,288.3585151999723,9261.65087890625
final_only,2968,2.9943934350740165e-05,2.9943934350740165e-05,46.574642181396484,1e-05,1.0,288.4536652000388,9261.65087890625
final_only,2969,4.804470336239319e-06,4.804470336239319e-06,45.526588439941406,1e-05,1.0,288.5489704000065,9261.65087890625
final_only,2970,8.34841703181155e-05,8.34841703181155e-05,43.42829895019531,1e-05,1.0,288.6440068000229,9261.65087890625
final_only,2971,6.394911451934604e-06,6.394911451934604e-06,46.34510803222656,1e-05,1.0,288.7392388000153,9261.65087890625
final_only,2972,2.8677786758635193e-05,2.8677786758635193e-05,46.858055114746094,1e-05,1.0,288.8343449999811,9261.65087890625
final_only,2973,5.299345502862707e-05,5.299345502862707e-05,46.511051177978516,1e-05,1.0,288.9298545999918,9261.65087890625
final_only,2974,7.927320257294923e-05,7.927320257294923e-05,44.52486801147461,1e-05,1.0,289.0256749999244,9261.65087890625
final_only,2975,1.343177973467391e-05,1.343177973467391e-05,45.334835052490234,1e-05,1.0,289.1211289999774,9261.65087890625
final_only,2976,1.779888043529354e-05,1.779888043529354e-05,45.677467346191406,1e-05,1.0,289.21581259998493,9261.65087890625
final_only,2977,0.00011363307567080483,0.00011363307567080483,47.976566314697266,1e-05,1.0,289.3114765000064,9261.65087890625
final_only,2978,6.547127850353718e-05,6.547127850353718e-05,46.135459899902344,1e-05,1.0,289.4076245999895,9261.65087890625
final_only,2979,1.617976522538811e-05,1.617976522538811e-05,45.90479278564453,1e-05,1.0,289.50296670000535,9261.65087890625
final_only,2980,5.7879915402736515e-05,5.7879915402736515e-05,46.95658874511719,1e-05,1.0,289.59743259998504,9261.65087890625
final_only,2981,3.0527429771609604e-05,3.0527429771609604e-05,47.04535675048828,1e-05,1.0,289.692910999991,9261.65087890625
final_only,2982,9.202102773997467e-06,9.202102773997467e-06,47.43988800048828,1e-05,1.0,289.78742199996486,9261.65087890625
final_only,2983,6.580974513781257e-06,6.580974513781257e-06,44.42744064331055,1e-05,1.0,289.8829025999876,9261.65087890625
final_only,2984,3.153215948259458e-05,3.153215948259458e-05,45.55086898803711,1e-05,1.0,289.9790914999321,9261.65087890625
final_only,2985,3.5244014725321904e-05,3.5244014725321904e-05,45.81401062011719,1e-05,1.0,290.07378630002495,9261.65087890625
final_only,2986,2.8929174732184038e-05,2.8929174732184038e-05,44.327171325683594,1e-05,1.0,290.1690004999982,9261.65087890625
final_only,2987,3.436432234593667e-05,3.436432234593667e-05,47.044349670410156,1e-05,1.0,290.26384479994886,9261.65087890625
final_only,2988,1.1038093362003565e-05,1.1038093362003565e-05,45.00726318359375,1e-05,1.0,290.35921439994127,9261.65087890625
final_only,2989,2.6122354029212147e-05,2.6122354029212147e-05,47.438350677490234,1e-05,1.0,290.45475279993843,9261.65087890625
final_only,2990,1.4567553989763837e-05,1.4567553989763837e-05,45.916934967041016,1e-05,1.0,290.5496847999748,9261.65087890625
final_only,2991,5.818005229230039e-05,5.818005229230039e-05,47.06062316894531,1e-05,1.0,290.64458830002695,9261.65087890625
final_only,2992,6.193599256221205e-05,6.193599256221205e-05,46.013145446777344,1e-05,1.0,290.7398981000297,9261.65087890625
final_only,2993,2.4331828171852976e-05,2.4331828171852976e-05,45.60297393798828,1e-05,1.0,290.8351346999407,9261.65087890625
final_only,2994,2.4761000531725585e-05,2.4761000531725585e-05,46.07802963256836,1e-05,1.0,290.9320954999421,9261.65087890625
final_only,2995,4.782761971000582e-05,4.782761971000582e-05,47.014747619628906,1e-05,1.0,291.02854379999917,9261.65087890625
final_only,2996,1.1854559488710947e-05,1.1854559488710947e-05,46.79514694213867,1e-05,1.0,291.1248178000096,9261.65087890625
final_only,2997,5.0836555601563305e-05,5.0836555601563305e-05,47.69904708862305,1e-05,1.0,291.21966679999605,9261.65087890625
final_only,2998,7.071316940709949e-05,7.071316940709949e-05,47.62288284301758,1e-05,1.0,291.3147497000173,9261.65087890625
final_only,2999,7.639410614501685e-05,7.639410614501685e-05,47.706974029541016,1e-05,1.0,291.41023169993423,9261.65087890625
final_only,3000,9.944506018655375e-06,9.944506018655375e-06,46.614097595214844,1e-05,1.0,291.50576510000974,9261.65087890625
final_only,3001,3.583171928767115e-05,3.583171928767115e-05,46.144126892089844,1e-05,1.0,291.9148644999368,9261.65087890625
final_only,3002,1.093722676159814e-05,1.093722676159814e-05,45.88494873046875,1e-05,1.0,292.01049719995353,9261.65087890625
final_only,3003,1.413203153788345e-05,1.413203153788345e-05,45.608306884765625,1e-05,1.0,292.1052430999698,9261.65087890625
final_only,3004,7.437226304318756e-05,7.437226304318756e-05,44.794342041015625,1e-05,1.0,292.20047139993403,9261.65087890625
final_only,3005,0.00010531305451877415,0.00010531305451877415,44.33500671386719,1e-05,1.0,292.29609840002377,9261.65087890625
final_only,3006,9.22505569178611e-06,9.22505569178611e-06,46.24280548095703,1e-05,1.0,292.39198710001074,9261.65087890625
final_only,3007,2.71763201453723e-05,2.71763201453723e-05,47.17754364013672,1e-05,1.0,292.4878589999862,9261.65087890625
final_only,3008,7.106720295269042e-05,7.106720295269042e-05,42.76952362060547,1e-05,1.0,292.5834133999888,9261.65087890625
final_only,3009,7.230782648548484e-05,7.230782648548484e-05,44.964332580566406,1e-05,1.0,292.6780682000099,9261.65087890625
final_only,3010,2.0662051610997878e-05,2.0662051610997878e-05,46.042659759521484,1e-05,1.0,292.7726888000034,9261.65087890625
final_only,3011,9.613737347535789e-06,9.613737347535789e-06,44.761131286621094,1e-05,1.0,292.8682922000298,9261.65087890625
final_only,3012,8.450097993772943e-06,8.450097993772943e-06,48.196617126464844,1e-05,1.0,292.96449489996303,9261.65087890625
final_only,3013,4.1798972233664244e-05,4.1798972233664244e-05,44.9964485168457,1e-05,1.0,293.0593936999794,9261.65087890625
final_only,3014,4.535405241767876e-05,4.535405241767876e-05,43.801971435546875,1e-05,1.0,293.15473369997926,9261.65087890625
final_only,3015,5.527143002836965e-05,5.527143002836965e-05,45.75218200683594,1e-05,1.0,293.24915329995565,9261.65087890625
final_only,3016,4.570158489514142e-05,4.570158489514142e-05,45.299339294433594,1e-05,1.0,293.34405910002533,9261.65087890625
final_only,3017,3.181197462254204e-05,3.181197462254204e-05,45.77968215942383,1e-05,1.0,293.4401668999344,9261.65087890625
final_only,3018,2.212934305134695e-05,2.212934305134695e-05,45.10474395751953,1e-05,1.0,293.53526109992526,9261.65087890625
final_only,3019,2.2591299057239667e-05,2.2591299057239667e-05,45.35456466674805,1e-05,1.0,293.63007950002793,9261.65087890625
final_only,3020,4.8005000280682e-05,4.8005000280682e-05,44.26558303833008,1e-05,1.0,293.7256833999418,9261.65087890625
final_only,3021,1.6888843674678355e-05,1.6888843674678355e-05,48.4713020324707,1e-05,1.0,293.82145389996003,9261.65087890625
final_only,3022,6.62178426864557e-05,6.62178426864557e-05,45.019351959228516,1e-05,1.0,293.91635029995814,9261.65087890625
final_only,3023,2.9263497708598152e-05,2.9263497708598152e-05,47.08732986450195,1e-05,1.0,294.01298559992574,9261.65087890625
final_only,3024,7.460186679963954e-06,7.460186679963954e-06,44.7242317199707,1e-05,1.0,294.1077564000152,9261.65087890625
final_only,3025,9.593163667886984e-06,9.593163667886984e-06,45.014068603515625,1e-05,1.0,294.20242550002877,9261.65087890625
final_only,3026,3.177554754074663e-05,3.177554754074663e-05,46.82554626464844,1e-05,1.0,294.29686809994746,9261.65087890625
final_only,3027,1.6467674868181348e-05,1.6467674868181348e-05,45.183677673339844,1e-05,1.0,294.3927546000341,9261.65087890625
final_only,3028,4.4074266043026e-05,4.4074266043026e-05,46.1878662109375,1e-05,1.0,294.4885827000253,9261.65087890625
final_only,3029,2.165373371099122e-05,2.165373371099122e-05,44.697479248046875,1e-05,1.0,294.58308230002876,9261.65087890625
final_only,3030,1.9241524569224566e-05,1.9241524569224566e-05,45.64476776123047,1e-05,1.0,294.6785795999458,9261.65087890625
final_only,3031,7.721982547082007e-05,7.721982547082007e-05,47.988258361816406,1e-05,1.0,294.77381069993135,9261.65087890625
final_only,3032,3.717056824825704e-05,3.717056824825704e-05,46.56964111328125,1e-05,1.0,294.86809470003936,9261.65087890625
final_only,3033,0.00011081293632742018,0.00011081293632742018,45.285404205322266,1e-05,1.0,294.9642604999244,9261.65087890625
final_only,3034,2.2681924747303128e-05,2.2681924747303128e-05,47.38307571411133,1e-05,1.0,295.06091879995074,9261.65087890625
final_only,3035,1.999226151383482e-05,1.999226151383482e-05,43.656036376953125,1e-05,1.0,295.1569724000292,9261.65087890625
final_only,3036,1.633194915484637e-05,1.633194915484637e-05,44.23528289794922,1e-05,1.0,295.2515596000012,9261.65087890625
final_only,3037,6.220684008440003e-05,6.220684008440003e-05,44.93815994262695,1e-05,1.0,295.34691429999657,9261.65087890625
final_only,3038,4.732409433927387e-05,4.732409433927387e-05,44.66562271118164,1e-05,1.0,295.44256340002175,9261.65087890625
final_only,3039,5.2114111895207316e-05,5.2114111895207316e-05,45.77422332763672,1e-05,1.0,295.53680679993704,9261.65087890625
final_only,3040,0.0004753124958369881,0.0004753124958369881,46.67860794067383,1e-05,1.0,295.6323998000007,9261.65087890625
final_only,3041,1.798496668925509e-05,1.798496668925509e-05,47.15613555908203,1e-05,1.0,295.72799669997767,9261.65087890625
final_only,3042,3.402909351279959e-05,3.402909351279959e-05,46.49612808227539,1e-05,1.0,295.82329860003665,9261.65087890625
final_only,3043,0.0004100023361388594,0.0004100023361388594,46.99522399902344,1e-05,1.0,295.91887799999677,9261.65087890625
final_only,3044,2.3811977371224202e-05,2.3811977371224202e-05,47.24822998046875,1e-05,1.0,296.0156019999413,9261.65087890625
final_only,3045,2.3212145606521517e-05,2.3212145606521517e-05,43.651771545410156,1e-05,1.0,296.1098302999744,9261.65087890625
final_only,3046,1.5662535588489845e-05,1.5662535588489845e-05,46.64240646362305,1e-05,1.0,296.20521949999966,9261.65087890625
final_only,3047,1.615345900063403e-05,1.615345900063403e-05,46.20859909057617,1e-05,1.0,296.30056919995695,9261.65087890625
final_only,3048,1.975070517801214e-05,1.975070517801214e-05,46.75382995605469,1e-05,1.0,296.39636779995635,9261.65087890625
final_only,3049,8.971944043878466e-05,8.971944043878466e-05,45.74382781982422,1e-05,1.0,296.49126189993694,9261.65087890625
final_only,3050,8.055366924963892e-05,8.055366924963892e-05,43.428443908691406,1e-05,1.0,296.58676039997954,9261.65087890625
final_only,3051,1.2896696716779843e-05,1.2896696716779843e-05,45.91501998901367,1e-05,1.0,296.6839499999769,9261.65087890625
final_only,3052,2.388089706073515e-05,2.388089706073515e-05,45.22515106201172,1e-05,1.0,296.7783468000125,9261.65087890625
final_only,3053,1.972500467672944e-05,1.972500467672944e-05,46.54147720336914,1e-05,1.0,296.8742811999982,9261.65087890625
final_only,3054,2.259628672618419e-05,2.259628672618419e-05,44.49554443359375,1e-05,1.0,296.9711673000129,9261.65087890625
final_only,3055,4.372342118585948e-06,4.372342118585948e-06,45.98133087158203,1e-05,1.0,297.06669120001607,9261.65087890625
final_only,3056,4.8740919737610966e-05,4.8740919737610966e-05,44.27632522583008,1e-05,1.0,297.16192710003816,9261.65087890625
final_only,3057,1.2019803762086667e-05,1.2019803762086667e-05,47.23366928100586,1e-05,1.0,297.2565310000209,9261.65087890625
final_only,3058,2.75976890407037e-05,2.75976890407037e-05,46.913414001464844,1e-05,1.0,297.3511511000106,9261.65087890625
final_only,3059,1.3599472367786802e-05,1.3599472367786802e-05,46.939056396484375,1e-05,1.0,297.44787809997797,9261.65087890625
final_only,3060,1.573446934344247e-05,1.573446934344247e-05,46.79914855957031,1e-05,1.0,297.5430910999421,9261.65087890625
final_only,3061,7.524702232331038e-05,7.524702232331038e-05,45.628761291503906,1e-05,1.0,297.63840649998747,9261.65087890625
final_only,3062,3.367156023159623e-05,3.367156023159623e-05,44.949623107910156,1e-05,1.0,297.7342952999752,9261.65087890625
final_only,3063,8.387915295315906e-05,8.387915295315906e-05,46.56863784790039,1e-05,1.0,297.8297961000353,9261.65087890625
final_only,3064,0.00010285816097166389,0.00010285816097166389,46.322845458984375,1e-05,1.0,297.92572679999284,9261.65087890625
final_only,3065,1.9406732462812215e-05,1.9406732462812215e-05,46.327396392822266,1e-05,1.0,298.0225282999454,9261.65087890625
final_only,3066,4.850282857660204e-05,4.850282857660204e-05,47.195438385009766,1e-05,1.0,298.1170345999999,9261.65087890625
final_only,3067,4.484712553676218e-05,4.484712553676218e-05,48.1890869140625,1e-05,1.0,298.2123641000362,9261.65087890625
final_only,3068,6.9294592321966775e-06,6.9294592321966775e-06,45.242828369140625,1e-05,1.0,298.30771449999884,9261.65087890625
final_only,3069,2.233958184660878e-05,2.233958184660878e-05,43.31027603149414,1e-05,1.0,298.40405200002715,9261.65087890625
final_only,3070,9.63138445513323e-05,9.63138445513323e-05,45.140411376953125,1e-05,1.0,298.49919340002816,9261.65087890625
final_only,3071,2.557814514148049e-05,2.557814514148049e-05,48.71185302734375,1e-05,1.0,298.5944911999395,9261.65087890625
final_only,3072,9.528348527965136e-06,9.528348527965136e-06,46.98046112060547,1e-05,1.0,298.69010290002916,9261.65087890625
final_only,3073,3.277677751611918e-05,3.277677751611918e-05,45.26609420776367,1e-05,1.0,298.7854379999917,9261.65087890625
final_only,3074,4.9756628868635744e-05,4.9756628868635744e-05,46.44130325317383,1e-05,1.0,298.8818453999702,9261.65087890625
final_only,3075,2.668452179932501e-05,2.668452179932501e-05,45.36202621459961,1e-05,1.0,298.9788151999237,9261.65087890625
final_only,3076,5.657134352077264e-06,5.657134352077264e-06,45.110870361328125,1e-05,1.0,299.0739889999386,9261.65087890625
final_only,3077,7.73410647525452e-06,7.73410647525452e-06,45.276344299316406,1e-05,1.0,299.17016600002535,9261.65087890625
final_only,3078,2.159245195798576e-05,2.159245195798576e-05,47.24995803833008,1e-05,1.0,299.266374800005,9261.65087890625
final_only,3079,1.8651842765393667e-05,1.8651842765393667e-05,46.24424362182617,1e-05,1.0,299.3624685999239,9261.65087890625
final_only,3080,1.2989698007004336e-05,1.2989698007004336e-05,46.10646057128906,1e-05,1.0,299.45722700003535,9261.65087890625
final_only,3081,2.3240718292072415e-05,2.3240718292072415e-05,45.45697784423828,1e-05,1.0,299.5526140999282,9261.65087890625
final_only,3082,2.2475020159617998e-05,2.2475020159617998e-05,46.381988525390625,1e-05,1.0,299.64788189996034,9261.65087890625
final_only,3083,6.967585068196058e-05,6.967585068196058e-05,46.04602813720703,1e-05,1.0,299.74360519996844,9261.65087890625
final_only,3084,1.412961591995554e-05,1.412961591995554e-05,46.984039306640625,1e-05,1.0,299.83914249995723,9261.65087890625
final_only,3085,8.01309579401277e-05,8.01309579401277e-05,45.234642028808594,1e-05,1.0,299.9353815999348,9261.65087890625
final_only,3086,4.7599762183381245e-05,4.7599762183381245e-05,47.15167999267578,1e-05,1.0,300.03127749997657,9261.65087890625
final_only,3087,2.592643431853503e-05,2.592643431853503e-05,48.14359664916992,1e-05,1.0,300.12655189994257,9261.65087890625
final_only,3088,3.416838444536552e-05,3.416838444536552e-05,45.51830291748047,1e-05,1.0,300.22232880000956,9261.65087890625
final_only,3089,4.063120741193416e-06,4.063120741193416e-06,47.27679443359375,1e-05,1.0,300.31761769996956,9261.65087890625
final_only,3090,2.8208836738485843e-05,2.8208836738485843e-05,45.834041595458984,1e-05,1.0,300.4136662000092,9261.65087890625
final_only,3091,0.00012134786084061489,0.00012134786084061489,46.10853958129883,1e-05,1.0,300.50884729996324,9261.65087890625
final_only,3092,6.375482826115331e-06,6.375482826115331e-06,46.4781608581543,1e-05,1.0,300.60407230001874,9261.65087890625
final_only,3093,2.800947731884662e-05,2.800947731884662e-05,47.291839599609375,1e-05,1.0,300.69966339995153,9261.65087890625
final_only,3094,1.8019241906586103e-05,1.8019241906586103e-05,45.33715057373047,1e-05,1.0,300.794504999998,9261.65087890625
final_only,3095,9.90746593743097e-06,9.90746593743097e-06,45.170833587646484,1e-05,1.0,300.8905866999412,9261.65087890625
final_only,3096,1.114849146688357e-05,1.114849146688357e-05,45.812007904052734,1e-05,1.0,300.9876134999795,9261.65087890625
final_only,3097,6.878362910356373e-06,6.878362910356373e-06,45.00576400756836,1e-05,1.0,301.0829423000105,9261.65087890625
final_only,3098,6.364316504914314e-05,6.364316504914314e-05,46.95878601074219,1e-05,1.0,301.17811610002536,9261.65087890625
final_only,3099,6.218589987838641e-05,6.218589987838641e-05,43.43878936767578,1e-05,1.0,301.27332269994076,9261.65087890625
final_only,3100,2.9303804694791324e-05,2.9303804694791324e-05,47.39764404296875,1e-05,1.0,301.3686518999748,9261.65087890625
final_only,3101,1.2512175089796074e-05,1.2512175089796074e-05,46.1428108215332,1e-05,1.0,301.46498879999854,9261.65087890625
final_only,3102,8.169216016540304e-05,8.169216016540304e-05,46.829227447509766,1e-05,1.0,301.5603639000328,9261.65087890625
final_only,3103,7.54304273868911e-05,7.54304273868911e-05,45.12702941894531,1e-05,1.0,301.6550514999544,9261.65087890625
final_only,3104,2.312961805728264e-05,2.312961805728264e-05,47.48426818847656,1e-05,1.0,301.75079159997404,9261.65087890625
final_only,3105,2.24638388317544e-05,2.24638388317544e-05,44.667545318603516,1e-05,1.0,301.8459203999955,9261.65087890625
final_only,3106,3.8856091123307124e-05,3.8856091123307124e-05,48.4569091796875,1e-05,1.0,301.9413419000339,9261.65087890625
final_only,3107,1.4299012036644854e-05,1.4299012036644854e-05,44.860984802246094,1e-05,1.0,302.03719069994986,9261.65087890625
final_only,3108,0.00013245895388536155,0.00013245895388536155,43.76161193847656,1e-05,1.0,302.1315333000384,9261.65087890625
final_only,3109,5.5324861023109406e-05,5.5324861023109406e-05,46.476375579833984,1e-05,1.0,302.22655070002656,9261.65087890625
final_only,3110,2.4319379008375108e-05,2.4319379008375108e-05,46.72193145751953,1e-05,1.0,302.32276789995376,9261.65087890625
final_only,3111,8.287481250590645e-06,8.287481250590645e-06,46.31704330444336,1e-05,1.0,302.4201455999864,9261.65087890625
final_only,3112,3.340611146995798e-05,3.340611146995798e-05,42.5694465637207,1e-05,1.0,302.51651049999055,9261.65087890625
final_only,3113,1.2755353054672014e-05,1.2755353054672014e-05,43.97574996948242,1e-05,1.0,302.61321149999276,9261.65087890625
final_only,3114,2.756240064627491e-05,2.756240064627491e-05,45.505374908447266,1e-05,1.0,302.70914179994725,9261.65087890625
final_only,3115,4.335152880230453e-06,4.335152880230453e-06,47.07023620605469,1e-05,1.0,302.8047402999364,9261.65087890625
final_only,3116,5.210225936025381e-05,5.210225936025381e-05,45.593196868896484,1e-05,1.0,302.90116380003747,9261.65087890625
final_only,3117,0.00010782249592011794,0.00010782249592011794,45.968597412109375,1e-05,1.0,302.9968097000383,9261.65087890625
final_only,3118,9.093408152693883e-06,9.093408152693883e-06,47.21630859375,1e-05,1.0,303.092610499938,9261.65087890625
final_only,3119,0.00011031036410713568,0.00011031036410713568,46.29265213012695,1e-05,1.0,303.18782889994327,9261.65087890625
final_only,3120,0.00010077318438561633,0.00010077318438561633,44.912498474121094,1e-05,1.0,303.28462910000235,9261.65087890625
final_only,3121,6.528053290821845e-06,6.528053290821845e-06,44.19587707519531,1e-05,1.0,303.3814074000111,9261.65087890625
final_only,3122,2.094069350278005e-05,2.094069350278005e-05,47.21244812011719,1e-05,1.0,303.47692869999446,9261.65087890625
final_only,3123,2.9352862839004956e-05,2.9352862839004956e-05,44.094085693359375,1e-05,1.0,303.57288669992704,9261.65087890625
final_only,3124,1.9370183508726768e-05,1.9370183508726768e-05,47.05432891845703,1e-05,1.0,303.6685991999693,9261.65087890625
final_only,3125,2.8193770049256273e-05,2.8193770049256273e-05,48.400367736816406,1e-05,1.0,303.7636808999814,9261.65087890625
final_only,3126,3.3664062357274815e-05,3.3664062357274815e-05,45.568382263183594,1e-05,1.0,303.8593500999268,9261.65087890625
final_only,3127,6.638036575168371e-05,6.638036575168371e-05,46.66042709350586,1e-05,1.0,303.9556917999871,9261.65087890625
final_only,3128,4.3555024603847414e-05,4.3555024603847414e-05,44.99753189086914,1e-05,1.0,304.0515625999542,9261.65087890625
final_only,3129,0.00011977053509326652,0.00011977053509326652,45.540550231933594,1e-05,1.0,304.1460228000069,9261.65087890625
final_only,3130,1.1681749128911179e-05,1.1681749128911179e-05,44.921180725097656,1e-05,1.0,304.24122930003796,9261.65087890625
final_only,3131,5.046452133683488e-05,5.046452133683488e-05,45.477684020996094,1e-05,1.0,304.3356833999278,9261.65087890625
final_only,3132,1.1818971870525274e-05,1.1818971870525274e-05,45.82222366333008,1e-05,1.0,304.43199029995594,9261.65087890625
final_only,3133,2.7921569198952056e-05,2.7921569198952056e-05,44.56923294067383,1e-05,1.0,304.5274288000073,9261.65087890625
final_only,3134,2.012246841331944e-05,2.012246841331944e-05,45.40446472167969,1e-05,1.0,304.62239839998074,9261.65087890625
final_only,3135,1.3478161235980224e-05,1.3478161235980224e-05,47.75989532470703,1e-05,1.0,304.71712970000226,9261.65087890625
final_only,3136,1.2377236998872831e-05,1.2377236998872831e-05,44.8037109375,1e-05,1.0,304.8128837000113,9261.65087890625
final_only,3137,9.471713383391034e-06,9.471713383391034e-06,47.03721237182617,1e-05,1.0,304.908917499939,9261.65087890625
final_only,3138,0.000280097738141194,0.000280097738141194,45.58430480957031,1e-05,1.0,305.00464319996536,9261.65087890625
final_only,3139,8.280622751044575e-06,8.280622751044575e-06,46.21776580810547,1e-05,1.0,305.100518799969,9261.65087890625
final_only,3140,2.0665383999585174e-05,2.0665383999585174e-05,45.67640686035156,1e-05,1.0,305.19526139996015,9261.65087890625
final_only,3141,2.0525912987068295e-05,2.0525912987068295e-05,48.309730529785156,1e-05,1.0,305.2902555000037,9261.65087890625
final_only,3142,1.3690707419300452e-05,1.3690707419300452e-05,44.917388916015625,1e-05,1.0,305.3854048999492,9261.65087890625
final_only,3143,4.291381628718227e-06,4.291381628718227e-06,44.444026947021484,1e-05,1.0,305.4808131000027,9261.65087890625
final_only,3144,3.270271554356441e-05,3.270271554356441e-05,44.294654846191406,1e-05,1.0,305.5766828999622,9261.65087890625
final_only,3145,1.1195417755516246e-05,1.1195417755516246e-05,44.59010314941406,1e-05,1.0,305.6719639999792,9261.65087890625
final_only,3146,2.3182468794402666e-05,2.3182468794402666e-05,47.51811981201172,1e-05,1.0,305.76742169994395,9261.65087890625
final_only,3147,5.31689656781964e-05,5.31689656781964e-05,47.20402145385742,1e-05,1.0,305.8626437999774,9261.65087890625
final_only,3148,1.9632325347629376e-05,1.9632325347629376e-05,47.33660888671875,1e-05,1.0,305.9583952999674,9261.65087890625
final_only,3149,2.036299520113971e-05,2.036299520113971e-05,45.97066879272461,1e-05,1.0,306.05427830002736,9261.65087890625
final_only,3150,2.0002014935016632e-05,2.0002014935016632e-05,45.77098083496094,1e-05,1.0,306.14864619995933,9261.65087890625
final_only,3151,4.713773523690179e-05,4.713773523690179e-05,44.540443420410156,1e-05,1.0,306.2447384999832,9261.65087890625
final_only,3152,5.2742328989552334e-05,5.2742328989552334e-05,45.3585319519043,1e-05,1.0,306.340165099944,9261.65087890625
final_only,3153,1.835110379033722e-05,1.835110379033722e-05,46.607757568359375,1e-05,1.0,306.43542260001414,9261.65087890625
final_only,3154,1.0387719157733954e-05,1.0387719157733954e-05,45.86405944824219,1e-05,1.0,306.5310102000367,9261.65087890625
final_only,3155,2.8167725758976303e-05,2.8167725758976303e-05,46.035987854003906,1e-05,1.0,306.62577579997014,9261.65087890625
final_only,3156,1.981211971724406e-05,1.981211971724406e-05,46.867523193359375,1e-05,1.0,306.72065849998035,9261.65087890625
final_only,3157,1.7245591152459383e-05,1.7245591152459383e-05,47.19175720214844,1e-05,1.0,306.81614040001296,9261.65087890625
final_only,3158,5.1741142669925466e-05,5.1741142669925466e-05,47.98700714111328,1e-05,1.0,306.9126011999324,9261.65087890625
final_only,3159,7.485519290639786e-06,7.485519290639786e-06,47.06141662597656,1e-05,1.0,307.00942809996195,9261.65087890625
final_only,3160,0.0001621123228687793,0.0001621123228687793,44.99525833129883,1e-05,1.0,307.1044599999441,9261.65087890625
final_only,3161,1.8373581042396836e-05,1.8373581042396836e-05,45.04315185546875,1e-05,1.0,307.1991649999982,9261.65087890625
final_only,3162,2.0909270460833795e-05,2.0909270460833795e-05,44.773712158203125,1e-05,1.0,307.294996600016,9261.65087890625
final_only,3163,4.847952368436381e-06,4.847952368436381e-06,45.915245056152344,1e-05,1.0,307.392079000012,9261.65087890625
final_only,3164,3.0067410989431664e-05,3.0067410989431664e-05,46.351715087890625,1e-05,1.0,307.4880408999743,9261.65087890625
final_only,3165,2.7697618861566298e-05,2.7697618861566298e-05,46.07558059692383,1e-05,1.0,307.5849224999547,9261.65087890625
final_only,3166,1.4210518202162348e-05,1.4210518202162348e-05,46.30010986328125,1e-05,1.0,307.680835200008,9261.65087890625
final_only,3167,3.4187667097285157e-06,3.4187667097285157e-06,46.612213134765625,1e-05,1.0,307.77542439999525,9261.65087890625
final_only,3168,3.512758485157974e-05,3.512758485157974e-05,45.84783172607422,1e-05,1.0,307.87086229992565,9261.65087890625
final_only,3169,0.00011363322118995711,0.00011363322118995711,45.49946594238281,1e-05,1.0,307.9666224999819,9261.65087890625
final_only,3170,1.3267435861052945e-05,1.3267435861052945e-05,47.29035949707031,1e-05,1.0,308.06225229997654,9261.65087890625
final_only,3171,1.012237771647051e-05,1.012237771647051e-05,46.81219482421875,1e-05,1.0,308.1567895000335,9261.65087890625
final_only,3172,1.947563032445032e-05,1.947563032445032e-05,47.384483337402344,1e-05,1.0,308.2519721999997,9261.65087890625
final_only,3173,3.155293961754069e-05,3.155293961754069e-05,46.085506439208984,1e-05,1.0,308.34709689999,9261.65087890625
final_only,3174,1.9938306650146842e-05,1.9938306650146842e-05,47.50130081176758,1e-05,1.0,308.44241509994026,9261.65087890625
final_only,3175,2.203870826633647e-05,2.203870826633647e-05,44.85887145996094,1e-05,1.0,308.5379537999397,9261.65087890625
final_only,3176,2.253819548059255e-05,2.253819548059255e-05,45.654197692871094,1e-05,1.0,308.6332312999293,9261.65087890625
final_only,3177,2.3954748030519113e-05,2.3954748030519113e-05,46.186134338378906,1e-05,1.0,308.7281497999793,9261.65087890625
final_only,3178,3.535481300787069e-05,3.535481300787069e-05,45.37535095214844,1e-05,1.0,308.8236335000256,9261.65087890625
final_only,3179,2.9984934371896088e-05,2.9984934371896088e-05,46.708770751953125,1e-05,1.0,308.919958399958,9261.65087890625
final_only,3180,3.659242429421283e-05,3.659242429421283e-05,47.94758605957031,1e-05,1.0,309.01535909995437,9261.65087890625
final_only,3181,5.908672392251901e-06,5.908672392251901e-06,45.19500732421875,1e-05,1.0,309.1104709999636,9261.65087890625
final_only,3182,3.247506174375303e-05,3.247506174375303e-05,45.2321662902832,1e-05,1.0,309.2044627999421,9261.65087890625
final_only,3183,3.162103530485183e-05,3.162103530485183e-05,46.150245666503906,1e-05,1.0,309.29903859994374,9261.65087890625
final_only,3184,1.0778756404761225e-05,1.0778756404761225e-05,48.32367706298828,1e-05,1.0,309.3953207000159,9261.65087890625
final_only,3185,3.706809366121888e-05,3.706809366121888e-05,46.47483444213867,1e-05,1.0,309.49140129995067,9261.65087890625
final_only,3186,3.402070433367044e-05,3.402070433367044e-05,44.890071868896484,1e-05,1.0,309.5876598999603,9261.65087890625
final_only,3187,6.851405487395823e-05,6.851405487395823e-05,46.727787017822266,1e-05,1.0,309.6826966999797,9261.65087890625
final_only,3188,2.0950386897311546e-05,2.0950386897311546e-05,46.89971923828125,1e-05,1.0,309.7784440999385,9261.65087890625
final_only,3189,9.47983244259376e-06,9.47983244259376e-06,47.12334442138672,1e-05,1.0,309.8744136999594,9261.65087890625
final_only,3190,2.641812534420751e-05,2.641812534420751e-05,47.116600036621094,1e-05,1.0,309.97093640000094,9261.65087890625
final_only,3191,1.2191052519483492e-05,1.2191052519483492e-05,46.69304275512695,1e-05,1.0,310.06610749999527,9261.65087890625
final_only,3192,5.040037649450824e-06,5.040037649450824e-06,46.04273223876953,1e-05,1.0,310.16054369998164,9261.65087890625
final_only,3193,1.4681112588732503e-05,1.4681112588732503e-05,45.09537887573242,1e-05,1.0,310.25530479999725,9261.65087890625
final_only,3194,1.3595045857073274e-05,1.3595045857073274e-05,44.50681686401367,1e-05,1.0,310.35048289992847,9261.65087890625
final_only,3195,0.00013516015314962715,0.00013516015314962715,44.41352844238281,1e-05,1.0,310.44634080003016,9261.65087890625
final_only,3196,5.9559101828199346e-06,5.9559101828199346e-06,47.3073844909668,1e-05,1.0,310.5422065999592,9261.65087890625
final_only,3197,1.4170153008308262e-05,1.4170153008308262e-05,46.617225646972656,1e-05,1.0,310.6367443000199,9261.65087890625
final_only,3198,0.00021121666941326112,0.00021121666941326112,46.75551223754883,1e-05,1.0,310.7323432000121,9261.65087890625
final_only,3199,2.349574788240716e-05,2.349574788240716e-05,44.0252685546875,1e-05,1.0,310.8283586000325,9261.65087890625
final_only,3200,0.00018835291848517954,0.00018835291848517954,45.330467224121094,1e-05,1.0,310.92426010000054,9261.65087890625
final_only,3201,1.3567432688432746e-05,1.3567432688432746e-05,45.29054641723633,1e-05,1.0,311.0208814999787,9261.65087890625
final_only,3202,6.420280260499567e-05,6.420280260499567e-05,45.24671173095703,1e-05,1.0,311.1166347999824,9261.65087890625
final_only,3203,5.799195423605852e-05,5.799195423605852e-05,47.50267791748047,1e-05,1.0,311.2107869000174,9261.65087890625
final_only,3204,6.9910729507682845e-06,6.9910729507682845e-06,45.5776481628418,1e-05,1.0,311.3061383999884,9261.65087890625
final_only,3205,4.68071675641113e-06,4.68071675641113e-06,47.97342300415039,1e-05,1.0,311.4016265999526,9261.65087890625
final_only,3206,4.455038833839353e-06,4.455038833839353e-06,45.288352966308594,1e-05,1.0,311.4987820000388,9261.65087890625
final_only,3207,2.221148861281108e-06,2.221148861281108e-06,47.18312072753906,1e-05,1.0,311.5953918999294,9261.65087890625
final_only,3208,3.510953683871776e-05,3.510953683871776e-05,46.37226104736328,1e-05,1.0,311.6906729999464,9261.65087890625
final_only,3209,3.016753362317104e-05,3.016753362317104e-05,45.84300994873047,1e-05,1.0,311.78685279993806,9261.65087890625
final_only,3210,2.5637058570282534e-05,2.5637058570282534e-05,46.69601058959961,1e-05,1.0,311.88173549994826,9261.65087890625
final_only,3211,3.0406779842451215e-05,3.0406779842451215e-05,46.628746032714844,1e-05,1.0,311.9775096999947,9261.65087890625
final_only,3212,2.3678592697251588e-05,2.3678592697251588e-05,44.408626556396484,1e-05,1.0,312.07359459996223,9261.65087890625
final_only,3213,1.4871489838697016e-05,1.4871489838697016e-05,49.52452087402344,1e-05,1.0,312.16825729992706,9261.65087890625
final_only,3214,2.078559555229731e-05,2.078559555229731e-05,46.69160842895508,1e-05,1.0,312.2626214999473,9261.65087890625
final_only,3215,3.51339258486405e-05,3.51339258486405e-05,46.219093322753906,1e-05,1.0,312.35795630002394,9261.65087890625
final_only,3216,4.360735329100862e-05,4.360735329100862e-05,45.77389907836914,1e-05,1.0,312.45390419999603,9261.65087890625
final_only,3217,2.706698069232516e-05,2.706698069232516e-05,46.704673767089844,1e-05,1.0,312.54924740002025,9261.65087890625
final_only,3218,1.2182988939457573e-05,1.2182988939457573e-05,47.42728042602539,1e-05,1.0,312.6441356999567,9261.65087890625
final_only,3219,3.6887046007905155e-05,3.6887046007905155e-05,47.06173324584961,1e-05,1.0,312.73943189997226,9261.65087890625
final_only,3220,7.733812708465848e-06,7.733812708465848e-06,49.24763107299805,1e-05,1.0,312.83527059992775,9261.65087890625
final_only,3221,1.4508528693113476e-05,1.4508528693113476e-05,44.342464447021484,1e-05,1.0,312.93105959997047,9261.65087890625
final_only,3222,1.9810064259218052e-05,1.9810064259218052e-05,46.70241928100586,1e-05,1.0,313.02717359992675,9261.65087890625
final_only,3223,4.246494791004807e-05,4.246494791004807e-05,45.2816047668457,1e-05,1.0,313.12252049997915,9261.65087890625
final_only,3224,3.542556441971101e-05,3.542556441971101e-05,45.01492691040039,1e-05,1.0,313.2165803000098,9261.65087890625
final_only,3225,2.3094475182006136e-05,2.3094475182006136e-05,45.79285430908203,1e-05,1.0,313.3118515999522,9261.65087890625
final_only,3226,3.09302777168341e-05,3.09302777168341e-05,47.516998291015625,1e-05,1.0,313.40786719997413,9261.65087890625
final_only,3227,5.1519658882170916e-05,5.1519658882170916e-05,45.64584732055664,1e-05,1.0,313.5035313999979,9261.65087890625
final_only,3228,9.654669702285901e-05,9.654669702285901e-05,45.94586944580078,1e-05,1.0,313.59839810000267,9261.65087890625
final_only,3229,5.552789298235439e-05,5.552789298235439e-05,48.39740753173828,1e-05,1.0,313.69305240001995,9261.65087890625
final_only,3230,8.551553946745116e-06,8.551553946745116e-06,46.50859832763672,1e-05,1.0,313.7883858999703,9261.65087890625
final_only,3231,1.1685513527481817e-05,1.1685513527481817e-05,48.975284576416016,1e-05,1.0,313.8834875000175,9261.65087890625
final_only,3232,1.4790959539823234e-05,1.4790959539823234e-05,44.763031005859375,1e-05,1.0,313.97962979995646,9261.65087890625
final_only,3233,5.557008262258023e-05,5.557008262258023e-05,47.34714126586914,1e-05,1.0,314.0750415000366,9261.65087890625
final_only,3234,3.669907164294273e-05,3.669907164294273e-05,47.19392395019531,1e-05,1.0,314.16975050000474,9261.65087890625
final_only,3235,7.156658102758229e-05,7.156658102758229e-05,45.73945999145508,1e-05,1.0,314.2641903000185,9261.65087890625
final_only,3236,1.6767295164754614e-05,1.6767295164754614e-05,46.93100357055664,1e-05,1.0,314.35947779996786,9261.65087890625
final_only,3237,4.6461311285384e-05,4.6461311285384e-05,46.3601188659668,1e-05,1.0,314.4557227999903,9261.65087890625
final_only,3238,1.8832455680239946e-05,1.8832455680239946e-05,48.21832275390625,1e-05,1.0,314.55017159995623,9261.65087890625
final_only,3239,6.121324076957535e-06,6.121324076957535e-06,46.11578369140625,1e-05,1.0,314.6447467999533,9261.65087890625
final_only,3240,6.275738087424543e-06,6.275738087424543e-06,45.68930435180664,1e-05,1.0,314.74043350003194,9261.65087890625
final_only,3241,4.987924330634996e-05,4.987924330634996e-05,46.299583435058594,1e-05,1.0,314.83553759998176,9261.65087890625
final_only,3242,1.2357620107650291e-05,1.2357620107650291e-05,48.43571472167969,1e-05,1.0,314.9307999999728,9261.65087890625
final_only,3243,2.222077819169499e-05,2.222077819169499e-05,48.060035705566406,1e-05,1.0,315.0276421000017,9261.65087890625
final_only,3244,0.00012706956476904452,0.00012706956476904452,45.706504821777344,1e-05,1.0,315.12290129996836,9261.65087890625
final_only,3245,1.8196547898696736e-05,1.8196547898696736e-05,46.721309661865234,1e-05,1.0,315.216847899952,9261.65087890625
final_only,3246,1.5877256373642012e-05,1.5877256373642012e-05,45.611881256103516,1e-05,1.0,315.3116899000015,9261.65087890625
final_only,3247,4.9925649364013225e-05,4.9925649364013225e-05,46.69309616088867,1e-05,1.0,315.4075771999778,9261.65087890625
final_only,3248,1.6881645933608525e-05,1.6881645933608525e-05,46.121212005615234,1e-05,1.0,315.50292759994045,9261.65087890625
final_only,3249,3.7186309782555327e-06,3.7186309782555327e-06,49.21226119995117,1e-05,1.0,315.59961229993496,9261.65087890625
final_only,3250,1.7412256056559272e-05,1.7412256056559272e-05,46.95094299316406,1e-05,1.0,315.69674489996396,9261.65087890625
final_only,3251,2.534625855332706e-05,2.534625855332706e-05,46.03990936279297,1e-05,1.0,315.7935511999531,9261.65087890625
final_only,3252,2.228481935162563e-05,2.228481935162563e-05,45.08417510986328,1e-05,1.0,315.88877129997127,9261.65087890625
final_only,3253,3.448884672252461e-05,3.448884672252461e-05,46.62956237792969,1e-05,1.0,315.9854965999257,9261.65087890625
final_only,3254,2.1134948838152923e-05,2.1134948838152923e-05,43.153892517089844,1e-05,1.0,316.08097939996514,9261.65087890625
final_only,3255,2.9055685445200652e-05,2.9055685445200652e-05,46.66883087158203,1e-05,1.0,316.1756837000139,9261.65087890625
final_only,3256,2.4176750230253674e-05,2.4176750230253674e-05,45.832374572753906,1e-05,1.0,316.2700741000008,9261.65087890625
final_only,3257,5.976930697215721e-05,5.976930697215721e-05,45.077178955078125,1e-05,1.0,316.3654977999395,9261.65087890625
final_only,3258,5.351283834897913e-05,5.351283834897913e-05,45.212982177734375,1e-05,1.0,316.4612678999547,9261.65087890625
final_only,3259,1.450437048333697e-05,1.450437048333697e-05,47.75331115722656,1e-05,1.0,316.55616109992843,9261.65087890625
final_only,3260,5.048584716860205e-05,5.048584716860205e-05,46.7288818359375,1e-05,1.0,316.65131600003224,9261.65087890625
final_only,3261,3.681938324007206e-05,3.681938324007206e-05,46.3310432434082,1e-05,1.0,316.74654660001397,9261.65087890625
final_only,3262,1.1325826562824659e-05,1.1325826562824659e-05,46.41554641723633,1e-05,1.0,316.8411147999577,9261.65087890625
final_only,3263,3.540759053066722e-06,3.540759053066722e-06,46.316680908203125,1e-05,1.0,316.93690199998673,9261.65087890625
final_only,3264,7.195826037786901e-05,7.195826037786901e-05,45.47686767578125,1e-05,1.0,317.0330648999661,9261.65087890625
final_only,3265,1.868224353529513e-05,1.868224353529513e-05,42.90676498413086,1e-05,1.0,317.12802850001026,9261.65087890625
final_only,3266,1.3045421837887261e-05,1.3045421837887261e-05,46.25995635986328,1e-05,1.0,317.2222905999515,9261.65087890625
final_only,3267,1.9284712834632955e-05,1.9284712834632955e-05,47.11521911621094,1e-05,1.0,317.3172162999399,9261.65087890625
final_only,3268,4.461365824681707e-05,4.461365824681707e-05,48.93830871582031,1e-05,1.0,317.4130387000041,9261.65087890625
final_only,3269,2.6472371246200055e-05,2.6472371246200055e-05,47.98717498779297,1e-05,1.0,317.5080599000212,9261.65087890625
final_only,3270,0.00012797779345419258,0.00012797779345419258,46.68065643310547,1e-05,1.0,317.6025660999585,9261.65087890625
final_only,3271,3.435963662923314e-05,3.435963662923314e-05,45.327720642089844,1e-05,1.0,317.697822200018,9261.65087890625
final_only,3272,3.2053616450866684e-05,3.2053616450866684e-05,47.36225128173828,1e-05,1.0,317.7930567000294,9261.65087890625
final_only,3273,2.2429081582231447e-05,2.2429081582231447e-05,47.8148307800293,1e-05,1.0,317.8886193999788,9261.65087890625
final_only,3274,9.571002010488883e-06,9.571002010488883e-06,43.95212173461914,1e-05,1.0,317.98559029994067,9261.65087890625
final_only,3275,3.8494978070957586e-05,3.8494978070957586e-05,46.31900405883789,1e-05,1.0,318.0808359000366,9261.65087890625
final_only,3276,2.3512480765930377e-05,2.3512480765930377e-05,44.90092086791992,1e-05,1.0,318.1763816999737,9261.65087890625
final_only,3277,4.4700896069116425e-06,4.4700896069116425e-06,46.76972961425781,1e-05,1.0,318.2704093999928,9261.65087890625
final_only,3278,0.00015771268226671964,0.00015771268226671964,48.173614501953125,1e-05,1.0,318.36563449993264,9261.65087890625
final_only,3279,2.5619474399718456e-05,2.5619474399718456e-05,45.55446243286133,1e-05,1.0,318.46121780003887,9261.65087890625
final_only,3280,2.4395352738793008e-05,2.4395352738793008e-05,46.45766067504883,1e-05,1.0,318.5563184999628,9261.65087890625
final_only,3281,3.242232196498662e-05,3.242232196498662e-05,46.83927917480469,1e-05,1.0,318.65133689995855,9261.65087890625
final_only,3282,1.892213367682416e-05,1.892213367682416e-05,46.81467056274414,1e-05,1.0,318.74593480001204,9261.65087890625
final_only,3283,0.0001114375627366826,0.0001114375627366826,43.27170181274414,1e-05,1.0,318.8419831999345,9261.65087890625
final_only,3284,1.1309274668747094e-05,1.1309274668747094e-05,46.358642578125,1e-05,1.0,318.93805789994076,9261.65087890625
final_only,3285,1.8083459508488886e-05,1.8083459508488886e-05,46.6053466796875,1e-05,1.0,319.03367539995816,9261.65087890625
final_only,3286,6.108170055085793e-06,6.108170055085793e-06,44.1427116394043,1e-05,1.0,319.1291930000298,9261.65087890625
final_only,3287,1.022583273879718e-05,1.022583273879718e-05,48.287960052490234,1e-05,1.0,319.22370059997775,9261.65087890625
final_only,3288,1.8318663933314383e-05,1.8318663933314383e-05,47.33209991455078,1e-05,1.0,319.31848859996535,9261.65087890625
final_only,3289,2.245903124276083e-05,2.245903124276083e-05,47.63535690307617,1e-05,1.0,319.41354029998183,9261.65087890625
final_only,3290,2.0234238036209717e-05,2.0234238036209717e-05,47.936710357666016,1e-05,1.0,319.50958079996053,9261.65087890625
final_only,3291,1.4374278180184774e-05,1.4374278180184774e-05,47.91476821899414,1e-05,1.0,319.6056186000351,9261.65087890625
final_only,3292,2.0331095583969727e-05,2.0331095583969727e-05,45.91342544555664,1e-05,1.0,319.7012861999683,9261.65087890625
final_only,3293,7.870614354033023e-05,7.870614354033023e-05,46.15692138671875,1e-05,1.0,319.7979045000393,9261.65087890625
final_only,3294,2.799014691845514e-05,2.799014691845514e-05,47.457767486572266,1e-05,1.0,319.8933576999698,9261.65087890625
final_only,3295,1.3879103789804503e-05,1.3879103789804503e-05,48.035728454589844,1e-05,1.0,319.99076519999653,9261.65087890625
final_only,3296,2.2289008484221995e-05,2.2289008484221995e-05,45.909358978271484,1e-05,1.0,320.0859699000139,9261.65087890625
final_only,3297,6.483457400463521e-05,6.483457400463521e-05,45.63782501220703,1e-05,1.0,320.18146230001,9261.65087890625
final_only,3298,1.5507812349824235e-05,1.5507812349824235e-05,43.20634460449219,1e-05,1.0,320.27614109998103,9261.65087890625
final_only,3299,1.0574564839771483e-05,1.0574564839771483e-05,46.01117706298828,1e-05,1.0,320.3708197999513,9261.65087890625
final_only,3300,6.138253229437396e-05,6.138253229437396e-05,45.65852355957031,1e-05,1.0,320.46609689993784,9261.65087890625
final_only,3301,3.793349605984986e-05,3.793349605984986e-05,45.420475006103516,1e-05,1.0,320.56223149993457,9261.65087890625
final_only,3302,2.8192785975988954e-05,2.8192785975988954e-05,44.11483383178711,1e-05,1.0,320.65716679999605,9261.65087890625
final_only,3303,3.4701621189014986e-05,3.4701621189014986e-05,47.01953125,1e-05,1.0,320.75187589996494,9261.65087890625
final_only,3304,0.0003600418276619166,0.0003600418276619166,45.92125701904297,1e-05,1.0,320.84752179996576,9261.65087890625
final_only,3305,8.472995432384778e-06,8.472995432384778e-06,44.48707580566406,1e-05,1.0,320.9429207999492,9261.65087890625
final_only,3306,7.93280287325615e-06,7.93280287325615e-06,44.43266677856445,1e-05,1.0,321.0385793999303,9261.65087890625
final_only,3307,3.2845632631506305e-06,3.2845632631506305e-06,48.772132873535156,1e-05,1.0,321.1338773999596,9261.65087890625
final_only,3308,0.00011672105028992519,0.00011672105028992519,44.61225128173828,1e-05,1.0,321.2283590999432,9261.65087890625
final_only,3309,3.810836642514914e-05,3.810836642514914e-05,44.836936950683594,1e-05,1.0,321.32307919999585,9261.65087890625
final_only,3310,1.4244019439502154e-05,1.4244019439502154e-05,46.03445053100586,1e-05,1.0,321.41932919993997,9261.65087890625
final_only,3311,2.9614711820613593e-05,2.9614711820613593e-05,45.896949768066406,1e-05,1.0,321.51473920000717,9261.65087890625
final_only,3312,9.15139535209164e-05,9.15139535209164e-05,46.10029602050781,1e-05,1.0,321.60918439994566,9261.65087890625
final_only,3313,0.0003186683461535722,0.0003186683461535722,46.090110778808594,1e-05,1.0,321.70373029995244,9261.65087890625
final_only,3314,0.00010321484296582639,0.00010321484296582639,45.65231704711914,1e-05,1.0,321.79910559998825,9261.65087890625
final_only,3315,5.5865280046418775e-06,5.5865280046418775e-06,46.22294616699219,1e-05,1.0,321.89442739996593,9261.65087890625
final_only,3316,1.8443304725224152e-05,1.8443304725224152e-05,45.24990463256836,1e-05,1.0,321.99105179996695,9261.65087890625
final_only,3317,1.7091875633923337e-05,1.7091875633923337e-05,45.01329803466797,1e-05,1.0,322.0862039999338,9261.65087890625
final_only,3318,2.1994099370203912e-05,2.1994099370203912e-05,46.27325439453125,1e-05,1.0,322.1815313999541,9261.65087890625
final_only,3319,8.670403985888697e-06,8.670403985888697e-06,45.79656982421875,1e-05,1.0,322.2755268999608,9261.65087890625
final_only,3320,0.00029328392702154815,0.00029328392702154815,44.95686340332031,1e-05,1.0,322.3710346999578,9261.65087890625
final_only,3321,1.60182717081625e-05,1.60182717081625e-05,46.579139709472656,1e-05,1.0,322.46660739998333,9261.65087890625
final_only,3322,2.6039537260658108e-05,2.6039537260658108e-05,47.0599365234375,1e-05,1.0,322.5626692000078,9261.65087890625
final_only,3323,3.0431881896220148e-05,3.0431881896220148e-05,46.11935806274414,1e-05,1.0,322.6589373999741,9261.65087890625
final_only,3324,2.2582042220165022e-05,2.2582042220165022e-05,47.23990249633789,1e-05,1.0,322.7554261999903,9261.65087890625
final_only,3325,4.755108602694236e-05,4.755108602694236e-05,46.06509017944336,1e-05,1.0,322.8512574000051,9261.65087890625
final_only,3326,8.715238800505176e-05,8.715238800505176e-05,44.041908264160156,1e-05,1.0,322.9470447000349,9261.65087890625
final_only,3327,3.256925265304744e-05,3.256925265304744e-05,48.76140594482422,1e-05,1.0,323.04282530001365,9261.65087890625
final_only,3328,2.0834446331718937e-05,2.0834446331718937e-05,42.96084976196289,1e-05,1.0,323.1382516999729,9261.65087890625
final_only,3329,8.081161467998754e-06,8.081161467998754e-06,48.343902587890625,1e-05,1.0,323.23273819999304,9261.65087890625
final_only,3330,3.25244473060593e-05,3.25244473060593e-05,45.476226806640625,1e-05,1.0,323.3274152999511,9261.65087890625
final_only,3331,8.235392670030706e-06,8.235392670030706e-06,46.88725280761719,1e-05,1.0,323.4235588000156,9261.65087890625
final_only,3332,5.1870010793209076e-05,5.1870010793209076e-05,47.371402740478516,1e-05,1.0,323.5192406999413,9261.65087890625
final_only,3333,3.186270987498574e-05,3.186270987498574e-05,45.92500305175781,1e-05,1.0,323.6137725999579,9261.65087890625
final_only,3334,1.9694343791343272e-05,1.9694343791343272e-05,48.85951232910156,1e-05,1.0,323.7093757999828,9261.65087890625
final_only,3335,8.243533375207335e-05,8.243533375207335e-05,46.78949737548828,1e-05,1.0,323.8061260000104,9261.65087890625
final_only,3336,1.394869468640536e-05,1.394869468640536e-05,47.2366943359375,1e-05,1.0,323.9024933000328,9261.65087890625
final_only,3337,0.00039588229265064,0.00039588229265064,45.213077545166016,1e-05,1.0,323.9983759999741,9261.65087890625
final_only,3338,3.511716568027623e-05,3.511716568027623e-05,44.50075912475586,1e-05,1.0,324.09388159995433,9261.65087890625
final_only,3339,5.250851972959936e-05,5.250851972959936e-05,45.40355682373047,1e-05,1.0,324.18833289993927,9261.65087890625
final_only,3340,2.54062979365699e-05,2.54062979365699e-05,46.00187683105469,1e-05,1.0,324.28206100000534,9261.65087890625
final_only,3341,6.267741991905496e-05,6.267741991905496e-05,47.1768913269043,1e-05,1.0,324.37732369999867,9261.65087890625
final_only,3342,2.2317643015412614e-05,2.2317643015412614e-05,43.601531982421875,1e-05,1.0,324.4734138000058,9261.65087890625
final_only,3343,1.8905623164755525e-06,1.8905623164755525e-06,45.877227783203125,1e-05,1.0,324.56802779994905,9261.65087890625
final_only,3344,6.375561497407034e-06,6.375561497407034e-06,46.06197738647461,1e-05,1.0,324.66258659993764,9261.65087890625
final_only,3345,1.0112036761711352e-05,1.0112036761711352e-05,45.881072998046875,1e-05,1.0,324.75780769996345,9261.65087890625
final_only,3346,9.323674021288753e-06,9.323674021288753e-06,45.56647491455078,1e-05,1.0,324.85352999996394,9261.65087890625
final_only,3347,2.359648533456493e-05,2.359648533456493e-05,45.81420135498047,1e-05,1.0,324.9487672999967,9261.65087890625
final_only,3348,9.875895557343028e-06,9.875895557343028e-06,48.28437805175781,1e-05,1.0,325.04495150002185,9261.65087890625
final_only,3349,6.637236310780281e-06,6.637236310780281e-06,45.934776306152344,1e-05,1.0,325.14069499995094,9261.65087890625
final_only,3350,0.00035606749588623643,0.00035606749588623643,44.997642517089844,1e-05,1.0,325.2352492000209,9261.65087890625
final_only,3351,1.898129630717449e-05,1.898129630717449e-05,45.433013916015625,1e-05,1.0,325.3307249000063,9261.65087890625
final_only,3352,7.09074956830591e-05,7.09074956830591e-05,44.29714584350586,1e-05,1.0,325.4269741999451,9261.65087890625
final_only,3353,1.742793756420724e-05,1.742793756420724e-05,48.476829528808594,1e-05,1.0,325.5219676999841,9261.65087890625
final_only,3354,5.380880338634597e-06,5.380880338634597e-06,43.74909210205078,1e-05,1.0,325.61651159997564,9261.65087890625
final_only,3355,6.588676569663221e-06,6.588676569663221e-06,47.990318298339844,1e-05,1.0,325.71167550003156,9261.65087890625
final_only,3356,3.143643698422238e-05,3.143643698422238e-05,45.92039489746094,1e-05,1.0,325.8070866999915,9261.65087890625
final_only,3357,5.4541109420824796e-05,5.4541109420824796e-05,47.85026168823242,1e-05,1.0,325.9019786999561,9261.65087890625
final_only,3358,4.461823664314579e-06,4.461823664314579e-06,44.12089920043945,1e-05,1.0,325.9986265000189,9261.65087890625
final_only,3359,1.2386259186314419e-05,1.2386259186314419e-05,47.40619659423828,1e-05,1.0,326.0939971000189,9261.65087890625
final_only,3360,3.5183144063921645e-05,3.5183144063921645e-05,43.780372619628906,1e-05,1.0,326.1888306000037,9261.65087890625
final_only,3361,7.490250573027879e-05,7.490250573027879e-05,46.55138397216797,1e-05,1.0,326.28304619994015,9261.65087890625
final_only,3362,2.1682093574781902e-05,2.1682093574781902e-05,46.881378173828125,1e-05,1.0,326.37831489997916,9261.65087890625
final_only,3363,4.353376789367758e-05,4.353376789367758e-05,46.52799987792969,1e-05,1.0,326.4743097999599,9261.65087890625
final_only,3364,1.9373981558601372e-05,1.9373981558601372e-05,46.54875183105469,1e-05,1.0,326.56867509998847,9261.65087890625
final_only,3365,1.2585072909132577e-05,1.2585072909132577e-05,46.957176208496094,1e-05,1.0,326.6642088999506,9261.65087890625
final_only,3366,6.155434675747529e-05,6.155434675747529e-05,45.099578857421875,1e-05,1.0,326.759240699932,9261.65087890625
final_only,3367,1.654799052630551e-05,1.654799052630551e-05,46.40192794799805,1e-05,1.0,326.8547303000232,9261.65087890625
final_only,3368,2.644692904141266e-05,2.644692904141266e-05,47.17373275756836,1e-05,1.0,326.9501725999871,9261.65087890625
final_only,3369,6.848420071037253e-06,6.848420071037253e-06,46.896385192871094,1e-05,1.0,327.0456080000149,9261.65087890625
final_only,3370,8.242733747465536e-05,8.242733747465536e-05,45.31911849975586,1e-05,1.0,327.1407823000336,9261.65087890625
final_only,3371,1.5250573596858885e-05,1.5250573596858885e-05,46.20419692993164,1e-05,1.0,327.2360237999819,9261.65087890625
final_only,3372,4.35778965766076e-05,4.35778965766076e-05,46.34918212890625,1e-05,1.0,327.329849599977,9261.65087890625
final_only,3373,0.0003272404719609767,0.0003272404719609767,45.37482452392578,1e-05,1.0,327.42563309997786,9261.65087890625
final_only,3374,3.46056986018084e-05,3.46056986018084e-05,46.41205978393555,1e-05,1.0,327.52076079999097,9261.65087890625
final_only,3375,4.8215304559562355e-05,4.8215304559562355e-05,45.76280975341797,1e-05,1.0,327.6154529999476,9261.65087890625
final_only,3376,1.5817899111425504e-05,1.5817899111425504e-05,46.71353530883789,1e-05,1.0,327.71134849998634,9261.65087890625
final_only,3377,7.238354737637565e-05,7.238354737637565e-05,45.832908630371094,1e-05,1.0,327.80604830000084,9261.65087890625
final_only,3378,1.3199392924434505e-05,1.3199392924434505e-05,49.73710632324219,1e-05,1.0,327.90283729997464,9261.65087890625
final_only,3379,2.9191418434493244e-05,2.9191418434493244e-05,49.4373893737793,1e-05,1.0,328.00064390001353,9261.65087890625
final_only,3380,4.539749716059305e-05,4.539749716059305e-05,46.232948303222656,1e-05,1.0,328.09602409997024,9261.65087890625
final_only,3381,3.955377542297356e-05,3.955377542297356e-05,45.488250732421875,1e-05,1.0,328.1911229999969,9261.65087890625
final_only,3382,5.327146368472313e-07,5.327146368472313e-07,50.99261474609375,1e-05,1.0,328.2860546000302,9261.65087890625
final_only,3383,2.1433927031466737e-05,2.1433927031466737e-05,46.558319091796875,1e-05,1.0,328.3808978999732,9261.65087890625
final_only,3384,5.351334493752802e-06,5.351334493752802e-06,44.817047119140625,1e-05,1.0,328.4764282000251,9261.65087890625
final_only,3385,3.173729419359006e-05,3.173729419359006e-05,47.918087005615234,1e-05,1.0,328.5716126000043,9261.65087890625
final_only,3386,3.522448969306424e-05,3.522448969306424e-05,46.376556396484375,1e-05,1.0,328.66663130000234,9261.65087890625
final_only,3387,5.0345413910690695e-05,5.0345413910690695e-05,47.692039489746094,1e-05,1.0,328.76144359994214,9261.65087890625
final_only,3388,2.0360395865282044e-05,2.0360395865282044e-05,47.079071044921875,1e-05,1.0,328.8572872999357,9261.65087890625
final_only,3389,6.874897371744737e-05,6.874897371744737e-05,47.419254302978516,1e-05,1.0,328.9530261999462,9261.65087890625
final_only,3390,5.053042059444124e-06,5.053042059444124e-06,48.24513244628906,1e-05,1.0,329.04920859995764,9261.65087890625
final_only,3391,3.192443182342686e-05,3.192443182342686e-05,45.937644958496094,1e-05,1.0,329.144167499966,9261.65087890625
final_only,3392,2.3794532353349496e-06,2.3794532353349496e-06,45.28260040283203,1e-05,1.0,329.2395502999425,9261.65087890625
final_only,3393,1.850006083259359e-05,1.850006083259359e-05,46.91743469238281,1e-05,1.0,329.3333990999963,9261.65087890625
final_only,3394,3.540891339071095e-05,3.540891339071095e-05,43.87213897705078,1e-05,1.0,329.4289462999441,9261.65087890625
final_only,3395,0.00012514357513282448,0.00012514357513282448,45.90201187133789,1e-05,1.0,329.52452869992703,9261.65087890625
final_only,3396,1.8255468603456393e-05,1.8255468603456393e-05,47.49757385253906,1e-05,1.0,329.61917960003484,9261.65087890625
final_only,3397,4.675929812947288e-05,4.675929812947288e-05,47.83022689819336,1e-05,1.0,329.7142267000163,9261.65087890625
final_only,3398,5.8953526604454964e-05,5.8953526604454964e-05,48.076351165771484,1e-05,1.0,329.80900909996126,9261.65087890625
final_only,3399,2.795496584440116e-05,2.795496584440116e-05,49.220008850097656,1e-05,1.0,329.9049909999594,9261.65087890625
final_only,3400,1.6018220776459202e-05,1.6018220776459202e-05,45.82215118408203,1e-05,1.0,330.0016338999849,9261.65087890625
final_only,3401,8.495037036482245e-06,8.495037036482245e-06,46.54612731933594,1e-05,1.0,330.0977292000316,9261.65087890625
final_only,3402,3.0121023883111775e-05,3.0121023883111775e-05,46.16688537597656,1e-05,1.0,330.1932759999763,9261.65087890625
final_only,3403,7.527460184064694e-06,7.527460184064694e-06,46.06985855102539,1e-05,1.0,330.28712400002405,9261.65087890625
final_only,3404,4.514981264946982e-05,4.514981264946982e-05,47.67674255371094,1e-05,1.0,330.3816645999905,9261.65087890625
final_only,3405,7.77466339059174e-05,7.77466339059174e-05,44.51598358154297,1e-05,1.0,330.47716469992884,9261.65087890625
final_only,3406,2.147532723029144e-05,2.147532723029144e-05,46.413917541503906,1e-05,1.0,330.5726524000056,9261.65087890625
final_only,3407,2.0176590624032542e-05,2.0176590624032542e-05,45.80608367919922,1e-05,1.0,330.6670599000063,9261.65087890625
final_only,3408,2.34857652685605e-05,2.34857652685605e-05,45.5706901550293,1e-05,1.0,330.76242799998727,9261.65087890625
final_only,3409,1.107226125895977e-05,1.107226125895977e-05,46.18531036376953,1e-05,1.0,330.8583412999287,9261.65087890625
final_only,3410,3.8300964661175385e-05,3.8300964661175385e-05,48.333160400390625,1e-05,1.0,330.9546704000095,9261.65087890625
final_only,3411,5.461804539663717e-05,5.461804539663717e-05,47.070159912109375,1e-05,1.0,331.0506013999693,9261.65087890625
final_only,3412,1.1711003935488407e-05,1.1711003935488407e-05,47.33025360107422,1e-05,1.0,331.14605630002916,9261.65087890625
final_only,3413,3.8098553432064364e-06,3.8098553432064364e-06,46.66587829589844,1e-05,1.0,331.24118969996925,9261.65087890625
final_only,3414,2.3840617359383032e-05,2.3840617359383032e-05,47.543701171875,1e-05,1.0,331.33513140003197,9261.65087890625
final_only,3415,0.00016001735639292747,0.00016001735639292747,45.96581268310547,1e-05,1.0,331.431332499953,9261.65087890625
final_only,3416,1.5744306438136846e-05,1.5744306438136846e-05,45.487884521484375,1e-05,1.0,331.5265483999392,9261.65087890625
final_only,3417,6.496944115497172e-05,6.496944115497172e-05,46.608253479003906,1e-05,1.0,331.62160099996254,9261.65087890625
final_only,3418,2.9340022592805326e-05,2.9340022592805326e-05,46.677764892578125,1e-05,1.0,331.71637529996224,9261.65087890625
final_only,3419,5.003792466595769e-06,5.003792466595769e-06,44.44655227661133,1e-05,1.0,331.8118042999413,9261.65087890625
final_only,3420,1.978650652745273e-05,1.978650652745273e-05,47.54487228393555,1e-05,1.0,331.90739029995166,9261.65087890625
final_only,3421,1.046367560775252e-05,1.046367560775252e-05,48.02820587158203,1e-05,1.0,332.0051380000077,9261.65087890625
final_only,3422,3.95613369619241e-06,3.95613369619241e-06,49.00768280029297,1e-05,1.0,332.10243450000416,9261.65087890625
final_only,3423,1.0447082786413375e-05,1.0447082786413375e-05,47.1122932434082,1e-05,1.0,332.19835289998446,9261.65087890625
final_only,3424,4.8413534386781976e-05,4.8413534386781976e-05,47.18714141845703,1e-05,1.0,332.29275979998056,9261.65087890625
final_only,3425,1.1460550922492985e-05,1.1460550922492985e-05,46.88782501220703,1e-05,1.0,332.3874342000345,9261.65087890625
final_only,3426,6.113681592978537e-06,6.113681592978537e-06,45.283443450927734,1e-05,1.0,332.4834725999972,9261.65087890625
final_only,3427,2.0944753487128764e-05,2.0944753487128764e-05,47.204803466796875,1e-05,1.0,332.5786764000077,9261.65087890625
final_only,3428,5.378845798986731e-06,5.378845798986731e-06,48.007781982421875,1e-05,1.0,332.67323600000236,9261.65087890625
final_only,3429,1.546364728710614e-05,1.546364728710614e-05,44.456295013427734,1e-05,1.0,332.7683084999444,9261.65087890625
final_only,3430,1.5948404325172305e-05,1.5948404325172305e-05,46.17484664916992,1e-05,1.0,332.86379650002345,9261.65087890625
final_only,3431,5.05781099491287e-05,5.05781099491287e-05,46.632080078125,1e-05,1.0,332.95942119997926,9261.65087890625
final_only,3432,5.0452690629754215e-05,5.0452690629754215e-05,47.32830810546875,1e-05,1.0,333.0566337000346,9261.65087890625
final_only,3433,3.958165689255111e-05,3.958165689255111e-05,46.310394287109375,1e-05,1.0,333.15217649994884,9261.65087890625
final_only,3434,5.906723527004942e-05,5.906723527004942e-05,45.07509994506836,1e-05,1.0,333.2469413999934,9261.65087890625
final_only,3435,2.03184099518694e-05,2.03184099518694e-05,45.80510711669922,1e-05,1.0,333.3408805000363,9261.65087890625
final_only,3436,7.03284877090482e-06,7.03284877090482e-06,48.7528076171875,1e-05,1.0,333.4367490999866,9261.65087890625
final_only,3437,1.4627812561229803e-05,1.4627812561229803e-05,45.16146469116211,1e-05,1.0,333.5315153999254,9261.65087890625
final_only,3438,3.498435398796573e-05,3.498435398796573e-05,46.5810432434082,1e-05,1.0,333.6267841999652,9261.65087890625
final_only,3439,2.7465637685963884e-05,2.7465637685963884e-05,45.19307327270508,1e-05,1.0,333.72221519995946,9261.65087890625
final_only,3440,6.776241207262501e-05,6.776241207262501e-05,46.024288177490234,1e-05,1.0,333.81772019993514,9261.65087890625
final_only,3441,1.987331052077934e-05,1.987331052077934e-05,45.59244918823242,1e-05,1.0,333.9129718999611,9261.65087890625
final_only,3442,5.415483610704541e-05,5.415483610704541e-05,44.416107177734375,1e-05,1.0,334.00924289994873,9261.65087890625
final_only,3443,2.0089450117666274e-05,2.0089450117666274e-05,46.40196228027344,1e-05,1.0,334.10464429995045,9261.65087890625
final_only,3444,3.62080754712224e-05,3.62080754712224e-05,47.94426727294922,1e-05,1.0,334.20012669998687,9261.65087890625
final_only,3445,3.0247292670537718e-05,3.0247292670537718e-05,48.80991744995117,1e-05,1.0,334.29456569999456,9261.65087890625
final_only,3446,3.5294724511913955e-05,3.5294724511913955e-05,46.183380126953125,1e-05,1.0,334.3894691999303,9261.65087890625
final_only,3447,1.850096305133775e-05,1.850096305133775e-05,46.288047790527344,1e-05,1.0,334.48509259999264,9261.65087890625
final_only,3448,2.060873157461174e-05,2.060873157461174e-05,44.39277267456055,1e-05,1.0,334.58103649993427,9261.65087890625
final_only,3449,3.4181099181296304e-05,3.4181099181296304e-05,47.4181022644043,1e-05,1.0,334.6763714000117,9261.65087890625
final_only,3450,4.425362203619443e-05,4.425362203619443e-05,46.04368209838867,1e-05,1.0,334.77147699997295,9261.65087890625
final_only,3451,1.7833970559877343e-05,1.7833970559877343e-05,47.77192687988281,1e-05,1.0,334.8672093999339,9261.65087890625
final_only,3452,7.350516625592718e-06,7.350516625592718e-06,44.75682830810547,1e-05,1.0,334.9639624999836,9261.65087890625
final_only,3453,1.050953142112121e-05,1.050953142112121e-05,45.67586135864258,1e-05,1.0,335.0604427999351,9261.65087890625
final_only,3454,2.6362602511653677e-05,2.6362602511653677e-05,45.942081451416016,1e-05,1.0,335.1553138999734,9261.65087890625
final_only,3455,5.291598063195124e-05,5.291598063195124e-05,46.1119384765625,1e-05,1.0,335.2504469000269,9261.65087890625
final_only,3456,1.1906286999874283e-05,1.1906286999874283e-05,48.70143127441406,1e-05,1.0,335.34485080000013,9261.65087890625
final_only,3457,1.434434852853883e-05,1.434434852853883e-05,45.194732666015625,1e-05,1.0,335.4400968999835,9261.65087890625
final_only,3458,4.237999382894486e-05,4.237999382894486e-05,46.03899383544922,1e-05,1.0,335.53515839995816,9261.65087890625
final_only,3459,3.236510747228749e-05,3.236510747228749e-05,47.521095275878906,1e-05,1.0,335.6301262000343,9261.65087890625
final_only,3460,1.4902851944498252e-05,1.4902851944498252e-05,46.44877243041992,1e-05,1.0,335.7258418999845,9261.65087890625
final_only,3461,2.0224326362949796e-05,2.0224326362949796e-05,45.345096588134766,1e-05,1.0,335.8206738999579,9261.65087890625
final_only,3462,6.0690836107824e-06,6.0690836107824e-06,46.54882049560547,1e-05,1.0,335.9170879999874,9261.65087890625
final_only,3463,2.3291046090889722e-05,2.3291046090889722e-05,49.123390197753906,1e-05,1.0,336.01471459993627,9261.65087890625
final_only,3464,7.617318260599859e-06,7.617318260599859e-06,47.56202697753906,1e-05,1.0,336.11165560001973,9261.65087890625
final_only,3465,2.4799370294203982e-05,2.4799370294203982e-05,45.719635009765625,1e-05,1.0,336.2083375999937,9261.65087890625
final_only,3466,6.78257083563949e-06,6.78257083563949e-06,46.12803649902344,1e-05,1.0,336.3045308999717,9261.65087890625
final_only,3467,1.2659049389185384e-05,1.2659049389185384e-05,46.651885986328125,1e-05,1.0,336.3997799999779,9261.65087890625
final_only,3468,1.581202923262026e-05,1.581202923262026e-05,47.827354431152344,1e-05,1.0,336.49506470002234,9261.65087890625
final_only,3469,2.143742131011095e-05,2.143742131011095e-05,47.48115539550781,1e-05,1.0,336.59012740000617,9261.65087890625
final_only,3470,2.8815997211495414e-05,2.8815997211495414e-05,48.12052917480469,1e-05,1.0,336.6856945999898,9261.65087890625
final_only,3471,6.7045757532469e-06,6.7045757532469e-06,48.42889404296875,1e-05,1.0,336.7805570999626,9261.65087890625
final_only,3472,8.150489156832919e-05,8.150489156832919e-05,46.789520263671875,1e-05,1.0,336.87495379999746,9261.65087890625
final_only,3473,2.350319664401468e-05,2.350319664401468e-05,46.595916748046875,1e-05,1.0,336.97153270000126,9261.65087890625
final_only,3474,2.921885607065633e-05,2.921885607065633e-05,45.663124084472656,1e-05,1.0,337.06751059996895,9261.65087890625
final_only,3475,1.4173034287523478e-05,1.4173034287523478e-05,46.455238342285156,1e-05,1.0,337.16205179993995,9261.65087890625
final_only,3476,1.5829175026738085e-05,1.5829175026738085e-05,45.38861846923828,1e-05,1.0,337.25686470000073,9261.65087890625
final_only,3477,8.63966706674546e-05,8.63966706674546e-05,45.351505279541016,1e-05,1.0,337.35145419999026,9261.65087890625
final_only,3478,2.071142807835713e-05,2.071142807835713e-05,44.83222961425781,1e-05,1.0,337.44664999993984,9261.65087890625
final_only,3479,1.2494121619965881e-05,1.2494121619965881e-05,45.4517822265625,1e-05,1.0,337.5415945999557,9261.65087890625
final_only,3480,4.9961323384195566e-05,4.9961323384195566e-05,47.22064971923828,1e-05,1.0,337.636665900005,9261.65087890625
final_only,3481,3.232412927900441e-05,3.232412927900441e-05,46.11204528808594,1e-05,1.0,337.73186780000106,9261.65087890625
final_only,3482,2.6263529434800148e-05,2.6263529434800148e-05,44.94009780883789,1e-05,1.0,337.8264380999608,9261.65087890625
final_only,3483,1.3611179383588023e-05,1.3611179383588023e-05,47.91460037231445,1e-05,1.0,337.9232603999553,9261.65087890625
final_only,3484,0.00010851294064195827,0.00010851294064195827,47.072898864746094,1e-05,1.0,338.0194545999402,9261.65087890625
final_only,3485,1.344172142125899e-05,1.344172142125899e-05,44.55926513671875,1e-05,1.0,338.11447749997023,9261.65087890625
final_only,3486,1.5079707736731507e-05,1.5079707736731507e-05,46.783164978027344,1e-05,1.0,338.2100787999807,9261.65087890625
final_only,3487,4.9740106078388635e-06,4.9740106078388635e-06,46.791282653808594,1e-05,1.0,338.3052239000099,9261.65087890625
final_only,3488,4.117895969102392e-06,4.117895969102392e-06,45.019508361816406,1e-05,1.0,338.39945229992736,9261.65087890625
final_only,3489,2.9872480808990076e-05,2.9872480808990076e-05,47.59787368774414,1e-05,1.0,338.49490859999787,9261.65087890625
final_only,3490,2.3077816877048463e-05,2.3077816877048463e-05,47.271602630615234,1e-05,1.0,338.59031529992353,9261.65087890625
final_only,3491,1.8119953892892227e-05,1.8119953892892227e-05,47.387081146240234,1e-05,1.0,338.68532920000143,9261.65087890625
final_only,3492,1.8238624761579558e-05,1.8238624761579558e-05,46.8231201171875,1e-05,1.0,338.77986489993054,9261.65087890625
final_only,3493,1.632459861866664e-05,1.632459861866664e-05,43.51587677001953,1e-05,1.0,338.8756623000372,9261.65087890625
final_only,3494,3.803333584073698e-06,3.803333584073698e-06,48.4266357421875,1e-05,1.0,338.9721522999462,9261.65087890625
final_only,3495,2.1005518647143617e-05,2.1005518647143617e-05,47.464569091796875,1e-05,1.0,339.06793959997594,9261.65087890625
final_only,3496,3.546535663190298e-05,3.546535663190298e-05,46.14549255371094,1e-05,1.0,339.16267300001346,9261.65087890625
final_only,3497,1.0892523278016597e-05,1.0892523278016597e-05,47.16790008544922,1e-05,1.0,339.25776659999974,9261.65087890625
final_only,3498,9.344728823634796e-06,9.344728823634796e-06,48.61177444458008,1e-05,1.0,339.3521923000226,9261.65087890625
final_only,3499,2.802748349495232e-05,2.802748349495232e-05,49.72669982910156,1e-05,1.0,339.44758219993673,9261.65087890625
final_only,3500,8.747039828449488e-06,8.747039828449488e-06,45.766845703125,1e-05,1.0,339.54318409995176,9261.65087890625
final_only,3501,2.5862282200250775e-05,2.5862282200250775e-05,47.44252014160156,1e-05,1.0,339.95285220001824,9261.65087890625
final_only,3502,2.9410477509372868e-05,2.9410477509372868e-05,45.683837890625,1e-05,1.0,340.0493065000046,9261.65087890625
final_only,3503,5.655701534124091e-05,5.655701534124091e-05,46.012290954589844,1e-05,1.0,340.1447469999548,9261.65087890625
final_only,3504,5.0767866923706606e-05,5.0767866923706606e-05,44.96183395385742,1e-05,1.0,340.24025469995104,9261.65087890625
final_only,3505,6.958191534067737e-06,6.958191534067737e-06,47.506412506103516,1e-05,1.0,340.33606080000754,9261.65087890625
final_only,3506,5.346746911527589e-05,5.346746911527589e-05,45.57353973388672,1e-05,1.0,340.43142030003946,9261.65087890625
final_only,3507,4.5744549424853176e-05,4.5744549424853176e-05,47.47210693359375,1e-05,1.0,340.52626760001294,9261.65087890625
final_only,3508,1.2383483408484608e-05,1.2383483408484608e-05,46.22100830078125,1e-05,1.0,340.6208323999308,9261.65087890625
final_only,3509,2.537629916332662e-05,2.537629916332662e-05,45.70622253417969,1e-05,1.0,340.71626919996925,9261.65087890625
final_only,3510,3.3859127142932266e-05,3.3859127142932266e-05,46.6739501953125,1e-05,1.0,340.81228690000717,9261.65087890625
final_only,3511,3.151359123876318e-05,3.151359123876318e-05,48.373111724853516,1e-05,1.0,340.90714349993505,9261.65087890625
final_only,3512,1.0284817108185962e-05,1.0284817108185962e-05,46.71251678466797,1e-05,1.0,341.0031571999425,9261.65087890625
final_only,3513,1.662113209022209e-05,1.662113209022209e-05,44.648738861083984,1e-05,1.0,341.0981526999967,9261.65087890625
final_only,3514,3.760726031032391e-05,3.760726031032391e-05,45.83589172363281,1e-05,1.0,341.19401490001474,9261.65087890625
final_only,3515,2.0182356820441782e-05,2.0182356820441782e-05,47.235260009765625,1e-05,1.0,341.28842639992945,9261.65087890625
final_only,3516,2.9740842364844866e-05,2.9740842364844866e-05,45.72825622558594,1e-05,1.0,341.3830603000242,9261.65087890625
final_only,3517,4.683683437178843e-05,4.683683437178843e-05,48.15559768676758,1e-05,1.0,341.4791335000191,9261.65087890625
final_only,3518,3.2761327020125464e-05,3.2761327020125464e-05,46.37693786621094,1e-05,1.0,341.5734511000337,9261.65087890625
final_only,3519,1.8927927158074453e-05,1.8927927158074453e-05,46.74458312988281,1e-05,1.0,341.66886480001267,9261.65087890625
final_only,3520,3.506063876557164e-05,3.506063876557164e-05,44.32307052612305,1e-05,1.0,341.7638372000074,9261.65087890625
final_only,3521,1.620829789317213e-05,1.620829789317213e-05,46.50799560546875,1e-05,1.0,341.85858240001835,9261.65087890625
final_only,3522,1.2891333426523488e-05,1.2891333426523488e-05,46.62236404418945,1e-05,1.0,341.95452869997825,9261.65087890625
final_only,3523,3.9096186810638756e-05,3.9096186810638756e-05,44.878456115722656,1e-05,1.0,342.05020860000513,9261.65087890625
final_only,3524,5.7576794461056124e-06,5.7576794461056124e-06,48.278656005859375,1e-05,1.0,342.14576340001076,9261.65087890625
final_only,3525,6.909039802849293e-05,6.909039802849293e-05,46.34328842163086,1e-05,1.0,342.2401748999255,9261.65087890625
final_only,3526,1.251515368494438e-05,1.251515368494438e-05,48.11745071411133,1e-05,1.0,342.3351853999775,9261.65087890625
final_only,3527,7.361813186435029e-05,7.361813186435029e-05,47.32933044433594,1e-05,1.0,342.4297948000021,9261.65087890625
final_only,3528,1.701463042991236e-05,1.701463042991236e-05,45.20323944091797,1e-05,1.0,342.52566970000044,9261.65087890625
final_only,3529,1.1543270375113934e-05,1.1543270375113934e-05,46.7184944152832,1e-05,1.0,342.6212662999751,9261.65087890625
final_only,3530,1.4157238183543086e-05,1.4157238183543086e-05,46.678165435791016,1e-05,1.0,342.71718639996834,9261.65087890625
final_only,3531,5.826721917401301e-06,5.826721917401301e-06,46.881385803222656,1e-05,1.0,342.8125944000203,9261.65087890625
final_only,3532,4.207523670629598e-05,4.207523670629598e-05,45.98413848876953,1e-05,1.0,342.9079358000308,9261.65087890625
final_only,3533,2.7570240490604192e-05,2.7570240490604192e-05,45.05880355834961,1e-05,1.0,343.0037766000023,9261.65087890625
final_only,3534,1.4677746548841242e-05,1.4677746548841242e-05,48.654563903808594,1e-05,1.0,343.0996413999237,9261.65087890625
final_only,3535,7.484995421691565e-06,7.484995421691565e-06,45.78546905517578,1e-05,1.0,343.1946368999779,9261.65087890625
final_only,3536,0.00028887687949463725,0.00028887687949463725,44.59506607055664,1e-05,1.0,343.2896475000307,9261.65087890625
final_only,3537,7.396395631076302e-06,7.396395631076302e-06,46.713096618652344,1e-05,1.0,343.3845065999776,9261.65087890625
final_only,3538,1.663050352362916e-05,1.663050352362916e-05,46.7436637878418,1e-05,1.0,343.47977500001434,9261.65087890625
final_only,3539,1.4000179362483323e-05,1.4000179362483323e-05,47.58201599121094,1e-05,1.0,343.57421809993684,9261.65087890625
final_only,3540,7.003189693932654e-06,7.003189693932654e-06,46.54048156738281,1e-05,1.0,343.66915119998157,9261.65087890625
final_only,3541,1.435516242054291e-05,1.435516242054291e-05,44.6563606262207,1e-05,1.0,343.7641023999313,9261.65087890625
final_only,3542,1.49788502312731e-05,1.49788502312731e-05,48.8736686706543,1e-05,1.0,343.8589312999975,9261.65087890625
final_only,3543,1.3757700799033046e-05,1.3757700799033046e-05,45.209716796875,1e-05,1.0,343.9545056000352,9261.65087890625
final_only,3544,2.104371742461808e-05,2.104371742461808e-05,46.52696228027344,1e-05,1.0,344.05157699994743,9261.65087890625
final_only,3545,4.9042588216252625e-05,4.9042588216252625e-05,45.67082595825195,1e-05,1.0,344.1467481999425,9261.65087890625
final_only,3546,4.2977157136192545e-05,4.2977157136192545e-05,46.07264709472656,1e-05,1.0,344.24191240000073,9261.65087890625
final_only,3547,3.433589881751686e-05,3.433589881751686e-05,45.527217864990234,1e-05,1.0,344.3381251000101,9261.65087890625
final_only,3548,8.377301128348336e-06,8.377301128348336e-06,44.358577728271484,1e-05,1.0,344.433319499949,9261.65087890625
final_only,3549,5.161958688404411e-05,5.161958688404411e-05,47.20911407470703,1e-05,1.0,344.528609400033,9261.65087890625
final_only,3550,7.835004362277687e-05,7.835004362277687e-05,46.402610778808594,1e-05,1.0,344.6239991999464,9261.65087890625
final_only,3551,5.602722740150057e-05,5.602722740150057e-05,44.94855880737305,1e-05,1.0,344.7204283999745,9261.65087890625
final_only,3552,4.7635030568926595e-06,4.7635030568926595e-06,44.86574172973633,1e-05,1.0,344.81508580001537,9261.65087890625
final_only,3553,1.092464844987262e-05,1.092464844987262e-05,47.447017669677734,1e-05,1.0,344.9110422999365,9261.65087890625
final_only,3554,6.951485374884214e-06,6.951485374884214e-06,47.119483947753906,1e-05,1.0,345.0077296999516,9261.65087890625
final_only,3555,1.3553823009715416e-05,1.3553823009715416e-05,46.20813751220703,1e-05,1.0,345.1033097000327,9261.65087890625
final_only,3556,2.2481606720248237e-05,2.2481606720248237e-05,44.61201095581055,1e-05,1.0,345.1977582999971,9261.65087890625
final_only,3557,4.7797966544749215e-06,4.7797966544749215e-06,45.11586380004883,1e-05,1.0,345.2928781999508,9261.65087890625
final_only,3558,2.0758870959980413e-05,2.0758870959980413e-05,47.82300567626953,1e-05,1.0,345.3877897999482,9261.65087890625
final_only,3559,2.6175795937888324e-05,2.6175795937888324e-05,45.14573287963867,1e-05,1.0,345.4830725999782,9261.65087890625
final_only,3560,3.74109331460204e-05,3.74109331460204e-05,46.03205490112305,1e-05,1.0,345.57833389996085,9261.65087890625
final_only,3561,8.89956845639972e-06,8.89956845639972e-06,46.5267333984375,1e-05,1.0,345.6730360999936,9261.65087890625
final_only,3562,4.77652292829589e-06,4.77652292829589e-06,45.204471588134766,1e-05,1.0,345.7686713000294,9261.65087890625
final_only,3563,2.642967228894122e-05,2.642967228894122e-05,45.269866943359375,1e-05,1.0,345.86373730003834,9261.65087890625
final_only,3564,1.0365153684688266e-05,1.0365153684688266e-05,47.797706604003906,1e-05,1.0,345.9598257000325,9261.65087890625
final_only,3565,5.2765121836273465e-06,5.2765121836273465e-06,47.061195373535156,1e-05,1.0,346.05643430002965,9261.65087890625
final_only,3566,8.873024853528477e-06,8.873024853528477e-06,46.13148880004883,1e-05,1.0,346.15165929996874,9261.65087890625
final_only,3567,2.139107891707681e-05,2.139107891707681e-05,48.095611572265625,1e-05,1.0,346.24686820001807,9261.65087890625
final_only,3568,3.476982965366915e-05,3.476982965366915e-05,45.143951416015625,1e-05,1.0,346.342165100039,9261.65087890625
final_only,3569,8.349834388354793e-05,8.349834388354793e-05,44.11754608154297,1e-05,1.0,346.4370021999348,9261.65087890625
final_only,3570,2.78827315014496e-06,2.78827315014496e-06,49.07598114013672,1e-05,1.0,346.53208859998267,9261.65087890625
final_only,3571,2.0434494217624888e-05,2.0434494217624888e-05,47.02598571777344,1e-05,1.0,346.62775869993493,9261.65087890625
final_only,3572,2.7664751542033628e-05,2.7664751542033628e-05,45.4141731262207,1e-05,1.0,346.72242709994316,9261.65087890625
final_only,3573,1.1201764209545217e-05,1.1201764209545217e-05,46.22206115722656,1e-05,1.0,346.8170393999899,9261.65087890625
final_only,3574,1.5852499927859753e-05,1.5852499927859753e-05,45.146728515625,1e-05,1.0,346.91239509999286,9261.65087890625
final_only,3575,3.054800254176371e-05,3.054800254176371e-05,47.981658935546875,1e-05,1.0,347.00884619995486,9261.65087890625
final_only,3576,3.020695294253528e-05,3.020695294253528e-05,45.473270416259766,1e-05,1.0,347.10399850003887,9261.65087890625
final_only,3577,1.5963056284817867e-05,1.5963056284817867e-05,47.853904724121094,1e-05,1.0,347.1991289999569,9261.65087890625
final_only,3578,3.166969327139668e-05,3.166969327139668e-05,46.953895568847656,1e-05,1.0,347.29417040001135,9261.65087890625
final_only,3579,1.5637409887858666e-05,1.5637409887858666e-05,45.17455291748047,1e-05,1.0,347.3889930000296,9261.65087890625
final_only,3580,1.1455520507297479e-05,1.1455520507297479e-05,44.35004425048828,1e-05,1.0,347.48451720003504,9261.65087890625
final_only,3581,2.2377775167115033e-05,2.2377775167115033e-05,47.48686218261719,1e-05,1.0,347.5799927000189,9261.65087890625
final_only,3582,2.1428742911666632e-05,2.1428742911666632e-05,47.27068328857422,1e-05,1.0,347.67467019998,9261.65087890625
final_only,3583,9.036183655553032e-06,9.036183655553032e-06,44.92441177368164,1e-05,1.0,347.76944860001095,9261.65087890625
final_only,3584,1.5309515219996683e-05,1.5309515219996683e-05,45.531028747558594,1e-05,1.0,347.86520959995687,9261.65087890625
final_only,3585,8.793857887212653e-06,8.793857887212653e-06,47.99967956542969,1e-05,1.0,347.96205740002915,9261.65087890625
final_only,3586,1.872018037829548e-05,1.872018037829548e-05,46.94334030151367,1e-05,1.0,348.0579038999276,9261.65087890625
final_only,3587,5.230973329162225e-05,5.230973329162225e-05,46.30841064453125,1e-05,1.0,348.1535787000321,9261.65087890625
final_only,3588,2.4959594156825915e-05,2.4959594156825915e-05,44.303245544433594,1e-05,1.0,348.2485799000133,9261.65087890625
final_only,3589,1.1208345313207246e-05,1.1208345313207246e-05,44.53898620605469,1e-05,1.0,348.34397209994495,9261.65087890625
final_only,3590,2.1657486286130734e-05,2.1657486286130734e-05,45.11152648925781,1e-05,1.0,348.43985560000874,9261.65087890625
final_only,3591,3.318756716907956e-05,3.318756716907956e-05,46.69590377807617,1e-05,1.0,348.536229899968,9261.65087890625
final_only,3592,3.997566818725318e-05,3.997566818725318e-05,44.93699645996094,1e-05,1.0,348.6318811000092,9261.65087890625
final_only,3593,9.484754627919756e-06,9.484754627919756e-06,46.217124938964844,1e-05,1.0,348.72662780003157,9261.65087890625
final_only,3594,4.075398464919999e-05,4.075398464919999e-05,45.11943054199219,1e-05,1.0,348.82186939998064,9261.65087890625
final_only,3595,1.0378069418948144e-05,1.0378069418948144e-05,43.30119323730469,1e-05,1.0,348.9175957000116,9261.65087890625
final_only,3596,2.4691213184269145e-05,2.4691213184269145e-05,44.53022766113281,1e-05,1.0,349.0143356999615,9261.65087890625
final_only,3597,2.4273136659758165e-05,2.4273136659758165e-05,46.28184509277344,1e-05,1.0,349.1100393999368,9261.65087890625
final_only,3598,2.2842123144073412e-05,2.2842123144073412e-05,46.6531982421875,1e-05,1.0,349.20555069996044,9261.65087890625
final_only,3599,2.0209885406075045e-05,2.0209885406075045e-05,45.96144104003906,1e-05,1.0,349.29993019998074,9261.65087890625
final_only,3600,1.2292452993278857e-05,1.2292452993278857e-05,45.910579681396484,1e-05,1.0,349.39533860003576,9261.65087890625
final_only,3601,9.198054613079876e-06,9.198054613079876e-06,47.11199951171875,1e-05,1.0,349.4908429000061,9261.65087890625
final_only,3602,4.893026198260486e-05,4.893026198260486e-05,47.19575881958008,1e-05,1.0,349.5859514999902,9261.65087890625
final_only,3603,5.421753303380683e-05,5.421753303380683e-05,49.126773834228516,1e-05,1.0,349.6808357000118,9261.65087890625
final_only,3604,5.1937924581579864e-05,5.1937924581579864e-05,48.31242370605469,1e-05,1.0,349.776155199972,9261.65087890625
final_only,3605,3.814065712504089e-05,3.814065712504089e-05,45.61582565307617,1e-05,1.0,349.8713423999725,9261.65087890625
final_only,3606,9.49444165598834e-06,9.49444165598834e-06,48.537391662597656,1e-05,1.0,349.96714730001986,9261.65087890625
final_only,3607,2.915416916948743e-05,2.915416916948743e-05,46.6086311340332,1e-05,1.0,350.06376659998205,9261.65087890625
final_only,3608,4.385784995974973e-05,4.385784995974973e-05,46.72828674316406,1e-05,1.0,350.15905959997326,9261.65087890625
final_only,3609,5.0390182877890766e-05,5.0390182877890766e-05,48.95193099975586,1e-05,1.0,350.2550504000392,9261.65087890625
final_only,3610,7.452174941136036e-06,7.452174941136036e-06,47.014503479003906,1e-05,1.0,350.34972069994546,9261.65087890625
final_only,3611,7.313247351703467e-06,7.313247351703467e-06,48.37105178833008,1e-05,1.0,350.4448511999799,9261.65087890625
final_only,3612,6.71005982439965e-05,6.71005982439965e-05,45.3187255859375,1e-05,1.0,350.54064269992523,9261.65087890625
final_only,3613,3.62330574716907e-05,3.62330574716907e-05,46.88795471191406,1e-05,1.0,350.63523020001594,9261.65087890625
final_only,3614,1.519979014119599e-05,1.519979014119599e-05,48.1468620300293,1e-05,1.0,350.73026550002396,9261.65087890625
final_only,3615,2.9815875677741133e-05,2.9815875677741133e-05,45.73070526123047,1e-05,1.0,350.82526930002496,9261.65087890625
final_only,3616,6.26231194473803e-05,6.26231194473803e-05,45.932518005371094,1e-05,1.0,350.9203283999814,9261.65087890625
final_only,3617,9.598054020898417e-06,9.598054020898417e-06,45.57529067993164,1e-05,1.0,351.01669189997483,9261.65087890625
final_only,3618,2.600547668407671e-05,2.600547668407671e-05,47.186378479003906,1e-05,1.0,351.1122561999364,9261.65087890625
final_only,3619,3.876704067806713e-05,3.876704067806713e-05,45.98270797729492,1e-05,1.0,351.2071098999586,9261.65087890625
final_only,3620,5.9056757891085e-05,5.9056757891085e-05,46.395023345947266,1e-05,1.0,351.3018174000317,9261.65087890625
final_only,3621,0.000223115726839751,0.000223115726839751,45.519168853759766,1e-05,1.0,351.39752949995454,9261.65087890625
final_only,3622,2.551580109866336e-05,2.551580109866336e-05,45.920555114746094,1e-05,1.0,351.4922451999737,9261.65087890625
final_only,3623,2.1716330593335442e-05,2.1716330593335442e-05,44.58689498901367,1e-05,1.0,351.5879042999586,9261.65087890625
final_only,3624,4.466557584237307e-05,4.466557584237307e-05,45.85652542114258,1e-05,1.0,351.68335659999866,9261.65087890625
final_only,3625,1.210781374538783e-05,1.210781374538783e-05,47.0489616394043,1e-05,1.0,351.77779480000027,9261.65087890625
final_only,3626,5.31796868017409e-05,5.31796868017409e-05,45.729408264160156,1e-05,1.0,351.8729927999666,9261.65087890625
final_only,3627,6.079409558878979e-06,6.079409558878979e-06,47.33500671386719,1e-05,1.0,351.97026079997886,9261.65087890625
final_only,3628,7.191857093857834e-06,7.191857093857834e-06,49.17359924316406,1e-05,1.0,352.0663718000287,9261.65087890625
final_only,3629,2.7892247089766897e-05,2.7892247089766897e-05,47.75651550292969,1e-05,1.0,352.16158299997915,9261.65087890625
final_only,3630,5.793129275843967e-06,5.793129275843967e-06,47.582244873046875,1e-05,1.0,352.25636549992487,9261.65087890625
final_only,3631,1.3967963241157122e-05,1.3967963241157122e-05,45.775691986083984,1e-05,1.0,352.3516216999851,9261.65087890625
final_only,3632,1.325347511738073e-05,1.325347511738073e-05,48.26560592651367,1e-05,1.0,352.44648069993127,9261.65087890625
final_only,3633,3.070517414016649e-05,3.070517414016649e-05,46.576507568359375,1e-05,1.0,352.54235539992806,9261.65087890625
final_only,3634,3.47739078279119e-05,3.47739078279119e-05,45.677452087402344,1e-05,1.0,352.6384987999918,9261.65087890625
final_only,3635,4.7969433580874465e-06,4.7969433580874465e-06,46.62684631347656,1e-05,1.0,352.73402820003685,9261.65087890625
final_only,3636,2.2834152332507074e-05,2.2834152332507074e-05,45.04712677001953,1e-05,1.0,352.82842759997584,9261.65087890625
final_only,3637,3.388307959539816e-05,3.388307959539816e-05,45.474891662597656,1e-05,1.0,352.923047499964,9261.65087890625
final_only,3638,7.365632882283535e-06,7.365632882283535e-06,47.720497131347656,1e-05,1.0,353.0196924000047,9261.65087890625
final_only,3639,1.7285779904341325e-05,1.7285779904341325e-05,45.51514434814453,1e-05,1.0,353.11575510003604,9261.65087890625
final_only,3640,2.5448494852753356e-05,2.5448494852753356e-05,47.14915466308594,1e-05,1.0,353.21084109996445,9261.65087890625
final_only,3641,4.2790408770088106e-05,4.2790408770088106e-05,45.371490478515625,1e-05,1.0,353.30578179995064,9261.65087890625
final_only,3642,2.9405788154690526e-05,2.9405788154690526e-05,48.87861633300781,1e-05,1.0,353.4017770999344,9261.65087890625
final_only,3643,1.7754839063854888e-05,1.7754839063854888e-05,46.00421142578125,1e-05,1.0,353.496477699955,9261.65087890625
final_only,3644,8.462406185572036e-06,8.462406185572036e-06,48.237789154052734,1e-05,1.0,353.5915990000358,9261.65087890625
final_only,3645,3.850976281682961e-05,3.850976281682961e-05,47.531700134277344,1e-05,1.0,353.68637290003244,9261.65087890625
final_only,3646,5.1308343245182186e-05,5.1308343245182186e-05,44.247196197509766,1e-05,1.0,353.7819639999652,9261.65087890625
final_only,3647,0.0002438642259221524,0.0002438642259221524,44.911346435546875,1e-05,1.0,353.87649840000086,9261.65087890625
final_only,3648,8.996727046906017e-06,8.996727046906017e-06,47.936622619628906,1e-05,1.0,353.9732241999591,9261.65087890625
final_only,3649,0.0002653966657817364,0.0002653966657817364,47.82874298095703,1e-05,1.0,354.06912280002143,9261.65087890625
final_only,3650,1.930763028212823e-05,1.930763028212823e-05,47.39555740356445,1e-05,1.0,354.1642373999348,9261.65087890625
final_only,3651,5.268712266115472e-05,5.268712266115472e-05,45.12608337402344,1e-05,1.0,354.26046399993356,9261.65087890625
final_only,3652,4.316264676162973e-05,4.316264676162973e-05,47.677207946777344,1e-05,1.0,354.3557447999483,9261.65087890625
final_only,3653,9.72595444181934e-06,9.72595444181934e-06,47.467559814453125,1e-05,1.0,354.4507666999707,9261.65087890625
final_only,3654,1.6291056454065256e-05,1.6291056454065256e-05,47.89273452758789,1e-05,1.0,354.54599240003154,9261.65087890625
final_only,3655,1.744072142173536e-05,1.744072142173536e-05,46.195621490478516,1e-05,1.0,354.6403571999399,9261.65087890625
final_only,3656,8.883154805516824e-06,8.883154805516824e-06,45.77202606201172,1e-05,1.0,354.7356077999575,9261.65087890625
final_only,3657,7.111139893822838e-06,7.111139893822838e-06,45.60529327392578,1e-05,1.0,354.82985450001433,9261.65087890625
final_only,3658,4.39421201008372e-05,4.39421201008372e-05,42.96195983886719,1e-05,1.0,354.925503400038,9261.65087890625
final_only,3659,1.8208978872280568e-05,1.8208978872280568e-05,45.61793518066406,1e-05,1.0,355.02213830000255,9261.65087890625
final_only,3660,1.289018564420985e-05,1.289018564420985e-05,46.68199920654297,1e-05,1.0,355.11711360001937,9261.65087890625
final_only,3661,1.1648468898783904e-05,1.1648468898783904e-05,48.61842346191406,1e-05,1.0,355.2124915999593,9261.65087890625
final_only,3662,1.1080584044975694e-05,1.1080584044975694e-05,47.815887451171875,1e-05,1.0,355.3080754999537,9261.65087890625
final_only,3663,7.170473963924451e-06,7.170473963924451e-06,46.25666809082031,1e-05,1.0,355.4026218999643,9261.65087890625
final_only,3664,0.000316960591590032,0.000316960591590032,46.71263122558594,1e-05,1.0,355.49733959999867,9261.65087890625
final_only,3665,3.8424482227128465e-06,3.8424482227128465e-06,47.29514694213867,1e-05,1.0,355.5927070999751,9261.65087890625
final_only,3666,7.319803444261197e-06,7.319803444261197e-06,44.631744384765625,1e-05,1.0,355.6875944000203,9261.65087890625
final_only,3667,1.4476723663392477e-05,1.4476723663392477e-05,46.154693603515625,1e-05,1.0,355.7821000999538,9261.65087890625
final_only,3668,1.6968675481621176e-05,1.6968675481621176e-05,48.06145477294922,1e-05,1.0,355.87757519993465,9261.65087890625
final_only,3669,1.019046158035053e-05,1.019046158035053e-05,47.034080505371094,1e-05,1.0,355.9737061000196,9261.65087890625
final_only,3670,4.5236571168061346e-05,4.5236571168061346e-05,45.313133239746094,1e-05,1.0,356.0702082000207,9261.65087890625
final_only,3671,1.056902783602709e-05,1.056902783602709e-05,48.11888122558594,1e-05,1.0,356.1646720999852,9261.65087890625
final_only,3672,1.3812416909786407e-05,1.3812416909786407e-05,44.556007385253906,1e-05,1.0,356.2591552999802,9261.65087890625
final_only,3673,3.0479597626253963e-05,3.0479597626253963e-05,47.00714874267578,1e-05,1.0,356.35487609996926,9261.65087890625
final_only,3674,1.0175637726206332e-05,1.0175637726206332e-05,46.53370666503906,1e-05,1.0,356.45043460000306,9261.65087890625
final_only,3675,3.644304524641484e-05,3.644304524641484e-05,45.81875228881836,1e-05,1.0,356.54563629999757,9261.65087890625
final_only,3676,6.1107321016606875e-06,6.1107321016606875e-06,47.529747009277344,1e-05,1.0,356.64136479992885,9261.65087890625
final_only,3677,3.8465947000076994e-05,3.8465947000076994e-05,45.21706771850586,1e-05,1.0,356.73728090000805,9261.65087890625
final_only,3678,3.935600398108363e-05,3.935600398108363e-05,46.34033203125,1e-05,1.0,356.8325393999694,9261.65087890625
final_only,3679,1.8682047766560572e-06,1.8682047766560572e-06,48.676483154296875,1e-05,1.0,356.92827449995093,9261.65087890625
final_only,3680,2.2123223970993422e-05,2.2123223970993422e-05,48.15001678466797,1e-05,1.0,357.02509919996373,9261.65087890625
final_only,3681,4.488005652092397e-05,4.488005652092397e-05,49.44774627685547,1e-05,1.0,357.1202172000194,9261.65087890625
final_only,3682,7.1321160248771776e-06,7.1321160248771776e-06,47.04450225830078,1e-05,1.0,357.2148604999529,9261.65087890625
final_only,3683,1.9112876543658786e-05,1.9112876543658786e-05,47.136478424072266,1e-05,1.0,357.31026209995616,9261.65087890625
final_only,3684,4.464279118110426e-05,4.464279118110426e-05,46.68742370605469,1e-05,1.0,357.40504139999393,9261.65087890625
final_only,3685,3.131636913167313e-05,3.131636913167313e-05,48.17226791381836,1e-05,1.0,357.50069399992935,9261.65087890625
final_only,3686,7.864552571845707e-06,7.864552571845707e-06,46.01908493041992,1e-05,1.0,357.5961902999552,9261.65087890625
final_only,3687,1.3026243323110975e-05,1.3026243323110975e-05,45.84538650512695,1e-05,1.0,357.6915895999409,9261.65087890625
final_only,3688,1.267558127437951e-05,1.267558127437951e-05,46.77607727050781,1e-05,1.0,357.786223800038,9261.65087890625
final_only,3689,3.2781185836938675e-06,3.2781185836938675e-06,46.569950103759766,1e-05,1.0,357.8812876000302,9261.65087890625
final_only,3690,6.85086524754297e-06,6.85086524754297e-06,47.02356719970703,1e-05,1.0,357.9779428000329,9261.65087890625
final_only,3691,1.6188736481126398e-05,1.6188736481126398e-05,44.85734176635742,1e-05,1.0,358.07355139998253,9261.65087890625
final_only,3692,3.566315717762336e-05,3.566315717762336e-05,47.14805603027344,1e-05,1.0,358.1685704999836,9261.65087890625
final_only,3693,1.6344718460459262e-05,1.6344718460459262e-05,49.26641082763672,1e-05,1.0,358.26378869998734,9261.65087890625
final_only,3694,1.1770436685765162e-05,1.1770436685765162e-05,46.017181396484375,1e-05,1.0,358.3585833000252,9261.65087890625
final_only,3695,1.2921058441861533e-05,1.2921058441861533e-05,46.35660934448242,1e-05,1.0,358.45445520000067,9261.65087890625
final_only,3696,1.1627616913756356e-05,1.1627616913756356e-05,47.50630187988281,1e-05,1.0,358.54872059996706,9261.65087890625
final_only,3697,6.246020348044112e-06,6.246020348044112e-06,48.222633361816406,1e-05,1.0,358.6447253000224,9261.65087890625
final_only,3698,5.9408441302366555e-05,5.9408441302366555e-05,45.47335433959961,1e-05,1.0,358.73954660003074,9261.65087890625
final_only,3699,3.760859544854611e-05,3.760859544854611e-05,45.58353042602539,1e-05,1.0,358.8348832000047,9261.65087890625
final_only,3700,3.8840451452415437e-05,3.8840451452415437e-05,48.53022384643555,1e-05,1.0,358.9304473999655,9261.65087890625
final_only,3701,1.4760413250769489e-05,1.4760413250769489e-05,46.160186767578125,1e-05,1.0,359.026649300009,9261.65087890625
final_only,3702,8.149852874339558e-06,8.149852874339558e-06,45.721248626708984,1e-05,1.0,359.12280479993206,9261.65087890625
final_only,3703,7.742232810414862e-06,7.742232810414862e-06,45.972537994384766,1e-05,1.0,359.218412599992,9261.65087890625
final_only,3704,0.00025175034534186125,0.00025175034534186125,46.13337707519531,1e-05,1.0,359.31316999997944,9261.65087890625
final_only,3705,2.0060306269442663e-06,2.0060306269442663e-06,47.9581413269043,1e-05,1.0,359.40786399994977,9261.65087890625
final_only,3706,1.0378362276242115e-05,1.0378362276242115e-05,47.914249420166016,1e-05,1.0,359.50311339995824,9261.65087890625
final_only,3707,4.184213685221039e-05,4.184213685221039e-05,45.17032241821289,1e-05,1.0,359.5989096999401,9261.65087890625
final_only,3708,3.064072006964125e-05,3.064072006964125e-05,46.150238037109375,1e-05,1.0,359.6939481999725,9261.65087890625
final_only,3709,3.062439645873383e-05,3.062439645873383e-05,44.729591369628906,1e-05,1.0,359.78888669994194,9261.65087890625
final_only,3710,1.5540823369519785e-05,1.5540823369519785e-05,46.630531311035156,1e-05,1.0,359.88443099998403,9261.65087890625
final_only,3711,2.7307320124236867e-05,2.7307320124236867e-05,47.89799880981445,1e-05,1.0,359.9805010999553,9261.65087890625
final_only,3712,1.9771719053096604e-06,1.9771719053096604e-06,44.63714599609375,1e-05,1.0,360.07684779993724,9261.65087890625
final_only,3713,1.9941093341913074e-05,1.9941093341913074e-05,44.993919372558594,1e-05,1.0,360.1722340999404,9261.65087890625
final_only,3714,7.478514453396201e-05,7.478514453396201e-05,46.66215515136719,1e-05,1.0,360.2670901999809,9261.65087890625
final_only,3715,1.886263635242358e-05,1.886263635242358e-05,45.59396743774414,1e-05,1.0,360.36167569993995,9261.65087890625
final_only,3716,4.8246402002405375e-06,4.8246402002405375e-06,47.18267822265625,1e-05,1.0,360.45762330002617,9261.65087890625
final_only,3717,2.4974839107017033e-05,2.4974839107017033e-05,48.02256393432617,1e-05,1.0,360.55199089995585,9261.65087890625
final_only,3718,3.2088730222312734e-05,3.2088730222312734e-05,48.29975128173828,1e-05,1.0,360.64794159994926,9261.65087890625
final_only,3719,1.4722745618200861e-05,1.4722745618200861e-05,47.38633728027344,1e-05,1.0,360.74449519999325,9261.65087890625
final_only,3720,2.0982370187994093e-05,2.0982370187994093e-05,46.51316833496094,1e-05,1.0,360.84087980003096,9261.65087890625
final_only,3721,4.797949441126548e-05,4.797949441126548e-05,46.41135025024414,1e-05,1.0,360.936511100037,9261.65087890625
final_only,3722,2.8435388230718672e-05,2.8435388230718672e-05,44.18024826049805,1e-05,1.0,361.033644799958,9261.65087890625
final_only,3723,2.342377047170885e-05,2.342377047170885e-05,47.618377685546875,1e-05,1.0,361.12903079995885,9261.65087890625
final_only,3724,6.482729804702103e-05,6.482729804702103e-05,46.15285110473633,1e-05,1.0,361.2247878999915,9261.65087890625
final_only,3725,3.1630246667191386e-05,3.1630246667191386e-05,46.414058685302734,1e-05,1.0,361.31925239996053,9261.65087890625
final_only,3726,4.7873785661067814e-05,4.7873785661067814e-05,48.31953430175781,1e-05,1.0,361.41476770001464,9261.65087890625
final_only,3727,6.287667929427698e-05,6.287667929427698e-05,46.585960388183594,1e-05,1.0,361.5103720999323,9261.65087890625
final_only,3728,1.7596719771972857e-05,1.7596719771972857e-05,47.8856086730957,1e-05,1.0,361.60569320002105,9261.65087890625
final_only,3729,7.144390110624954e-05,7.144390110624954e-05,43.49262619018555,1e-05,1.0,361.70090399996843,9261.65087890625
final_only,3730,1.0156196367461234e-05,1.0156196367461234e-05,45.9522590637207,1e-05,1.0,361.79622779996134,9261.65087890625
final_only,3731,6.631446012761444e-06,6.631446012761444e-06,45.130653381347656,1e-05,1.0,361.89095389994327,9261.65087890625
final_only,3732,3.4961958590429276e-05,3.4961958590429276e-05,47.2309455871582,1e-05,1.0,361.9874452999793,9261.65087890625
final_only,3733,1.6488464098074473e-05,1.6488464098074473e-05,47.64093780517578,1e-05,1.0,362.0829678999726,9261.65087890625
final_only,3734,3.6993558751419187e-05,3.6993558751419187e-05,45.65745162963867,1e-05,1.0,362.1788457999937,9261.65087890625
final_only,3735,1.098631491913693e-05,1.098631491913693e-05,47.62163162231445,1e-05,1.0,362.27325830003247,9261.65087890625
final_only,3736,1.1419533620937727e-05,1.1419533620937727e-05,45.76300048828125,1e-05,1.0,362.3684523999691,9261.65087890625
final_only,3737,1.0857489542104304e-05,1.0857489542104304e-05,47.548828125,1e-05,1.0,362.46446429996286,9261.65087890625
final_only,3738,3.6817895306739956e-05,3.6817895306739956e-05,47.45206832885742,1e-05,1.0,362.5588289999869,9261.65087890625
final_only,3739,2.888767994591035e-05,2.888767994591035e-05,47.47114944458008,1e-05,1.0,362.6550739000086,9261.65087890625
final_only,3740,3.961326729040593e-05,3.961326729040593e-05,47.582820892333984,1e-05,1.0,362.7511546999449,9261.65087890625
final_only,3741,2.52834888669895e-05,2.52834888669895e-05,42.88780975341797,1e-05,1.0,362.84716140001547,9261.65087890625
final_only,3742,5.544160376302898e-05,5.544160376302898e-05,47.28478240966797,1e-05,1.0,362.9420275000157,9261.65087890625
final_only,3743,6.1844298215874005e-06,6.1844298215874005e-06,46.540733337402344,1e-05,1.0,363.0387814999558,9261.65087890625
final_only,3744,5.638778475258732e-06,5.638778475258732e-06,50.07124328613281,1e-05,1.0,363.13405450002756,9261.65087890625
final_only,3745,4.468389306566678e-05,4.468389306566678e-05,47.404361724853516,1e-05,1.0,363.2293827999383,9261.65087890625
final_only,3746,4.155580609221943e-05,4.155580609221943e-05,43.65045166015625,1e-05,1.0,363.3238257999765,9261.65087890625
final_only,3747,1.8211194401374087e-05,1.8211194401374087e-05,47.31422424316406,1e-05,1.0,363.4201913999859,9261.65087890625
final_only,3748,3.3339774745400064e-06,3.3339774745400064e-06,46.58180236816406,1e-05,1.0,363.51567350002006,9261.65087890625
final_only,3749,4.839670509682037e-06,4.839670509682037e-06,47.43956756591797,1e-05,1.0,363.6103753999341,9261.65087890625
final_only,3750,0.00010559670772636309,0.00010559670772636309,46.55516815185547,1e-05,1.0,363.70651679998264,9261.65087890625
final_only,3751,3.841472789645195e-06,3.841472789645195e-06,45.535552978515625,1e-05,1.0,363.802240399993,9261.65087890625
final_only,3752,1.794708259694744e-05,1.794708259694744e-05,47.4522705078125,1e-05,1.0,363.89747229998466,9261.65087890625
final_only,3753,2.894210774684325e-05,2.894210774684325e-05,48.621002197265625,1e-05,1.0,363.99424060003366,9261.65087890625
final_only,3754,1.7010084775392897e-05,1.7010084775392897e-05,43.893402099609375,1e-05,1.0,364.090242199949,9261.65087890625
final_only,3755,1.5979152522049844e-05,1.5979152522049844e-05,48.76435089111328,1e-05,1.0,364.1847838999238,9261.65087890625
final_only,3756,1.094553226721473e-05,1.094553226721473e-05,47.15543746948242,1e-05,1.0,364.2798196999356,9261.65087890625
final_only,3757,2.4150669560185634e-05,2.4150669560185634e-05,47.810237884521484,1e-05,1.0,364.3751124999253,9261.65087890625
final_only,3758,9.938996299752034e-06,9.938996299752034e-06,49.70745849609375,1e-05,1.0,364.4713459999766,9261.65087890625
final_only,3759,4.209244070807472e-05,4.209244070807472e-05,46.602317810058594,1e-05,1.0,364.56570679997094,9261.65087890625
final_only,3760,7.104247742972802e-06,7.104247742972802e-06,47.89548110961914,1e-05,1.0,364.6611660999479,9261.65087890625
final_only,3761,1.5151305888139177e-05,1.5151305888139177e-05,44.04613494873047,1e-05,1.0,364.7565847999649,9261.65087890625
final_only,3762,2.2604308469453827e-05,2.2604308469453827e-05,47.15166473388672,1e-05,1.0,364.8526068000356,9261.65087890625
final_only,3763,5.059529030404519e-06,5.059529030404519e-06,47.225341796875,1e-05,1.0,364.9490165000316,9261.65087890625
final_only,3764,2.4738019419601187e-05,2.4738019419601187e-05,45.790191650390625,1e-05,1.0,365.04516500001773,9261.65087890625
final_only,3765,4.991590685676783e-06,4.991590685676783e-06,48.95832824707031,1e-05,1.0,365.1402075999649,9261.65087890625
final_only,3766,5.214666816755198e-05,5.214666816755198e-05,46.14444351196289,1e-05,1.0,365.2359899999574,9261.65087890625
final_only,3767,2.020935426116921e-06,2.020935426116921e-06,47.92488479614258,1e-05,1.0,365.3311526000034,9261.65087890625
final_only,3768,9.528242117085028e-06,9.528242117085028e-06,43.808502197265625,1e-05,1.0,365.42596629995387,9261.65087890625
final_only,3769,2.4530138489353703e-06,2.4530138489353703e-06,47.15318298339844,1e-05,1.0,365.5218010999961,9261.65087890625
final_only,3770,1.9879513274645433e-05,1.9879513274645433e-05,46.27184295654297,1e-05,1.0,365.6176857999526,9261.65087890625
final_only,3771,8.313234502566047e-06,8.313234502566047e-06,46.83806610107422,1e-05,1.0,365.71397119993344,9261.65087890625
final_only,3772,1.8565737263998017e-05,1.8565737263998017e-05,44.85155487060547,1e-05,1.0,365.8091013999656,9261.65087890625
final_only,3773,8.943708962760866e-06,8.943708962760866e-06,44.92632293701172,1e-05,1.0,365.90491299994756,9261.65087890625
final_only,3774,2.3221193259814754e-05,2.3221193259814754e-05,44.56178665161133,1e-05,1.0,366.002122099977,9261.65087890625
final_only,3775,1.4762526006961707e-05,1.4762526006961707e-05,47.3925895690918,1e-05,1.0,366.09785899997223,9261.65087890625
final_only,3776,1.3101422155159526e-05,1.3101422155159526e-05,47.60382080078125,1e-05,1.0,366.19278199994005,9261.65087890625
final_only,3777,2.1513137653528247e-06,2.1513137653528247e-06,49.17209243774414,1e-05,1.0,366.2880701000104,9261.65087890625
final_only,3778,1.7890663002617657e-05,1.7890663002617657e-05,45.832481384277344,1e-05,1.0,366.38263150001876,9261.65087890625
final_only,3779,7.864959115977399e-06,7.864959115977399e-06,45.44049835205078,1e-05,1.0,366.47886319993995,9261.65087890625
final_only,3780,1.9078188415733166e-05,1.9078188415733166e-05,47.89507293701172,1e-05,1.0,366.5730107999407,9261.65087890625
final_only,3781,1.8167575035477057e-05,1.8167575035477057e-05,45.44218063354492,1e-05,1.0,366.66820309998,9261.65087890625
final_only,3782,4.774283661390655e-05,4.774283661390655e-05,46.0179443359375,1e-05,1.0,366.76338170003146,9261.65087890625
final_only,3783,2.497879722795915e-05,2.497879722795915e-05,47.28430938720703,1e-05,1.0,366.8577928999439,9261.65087890625
final_only,3784,0.00011409253784222528,0.00011409253784222528,48.295433044433594,1e-05,1.0,366.95391709997784,9261.65087890625
final_only,3785,8.367536793230101e-06,8.367536793230101e-06,46.8361701965332,1e-05,1.0,367.0497309999773,9261.65087890625
final_only,3786,7.419433131872211e-06,7.419433131872211e-06,48.135433197021484,1e-05,1.0,367.144630099996,9261.65087890625
final_only,3787,3.0732858249393757e-06,3.0732858249393757e-06,48.165828704833984,1e-05,1.0,367.2406640999252,9261.65087890625
final_only,3788,8.328024705406278e-06,8.328024705406278e-06,47.49149703979492,1e-05,1.0,367.3357165999478,9261.65087890625
final_only,3789,1.5776809959788807e-05,1.5776809959788807e-05,46.35490036010742,1e-05,1.0,367.4308205000125,9261.65087890625
final_only,3790,1.2371438060654327e-05,1.2371438060654327e-05,48.456119537353516,1e-05,1.0,367.526362100034,9261.65087890625
final_only,3791,3.67223474313505e-05,3.67223474313505e-05,46.241912841796875,1e-05,1.0,367.62122319999617,9261.65087890625
final_only,3792,4.975639058102388e-06,4.975639058102388e-06,48.37666320800781,1e-05,1.0,367.71602129994426,9261.65087890625
final_only,3793,3.864840437017847e-06,3.864840437017847e-06,48.61841583251953,1e-05,1.0,367.8109348999569,9261.65087890625
final_only,3794,1.6760353901190683e-05,1.6760353901190683e-05,45.439613342285156,1e-05,1.0,367.9065179999452,9261.65087890625
final_only,3795,4.872548288403777e-06,4.872548288403777e-06,47.19829559326172,1e-05,1.0,368.00314829999115,9261.65087890625
final_only,3796,7.906445716798771e-06,7.906445716798771e-06,46.45762634277344,1e-05,1.0,368.09840479993727,9261.65087890625
final_only,3797,8.685216016601771e-06,8.685216016601771e-06,48.108009338378906,1e-05,1.0,368.19384149997495,9261.65087890625
final_only,3798,3.495141299936222e-06,3.495141299936222e-06,44.64228439331055,1e-05,1.0,368.29066860000603,9261.65087890625
final_only,3799,2.022839726123493e-05,2.022839726123493e-05,50.60837173461914,1e-05,1.0,368.3861246999586,9261.65087890625
final_only,3800,2.705233418964781e-05,2.705233418964781e-05,47.3518180847168,1e-05,1.0,368.48196689994074,9261.65087890625
final_only,3801,8.751498171477579e-06,8.751498171477579e-06,44.372798919677734,1e-05,1.0,368.57765420002397,9261.65087890625
final_only,3802,2.214617416029796e-05,2.214617416029796e-05,48.71015930175781,1e-05,1.0,368.6728681999957,9261.65087890625
final_only,3803,7.049542091408512e-06,7.049542091408512e-06,45.129974365234375,1e-05,1.0,368.7673219999997,9261.65087890625
final_only,3804,3.643877107606386e-06,3.643877107606386e-06,46.87357711791992,1e-05,1.0,368.86319750000257,9261.65087890625
final_only,3805,6.170095275592757e-06,6.170095275592757e-06,46.288333892822266,1e-05,1.0,368.95967759995256,9261.65087890625
final_only,3806,3.231595837860368e-05,3.231595837860368e-05,42.897705078125,1e-05,1.0,369.0570198999485,9261.65087890625
final_only,3807,4.5594920266012195e-06,4.5594920266012195e-06,47.218223571777344,1e-05,1.0,369.15192470001057,9261.65087890625
final_only,3808,1.7847498384071514e-05,1.7847498384071514e-05,50.19383239746094,1e-05,1.0,369.24688809993677,9261.65087890625
final_only,3809,8.150336725520901e-06,8.150336725520901e-06,46.42465591430664,1e-05,1.0,369.3424785999814,9261.65087890625
final_only,3810,7.496090347558493e-06,7.496090347558493e-06,48.430877685546875,1e-05,1.0,369.43728329997975,9261.65087890625
final_only,3811,3.293708505225368e-05,3.293708505225368e-05,45.2537956237793,1e-05,1.0,369.53333909995854,9261.65087890625
final_only,3812,4.1719238652149215e-05,4.1719238652149215e-05,49.175880432128906,1e-05,1.0,369.62801530002616,9261.65087890625
final_only,3813,1.893598891911097e-05,1.893598891911097e-05,46.55152893066406,1e-05,1.0,369.7226664000191,9261.65087890625
final_only,3814,2.3692323338764254e-06,2.3692323338764254e-06,47.15336608886719,1e-05,1.0,369.8178765999619,9261.65087890625
final_only,3815,1.358072677248856e-05,1.358072677248856e-05,47.66291809082031,1e-05,1.0,369.913010600023,9261.65087890625
final_only,3816,1.0398636732134037e-05,1.0398636732134037e-05,44.91533660888672,1e-05,1.0,370.00963560002856,9261.65087890625
final_only,3817,3.582100907806307e-05,3.582100907806307e-05,48.31175994873047,1e-05,1.0,370.10461199993733,9261.65087890625
final_only,3818,1.1226458809687756e-05,1.1226458809687756e-05,46.868412017822266,1e-05,1.0,370.19974049995653,9261.65087890625
final_only,3819,2.995986505993642e-05,2.995986505993642e-05,48.32383728027344,1e-05,1.0,370.2951528999256,9261.65087890625
final_only,3820,6.517695510410704e-06,6.517695510410704e-06,47.90985870361328,1e-05,1.0,370.3900005000178,9261.65087890625
final_only,3821,4.9422046686231624e-06,4.9422046686231624e-06,47.57421875,1e-05,1.0,370.4857092000311,9261.65087890625
final_only,3822,8.887829608283937e-06,8.887829608283937e-06,45.873992919921875,1e-05,1.0,370.58031009999104,9261.65087890625
final_only,3823,3.782406201935373e-05,3.782406201935373e-05,47.045166015625,1e-05,1.0,370.6749831000343,9261.65087890625
final_only,3824,5.273589522403199e-06,5.273589522403199e-06,45.15800094604492,1e-05,1.0,370.7699392000213,9261.65087890625
final_only,3825,3.830518835457042e-05,3.830518835457042e-05,45.65446472167969,1e-05,1.0,370.8649955999572,9261.65087890625
final_only,3826,2.2763477318221703e-05,2.2763477318221703e-05,46.535423278808594,1e-05,1.0,370.96055890002754,9261.65087890625
final_only,3827,4.950589755026158e-06,4.950589755026158e-06,47.554786682128906,1e-05,1.0,371.05663220002316,9261.65087890625
final_only,3828,2.236598993476946e-05,2.236598993476946e-05,47.6972770690918,1e-05,1.0,371.1519514999818,9261.65087890625
final_only,3829,1.4990871932241134e-05,1.4990871932241134e-05,47.29651641845703,1e-05,1.0,371.24715099995956,9261.65087890625
final_only,3830,1.4379547792486846e-05,1.4379547792486846e-05,47.67259979248047,1e-05,1.0,371.342279399978,9261.65087890625
final_only,3831,3.0425462682615034e-06,3.0425462682615034e-06,47.3784294128418,1e-05,1.0,371.4373615999939,9261.65087890625
final_only,3832,3.8122212572488934e-05,3.8122212572488934e-05,46.852195739746094,1e-05,1.0,371.53305730002467,9261.65087890625
final_only,3833,7.275843927345704e-06,7.275843927345704e-06,45.13977813720703,1e-05,1.0,371.6271149000386,9261.65087890625
final_only,3834,1.3196588042774238e-05,1.3196588042774238e-05,46.10047149658203,1e-05,1.0,371.7226231000386,9261.65087890625
final_only,3835,3.9225983528012875e-06,3.9225983528012875e-06,47.902320861816406,1e-05,1.0,371.8185450999299,9261.65087890625
final_only,3836,9.357456292491406e-06,9.357456292491406e-06,46.07526779174805,1e-05,1.0,371.91420749993995,9261.65087890625
final_only,3837,8.211462954932358e-06,8.211462954932358e-06,48.16450119018555,1e-05,1.0,372.0100538999541,9261.65087890625
final_only,3838,2.233573468402028e-05,2.233573468402028e-05,47.36115264892578,1e-05,1.0,372.10541820002254,9261.65087890625
final_only,3839,3.446804475970566e-05,3.446804475970566e-05,43.324485778808594,1e-05,1.0,372.2011371999979,9261.65087890625
final_only,3840,8.411969247390516e-06,8.411969247390516e-06,47.62718200683594,1e-05,1.0,372.29642179992516,9261.65087890625
final_only,3841,3.5311470128363e-05,3.5311470128363e-05,50.333274841308594,1e-05,1.0,372.39137289999053,9261.65087890625
final_only,3842,8.594582141085993e-06,8.594582141085993e-06,47.31888198852539,1e-05,1.0,372.4867244999623,9261.65087890625
final_only,3843,1.583326047693845e-05,1.583326047693845e-05,46.790245056152344,1e-05,1.0,372.581813900033,9261.65087890625
final_only,3844,1.620963666937314e-05,1.620963666937314e-05,45.30583953857422,1e-05,1.0,372.67622150003444,9261.65087890625
final_only,3845,4.6888280849088915e-06,4.6888280849088915e-06,48.905574798583984,1e-05,1.0,372.7711278999923,9261.65087890625
final_only,3846,1.5051076843519695e-05,1.5051076843519695e-05,47.02240753173828,1e-05,1.0,372.8669743000064,9261.65087890625
final_only,3847,4.2374762415420264e-05,4.2374762415420264e-05,46.576393127441406,1e-05,1.0,372.96277169999667,9261.65087890625
final_only,3848,2.6327405066695064e-05,2.6327405066695064e-05,45.344398498535156,1e-05,1.0,373.0591409000335,9261.65087890625
final_only,3849,6.0746042436221614e-06,6.0746042436221614e-06,45.54231262207031,1e-05,1.0,373.1555710999528,9261.65087890625
final_only,3850,0.0001244568411493674,0.0001244568411493674,45.268253326416016,1e-05,1.0,373.2508139000274,9261.65087890625
final_only,3851,2.71303561021341e-05,2.71303561021341e-05,46.1745719909668,1e-05,1.0,373.34619039995596,9261.65087890625
final_only,3852,8.529215847374871e-06,8.529215847374871e-06,46.7762451171875,1e-05,1.0,373.4419969000155,9261.65087890625
final_only,3853,5.987792064843234e-06,5.987792064843234e-06,45.784969329833984,1e-05,1.0,373.53792010003235,9261.65087890625
final_only,3854,3.3946416806429625e-05,3.3946416806429625e-05,46.77238464355469,1e-05,1.0,373.6326986999484,9261.65087890625
final_only,3855,1.8365461073699407e-05,1.8365461073699407e-05,47.5811653137207,1e-05,1.0,373.7278762999922,9261.65087890625
final_only,3856,4.690852620115038e-06,4.690852620115038e-06,47.029232025146484,1e-05,1.0,373.8229622000363,9261.65087890625
final_only,3857,2.6802372303791344e-05,2.6802372303791344e-05,47.33350372314453,1e-05,1.0,373.9181142000016,9261.65087890625
final_only,3858,0.0002863373956643045,0.0002863373956643045,46.507774353027344,1e-05,1.0,374.01426630001515,9261.65087890625
final_only,3859,1.017408703773981e-05,1.017408703773981e-05,45.30366134643555,1e-05,1.0,374.109655899927,9261.65087890625
final_only,3860,5.0836828449973837e-05,5.0836828449973837e-05,48.15187072753906,1e-05,1.0,374.2051277999999,9261.65087890625
final_only,3861,5.050307208875893e-06,5.050307208875893e-06,48.72633361816406,1e-05,1.0,374.299841,9261.65087890625
final_only,3862,1.8863183868234046e-05,1.8863183868234046e-05,45.09916687011719,1e-05,1.0,374.3951969000045,9261.65087890625
final_only,3863,2.3589222109876573e-05,2.3589222109876573e-05,45.479740142822266,1e-05,1.0,374.4907466999721,9261.65087890625
final_only,3864,1.7451671737944707e-05,1.7451671737944707e-05,46.42041778564453,1e-05,1.0,374.58617459994275,9261.65087890625
final_only,3865,1.1735088264686055e-05,1.1735088264686055e-05,45.873958587646484,1e-05,1.0,374.680632899981,9261.65087890625
final_only,3866,3.6468650250753853e-06,3.6468650250753853e-06,47.44444274902344,1e-05,1.0,374.77593529992737,9261.65087890625
final_only,3867,9.770223186933435e-06,9.770223186933435e-06,47.288841247558594,1e-05,1.0,374.8704119999893,9261.65087890625
final_only,3868,2.3943041014717892e-05,2.3943041014717892e-05,46.71168518066406,1e-05,1.0,374.9654813000234,9261.65087890625
final_only,3869,1.2207256077090278e-05,1.2207256077090278e-05,47.37004089355469,1e-05,1.0,375.0617470999714,9261.65087890625
final_only,3870,3.416580148041248e-05,3.416580148041248e-05,48.443145751953125,1e-05,1.0,375.1565084999893,9261.65087890625
final_only,3871,5.345652880350826e-06,5.345652880350826e-06,46.809932708740234,1e-05,1.0,375.2519331999356,9261.65087890625
final_only,3872,0.00019961767247878015,0.00019961767247878015,47.203163146972656,1e-05,1.0,375.34792289999314,9261.65087890625
final_only,3873,0.00016321914154104888,0.00016321914154104888,46.649906158447266,1e-05,1.0,375.4431246999884,9261.65087890625
final_only,3874,1.530157715023961e-05,1.530157715023961e-05,46.5344352722168,1e-05,1.0,375.5389457999263,9261.65087890625
final_only,3875,1.503735711594345e-05,1.503735711594345e-05,47.508087158203125,1e-05,1.0,375.6336717000231,9261.65087890625
final_only,3876,1.0616538020258304e-05,1.0616538020258304e-05,46.958213806152344,1e-05,1.0,375.7292591999285,9261.65087890625
final_only,3877,2.1147328880033456e-05,2.1147328880033456e-05,49.32762908935547,1e-05,1.0,375.8235412000213,9261.65087890625
final_only,3878,8.243206139013637e-06,8.243206139013637e-06,47.083431243896484,1e-05,1.0,375.9181893999921,9261.65087890625
final_only,3879,2.5139332137769088e-05,2.5139332137769088e-05,46.566280364990234,1e-05,1.0,376.01480060000904,9261.65087890625
final_only,3880,1.3895883967052214e-05,1.3895883967052214e-05,44.11031723022461,1e-05,1.0,376.1100210000295,9261.65087890625
final_only,3881,3.543657294358127e-05,3.543657294358127e-05,46.90027618408203,1e-05,1.0,376.2055991999805,9261.65087890625
final_only,3882,3.390198980923742e-05,3.390198980923742e-05,48.61616897583008,1e-05,1.0,376.3008427999448,9261.65087890625
final_only,3883,1.4877061403240077e-05,1.4877061403240077e-05,46.370513916015625,1e-05,1.0,376.3960480999667,9261.65087890625
final_only,3884,1.4815215763519518e-05,1.4815215763519518e-05,45.714351654052734,1e-05,1.0,376.49145440000575,9261.65087890625
final_only,3885,0.00017847779963631183,0.00017847779963631183,44.78639221191406,1e-05,1.0,376.58696270000655,9261.65087890625
final_only,3886,1.1434574844315648e-05,1.1434574844315648e-05,45.739585876464844,1e-05,1.0,376.6814319000114,9261.65087890625
final_only,3887,7.125193951651454e-05,7.125193951651454e-05,45.94908905029297,1e-05,1.0,376.7759530999465,9261.65087890625
final_only,3888,1.8764931155601516e-05,1.8764931155601516e-05,46.63294982910156,1e-05,1.0,376.87052589992527,9261.65087890625
final_only,3889,7.477988401660696e-05,7.477988401660696e-05,48.037879943847656,1e-05,1.0,376.9669072999386,9261.65087890625
final_only,3890,2.4170616597984917e-05,2.4170616597984917e-05,45.01201248168945,1e-05,1.0,377.06314490002114,9261.65087890625
final_only,3891,9.875046089291573e-06,9.875046089291573e-06,44.107059478759766,1e-05,1.0,377.15858719998505,9261.65087890625
final_only,3892,2.9721188184339553e-05,2.9721188184339553e-05,49.87641906738281,1e-05,1.0,377.2550295999972,9261.65087890625
final_only,3893,2.0149394913460128e-05,2.0149394913460128e-05,46.12396240234375,1e-05,1.0,377.3507111000363,9261.65087890625
final_only,3894,2.3243093892233446e-05,2.3243093892233446e-05,47.56683349609375,1e-05,1.0,377.4459678999847,9261.65087890625
final_only,3895,1.8818773241946474e-05,1.8818773241946474e-05,46.61016845703125,1e-05,1.0,377.5416250999551,9261.65087890625
final_only,3896,1.4076678780838847e-05,1.4076678780838847e-05,47.83232879638672,1e-05,1.0,377.63614189997315,9261.65087890625
final_only,3897,2.842330104613211e-06,2.842330104613211e-06,45.86594772338867,1e-05,1.0,377.73064199998043,9261.65087890625
final_only,3898,1.3947507795819547e-05,1.3947507795819547e-05,47.52589797973633,1e-05,1.0,377.82520520000253,9261.65087890625
final_only,3899,3.62686587322969e-05,3.62686587322969e-05,45.453224182128906,1e-05,1.0,377.920440100017,9261.65087890625
final_only,3900,2.8090869818697684e-05,2.8090869818697684e-05,45.406150817871094,1e-05,1.0,378.0175696000224,9261.65087890625
final_only,3901,5.077362402516883e-06,5.077362402516883e-06,46.65465545654297,1e-05,1.0,378.1139091999503,9261.65087890625
final_only,3902,1.3752676750300452e-05,1.3752676750300452e-05,48.106895446777344,1e-05,1.0,378.2089204000076,9261.65087890625
final_only,3903,1.7672431567916647e-05,1.7672431567916647e-05,44.55701446533203,1e-05,1.0,378.3045950999949,9261.65087890625
final_only,3904,1.9601047824835405e-05,1.9601047824835405e-05,48.43587875366211,1e-05,1.0,378.40011289995164,9261.65087890625
final_only,3905,3.988299431512132e-05,3.988299431512132e-05,48.553524017333984,1e-05,1.0,378.49549979995936,9261.65087890625
final_only,3906,9.720151865622029e-06,9.720151865622029e-06,46.009605407714844,1e-05,1.0,378.5906015000073,9261.65087890625
final_only,3907,1.2111131582059897e-05,1.2111131582059897e-05,45.14373016357422,1e-05,1.0,378.68451289995573,9261.65087890625
final_only,3908,8.118595360429026e-06,8.118595360429026e-06,46.920616149902344,1e-05,1.0,378.77885589993093,9261.65087890625
final_only,3909,2.4764613044681028e-05,2.4764613044681028e-05,46.870548248291016,1e-05,1.0,378.87395639996976,9261.65087890625
final_only,3910,1.4741824998054653e-05,1.4741824998054653e-05,46.48613739013672,1e-05,1.0,378.9701538999798,9261.65087890625
final_only,3911,4.10968732467154e-06,4.10968732467154e-06,45.409706115722656,1e-05,1.0,379.066367499996,9261.65087890625
final_only,3912,5.639425125991693e-06,5.639425125991693e-06,48.90503692626953,1e-05,1.0,379.1611606000224,9261.65087890625
final_only,3913,1.7961368939722888e-05,1.7961368939722888e-05,48.634727478027344,1e-05,1.0,379.25653090002015,9261.65087890625
final_only,3914,1.4685188034491148e-05,1.4685188034491148e-05,44.87433624267578,1e-05,1.0,379.35091709997505,9261.65087890625
final_only,3915,1.4714739791088505e-06,1.4714739791088505e-06,47.713592529296875,1e-05,1.0,379.445691299974,9261.65087890625
final_only,3916,1.1526813977980055e-05,1.1526813977980055e-05,47.2595100402832,1e-05,1.0,379.5412088999292,9261.65087890625
final_only,3917,1.7799835404730402e-05,1.7799835404730402e-05,46.28631591796875,1e-05,1.0,379.63600739999674,9261.65087890625
final_only,3918,5.906784281251021e-06,5.906784281251021e-06,49.37516784667969,1e-05,1.0,379.7310418999987,9261.65087890625
final_only,3919,1.094292110792594e-05,1.094292110792594e-05,45.04737091064453,1e-05,1.0,379.8259154999396,9261.65087890625
final_only,3920,2.74689282377949e-05,2.74689282377949e-05,45.155479431152344,1e-05,1.0,379.9211428000126,9261.65087890625
final_only,3921,4.697789700003341e-05,4.697789700003341e-05,47.568519592285156,1e-05,1.0,380.01780050003435,9261.65087890625
final_only,3922,4.770068244397407e-06,4.770068244397407e-06,45.45295715332031,1e-05,1.0,380.1130997999571,9261.65087890625
final_only,3923,5.386942120821914e-06,5.386942120821914e-06,46.84883117675781,1e-05,1.0,380.2086025000317,9261.65087890625
final_only,3924,4.4310454541118816e-06,4.4310454541118816e-06,51.03541946411133,1e-05,1.0,380.3035513999639,9261.65087890625
final_only,3925,4.4262622395763174e-05,4.4262622395763174e-05,47.31926345825195,1e-05,1.0,380.3981918999925,9261.65087890625
final_only,3926,1.731398697302211e-05,1.731398697302211e-05,47.93836975097656,1e-05,1.0,380.4939158000052,9261.65087890625
final_only,3927,1.9652787159429863e-05,1.9652787159429863e-05,48.50398635864258,1e-05,1.0,380.5894849000033,9261.65087890625
final_only,3928,5.351050276658498e-06,5.351050276658498e-06,47.233001708984375,1e-05,1.0,380.6833267000038,9261.65087890625
final_only,3929,2.867038710974157e-05,2.867038710974157e-05,46.47077178955078,1e-05,1.0,380.77859480003826,9261.65087890625
final_only,3930,1.3605227650259621e-05,1.3605227650259621e-05,47.99639129638672,1e-05,1.0,380.87407180003356,9261.65087890625
final_only,3931,9.088607475860044e-05,9.088607475860044e-05,43.476478576660156,1e-05,1.0,380.9701761000324,9261.65087890625
final_only,3932,2.943447179859504e-05,2.943447179859504e-05,45.48973846435547,1e-05,1.0,381.06550649995916,9261.65087890625
final_only,3933,1.1371588698239066e-05,1.1371588698239066e-05,47.15483093261719,1e-05,1.0,381.1616001999937,9261.65087890625
final_only,3934,5.7612678574514575e-06,5.7612678574514575e-06,47.28785705566406,1e-05,1.0,381.2575883999234,9261.65087890625
final_only,3935,1.167861591966357e-05,1.167861591966357e-05,48.05208969116211,1e-05,1.0,381.35390899993945,9261.65087890625
final_only,3936,5.52052279090276e-06,5.52052279090276e-06,44.91096496582031,1e-05,1.0,381.4501221999526,9261.65087890625
final_only,3937,1.153350058302749e-05,1.153350058302749e-05,46.903743743896484,1e-05,1.0,381.5456662999932,9261.65087890625
final_only,3938,1.2157966921222396e-05,1.2157966921222396e-05,47.93910217285156,1e-05,1.0,381.6414555000374,9261.65087890625
final_only,3939,2.0181270883767866e-05,2.0181270883767866e-05,46.88074493408203,1e-05,1.0,381.7360869999975,9261.65087890625
final_only,3940,8.191153938241769e-06,8.191153938241769e-06,46.82279968261719,1e-05,1.0,381.8315166999819,9261.65087890625
final_only,3941,3.0190714824129827e-05,3.0190714824129827e-05,47.93316650390625,1e-05,1.0,381.92673449998256,9261.65087890625
final_only,3942,2.3325155780185014e-05,2.3325155780185014e-05,48.033348083496094,1e-05,1.0,382.0227738999529,9261.65087890625
final_only,3943,1.4789987289987039e-05,1.4789987289987039e-05,43.9183349609375,1e-05,1.0,382.11810069996864,9261.65087890625
final_only,3944,1.2184738807263784e-05,1.2184738807263784e-05,46.51768493652344,1e-05,1.0,382.2132024000166,9261.65087890625
final_only,3945,6.696733180433512e-05,6.696733180433512e-05,46.49446487426758,1e-05,1.0,382.30772069992963,9261.65087890625
final_only,3946,3.0164878808136564e-06,3.0164878808136564e-06,47.498226165771484,1e-05,1.0,382.40243309992366,9261.65087890625
final_only,3947,1.3111159205436707e-05,1.3111159205436707e-05,45.75505447387695,1e-05,1.0,382.4980258999858,9261.65087890625
final_only,3948,1.8556173017714173e-05,1.8556173017714173e-05,46.669944763183594,1e-05,1.0,382.59439919993747,9261.65087890625
final_only,3949,3.669606303446926e-05,3.669606303446926e-05,46.595672607421875,1e-05,1.0,382.6883872000035,9261.65087890625
final_only,3950,1.0193371053901501e-05,1.0193371053901501e-05,45.850276947021484,1e-05,1.0,382.78370199992787,9261.65087890625
final_only,3951,3.780427869060077e-05,3.780427869060077e-05,46.887367248535156,1e-05,1.0,382.8797058999771,9261.65087890625
final_only,3952,3.658174682641402e-05,3.658174682641402e-05,46.93672561645508,1e-05,1.0,382.97517759993207,9261.65087890625
final_only,3953,6.145317456685007e-06,6.145317456685007e-06,49.446311950683594,1e-05,1.0,383.07090089994017,9261.65087890625
final_only,3954,2.7007765311282128e-05,2.7007765311282128e-05,46.275779724121094,1e-05,1.0,383.1654380999971,9261.65087890625
final_only,3955,9.135374057223089e-06,9.135374057223089e-06,47.97151565551758,1e-05,1.0,383.26097689999733,9261.65087890625
final_only,3956,1.5148025340749882e-05,1.5148025340749882e-05,41.95255661010742,1e-05,1.0,383.355996600003,9261.65087890625
final_only,3957,2.0382572984090075e-05,2.0382572984090075e-05,46.6453742980957,1e-05,1.0,383.452812399948,9261.65087890625
final_only,3958,9.498724466538988e-06,9.498724466538988e-06,47.22669982910156,1e-05,1.0,383.5487717000069,9261.65087890625
final_only,3959,1.9191460523870774e-05,1.9191460523870774e-05,46.67227554321289,1e-05,1.0,383.6434302999405,9261.65087890625
final_only,3960,3.837565964204259e-05,3.837565964204259e-05,46.726348876953125,1e-05,1.0,383.73786280001514,9261.65087890625
final_only,3961,2.400541961833369e-05,2.400541961833369e-05,46.99678039550781,1e-05,1.0,383.8335294999415,9261.65087890625
final_only,3962,8.97335667104926e-06,8.97335667104926e-06,47.45275115966797,1e-05,1.0,383.9291616999544,9261.65087890625
final_only,3963,2.575018152128905e-05,2.575018152128905e-05,44.3912467956543,1e-05,1.0,384.0257568999659,9261.65087890625
final_only,3964,1.6847418010002002e-05,1.6847418010002002e-05,45.14238357543945,1e-05,1.0,384.1215519999387,9261.65087890625
final_only,3965,5.789624083263334e-06,5.789624083263334e-06,46.77003860473633,1e-05,1.0,384.2174367000116,9261.65087890625
final_only,3966,3.5848512197844684e-05,3.5848512197844684e-05,46.87020492553711,1e-05,1.0,384.3124262000201,9261.65087890625
final_only,3967,8.570905265514739e-06,8.570905265514739e-06,47.42155075073242,1e-05,1.0,384.40835819998756,9261.65087890625
final_only,3968,3.835020834230818e-06,3.835020834230818e-06,45.41466522216797,1e-05,1.0,384.50437340000644,9261.65087890625
final_only,3969,9.233546734321862e-06,9.233546734321862e-06,46.954490661621094,1e-05,1.0,384.59917790000327,9261.65087890625
final_only,3970,9.189825505018234e-06,9.189825505018234e-06,48.08235549926758,1e-05,1.0,384.69475219992455,9261.65087890625
final_only,3971,1.878931107057724e-05,1.878931107057724e-05,48.769203186035156,1e-05,1.0,384.7896869999822,9261.65087890625
final_only,3972,8.65559013618622e-06,8.65559013618622e-06,47.867862701416016,1e-05,1.0,384.88437640003394,9261.65087890625
final_only,3973,5.07215918332804e-06,5.07215918332804e-06,48.456424713134766,1e-05,1.0,384.9798338999972,9261.65087890625
final_only,3974,3.403267328394577e-05,3.403267328394577e-05,46.434146881103516,1e-05,1.0,385.07677529996727,9261.65087890625
final_only,3975,9.353960194857791e-06,9.353960194857791e-06,45.11970520019531,1e-05,1.0,385.17260319995694,9261.65087890625
final_only,3976,6.518384179798886e-05,6.518384179798886e-05,45.74798583984375,1e-05,1.0,385.26791119994596,9261.65087890625
final_only,3977,7.47596959627117e-06,7.47596959627117e-06,46.47275924682617,1e-05,1.0,385.3641040000366,9261.65087890625
final_only,3978,1.2928812793688849e-05,1.2928812793688849e-05,47.80229949951172,1e-05,1.0,385.4609734999249,9261.65087890625
final_only,3979,1.5528517906204797e-05,1.5528517906204797e-05,46.630252838134766,1e-05,1.0,385.55709609994665,9261.65087890625
final_only,3980,3.9808401197660714e-05,3.9808401197660714e-05,47.931358337402344,1e-05,1.0,385.65195939992554,9261.65087890625
final_only,3981,5.0299506256124005e-05,5.0299506256124005e-05,44.563323974609375,1e-05,1.0,385.7463684999384,9261.65087890625
final_only,3982,2.6821799110621214e-05,2.6821799110621214e-05,46.786216735839844,1e-05,1.0,385.84150149999186,9261.65087890625
final_only,3983,2.3794182197889313e-05,2.3794182197889313e-05,48.78064727783203,1e-05,1.0,385.9362195000285,9261.65087890625
final_only,3984,1.3140281225787476e-05,1.3140281225787476e-05,47.71904754638672,1e-05,1.0,386.03318619995844,9261.65087890625
final_only,3985,1.3601509635918774e-05,1.3601509635918774e-05,46.417633056640625,1e-05,1.0,386.1286185999634,9261.65087890625
final_only,3986,1.2785200851794798e-05,1.2785200851794798e-05,47.47935485839844,1e-05,1.0,386.22316890000366,9261.65087890625
final_only,3987,2.5150389774353243e-05,2.5150389774353243e-05,44.70326232910156,1e-05,1.0,386.31849350000266,9261.65087890625
final_only,3988,1.0908433978329413e-05,1.0908433978329413e-05,45.000709533691406,1e-05,1.0,386.41366029996425,9261.65087890625
final_only,3989,8.045458343985956e-06,8.045458343985956e-06,47.59914779663086,1e-05,1.0,386.5092386000324,9261.65087890625
final_only,3990,2.3534928914159536e-05,2.3534928914159536e-05,47.076202392578125,1e-05,1.0,386.6050885999575,9261.65087890625
final_only,3991,2.05550022656098e-05,2.05550022656098e-05,46.17095947265625,1e-05,1.0,386.69979939993937,9261.65087890625
final_only,3992,4.5238761231303215e-05,4.5238761231303215e-05,48.979217529296875,1e-05,1.0,386.79492719995324,9261.65087890625
final_only,3993,1.0515614121686667e-05,1.0515614121686667e-05,47.7435188293457,1e-05,1.0,386.88972500001546,9261.65087890625
final_only,3994,1.5701671145507134e-05,1.5701671145507134e-05,44.501773834228516,1e-05,1.0,386.9862977999728,9261.65087890625
final_only,3995,2.1394707800936885e-05,2.1394707800936885e-05,44.63236618041992,1e-05,1.0,387.0823756000027,9261.65087890625
final_only,3996,1.7766395103535615e-05,1.7766395103535615e-05,46.69957733154297,1e-05,1.0,387.17759119998664,9261.65087890625
final_only,3997,3.050456871278584e-05,3.050456871278584e-05,46.78618240356445,1e-05,1.0,387.27284330001567,9261.65087890625
final_only,3998,1.6715672245481983e-05,1.6715672245481983e-05,46.327171325683594,1e-05,1.0,387.3680495999288,9261.65087890625
final_only,3999,5.763546141679399e-06,5.763546141679399e-06,46.27134323120117,1e-05,1.0,387.46412180003244,9261.65087890625
final_only,4000,6.082083564251661e-05,6.082083564251661e-05,45.156410217285156,1e-05,1.0,387.55934519995935,9261.65087890625
final_only,4001,2.8722826755256392e-05,2.8722826755256392e-05,47.90335464477539,1e-05,1.0,387.9694440999301,9261.65087890625
final_only,4002,1.7606373148737475e-05,1.7606373148737475e-05,45.53047180175781,1e-05,1.0,388.06487370003015,9261.65087890625
final_only,4003,5.459222393255914e-06,5.459222393255914e-06,45.66337966918945,1e-05,1.0,388.16012349992525,9261.65087890625
final_only,4004,1.533698377897963e-05,1.533698377897963e-05,45.916908264160156,1e-05,1.0,388.2557978000259,9261.65087890625
final_only,4005,1.7850305084721185e-05,1.7850305084721185e-05,48.23003387451172,1e-05,1.0,388.3504772000015,9261.65087890625
final_only,4006,7.548377652710769e-06,7.548377652710769e-06,47.966400146484375,1e-05,1.0,388.44546219997574,9261.65087890625
final_only,4007,4.9142836360260844e-05,4.9142836360260844e-05,45.614646911621094,1e-05,1.0,388.5418106999714,9261.65087890625
final_only,4008,8.86172529135365e-06,8.86172529135365e-06,45.70793151855469,1e-05,1.0,388.6372459999984,9261.65087890625
final_only,4009,5.812515155412257e-06,5.812515155412257e-06,47.73397445678711,1e-05,1.0,388.73132989997976,9261.65087890625
final_only,4010,5.2783092542085797e-05,5.2783092542085797e-05,45.746028900146484,1e-05,1.0,388.82650810002815,9261.65087890625
final_only,4011,9.870183021121193e-06,9.870183021121193e-06,47.74954605102539,1e-05,1.0,388.92122619994916,9261.65087890625
final_only,4012,5.419060926215025e-06,5.419060926215025e-06,46.57994079589844,1e-05,1.0,389.0178016999271,9261.65087890625
final_only,4013,2.259028042317368e-05,2.259028042317368e-05,48.43004608154297,1e-05,1.0,389.11366969998926,9261.65087890625
final_only,4014,1.0163573278987315e-05,1.0163573278987315e-05,48.21489334106445,1e-05,1.0,389.20913139998447,9261.65087890625
final_only,4015,1.557866926304996e-05,1.557866926304996e-05,46.61809158325195,1e-05,1.0,389.3040502000367,9261.65087890625
final_only,4016,0.000376611395040527,0.000376611395040527,47.130638122558594,1e-05,1.0,389.40076180000324,9261.65087890625
final_only,4017,0.00012051794328726828,0.00012051794328726828,49.94867706298828,1e-05,1.0,389.49715179996565,9261.65087890625
final_only,4018,3.785459557548165e-05,3.785459557548165e-05,44.81415557861328,1e-05,1.0,389.59338320000097,9261.65087890625
final_only,4019,5.158646672498435e-06,5.158646672498435e-06,47.93730545043945,1e-05,1.0,389.68820390000474,9261.65087890625
final_only,4020,8.530776540283114e-06,8.530776540283114e-06,48.02105712890625,1e-05,1.0,389.7828035999555,9261.65087890625
final_only,4021,3.195099998265505e-05,3.195099998265505e-05,46.191253662109375,1e-05,1.0,389.87735610001255,9261.65087890625
final_only,4022,6.191445663716877e-06,6.191445663716877e-06,48.39716720581055,1e-05,1.0,389.9742491999641,9261.65087890625
final_only,4023,1.2953479199495632e-05,1.2953479199495632e-05,45.94429016113281,1e-05,1.0,390.0700838000048,9261.65087890625
final_only,4024,3.203549931640737e-05,3.203549931640737e-05,49.44337463378906,1e-05,1.0,390.1659329999238,9261.65087890625
final_only,4025,1.2361947483441327e-05,1.2361947483441327e-05,49.83860778808594,1e-05,1.0,390.26177300000563,9261.65087890625
final_only,4026,3.241832018829882e-05,3.241832018829882e-05,49.233734130859375,1e-05,1.0,390.3563460999867,9261.65087890625
final_only,4027,8.090731171250809e-06,8.090731171250809e-06,48.15040588378906,1e-05,1.0,390.4518765999237,9261.65087890625
final_only,4028,2.1562305846600793e-05,2.1562305846600793e-05,46.30584716796875,1e-05,1.0,390.5471373000182,9261.65087890625
final_only,4029,1.8024198652710766e-05,1.8024198652710766e-05,48.816551208496094,1e-05,1.0,390.642434499925,9261.65087890625
final_only,4030,6.2019371398491785e-06,6.2019371398491785e-06,47.206825256347656,1e-05,1.0,390.73743119998835,9261.65087890625
final_only,4031,1.6477421013405547e-05,1.6477421013405547e-05,45.615692138671875,1e-05,1.0,390.8321535999421,9261.65087890625
final_only,4032,3.521190956234932e-05,3.521190956234932e-05,46.90592956542969,1e-05,1.0,390.927067099954,9261.65087890625
final_only,4033,1.8880826246459037e-05,1.8880826246459037e-05,48.765907287597656,1e-05,1.0,391.02330929995514,9261.65087890625
final_only,4034,4.242177601554431e-05,4.242177601554431e-05,44.45119857788086,1e-05,1.0,391.1187597999815,9261.65087890625
final_only,4035,3.4047311601170804e-06,3.4047311601170804e-06,47.045013427734375,1e-05,1.0,391.2137899999507,9261.65087890625
final_only,4036,1.0118295904248953e-05,1.0118295904248953e-05,46.768455505371094,1e-05,1.0,391.30859719996806,9261.65087890625
final_only,4037,4.63205979031045e-05,4.63205979031045e-05,47.03843688964844,1e-05,1.0,391.40390089992434,9261.65087890625
final_only,4038,6.976456006668741e-06,6.976456006668741e-06,48.582427978515625,1e-05,1.0,391.50000809994526,9261.65087890625
final_only,4039,6.763619239791296e-06,6.763619239791296e-06,51.501373291015625,1e-05,1.0,391.5953230999876,9261.65087890625
final_only,4040,3.890535481332336e-06,3.890535481332336e-06,48.8323974609375,1e-05,1.0,391.6904696000274,9261.65087890625
final_only,4041,1.9349303329363465e-05,1.9349303329363465e-05,48.42169952392578,1e-05,1.0,391.7853895999724,9261.65087890625
final_only,4042,4.145010279898997e-06,4.145010279898997e-06,45.815452575683594,1e-05,1.0,391.87988559994847,9261.65087890625
final_only,4043,3.630120772868395e-06,3.630120772868395e-06,49.1037483215332,1e-05,1.0,391.97598310001194,9261.65087890625
final_only,4044,9.720191883388907e-06,9.720191883388907e-06,44.830810546875,1e-05,1.0,392.0723253999604,9261.65087890625
final_only,4045,5.665772278007353e-06,5.665772278007353e-06,48.85691833496094,1e-05,1.0,392.1674494999461,9261.65087890625
final_only,4046,1.2672675438807346e-05,1.2672675438807346e-05,46.08645248413086,1e-05,1.0,392.2620165999979,9261.65087890625
final_only,4047,7.394179192488082e-06,7.394179192488082e-06,45.36602020263672,1e-05,1.0,392.3569980999455,9261.65087890625
final_only,4048,1.834041904658079e-05,1.834041904658079e-05,46.38768768310547,1e-05,1.0,392.45217459998094,9261.65087890625
final_only,4049,8.776489266892895e-06,8.776489266892895e-06,46.064300537109375,1e-05,1.0,392.54761020001024,9261.65087890625
final_only,4050,3.8723314901289996e-06,3.8723314901289996e-06,45.91494369506836,1e-05,1.0,392.6425734999357,9261.65087890625
final_only,4051,2.316133986823843e-06,2.316133986823843e-06,44.70094299316406,1e-05,1.0,392.738042699988,9261.65087890625
final_only,4052,8.562878065276891e-06,8.562878065276891e-06,46.672874450683594,1e-05,1.0,392.83324119995814,9261.65087890625
final_only,4053,3.300962271168828e-05,3.300962271168828e-05,46.249481201171875,1e-05,1.0,392.9275809000246,9261.65087890625
final_only,4054,1.5103237274161074e-05,1.5103237274161074e-05,43.81777572631836,1e-05,1.0,393.0240007999819,9261.65087890625
final_only,4055,5.242604856903199e-06,5.242604856903199e-06,48.017417907714844,1e-05,1.0,393.1197351999581,9261.65087890625
final_only,4056,7.155481398513075e-06,7.155481398513075e-06,48.6324348449707,1e-05,1.0,393.2153505999595,9261.65087890625
final_only,4057,1.736436206556391e-05,1.736436206556391e-05,47.70294189453125,1e-05,1.0,393.3106848000316,9261.65087890625
final_only,4058,1.3007738743908703e-05,1.3007738743908703e-05,45.78903579711914,1e-05,1.0,393.4057646000292,9261.65087890625
final_only,4059,8.436680218437687e-06,8.436680218437687e-06,47.24370574951172,1e-05,1.0,393.5034808999626,9261.65087890625
final_only,4060,4.9004462198354304e-05,4.9004462198354304e-05,46.44888687133789,1e-05,1.0,393.5992020999547,9261.65087890625
final_only,4061,1.5949895896483213e-05,1.5949895896483213e-05,45.23712921142578,1e-05,1.0,393.69644349999726,9261.65087890625
final_only,4062,1.5643428923795e-05,1.5643428923795e-05,45.39753723144531,1e-05,1.0,393.7907081999583,9261.65087890625
final_only,4063,3.6049882510269526e-06,3.6049882510269526e-06,47.00205993652344,1e-05,1.0,393.88589459995274,9261.65087890625
final_only,4064,1.9698996766237542e-05,1.9698996766237542e-05,46.63160705566406,1e-05,1.0,393.9813429999631,9261.65087890625
final_only,4065,2.7641061024041846e-05,2.7641061024041846e-05,48.16402816772461,1e-05,1.0,394.077060099924,9261.65087890625
final_only,4066,8.564107702113688e-06,8.564107702113688e-06,48.65087890625,1e-05,1.0,394.17215839994606,9261.65087890625
final_only,4067,8.641214662929997e-06,8.641214662929997e-06,47.60521697998047,1e-05,1.0,394.2668429999612,9261.65087890625
final_only,4068,1.1208488103875425e-05,1.1208488103875425e-05,48.18163299560547,1e-05,1.0,394.3620496999938,9261.65087890625
final_only,4069,1.5717681890237145e-05,1.5717681890237145e-05,45.24972915649414,1e-05,1.0,394.4569453999866,9261.65087890625
final_only,4070,1.3481710084306542e-05,1.3481710084306542e-05,47.12815475463867,1e-05,1.0,394.5525857999455,9261.65087890625
final_only,4071,8.545084710931405e-06,8.545084710931405e-06,47.9324951171875,1e-05,1.0,394.6484516999917,9261.65087890625
final_only,4072,1.7992546190725989e-06,1.7992546190725989e-06,47.40919876098633,1e-05,1.0,394.74338170001283,9261.65087890625
final_only,4073,7.333504527196055e-06,7.333504527196055e-06,47.17194747924805,1e-05,1.0,394.83770909998566,9261.65087890625
final_only,4074,6.433180715248454e-06,6.433180715248454e-06,46.13896179199219,1e-05,1.0,394.9328219000017,9261.65087890625
final_only,4075,2.617417339934036e-05,2.617417339934036e-05,46.90568542480469,1e-05,1.0,395.0295012999559,9261.65087890625
final_only,4076,1.138038896897342e-05,1.138038896897342e-05,46.1527214050293,1e-05,1.0,395.12424459995236,9261.65087890625
final_only,4077,2.0473722543101758e-05,2.0473722543101758e-05,43.969486236572266,1e-05,1.0,395.21877649996895,9261.65087890625
final_only,4078,0.00023850474099162966,0.00023850474099162966,46.248695373535156,1e-05,1.0,395.31401630002074,9261.65087890625
final_only,4079,1.7869235307443887e-05,1.7869235307443887e-05,48.60051727294922,1e-05,1.0,395.4089243999915,9261.65087890625
final_only,4080,1.2076791790605057e-05,1.2076791790605057e-05,46.232093811035156,1e-05,1.0,395.50482229993213,9261.65087890625
final_only,4081,1.0801865755638573e-05,1.0801865755638573e-05,48.908721923828125,1e-05,1.0,395.60077479993924,9261.65087890625
final_only,4082,2.9742477636318654e-05,2.9742477636318654e-05,43.77357482910156,1e-05,1.0,395.6961097000167,9261.65087890625
final_only,4083,3.903319884557277e-05,3.903319884557277e-05,45.97472381591797,1e-05,1.0,395.7901525000343,9261.65087890625
final_only,4084,1.0527083759370726e-05,1.0527083759370726e-05,47.067657470703125,1e-05,1.0,395.8848987999372,9261.65087890625
final_only,4085,2.8704456781269982e-05,2.8704456781269982e-05,48.063377380371094,1e-05,1.0,395.9808181999251,9261.65087890625
final_only,4086,1.932491795741953e-05,1.932491795741953e-05,45.65699005126953,1e-05,1.0,396.0762747999979,9261.65087890625
final_only,4087,9.273063369619194e-06,9.273063369619194e-06,44.50841522216797,1e-05,1.0,396.1712067000335,9261.65087890625
final_only,4088,6.626542017329484e-06,6.626542017329484e-06,47.18365478515625,1e-05,1.0,396.2666939999908,9261.65087890625
final_only,4089,2.6784464353113435e-06,2.6784464353113435e-06,45.108619689941406,1e-05,1.0,396.3616688000038,9261.65087890625
final_only,4090,8.222332689911127e-05,8.222332689911127e-05,47.1000862121582,1e-05,1.0,396.4565589999547,9261.65087890625
final_only,4091,5.583033725997666e-06,5.583033725997666e-06,46.71151351928711,1e-05,1.0,396.55291460000444,9261.65087890625
final_only,4092,2.0424529793672264e-05,2.0424529793672264e-05,48.20243453979492,1e-05,1.0,396.64812169992365,9261.65087890625
final_only,4093,3.157533865305595e-05,3.157533865305595e-05,45.9231071472168,1e-05,1.0,396.742908300017,9261.65087890625
final_only,4094,9.038067219080403e-06,9.038067219080403e-06,48.842987060546875,1e-05,1.0,396.8372597999405,9261.65087890625
final_only,4095,1.8337300389248412e-06,1.8337300389248412e-06,49.110694885253906,1e-05,1.0,396.9321243999293,9261.65087890625
final_only,4096,8.123141014948487e-06,8.123141014948487e-06,46.747013092041016,1e-05,1.0,397.02866930002347,9261.65087890625
final_only,4097,8.553192856197711e-06,8.553192856197711e-06,46.54932403564453,1e-05,1.0,397.1234677999746,9261.65087890625
final_only,4098,8.79318486113334e-06,8.79318486113334e-06,47.50771713256836,1e-05,1.0,397.2188620000379,9261.65087890625
final_only,4099,7.5759376159112435e-06,7.5759376159112435e-06,47.159217834472656,1e-05,1.0,397.31374559993856,9261.65087890625
final_only,4100,2.919665348599665e-05,2.919665348599665e-05,46.06614685058594,1e-05,1.0,397.40943450003397,9261.65087890625
final_only,4101,6.555032086907886e-06,6.555032086907886e-06,47.53668212890625,1e-05,1.0,397.5063695999561,9261.65087890625
final_only,4102,6.065358320483938e-06,6.065358320483938e-06,47.122779846191406,1e-05,1.0,397.6029478999553,9261.65087890625
final_only,4103,0.0002196236018789932,0.0002196236018789932,48.49005126953125,1e-05,1.0,397.6986351000378,9261.65087890625
final_only,4104,3.222594386897981e-05,3.222594386897981e-05,48.97412872314453,1e-05,1.0,397.7937238999875,9261.65087890625
final_only,4105,9.813884389586747e-06,9.813884389586747e-06,46.22617721557617,1e-05,1.0,397.8890462999698,9261.65087890625
final_only,4106,3.353798820171505e-05,3.353798820171505e-05,45.46007537841797,1e-05,1.0,397.985057999962,9261.65087890625
final_only,4107,4.3993877625325695e-06,4.3993877625325695e-06,47.87183380126953,1e-05,1.0,398.08060450002085,9261.65087890625
final_only,4108,1.0118442332895938e-05,1.0118442332895938e-05,47.49570083618164,1e-05,1.0,398.1751266999636,9261.65087890625
final_only,4109,1.0462771570018958e-05,1.0462771570018958e-05,48.38960266113281,1e-05,1.0,398.2702349999454,9261.65087890625
final_only,4110,1.2037764463457279e-05,1.2037764463457279e-05,46.27714920043945,1e-05,1.0,398.36537889996544,9261.65087890625
final_only,4111,1.8052714949590154e-05,1.8052714949590154e-05,49.682456970214844,1e-05,1.0,398.4604326999979,9261.65087890625
final_only,4112,2.4081723495328333e-06,2.4081723495328333e-06,49.02640914916992,1e-05,1.0,398.5573716999497,9261.65087890625
final_only,4113,4.744488705910044e-06,4.744488705910044e-06,46.1547966003418,1e-05,1.0,398.6527154999785,9261.65087890625
final_only,4114,1.8635657397680916e-05,1.8635657397680916e-05,46.06565856933594,1e-05,1.0,398.7472739999648,9261.65087890625
final_only,4115,5.6440952903358266e-05,5.6440952903358266e-05,47.32942199707031,1e-05,1.0,398.84174399997573,9261.65087890625
final_only,4116,5.841463917022338e-06,5.841463917022338e-06,46.77940368652344,1e-05,1.0,398.9372016999405,9261.65087890625
final_only,4117,2.224809031758923e-05,2.224809031758923e-05,44.16124725341797,1e-05,1.0,399.0342609999934,9261.65087890625
final_only,4118,6.119365025369916e-06,6.119365025369916e-06,48.48012924194336,1e-05,1.0,399.12937570002396,9261.65087890625
final_only,4119,1.72395466506714e-05,1.72395466506714e-05,46.97324752807617,1e-05,1.0,399.22539030003827,9261.65087890625
final_only,4120,2.0538282115012407e-05,2.0538282115012407e-05,45.35879898071289,1e-05,1.0,399.32034700002987,9261.65087890625
final_only,4121,2.4969864170998335e-05,2.4969864170998335e-05,47.32643508911133,1e-05,1.0,399.41500539996196,9261.65087890625
final_only,4122,2.7495494578033686e-05,2.7495494578033686e-05,49.162052154541016,1e-05,1.0,399.51097679999657,9261.65087890625
final_only,4123,2.9657834602403454e-05,2.9657834602403454e-05,47.667076110839844,1e-05,1.0,399.60655060003046,9261.65087890625
final_only,4124,6.688293979095761e-06,6.688293979095761e-06,46.766876220703125,1e-05,1.0,399.7012340000365,9261.65087890625
final_only,4125,1.5111249922483694e-05,1.5111249922483694e-05,45.735939025878906,1e-05,1.0,399.7958362000063,9261.65087890625
final_only,4126,1.3990668776386883e-05,1.3990668776386883e-05,48.620540618896484,1e-05,1.0,399.8906894000247,9261.65087890625
final_only,4127,1.0638193089107517e-05,1.0638193089107517e-05,45.834503173828125,1e-05,1.0,399.98693359992467,9261.65087890625
final_only,4128,8.44301212055143e-06,8.44301212055143e-06,47.8869743347168,1e-05,1.0,400.08251500001643,9261.65087890625
final_only,4129,1.1555777746252716e-05,1.1555777746252716e-05,45.29676818847656,1e-05,1.0,400.17825629992876,9261.65087890625
final_only,4130,6.06162484473316e-06,6.06162484473316e-06,46.552581787109375,1e-05,1.0,400.2728706999915,9261.65087890625
final_only,4131,3.0760695608478272e-06,3.0760695608478272e-06,49.10776901245117,1e-05,1.0,400.36811099993065,9261.65087890625
final_only,4132,2.1142033801879734e-05,2.1142033801879734e-05,49.21492385864258,1e-05,1.0,400.4631811999716,9261.65087890625
final_only,4133,1.1314733455947135e-05,1.1314733455947135e-05,46.424217224121094,1e-05,1.0,400.5590586999897,9261.65087890625
final_only,4134,8.857045031618327e-06,8.857045031618327e-06,46.69044876098633,1e-05,1.0,400.65378129994497,9261.65087890625
final_only,4135,8.688094567332882e-06,8.688094567332882e-06,49.71128463745117,1e-05,1.0,400.749029199942,9261.65087890625
final_only,4136,2.190531449741684e-05,2.190531449741684e-05,47.429569244384766,1e-05,1.0,400.8428615999874,9261.65087890625
final_only,4137,1.6844340279931203e-05,1.6844340279931203e-05,48.998783111572266,1e-05,1.0,400.9382572999457,9261.65087890625
final_only,4138,6.122464583313558e-06,6.122464583313558e-06,48.87776565551758,1e-05,1.0,401.03445749997627,9261.65087890625
final_only,4139,2.3625154426554218e-05,2.3625154426554218e-05,47.25688171386719,1e-05,1.0,401.1294525000267,9261.65087890625
final_only,4140,5.174776561034378e-06,5.174776561034378e-06,47.3017578125,1e-05,1.0,401.22489980002865,9261.65087890625
final_only,4141,8.559769412386231e-06,8.559769412386231e-06,47.509002685546875,1e-05,1.0,401.3197605999885,9261.65087890625
final_only,4142,8.649740266264416e-06,8.649740266264416e-06,47.621238708496094,1e-05,1.0,401.4147294999566,9261.65087890625
final_only,4143,2.135150134563446e-05,2.135150134563446e-05,47.55384063720703,1e-05,1.0,401.51075639994815,9261.65087890625
final_only,4144,3.928185378754279e-06,3.928185378754279e-06,47.825889587402344,1e-05,1.0,401.60598659992684,9261.65087890625
final_only,4145,9.892201887851115e-06,9.892201887851115e-06,45.58502960205078,1e-05,1.0,401.70200329995714,9261.65087890625
final_only,4146,2.773394407995511e-05,2.773394407995511e-05,47.517555236816406,1e-05,1.0,401.7977118999697,9261.65087890625
final_only,4147,4.92508479510434e-05,4.92508479510434e-05,48.349212646484375,1e-05,1.0,401.89407729997765,9261.65087890625
final_only,4148,2.1118225049576722e-05,2.1118225049576722e-05,46.34526824951172,1e-05,1.0,401.9900578999659,9261.65087890625
final_only,4149,3.904500408680178e-05,3.904500408680178e-05,48.29900360107422,1e-05,1.0,402.08532179996837,9261.65087890625
final_only,4150,3.950224709114991e-06,3.950224709114991e-06,48.91192626953125,1e-05,1.0,402.18093599996064,9261.65087890625
final_only,4151,2.7236043024458922e-05,2.7236043024458922e-05,46.73554229736328,1e-05,1.0,402.2774602000136,9261.65087890625
final_only,4152,1.0036454114015214e-05,1.0036454114015214e-05,47.3250617980957,1e-05,1.0,402.3718165999744,9261.65087890625
final_only,4153,1.5652536603738554e-05,1.5652536603738554e-05,48.421470642089844,1e-05,1.0,402.46738819999155,9261.65087890625
final_only,4154,7.566163731098641e-06,7.566163731098641e-06,46.00439453125,1e-05,1.0,402.56351020000875,9261.65087890625
final_only,4155,1.0702089639380574e-05,1.0702089639380574e-05,44.956993103027344,1e-05,1.0,402.6585543999681,9261.65087890625
final_only,4156,2.033642704191152e-05,2.033642704191152e-05,45.863094329833984,1e-05,1.0,402.7537103999639,9261.65087890625
final_only,4157,1.745862391544506e-05,1.745862391544506e-05,44.474754333496094,1e-05,1.0,402.847565199947,9261.65087890625
final_only,4158,6.162253612274071e-06,6.162253612274071e-06,48.82061004638672,1e-05,1.0,402.9426271999255,9261.65087890625
final_only,4159,4.194020584691316e-05,4.194020584691316e-05,46.556396484375,1e-05,1.0,403.0391548000043,9261.65087890625
final_only,4160,3.2669840948074125e-06,3.2669840948074125e-06,46.843421936035156,1e-05,1.0,403.13471659994684,9261.65087890625
final_only,4161,1.5306755813071504e-05,1.5306755813071504e-05,47.760498046875,1e-05,1.0,403.23008370003663,9261.65087890625
final_only,4162,2.644991582201328e-05,2.644991582201328e-05,45.43341827392578,1e-05,1.0,403.3243950000033,9261.65087890625
final_only,4163,5.594453978119418e-05,5.594453978119418e-05,47.518341064453125,1e-05,1.0,403.42006199993193,9261.65087890625
final_only,4164,3.772951095015742e-05,3.772951095015742e-05,48.67304229736328,1e-05,1.0,403.5165240999777,9261.65087890625
final_only,4165,1.2802387573174201e-05,1.2802387573174201e-05,45.184593200683594,1e-05,1.0,403.61173240002245,9261.65087890625
final_only,4166,5.481218977365643e-06,5.481218977365643e-06,48.19313430786133,1e-05,1.0,403.70722540002316,9261.65087890625
final_only,4167,1.4820732758380473e-05,1.4820732758380473e-05,48.68907928466797,1e-05,1.0,403.80183130002115,9261.65087890625
final_only,4168,7.049075520626502e-06,7.049075520626502e-06,48.87564468383789,1e-05,1.0,403.89632639999036,9261.65087890625
final_only,4169,5.081083145341836e-06,5.081083145341836e-06,45.67816162109375,1e-05,1.0,403.9925562000135,9261.65087890625
final_only,4170,3.2287607609760016e-05,3.2287607609760016e-05,49.66581726074219,1e-05,1.0,404.0882202000357,9261.65087890625
final_only,4171,5.155369308340596e-06,5.155369308340596e-06,44.13054275512695,1e-05,1.0,404.18388160003815,9261.65087890625
final_only,4172,1.112642257794505e-05,1.112642257794505e-05,47.065731048583984,1e-05,1.0,404.2781837999355,9261.65087890625
final_only,4173,1.2418163350957911e-05,1.2418163350957911e-05,46.55244445800781,1e-05,1.0,404.373444100027,9261.65087890625
final_only,4174,2.912950913014356e-05,2.912950913014356e-05,47.89596176147461,1e-05,1.0,404.46920259995386,9261.65087890625
final_only,4175,1.0010624464484863e-05,1.0010624464484863e-05,47.419429779052734,1e-05,1.0,404.5647880999604,9261.65087890625
final_only,4176,1.2635421626328025e-05,1.2635421626328025e-05,47.26601791381836,1e-05,1.0,404.65957599994726,9261.65087890625
final_only,4177,5.323529876477551e-06,5.323529876477551e-06,51.10257339477539,1e-05,1.0,404.75440239999443,9261.65087890625
final_only,4178,5.125787538418081e-06,5.125787538418081e-06,49.14266586303711,1e-05,1.0,404.8482432999881,9261.65087890625
final_only,4179,9.784217581909616e-06,9.784217581909616e-06,46.96434020996094,1e-05,1.0,404.9441356000025,9261.65087890625
final_only,4180,6.0597481024160516e-06,6.0597481024160516e-06,47.46678161621094,1e-05,1.0,405.04100800002925,9261.65087890625
final_only,4181,5.823834726470523e-06,5.823834726470523e-06,46.367408752441406,1e-05,1.0,405.1355934999883,9261.65087890625
final_only,4182,1.355039330519503e-05,1.355039330519503e-05,48.35227966308594,1e-05,1.0,405.2310937999282,9261.65087890625
final_only,4183,1.458715632907115e-05,1.458715632907115e-05,45.07087707519531,1e-05,1.0,405.3267814000137,9261.65087890625
final_only,4184,6.058587587176589e-06,6.058587587176589e-06,47.923973083496094,1e-05,1.0,405.4222174999304,9261.65087890625
final_only,4185,7.666748388146516e-06,7.666748388146516e-06,46.21917724609375,1e-05,1.0,405.5173602999421,9261.65087890625
final_only,4186,1.020417948893737e-05,1.020417948893737e-05,47.285919189453125,1e-05,1.0,405.6133081000298,9261.65087890625
final_only,4187,2.3582922949572094e-05,2.3582922949572094e-05,47.80194854736328,1e-05,1.0,405.70854589994997,9261.65087890625
final_only,4188,7.89304613135755e-06,7.89304613135755e-06,45.894256591796875,1e-05,1.0,405.8047485999996,9261.65087890625
final_only,4189,2.9390219424385577e-05,2.9390219424385577e-05,45.680702209472656,1e-05,1.0,405.8999874999281,9261.65087890625
final_only,4190,7.362672477029264e-05,7.362672477029264e-05,47.53935241699219,1e-05,1.0,405.99781979992986,9261.65087890625
final_only,4191,3.2594016374787316e-05,3.2594016374787316e-05,46.80186462402344,1e-05,1.0,406.0944271000335,9261.65087890625
final_only,4192,2.3057913494994864e-05,2.3057913494994864e-05,48.59060287475586,1e-05,1.0,406.18931119993795,9261.65087890625
final_only,4193,4.475706646189792e-06,4.475706646189792e-06,45.881752014160156,1e-05,1.0,406.2846977999434,9261.65087890625
final_only,4194,1.639519541640766e-05,1.639519541640766e-05,47.139827728271484,1e-05,1.0,406.38031749997754,9261.65087890625
final_only,4195,1.5597348465234973e-05,1.5597348465234973e-05,46.81196975708008,1e-05,1.0,406.4753508999711,9261.65087890625
final_only,4196,9.920508091454394e-06,9.920508091454394e-06,47.404388427734375,1e-05,1.0,406.57135690003633,9261.65087890625
final_only,4197,4.105201514903456e-05,4.105201514903456e-05,48.0930061340332,1e-05,1.0,406.6672233999707,9261.65087890625
final_only,4198,1.619989052414894e-05,1.619989052414894e-05,46.76094436645508,1e-05,1.0,406.76272460003383,9261.65087890625
final_only,4199,1.8231801732326858e-05,1.8231801732326858e-05,48.044952392578125,1e-05,1.0,406.85659069998655,9261.65087890625
final_only,4200,3.037092392332852e-05,3.037092392332852e-05,47.82157897949219,1e-05,1.0,406.95182550000027,9261.65087890625
final_only,4201,8.30549470265396e-06,8.30549470265396e-06,47.767356872558594,1e-05,1.0,407.0494694999652,9261.65087890625
final_only,4202,9.176901585306041e-06,9.176901585306041e-06,44.833988189697266,1e-05,1.0,407.1442597999703,9261.65087890625
final_only,4203,1.511124264652608e-05,1.511124264652608e-05,44.59111404418945,1e-05,1.0,407.23970329994336,9261.65087890625
final_only,4204,2.924419823102653e-05,2.924419823102653e-05,49.23147201538086,1e-05,1.0,407.3348827000009,9261.65087890625
final_only,4205,8.416093805863056e-06,8.416093805863056e-06,47.029701232910156,1e-05,1.0,407.42953970003873,9261.65087890625
final_only,4206,1.6897065506782383e-05,1.6897065506782383e-05,46.57120895385742,1e-05,1.0,407.5255163999973,9261.65087890625
final_only,4207,1.2605540177901275e-05,1.2605540177901275e-05,47.1627197265625,1e-05,1.0,407.6207633999875,9261.65087890625
final_only,4208,1.3037774806434754e-05,1.3037774806434754e-05,43.12604522705078,1e-05,1.0,407.7163519000169,9261.65087890625
final_only,4209,1.982286812562961e-05,1.982286812562961e-05,49.31919479370117,1e-05,1.0,407.8108937999932,9261.65087890625
final_only,4210,8.46238253870979e-05,8.46238253870979e-05,43.79234313964844,1e-05,1.0,407.90549669996835,9261.65087890625
final_only,4211,1.291271109948866e-05,1.291271109948866e-05,46.377296447753906,1e-05,1.0,408.0017754000146,9261.65087890625
final_only,4212,3.014647063537268e-06,3.014647063537268e-06,49.44917297363281,1e-05,1.0,408.09694900002796,9261.65087890625
final_only,4213,4.65079938294366e-06,4.65079938294366e-06,45.9862060546875,1e-05,1.0,408.19217789999675,9261.65087890625
final_only,4214,3.1016883440315723e-05,3.1016883440315723e-05,48.011375427246094,1e-05,1.0,408.2882380000083,9261.65087890625
final_only,4215,1.0206386832578573e-05,1.0206386832578573e-05,46.80976867675781,1e-05,1.0,408.3827588999411,9261.65087890625
final_only,4216,4.5064739424560685e-06,4.5064739424560685e-06,46.766990661621094,1e-05,1.0,408.47855969995726,9261.65087890625
final_only,4217,1.2721144230454229e-05,1.2721144230454229e-05,47.64881896972656,1e-05,1.0,408.57428199995775,9261.65087890625
final_only,4218,8.191960660042241e-06,8.191960660042241e-06,47.60972595214844,1e-05,1.0,408.66967019997537,9261.65087890625
final_only,4219,3.5694024518306833e-06,3.5694024518306833e-06,46.79712677001953,1e-05,1.0,408.7642488999991,9261.65087890625
final_only,4220,1.1705924407579005e-05,1.1705924407579005e-05,48.290462493896484,1e-05,1.0,408.85885790002067,9261.65087890625
final_only,4221,9.888782187772449e-06,9.888782187772449e-06,45.48967742919922,1e-05,1.0,408.95427570003085,9261.65087890625
final_only,4222,1.0106635272677522e-05,1.0106635272677522e-05,46.988243103027344,1e-05,1.0,409.0502376999939,9261.65087890625
final_only,4223,3.6385340536071453e-06,3.6385340536071453e-06,47.5649299621582,1e-05,1.0,409.14570190000813,9261.65087890625
final_only,4224,7.398191883112304e-06,7.398191883112304e-06,48.0447998046875,1e-05,1.0,409.2409251999343,9261.65087890625
final_only,4225,3.0891008009348297e-06,3.0891008009348297e-06,48.30705261230469,1e-05,1.0,409.33580050000455,9261.65087890625
final_only,4226,1.619659087737091e-05,1.619659087737091e-05,43.782649993896484,1e-05,1.0,409.4308573999442,9261.65087890625
final_only,4227,3.641908188001253e-05,3.641908188001253e-05,47.5074462890625,1e-05,1.0,409.52711959998123,9261.65087890625
final_only,4228,1.682050060480833e-05,1.682050060480833e-05,45.21226501464844,1e-05,1.0,409.6230903000105,9261.65087890625
final_only,4229,2.044401662715245e-05,2.044401662715245e-05,46.38283920288086,1e-05,1.0,409.7179078999907,9261.65087890625
final_only,4230,9.7788233688334e-07,9.7788233688334e-07,48.494361877441406,1e-05,1.0,409.81325839995407,9261.65087890625
final_only,4231,2.3356906240223907e-06,2.3356906240223907e-06,46.043724060058594,1e-05,1.0,409.9087544999784,9261.65087890625
final_only,4232,3.0574246920878068e-06,3.0574246920878068e-06,49.74106216430664,1e-05,1.0,410.0050696999533,9261.65087890625
final_only,4233,4.747693310491741e-06,4.747693310491741e-06,47.89036178588867,1e-05,1.0,410.10177269997075,9261.65087890625
final_only,4234,8.479211828671396e-06,8.479211828671396e-06,47.13433074951172,1e-05,1.0,410.19775659998413,9261.65087890625
final_only,4235,2.882967601181008e-05,2.882967601181008e-05,47.71558380126953,1e-05,1.0,410.2932338999817,9261.65087890625
final_only,4236,5.550413334276527e-06,5.550413334276527e-06,46.687782287597656,1e-05,1.0,410.38804410002194,9261.65087890625
final_only,4237,1.3738541383645497e-05,1.3738541383645497e-05,45.20069885253906,1e-05,1.0,410.4836123000132,9261.65087890625
final_only,4238,2.0569785192492418e-05,2.0569785192492418e-05,48.02723693847656,1e-05,1.0,410.5793609999819,9261.65087890625
final_only,4239,2.329192284378223e-06,2.329192284378223e-06,50.07465362548828,1e-05,1.0,410.6739273000276,9261.65087890625
final_only,4240,7.2310317591472995e-06,7.2310317591472995e-06,47.56939697265625,1e-05,1.0,410.76849619997665,9261.65087890625
final_only,4241,1.3168249097361695e-05,1.3168249097361695e-05,47.89836502075195,1e-05,1.0,410.8628650000319,9261.65087890625
final_only,4242,3.3880656701512635e-05,3.3880656701512635e-05,46.356834411621094,1e-05,1.0,410.95812319999095,9261.65087890625
final_only,4243,3.2371433462685673e-06,3.2371433462685673e-06,48.38313293457031,1e-05,1.0,411.05457609996665,9261.65087890625
final_only,4244,1.0921168723143637e-05,1.0921168723143637e-05,46.40122985839844,1e-05,1.0,411.1500022999244,9261.65087890625
final_only,4245,6.08941354585113e-06,6.08941354585113e-06,48.3706169128418,1e-05,1.0,411.2449256000109,9261.65087890625
final_only,4246,1.6103764210129157e-05,1.6103764210129157e-05,47.442832946777344,1e-05,1.0,411.3406645000214,9261.65087890625
final_only,4247,1.1888435437867884e-05,1.1888435437867884e-05,47.16609191894531,1e-05,1.0,411.4352510999888,9261.65087890625
final_only,4248,2.437287002976518e-05,2.437287002976518e-05,50.66282653808594,1e-05,1.0,411.531341599999,9261.65087890625
final_only,4249,1.1650849046418443e-05,1.1650849046418443e-05,44.84865951538086,1e-05,1.0,411.62744149996433,9261.65087890625
final_only,4250,7.604643997183302e-06,7.604643997183302e-06,45.590980529785156,1e-05,1.0,411.72191980003845,9261.65087890625
final_only,4251,3.657164597825613e-06,3.657164597825613e-06,47.746429443359375,1e-05,1.0,411.81809590000194,9261.65087890625
final_only,4252,2.3182485165307298e-05,2.3182485165307298e-05,47.489707946777344,1e-05,1.0,411.9120462000137,9261.65087890625
final_only,4253,9.724282790557481e-06,9.724282790557481e-06,45.864952087402344,1e-05,1.0,412.0079632999841,9261.65087890625
final_only,4254,1.3714230590267107e-05,1.3714230590267107e-05,49.423744201660156,1e-05,1.0,412.10400779999327,9261.65087890625
final_only,4255,7.801631909387652e-06,7.801631909387652e-06,45.93141555786133,1e-05,1.0,412.19961340003647,9261.65087890625
final_only,4256,1.5502759197261184e-05,1.5502759197261184e-05,46.458778381347656,1e-05,1.0,412.29519959993195,9261.65087890625
final_only,4257,3.798183024628088e-05,3.798183024628088e-05,46.279273986816406,1e-05,1.0,412.38983729993924,9261.65087890625
final_only,4258,4.19991192757152e-06,4.19991192757152e-06,49.12866973876953,1e-05,1.0,412.485382999992,9261.65087890625
final_only,4259,9.391224921273533e-06,9.391224921273533e-06,48.00914764404297,1e-05,1.0,412.580823999946,9261.65087890625
final_only,4260,3.103376002400182e-05,3.103376002400182e-05,47.48029708862305,1e-05,1.0,412.67529319995083,9261.65087890625
final_only,4261,1.185554083349416e-05,1.185554083349416e-05,47.465003967285156,1e-05,1.0,412.7704370999709,9261.65087890625
final_only,4262,3.3880569390021265e-06,3.3880569390021265e-06,48.0004997253418,1e-05,1.0,412.8652373999357,9261.65087890625
final_only,4263,4.027791419503046e-06,4.027791419503046e-06,46.1893424987793,1e-05,1.0,412.9603625999298,9261.65087890625
final_only,4264,9.893991773424204e-06,9.893991773424204e-06,45.00707244873047,1e-05,1.0,413.0574084999971,9261.65087890625
final_only,4265,3.783100692089647e-05,3.783100692089647e-05,46.53657913208008,1e-05,1.0,413.1529155999888,9261.65087890625
final_only,4266,3.1384559406433254e-05,3.1384559406433254e-05,47.40325927734375,1e-05,1.0,413.24804129998665,9261.65087890625
final_only,4267,1.870774940471165e-05,1.870774940471165e-05,45.8593864440918,1e-05,1.0,413.3427551999921,9261.65087890625
final_only,4268,1.96122800844023e-05,1.96122800844023e-05,46.557655334472656,1e-05,1.0,413.43792699999176,9261.65087890625
final_only,4269,4.680615347751882e-06,4.680615347751882e-06,48.51860046386719,1e-05,1.0,413.5339446000289,9261.65087890625
final_only,4270,3.5266304621472955e-05,3.5266304621472955e-05,46.30042266845703,1e-05,1.0,413.6292456999654,9261.65087890625
final_only,4271,7.979008842085022e-06,7.979008842085022e-06,47.317256927490234,1e-05,1.0,413.72554819996003,9261.65087890625
final_only,4272,2.4334940462722443e-06,2.4334940462722443e-06,46.04169464111328,1e-05,1.0,413.8219760999782,9261.65087890625
final_only,4273,3.3851217722258298e-06,3.3851217722258298e-06,47.945613861083984,1e-05,1.0,413.9164179000072,9261.65087890625
final_only,4274,8.95714129001135e-06,8.95714129001135e-06,48.630882263183594,1e-05,1.0,414.0145613999339,9261.65087890625
final_only,4275,3.471656236797571e-05,3.471656236797571e-05,47.47589874267578,1e-05,1.0,414.1112557000015,9261.65087890625
final_only,4276,2.8799991923733614e-05,2.8799991923733614e-05,45.831085205078125,1e-05,1.0,414.2071719999658,9261.65087890625
final_only,4277,1.418917418050114e-05,1.418917418050114e-05,49.609283447265625,1e-05,1.0,414.303037900012,9261.65087890625
final_only,4278,1.5250934666255489e-05,1.5250934666255489e-05,48.369300842285156,1e-05,1.0,414.3978829999687,9261.65087890625
final_only,4279,0.00020957700326107442,0.00020957700326107442,46.62295150756836,1e-05,1.0,414.49349779996555,9261.65087890625
final_only,4280,1.2723014151561074e-05,1.2723014151561074e-05,45.95148849487305,1e-05,1.0,414.5890822999645,9261.65087890625
final_only,4281,1.7175349057652056e-05,1.7175349057652056e-05,45.810890197753906,1e-05,1.0,414.68466060003266,9261.65087890625
final_only,4282,2.8052796551492065e-05,2.8052796551492065e-05,47.45000457763672,1e-05,1.0,414.7798523999518,9261.65087890625
final_only,4283,1.0987321729771793e-05,1.0987321729771793e-05,45.431724548339844,1e-05,1.0,414.8745988999726,9261.65087890625
final_only,4284,7.549372185167158e-06,7.549372185167158e-06,49.815391540527344,1e-05,1.0,414.9696003999561,9261.65087890625
final_only,4285,3.287594154244289e-05,3.287594154244289e-05,45.62083053588867,1e-05,1.0,415.06587339995895,9261.65087890625
final_only,4286,1.2431124559952877e-05,1.2431124559952877e-05,49.269493103027344,1e-05,1.0,415.1612560999347,9261.65087890625
final_only,4287,1.4613961866416503e-05,1.4613961866416503e-05,47.86651611328125,1e-05,1.0,415.2557720999466,9261.65087890625
final_only,4288,1.951442209247034e-05,1.951442209247034e-05,48.074668884277344,1e-05,1.0,415.35100120003335,9261.65087890625
final_only,4289,9.384319128002971e-06,9.384319128002971e-06,48.467918395996094,1e-05,1.0,415.44602749997284,9261.65087890625
final_only,4290,8.972388968686573e-06,8.972388968686573e-06,45.35430908203125,1e-05,1.0,415.54163510003127,9261.65087890625
final_only,4291,3.58172792402911e-06,3.58172792402911e-06,46.11133575439453,1e-05,1.0,415.63753770000767,9261.65087890625
final_only,4292,1.856041490100324e-05,1.856041490100324e-05,44.851043701171875,1e-05,1.0,415.73271929996554,9261.65087890625
final_only,4293,2.4869195840437897e-05,2.4869195840437897e-05,47.334922790527344,1e-05,1.0,415.8281950999517,9261.65087890625
final_only,4294,1.8076338164974004e-05,1.8076338164974004e-05,49.6025505065918,1e-05,1.0,415.9220790999243,9261.65087890625
final_only,4295,2.613098331494257e-05,2.613098331494257e-05,45.93204116821289,1e-05,1.0,416.01841339992825,9261.65087890625
final_only,4296,2.4803228370728903e-05,2.4803228370728903e-05,48.88749313354492,1e-05,1.0,416.1145004000282,9261.65087890625
final_only,4297,5.721756224374985e-06,5.721756224374985e-06,47.57598114013672,1e-05,1.0,416.20941190002486,9261.65087890625
final_only,4298,2.953173407149734e-06,2.953173407149734e-06,49.309669494628906,1e-05,1.0,416.30471239995677,9261.65087890625
final_only,4299,2.8457294320105575e-05,2.8457294320105575e-05,45.65059280395508,1e-05,1.0,416.39986779994797,9261.65087890625
final_only,4300,7.1720933192409575e-06,7.1720933192409575e-06,45.20594024658203,1e-05,1.0,416.4948424999602,9261.65087890625
final_only,4301,2.1024825400672853e-05,2.1024825400672853e-05,46.04103088378906,1e-05,1.0,416.5915168999927,9261.65087890625
final_only,4302,1.892870568553917e-05,1.892870568553917e-05,46.811248779296875,1e-05,1.0,416.68701190000866,9261.65087890625
final_only,4303,2.9717957659158856e-06,2.9717957659158856e-06,48.975181579589844,1e-05,1.0,416.78258490003645,9261.65087890625
final_only,4304,0.00017479922098573297,0.00017479922098573297,45.279518127441406,1e-05,1.0,416.8771341999527,9261.65087890625
final_only,4305,1.8892886146204546e-05,1.8892886146204546e-05,46.90873336791992,1e-05,1.0,416.9725811999524,9261.65087890625
final_only,4306,1.0727671906352043e-05,1.0727671906352043e-05,47.04029083251953,1e-05,1.0,417.0687975999899,9261.65087890625
final_only,4307,1.3486307580024004e-05,1.3486307580024004e-05,45.75292205810547,1e-05,1.0,417.1636277999496,9261.65087890625
final_only,4308,2.7063340894528665e-05,2.7063340894528665e-05,46.34095764160156,1e-05,1.0,417.25875030003954,9261.65087890625
final_only,4309,8.395385520998389e-06,8.395385520998389e-06,47.269290924072266,1e-05,1.0,417.3546101999236,9261.65087890625
final_only,4310,7.076220208546147e-05,7.076220208546147e-05,44.79957580566406,1e-05,1.0,417.45021909999195,9261.65087890625
final_only,4311,7.033174370008055e-06,7.033174370008055e-06,47.04866409301758,1e-05,1.0,417.54582779994234,9261.65087890625
final_only,4312,2.72637335001491e-05,2.72637335001491e-05,47.222137451171875,1e-05,1.0,417.64117600000463,9261.65087890625
final_only,4313,3.06384890791378e-06,3.06384890791378e-06,47.250755310058594,1e-05,1.0,417.7364465999417,9261.65087890625
final_only,4314,1.991680073842872e-05,1.991680073842872e-05,46.15543746948242,1e-05,1.0,417.8307836999884,9261.65087890625
final_only,4315,1.755320408847183e-05,1.755320408847183e-05,46.457374572753906,1e-05,1.0,417.9257460000226,9261.65087890625
final_only,4316,1.3243390640127473e-05,1.3243390640127473e-05,45.13900375366211,1e-05,1.0,418.022835199954,9261.65087890625
final_only,4317,5.943265023233835e-06,5.943265023233835e-06,46.315773010253906,1e-05,1.0,418.11883619998116,9261.65087890625
final_only,4318,5.749191132053966e-06,5.749191132053966e-06,46.70147705078125,1e-05,1.0,418.2143886999693,9261.65087890625
final_only,4319,6.7311480052012485e-06,6.7311480052012485e-06,46.0844612121582,1e-05,1.0,418.3104428999359,9261.65087890625
final_only,4320,7.196422302513383e-06,7.196422302513383e-06,50.20122146606445,1e-05,1.0,418.40595079993363,9261.65087890625
final_only,4321,7.821990948286839e-06,7.821990948286839e-06,47.82678985595703,1e-05,1.0,418.5010467999382,9261.65087890625
final_only,4322,1.0954069693980273e-05,1.0954069693980273e-05,47.267032623291016,1e-05,1.0,418.5968611999415,9261.65087890625
final_only,4323,1.1270941286056768e-05,1.1270941286056768e-05,50.17433166503906,1e-05,1.0,418.69224639993627,9261.65087890625
final_only,4324,1.4089823707763571e-05,1.4089823707763571e-05,46.14146041870117,1e-05,1.0,418.7867254000157,9261.65087890625
final_only,4325,4.298315616324544e-06,4.298315616324544e-06,45.955078125,1e-05,1.0,418.8815174000338,9261.65087890625
final_only,4326,1.940138463396579e-05,1.940138463396579e-05,49.535709381103516,1e-05,1.0,418.97684959997423,9261.65087890625
final_only,4327,2.7333701382303843e-06,2.7333701382303843e-06,46.272796630859375,1e-05,1.0,419.07252059993334,9261.65087890625
final_only,4328,6.613866389670875e-06,6.613866389670875e-06,48.9749755859375,1e-05,1.0,419.16825480002444,9261.65087890625
final_only,4329,1.1157633707625791e-05,1.1157633707625791e-05,49.84510803222656,1e-05,1.0,419.26302099996246,9261.65087890625
final_only,4330,2.4897957700886764e-05,2.4897957700886764e-05,45.511844635009766,1e-05,1.0,419.35791200003587,9261.65087890625
final_only,4331,1.6723768567317165e-05,1.6723768567317165e-05,46.76305389404297,1e-05,1.0,419.45271859993227,9261.65087890625
final_only,4332,0.0001677972759352997,0.0001677972759352997,47.061763763427734,1e-05,1.0,419.54921770002693,9261.65087890625
final_only,4333,8.315668310387991e-06,8.315668310387991e-06,48.21940612792969,1e-05,1.0,419.6447645999724,9261.65087890625
final_only,4334,1.1734575764421606e-06,1.1734575764421606e-06,47.444374084472656,1e-05,1.0,419.7395883999998,9261.65087890625
final_only,4335,1.19883234219742e-05,1.19883234219742e-05,47.86993408203125,1e-05,1.0,419.83448439999484,9261.65087890625
final_only,4336,4.9275931814918295e-05,4.9275931814918295e-05,51.85430908203125,1e-05,1.0,419.92899549996946,9261.65087890625
final_only,4337,1.774519114405848e-05,1.774519114405848e-05,44.192935943603516,1e-05,1.0,420.02567070000805,9261.65087890625
final_only,4338,7.31409545551287e-06,7.31409545551287e-06,48.25017166137695,1e-05,1.0,420.1208454000298,9261.65087890625
final_only,4339,1.6920088455663063e-05,1.6920088455663063e-05,47.542938232421875,1e-05,1.0,420.2164048999548,9261.65087890625
final_only,4340,1.295573565585073e-05,1.295573565585073e-05,46.0497932434082,1e-05,1.0,420.3116184999235,9261.65087890625
final_only,4341,3.6635628930525854e-06,3.6635628930525854e-06,49.72509765625,1e-05,1.0,420.40638699999545,9261.65087890625
final_only,4342,3.0172264814609662e-05,3.0172264814609662e-05,48.50077819824219,1e-05,1.0,420.5022633000044,9261.65087890625
final_only,4343,1.2434456039045472e-05,1.2434456039045472e-05,49.08028030395508,1e-05,1.0,420.5982946000295,9261.65087890625
final_only,4344,5.34271021024324e-06,5.34271021024324e-06,50.54258346557617,1e-05,1.0,420.69346169999335,9261.65087890625
final_only,4345,3.936808934668079e-05,3.936808934668079e-05,46.088890075683594,1e-05,1.0,420.7880963999778,9261.65087890625
final_only,4346,2.3513799533247948e-05,2.3513799533247948e-05,48.34264373779297,1e-05,1.0,420.88232730003074,9261.65087890625
final_only,4347,1.8207100538347731e-06,1.8207100538347731e-06,46.76999282836914,1e-05,1.0,420.97660139994696,9261.65087890625
final_only,4348,1.665777926973533e-05,1.665777926973533e-05,46.588768005371094,1e-05,1.0,421.0728909999598,9261.65087890625
final_only,4349,1.5816081941011362e-05,1.5816081941011362e-05,48.31222152709961,1e-05,1.0,421.16782169998623,9261.65087890625
final_only,4350,5.0147864385508e-06,5.0147864385508e-06,48.36847686767578,1e-05,1.0,421.2629439999582,9261.65087890625
final_only,4351,0.00014027240104041994,0.00014027240104041994,48.3592529296875,1e-05,1.0,421.35935749998316,9261.65087890625
final_only,4352,8.776971299084835e-06,8.776971299084835e-06,44.79962158203125,1e-05,1.0,421.4540191999404,9261.65087890625
final_only,4353,3.206654218956828e-05,3.206654218956828e-05,42.722808837890625,1e-05,1.0,421.5501334000146,9261.65087890625
final_only,4354,1.0028106771642342e-05,1.0028106771642342e-05,47.62200164794922,1e-05,1.0,421.64584340003785,9261.65087890625
final_only,4355,6.366734851326328e-06,6.366734851326328e-06,45.400726318359375,1e-05,1.0,421.7410154999234,9261.65087890625
final_only,4356,9.13651820155792e-06,9.13651820155792e-06,45.36147689819336,1e-05,1.0,421.83599769999273,9261.65087890625
final_only,4357,1.559898373670876e-05,1.559898373670876e-05,48.44125747680664,1e-05,1.0,421.9305420999881,9261.65087890625
final_only,4358,1.3837536243954673e-05,1.3837536243954673e-05,47.45391082763672,1e-05,1.0,422.026902899961,9261.65087890625
final_only,4359,2.7372141630621627e-05,2.7372141630621627e-05,46.46513366699219,1e-05,1.0,422.12312260002363,9261.65087890625
final_only,4360,2.175181361963041e-05,2.175181361963041e-05,47.665870666503906,1e-05,1.0,422.22006129997317,9261.65087890625
final_only,4361,1.2523432815214619e-05,1.2523432815214619e-05,45.29437255859375,1e-05,1.0,422.31551610003226,9261.65087890625
final_only,4362,7.518518941651564e-06,7.518518941651564e-06,47.45685577392578,1e-05,1.0,422.4119810999837,9261.65087890625
final_only,4363,1.2465166946640238e-05,1.2465166946640238e-05,48.81741714477539,1e-05,1.0,422.5074347000336,9261.65087890625
final_only,4364,5.8298192016081885e-06,5.8298192016081885e-06,47.78167724609375,1e-05,1.0,422.6032278999919,9261.65087890625
final_only,4365,4.598534360411577e-06,4.598534360411577e-06,47.7658805847168,1e-05,1.0,422.6977190999314,9261.65087890625
final_only,4366,1.495190281275427e-05,1.495190281275427e-05,46.42878723144531,1e-05,1.0,422.79341539996676,9261.65087890625
final_only,4367,6.219555871211924e-06,6.219555871211924e-06,50.63934326171875,1e-05,1.0,422.88836069998797,9261.65087890625
final_only,4368,2.646759185154224e-06,2.646759185154224e-06,49.04088592529297,1e-05,1.0,422.98331359995063,9261.65087890625
final_only,4369,8.667941983730998e-06,8.667941983730998e-06,49.03567886352539,1e-05,1.0,423.079236999969,9261.65087890625
final_only,4370,3.6460114642977715e-06,3.6460114642977715e-06,47.993736267089844,1e-05,1.0,423.17450999992434,9261.65087890625
final_only,4371,3.436503902776167e-06,3.436503902776167e-06,47.62173843383789,1e-05,1.0,423.26995420001913,9261.65087890625
final_only,4372,1.0520950127101969e-05,1.0520950127101969e-05,45.125633239746094,1e-05,1.0,423.36497110000346,9261.65087890625
final_only,4373,4.558349701255793e-06,4.558349701255793e-06,46.80559158325195,1e-05,1.0,423.4601403999841,9261.65087890625
final_only,4374,2.434944690321572e-05,2.434944690321572e-05,44.49311828613281,1e-05,1.0,423.5559952999465,9261.65087890625
final_only,4375,8.758252079132944e-06,8.758252079132944e-06,48.823272705078125,1e-05,1.0,423.65104399994016,9261.65087890625
final_only,4376,4.300312866689637e-06,4.300312866689637e-06,49.06041717529297,1e-05,1.0,423.74632649996784,9261.65087890625
final_only,4377,1.1229644769628067e-05,1.1229644769628067e-05,47.481143951416016,1e-05,1.0,423.8416579000186,9261.65087890625
final_only,4378,2.1850561097380705e-05,2.1850561097380705e-05,45.11296081542969,1e-05,1.0,423.93571829993743,9261.65087890625
final_only,4379,8.540662747691385e-06,8.540662747691385e-06,47.26774978637695,1e-05,1.0,424.0321052999934,9261.65087890625
final_only,4380,7.311428817047272e-06,7.311428817047272e-06,48.68628692626953,1e-05,1.0,424.1280991999665,9261.65087890625
final_only,4381,5.237168807070702e-06,5.237168807070702e-06,48.49897766113281,1e-05,1.0,424.2233570999233,9261.65087890625
final_only,4382,2.1890667994739488e-05,2.1890667994739488e-05,48.12743377685547,1e-05,1.0,424.3182686000364,9261.65087890625
final_only,4383,2.249423232569825e-05,2.249423232569825e-05,44.716651916503906,1e-05,1.0,424.41365769994445,9261.65087890625
final_only,4384,7.072892913129181e-06,7.072892913129181e-06,48.3819580078125,1e-05,1.0,424.5090536000207,9261.65087890625
final_only,4385,2.084483094222378e-05,2.084483094222378e-05,48.46546936035156,1e-05,1.0,424.6042743999278,9261.65087890625
final_only,4386,9.171328201773576e-06,9.171328201773576e-06,48.32562255859375,1e-05,1.0,424.69882529997267,9261.65087890625
final_only,4387,1.0968087735818699e-05,1.0968087735818699e-05,47.161834716796875,1e-05,1.0,424.79464570002165,9261.65087890625
final_only,4388,7.46450405131327e-06,7.46450405131327e-06,47.011287689208984,1e-05,1.0,424.88995560002513,9261.65087890625
final_only,4389,1.7674487025942653e-05,1.7674487025942653e-05,44.894683837890625,1e-05,1.0,424.9849840999814,9261.65087890625
final_only,4390,6.407120054063853e-06,6.407120054063853e-06,47.80305862426758,1e-05,1.0,425.0811902999412,9261.65087890625
final_only,4391,1.675036401138641e-05,1.675036401138641e-05,47.95757293701172,1e-05,1.0,425.1769627999747,9261.65087890625
final_only,4392,7.800424100423697e-06,7.800424100423697e-06,47.75374984741211,1e-05,1.0,425.2715169999283,9261.65087890625
final_only,4393,4.334624100010842e-05,4.334624100010842e-05,49.48979187011719,1e-05,1.0,425.36682999995537,9261.65087890625
final_only,4394,8.339231499121524e-06,8.339231499121524e-06,47.58035659790039,1e-05,1.0,425.4628061000258,9261.65087890625
final_only,4395,9.647540537116583e-06,9.647540537116583e-06,45.13639450073242,1e-05,1.0,425.55868160002865,9261.65087890625
final_only,4396,2.6959973183693364e-05,2.6959973183693364e-05,46.23887634277344,1e-05,1.0,425.65322249999736,9261.65087890625
final_only,4397,2.606953785289079e-05,2.606953785289079e-05,47.44575119018555,1e-05,1.0,425.74845990003087,9261.65087890625
final_only,4398,1.0408832167740911e-05,1.0408832167740911e-05,45.18914031982422,1e-05,1.0,425.84361789992545,9261.65087890625
final_only,4399,2.4929218852776103e-05,2.4929218852776103e-05,48.71064758300781,1e-05,1.0,425.9381040999433,9261.65087890625
final_only,4400,4.640496626961976e-06,4.640496626961976e-06,46.42147445678711,1e-05,1.0,426.0345350999851,9261.65087890625
final_only,4401,3.561199491741718e-06,3.561199491741718e-06,45.058082580566406,1e-05,1.0,426.1309791000094,9261.65087890625
final_only,4402,1.244779832632048e-05,1.244779832632048e-05,47.52512741088867,1e-05,1.0,426.2266093000071,9261.65087890625
final_only,4403,1.6157124264282174e-05,1.6157124264282174e-05,47.83829879760742,1e-05,1.0,426.3225594999967,9261.65087890625
final_only,4404,1.1702531992341392e-05,1.1702531992341392e-05,48.89393615722656,1e-05,1.0,426.4188250999432,9261.65087890625
final_only,4405,4.970961072103819e-06,4.970961072103819e-06,48.59284210205078,1e-05,1.0,426.5156166999368,9261.65087890625
final_only,4406,1.675991188676562e-05,1.675991188676562e-05,47.825225830078125,1e-05,1.0,426.61077919998206,9261.65087890625
final_only,4407,1.0018894499808084e-05,1.0018894499808084e-05,45.62638473510742,1e-05,1.0,426.7056947000092,9261.65087890625
final_only,4408,9.367342499899678e-06,9.367342499899678e-06,47.50572967529297,1e-05,1.0,426.80134070001077,9261.65087890625
final_only,4409,1.2140546459704638e-05,1.2140546459704638e-05,45.312129974365234,1e-05,1.0,426.8967192999553,9261.65087890625
final_only,4410,8.84309883986134e-06,8.84309883986134e-06,49.7302360534668,1e-05,1.0,426.9917532999534,9261.65087890625
final_only,4411,2.028167000389658e-05,2.028167000389658e-05,45.99213409423828,1e-05,1.0,427.08796209993307,9261.65087890625
final_only,4412,6.368984031723812e-06,6.368984031723812e-06,45.946693420410156,1e-05,1.0,427.1835010999348,9261.65087890625
final_only,4413,1.9127664927509613e-05,1.9127664927509613e-05,47.02342987060547,1e-05,1.0,427.2783814999275,9261.65087890625
final_only,4414,5.866836545465048e-06,5.866836545465048e-06,46.30852127075195,1e-05,1.0,427.3732725000009,9261.65087890625
final_only,4415,2.4832244889694266e-05,2.4832244889694266e-05,47.900123596191406,1e-05,1.0,427.46889319992624,9261.65087890625
final_only,4416,2.240499270556029e-05,2.240499270556029e-05,49.33238220214844,1e-05,1.0,427.5643309999723,9261.65087890625
final_only,4417,2.0476818463066593e-05,2.0476818463066593e-05,48.076683044433594,1e-05,1.0,427.6596547999652,9261.65087890625
final_only,4418,4.282828285795404e-06,4.282828285795404e-06,47.991458892822266,1e-05,1.0,427.7548544999445,9261.65087890625
final_only,4419,5.7589691095927265e-06,5.7589691095927265e-06,49.081298828125,1e-05,1.0,427.85067569999956,9261.65087890625
final_only,4420,1.5349072782555595e-05,1.5349072782555595e-05,46.92954635620117,1e-05,1.0,427.9452117999317,9261.65087890625
final_only,4421,1.9908606191165745e-05,1.9908606191165745e-05,47.81324768066406,1e-05,1.0,428.04161129996646,9261.65087890625
final_only,4422,4.330475803726586e-06,4.330475803726586e-06,47.11329650878906,1e-05,1.0,428.1371600999264,9261.65087890625
final_only,4423,5.3331473282014485e-06,5.3331473282014485e-06,46.59954071044922,1e-05,1.0,428.2316510999808,9261.65087890625
final_only,4424,9.73484930000268e-06,9.73484930000268e-06,49.56919479370117,1e-05,1.0,428.326639899984,9261.65087890625
final_only,4425,1.4995541278040037e-05,1.4995541278040037e-05,48.427284240722656,1e-05,1.0,428.42194189992733,9261.65087890625
final_only,4426,5.053723725723103e-06,5.053723725723103e-06,46.34840393066406,1e-05,1.0,428.5174595999997,9261.65087890625
final_only,4427,3.484963599476032e-05,3.484963599476032e-05,44.267364501953125,1e-05,1.0,428.612929899944,9261.65087890625
final_only,4428,1.8114064005203545e-05,1.8114064005203545e-05,48.30781555175781,1e-05,1.0,428.70862409996334,9261.65087890625
final_only,4429,2.9319056920940056e-05,2.9319056920940056e-05,47.782474517822266,1e-05,1.0,428.80393059994094,9261.65087890625
final_only,4430,1.6140636944328435e-05,1.6140636944328435e-05,45.527915954589844,1e-05,1.0,428.89859550003894,9261.65087890625
final_only,4431,2.159266841772478e-05,2.159266841772478e-05,46.864723205566406,1e-05,1.0,428.9949506999692,9261.65087890625
final_only,4432,1.0780911907204427e-05,1.0780911907204427e-05,47.5007209777832,1e-05,1.0,429.09080200002063,9261.65087890625
final_only,4433,3.7670276924473e-06,3.7670276924473e-06,48.81149673461914,1e-05,1.0,429.18512399995234,9261.65087890625
final_only,4434,1.0643810128385667e-05,1.0643810128385667e-05,45.300498962402344,1e-05,1.0,429.2802127000177,9261.65087890625
final_only,4435,1.6868176317075267e-05,1.6868176317075267e-05,48.211524963378906,1e-05,1.0,429.37533800001256,9261.65087890625
final_only,4436,2.8516195015981793e-05,2.8516195015981793e-05,45.59010696411133,1e-05,1.0,429.4709314999636,9261.65087890625
final_only,4437,4.2997471609851345e-06,4.2997471609851345e-06,48.50126647949219,1e-05,1.0,429.5661745999241,9261.65087890625
final_only,4438,2.0839550415985286e-05,2.0839550415985286e-05,45.9250602722168,1e-05,1.0,429.66156719997525,9261.65087890625
final_only,4439,2.799473350023618e-06,2.799473350023618e-06,46.957008361816406,1e-05,1.0,429.75696499994956,9261.65087890625
final_only,4440,1.8645809177542105e-05,1.8645809177542105e-05,44.82646560668945,1e-05,1.0,429.85150979994796,9261.65087890625
final_only,4441,1.2264525139471516e-05,1.2264525139471516e-05,45.94913864135742,1e-05,1.0,429.94686309993267,9261.65087890625
final_only,4442,2.9617332984344102e-05,2.9617332984344102e-05,47.05080032348633,1e-05,1.0,430.04257429996505,9261.65087890625
final_only,4443,4.057998739881441e-05,4.057998739881441e-05,49.33536148071289,1e-05,1.0,430.1380589000182,9261.65087890625
final_only,4444,1.8288665160071105e-05,1.8288665160071105e-05,48.43488311767578,1e-05,1.0,430.2336253999965,9261.65087890625
final_only,4445,7.802926120348275e-06,7.802926120348275e-06,50.30345153808594,1e-05,1.0,430.3292672999669,9261.65087890625
final_only,4446,1.207665445690509e-05,1.207665445690509e-05,46.385986328125,1e-05,1.0,430.42527759994846,9261.65087890625
final_only,4447,2.9007172997808084e-05,2.9007172997808084e-05,46.65177917480469,1e-05,1.0,430.5211147000082,9261.65087890625
final_only,4448,2.1360769096645527e-05,2.1360769096645527e-05,46.54447937011719,1e-05,1.0,430.6174603999825,9261.65087890625
final_only,4449,7.995666237547994e-06,7.995666237547994e-06,46.45481872558594,1e-05,1.0,430.7133583999239,9261.65087890625
final_only,4450,6.555568688781932e-06,6.555568688781932e-06,47.95978546142578,1e-05,1.0,430.8080169999739,9261.65087890625
final_only,4451,1.7965896404348314e-05,1.7965896404348314e-05,46.9921875,1e-05,1.0,430.9034738999326,9261.65087890625
final_only,4452,1.4988270777394064e-05,1.4988270777394064e-05,48.24505615234375,1e-05,1.0,430.9991067999508,9261.65087890625
final_only,4453,4.703825652541127e-06,4.703825652541127e-06,46.42081069946289,1e-05,1.0,431.09454049996566,9261.65087890625
final_only,4454,2.9992170311743394e-05,2.9992170311743394e-05,47.198455810546875,1e-05,1.0,431.18986459996086,9261.65087890625
final_only,4455,9.398741894983687e-06,9.398741894983687e-06,47.16340255737305,1e-05,1.0,431.2850298000267,9261.65087890625
final_only,4456,5.1657052608788945e-06,5.1657052608788945e-06,44.75892639160156,1e-05,1.0,431.3806218999671,9261.65087890625
final_only,4457,1.4656526218459476e-05,1.4656526218459476e-05,48.103981018066406,1e-05,1.0,431.4753410000121,9261.65087890625
final_only,4458,2.2658043690171326e-06,2.2658043690171326e-06,47.567684173583984,1e-05,1.0,431.57173149997834,9261.65087890625
final_only,4459,3.723337385963532e-06,3.723337385963532e-06,47.10139083862305,1e-05,1.0,431.6672814999474,9261.65087890625
final_only,4460,1.350022830592934e-05,1.350022830592934e-05,47.96855163574219,1e-05,1.0,431.76266529993154,9261.65087890625
final_only,4461,1.754007098497823e-05,1.754007098497823e-05,46.568965911865234,1e-05,1.0,431.85705099999905,9261.65087890625
final_only,4462,9.866342224995606e-06,9.866342224995606e-06,45.92317199707031,1e-05,1.0,431.95200509997085,9261.65087890625
final_only,4463,2.9671132324438076e-06,2.9671132324438076e-06,45.40821838378906,1e-05,1.0,432.04782159999013,9261.65087890625
final_only,4464,1.241875725099817e-05,1.241875725099817e-05,49.346317291259766,1e-05,1.0,432.1435959000373,9261.65087890625
final_only,4465,1.134862941398751e-05,1.134862941398751e-05,47.45370864868164,1e-05,1.0,432.23884230002295,9261.65087890625
final_only,4466,1.6012929336284287e-05,1.6012929336284287e-05,44.40141296386719,1e-05,1.0,432.3340157000348,9261.65087890625
final_only,4467,2.052255513262935e-05,2.052255513262935e-05,46.55020523071289,1e-05,1.0,432.42921309999656,9261.65087890625
final_only,4468,2.8970816856599413e-05,2.8970816856599413e-05,47.59674835205078,1e-05,1.0,432.5241928999312,9261.65087890625
final_only,4469,3.689597360789776e-05,3.689597360789776e-05,48.09760665893555,1e-05,1.0,432.62021520000417,9261.65087890625
final_only,4470,1.0482252037036233e-05,1.0482252037036233e-05,49.154991149902344,1e-05,1.0,432.7154344000155,9261.65087890625
final_only,4471,2.4314269467140548e-05,2.4314269467140548e-05,47.05209732055664,1e-05,1.0,432.8103937000269,9261.65087890625
final_only,4472,4.003447429568041e-06,4.003447429568041e-06,44.264034271240234,1e-05,1.0,432.90547859994695,9261.65087890625
final_only,4473,0.00015962730685714632,0.00015962730685714632,48.99235916137695,1e-05,1.0,433.00095609994605,9261.65087890625
final_only,4474,1.7285241483477876e-05,1.7285241483477876e-05,47.2783317565918,1e-05,1.0,433.096615599934,9261.65087890625
final_only,4475,4.764426194014959e-06,4.764426194014959e-06,45.05876159667969,1e-05,1.0,433.19204699993134,9261.65087890625
final_only,4476,8.979050107882358e-06,8.979050107882358e-06,47.98822021484375,1e-05,1.0,433.2872826999519,9261.65087890625
final_only,4477,2.506569762772415e-05,2.506569762772415e-05,46.35493469238281,1e-05,1.0,433.3816274999408,9261.65087890625
final_only,4478,7.044639005471254e-06,7.044639005471254e-06,46.27536392211914,1e-05,1.0,433.4765056000324,9261.65087890625
final_only,4479,1.0645495422068052e-05,1.0645495422068052e-05,45.13850402832031,1e-05,1.0,433.5728377000196,9261.65087890625
final_only,4480,1.7220769223058596e-05,1.7220769223058596e-05,46.67988204956055,1e-05,1.0,433.66858669999056,9261.65087890625
final_only,4481,1.2093389159417711e-05,1.2093389159417711e-05,47.65007400512695,1e-05,1.0,433.7634063999867,9261.65087890625
final_only,4482,5.234685886534862e-05,5.234685886534862e-05,45.519927978515625,1e-05,1.0,433.858641800005,9261.65087890625
final_only,4483,1.0525453035370447e-05,1.0525453035370447e-05,45.42173767089844,1e-05,1.0,433.9535792999668,9261.65087890625
final_only,4484,6.910137017257512e-06,6.910137017257512e-06,45.85243606567383,1e-05,1.0,434.04876819998026,9261.65087890625
final_only,4485,1.720207728794776e-05,1.720207728794776e-05,49.894622802734375,1e-05,1.0,434.1445676999865,9261.65087890625
final_only,4486,4.111594989808509e-06,4.111594989808509e-06,48.23466110229492,1e-05,1.0,434.23952820000704,9261.65087890625
final_only,4487,1.3498279258783441e-05,1.3498279258783441e-05,47.184791564941406,1e-05,1.0,434.3338948999299,9261.65087890625
final_only,4488,6.368028152792249e-06,6.368028152792249e-06,47.25935363769531,1e-05,1.0,434.42883789993357,9261.65087890625
final_only,4489,8.167453415808268e-06,8.167453415808268e-06,49.841278076171875,1e-05,1.0,434.524780799984,9261.65087890625
final_only,4490,2.7835633318318287e-06,2.7835633318318287e-06,46.93611145019531,1e-05,1.0,434.62137099995743,9261.65087890625
final_only,4491,1.0353554898756556e-05,1.0353554898756556e-05,47.707584381103516,1e-05,1.0,434.71730629995,9261.65087890625
final_only,4492,9.519128980173264e-06,9.519128980173264e-06,47.56340026855469,1e-05,1.0,434.81323099997826,9261.65087890625
final_only,4493,2.865710121113807e-05,2.865710121113807e-05,47.261199951171875,1e-05,1.0,434.9092337000184,9261.65087890625
final_only,4494,1.5501214875257574e-05,1.5501214875257574e-05,47.657440185546875,1e-05,1.0,435.0050078999484,9261.65087890625
final_only,4495,0.00013216087245382369,0.00013216087245382369,44.96729278564453,1e-05,1.0,435.1006640000269,9261.65087890625
final_only,4496,4.030875788885169e-05,4.030875788885169e-05,47.21556854248047,1e-05,1.0,435.1956812000135,9261.65087890625
final_only,4497,2.2546760192199145e-06,2.2546760192199145e-06,48.58623504638672,1e-05,1.0,435.29102010000497,9261.65087890625
final_only,4498,3.744590867427178e-05,3.744590867427178e-05,49.46842956542969,1e-05,1.0,435.3857211000286,9261.65087890625
final_only,4499,8.372941010748036e-06,8.372941010748036e-06,46.06536102294922,1e-05,1.0,435.4816126000369,9261.65087890625
final_only,4500,1.596863876329735e-05,1.596863876329735e-05,45.20674133300781,1e-05,1.0,435.57757970003877,9261.65087890625
final_only,4501,3.45152075169608e-05,3.45152075169608e-05,47.634117126464844,1e-05,1.0,435.99173330003396,9261.65087890625
final_only,4502,2.189670703955926e-05,2.189670703955926e-05,45.66753387451172,1e-05,1.0,436.0867636000039,9261.65087890625
final_only,4503,1.387481370329624e-05,1.387481370329624e-05,48.35543441772461,1e-05,1.0,436.18241479992867,9261.65087890625
final_only,4504,3.5389273307373514e-06,3.5389273307373514e-06,47.6173210144043,1e-05,1.0,436.2773315999657,9261.65087890625
final_only,4505,1.0968607966788113e-05,1.0968607966788113e-05,46.14864730834961,1e-05,1.0,436.3717544999672,9261.65087890625
final_only,4506,7.0297564889187925e-06,7.0297564889187925e-06,47.16150665283203,1e-05,1.0,436.46748989995103,9261.65087890625
final_only,4507,1.400921155436663e-05,1.400921155436663e-05,47.00670623779297,1e-05,1.0,436.56271640001796,9261.65087890625
final_only,4508,1.5981251635821536e-05,1.5981251635821536e-05,46.78497314453125,1e-05,1.0,436.65842230001,9261.65087890625
final_only,4509,6.359367489494616e-06,6.359367489494616e-06,47.185401916503906,1e-05,1.0,436.7533576999558,9261.65087890625
final_only,4510,5.20677804161096e-06,5.20677804161096e-06,47.18368911743164,1e-05,1.0,436.8486202999484,9261.65087890625
final_only,4511,1.826260813686531e-06,1.826260813686531e-06,44.85554504394531,1e-05,1.0,436.94391499995254,9261.65087890625
final_only,4512,9.006887012219522e-06,9.006887012219522e-06,46.59696960449219,1e-05,1.0,437.0400002000388,9261.65087890625
final_only,4513,2.6271125079802005e-06,2.6271125079802005e-06,46.762413024902344,1e-05,1.0,437.1349690000061,9261.65087890625
final_only,4514,3.857345745927887e-06,3.857345745927887e-06,46.23670196533203,1e-05,1.0,437.2301090999972,9261.65087890625
final_only,4515,8.391023584408686e-06,8.391023584408686e-06,46.70783615112305,1e-05,1.0,437.3244412000058,9261.65087890625
final_only,4516,1.44545228977222e-05,1.44545228977222e-05,49.05091857910156,1e-05,1.0,437.4202861000085,9261.65087890625
final_only,4517,2.1878284314880148e-05,2.1878284314880148e-05,48.09546661376953,1e-05,1.0,437.5154620000394,9261.65087890625
final_only,4518,3.995183305960381e-06,3.995183305960381e-06,47.172882080078125,1e-05,1.0,437.61187359993346,9261.65087890625
final_only,4519,6.719618340866873e-06,6.719618340866873e-06,47.116615295410156,1e-05,1.0,437.70703549997415,9261.65087890625
final_only,4520,2.1543473849305883e-05,2.1543473849305883e-05,49.556854248046875,1e-05,1.0,437.8021452999674,9261.65087890625
final_only,4521,0.00014220678713172674,0.00014220678713172674,48.870704650878906,1e-05,1.0,437.897687699995,9261.65087890625
final_only,4522,1.9258046449976973e-05,1.9258046449976973e-05,45.44670104980469,1e-05,1.0,437.99456939997617,9261.65087890625
final_only,4523,1.4366382856678683e-05,1.4366382856678683e-05,46.36387252807617,1e-05,1.0,438.0895688999444,9261.65087890625
final_only,4524,1.9884842913597822e-05,1.9884842913597822e-05,48.3286247253418,1e-05,1.0,438.1846844999818,9261.65087890625
final_only,4525,1.0637853847583756e-05,1.0637853847583756e-05,47.49566650390625,1e-05,1.0,438.2804044999648,9261.65087890625
final_only,4526,1.2789581887773238e-05,1.2789581887773238e-05,47.928367614746094,1e-05,1.0,438.37544510001317,9261.65087890625
final_only,4527,8.45750400912948e-06,8.45750400912948e-06,45.845306396484375,1e-05,1.0,438.4704859999474,9261.65087890625
final_only,4528,3.6105941489950055e-06,3.6105941489950055e-06,46.944557189941406,1e-05,1.0,438.5671316999942,9261.65087890625
final_only,4529,2.39628461713437e-05,2.39628461713437e-05,48.35145568847656,1e-05,1.0,438.6638091999339,9261.65087890625
final_only,4530,0.00011787102266680449,0.00011787102266680449,46.749542236328125,1e-05,1.0,438.7592871999368,9261.65087890625
final_only,4531,3.573378535293159e-06,3.573378535293159e-06,48.630958557128906,1e-05,1.0,438.8550383999245,9261.65087890625
final_only,4532,1.4523775462293997e-05,1.4523775462293997e-05,48.64588165283203,1e-05,1.0,438.9503977999557,9261.65087890625
final_only,4533,4.950498805555981e-06,4.950498805555981e-06,48.62425994873047,1e-05,1.0,439.0465981999878,9261.65087890625
final_only,4534,1.8953232938656583e-05,1.8953232938656583e-05,45.04918670654297,1e-05,1.0,439.1417666999623,9261.65087890625
final_only,4535,5.277188392938115e-06,5.277188392938115e-06,46.68533706665039,1e-05,1.0,439.23687979998067,9261.65087890625
final_only,4536,2.72850479632325e-06,2.72850479632325e-06,49.27362823486328,1e-05,1.0,439.3320198999718,9261.65087890625
final_only,4537,9.302846592618152e-06,9.302846592618152e-06,47.87743377685547,1e-05,1.0,439.42646909994073,9261.65087890625
final_only,4538,1.3647500963998027e-05,1.3647500963998027e-05,46.339027404785156,1e-05,1.0,439.5214018999832,9261.65087890625
final_only,4539,1.4463691513810772e-05,1.4463691513810772e-05,48.25562286376953,1e-05,1.0,439.61672709998675,9261.65087890625
final_only,4540,3.176808240823448e-05,3.176808240823448e-05,44.85258483886719,1e-05,1.0,439.7128890999593,9261.65087890625
final_only,4541,1.5441130472026998e-06,1.5441130472026998e-06,49.482601165771484,1e-05,1.0,439.8074832999846,9261.65087890625
final_only,4542,5.483921995619312e-06,5.483921995619312e-06,46.790809631347656,1e-05,1.0,439.90272809995804,9261.65087890625
final_only,4543,2.7103211323264986e-05,2.7103211323264986e-05,48.21605682373047,1e-05,1.0,439.99849559995346,9261.65087890625
final_only,4544,7.2608308983035386e-06,7.2608308983035386e-06,47.15886688232422,1e-05,1.0,440.0940472999355,9261.65087890625
final_only,4545,5.2552564739016816e-05,5.2552564739016816e-05,46.23748779296875,1e-05,1.0,440.1890085999621,9261.65087890625
final_only,4546,5.792961019324139e-06,5.792961019324139e-06,45.31629943847656,1e-05,1.0,440.28316669992637,9261.65087890625
final_only,4547,5.414392035163473e-06,5.414392035163473e-06,50.329917907714844,1e-05,1.0,440.3781000999734,9261.65087890625
final_only,4548,1.2811424312531017e-05,1.2811424312531017e-05,48.42181396484375,1e-05,1.0,440.473429900012,9261.65087890625
final_only,4549,5.036346919951029e-06,5.036346919951029e-06,47.3504524230957,1e-05,1.0,440.5693445999641,9261.65087890625
final_only,4550,6.58032467981684e-06,6.58032467981684e-06,47.93307113647461,1e-05,1.0,440.664820099948,9261.65087890625
final_only,4551,1.2470892215787899e-05,1.2470892215787899e-05,48.985755920410156,1e-05,1.0,440.76034759997856,9261.65087890625
final_only,4552,2.5360151994391344e-05,2.5360151994391344e-05,46.34723663330078,1e-05,1.0,440.8558410999831,9261.65087890625
final_only,4553,9.762498848431278e-06,9.762498848431278e-06,48.50210952758789,1e-05,1.0,440.9502839000197,9261.65087890625
final_only,4554,6.988803761487361e-06,6.988803761487361e-06,48.08949279785156,1e-05,1.0,441.04724049998913,9261.65087890625
final_only,4555,8.975052878668066e-06,8.975052878668066e-06,47.56690216064453,1e-05,1.0,441.14238909992855,9261.65087890625
final_only,4556,1.1774705853895284e-05,1.1774705853895284e-05,49.23274230957031,1e-05,1.0,441.2376734999707,9261.65087890625
final_only,4557,3.842432761302916e-06,3.842432761302916e-06,45.83753204345703,1e-05,1.0,441.3321093999548,9261.65087890625
final_only,4558,3.767854650504887e-05,3.767854650504887e-05,46.96970748901367,1e-05,1.0,441.4267346999841,9261.65087890625
final_only,4559,1.698148116702214e-05,1.698148116702214e-05,47.10585021972656,1e-05,1.0,441.5223285999382,9261.65087890625
final_only,4560,1.98768793779891e-05,1.98768793779891e-05,48.729103088378906,1e-05,1.0,441.61742489994504,9261.65087890625
final_only,4561,6.671527080470696e-05,6.671527080470696e-05,45.67132568359375,1e-05,1.0,441.7125084999716,9261.65087890625
final_only,4562,1.1363204976078123e-05,1.1363204976078123e-05,46.29291534423828,1e-05,1.0,441.808038600022,9261.65087890625
final_only,4563,1.1804412679339293e-05,1.1804412679339293e-05,47.78839874267578,1e-05,1.0,441.90227580000646,9261.65087890625
final_only,4564,1.3190965546527877e-05,1.3190965546527877e-05,47.816680908203125,1e-05,1.0,441.9984728000127,9261.65087890625
final_only,4565,4.649775291909464e-06,4.649775291909464e-06,46.88180160522461,1e-05,1.0,442.0939898999641,9261.65087890625
final_only,4566,4.501678631640971e-06,4.501678631640971e-06,47.19648361206055,1e-05,1.0,442.1893528000219,9261.65087890625
final_only,4567,1.0892563295783475e-05,1.0892563295783475e-05,48.79188537597656,1e-05,1.0,442.2847963999957,9261.65087890625
final_only,4568,1.6662330381223e-05,1.6662330381223e-05,48.639442443847656,1e-05,1.0,442.3793611000292,9261.65087890625
final_only,4569,3.003799429279752e-05,3.003799429279752e-05,47.313072204589844,1e-05,1.0,442.4748892999487,9261.65087890625
final_only,4570,2.97891838272335e-05,2.97891838272335e-05,47.19281768798828,1e-05,1.0,442.5704495999962,9261.65087890625
final_only,4571,2.8061349439667538e-05,2.8061349439667538e-05,46.65113067626953,1e-05,1.0,442.66565899993293,9261.65087890625
final_only,4572,1.068131132342387e-05,1.068131132342387e-05,47.54146957397461,1e-05,1.0,442.76149269996677,9261.65087890625
final_only,4573,9.107576261158101e-06,9.107576261158101e-06,46.665367126464844,1e-05,1.0,442.8571542999707,9261.65087890625
final_only,4574,1.5815605365787633e-05,1.5815605365787633e-05,47.94147491455078,1e-05,1.0,442.95297079999,9261.65087890625
final_only,4575,8.799601346254349e-06,8.799601346254349e-06,47.52439880371094,1e-05,1.0,443.0487714000046,9261.65087890625
final_only,4576,1.284271365875611e-05,1.284271365875611e-05,47.778228759765625,1e-05,1.0,443.1432862000074,9261.65087890625
final_only,4577,3.48904613929335e-05,3.48904613929335e-05,48.17738723754883,1e-05,1.0,443.23863059992436,9261.65087890625
final_only,4578,2.875787231459981e-06,2.875787231459981e-06,48.965145111083984,1e-05,1.0,443.33330950001255,9261.65087890625
final_only,4579,1.8777882360154763e-05,1.8777882360154763e-05,47.738094329833984,1e-05,1.0,443.4285316999303,9261.65087890625
final_only,4580,1.5807825548108667e-05,1.5807825548108667e-05,45.933616638183594,1e-05,1.0,443.5235650000395,9261.65087890625
final_only,4581,3.646024651970947e-06,3.646024651970947e-06,46.16421890258789,1e-05,1.0,443.6183796999976,9261.65087890625
final_only,4582,9.341102895632503e-07,9.341102895632503e-07,48.76287078857422,1e-05,1.0,443.7137604999589,9261.65087890625
final_only,4583,1.242828875547275e-05,1.242828875547275e-05,46.95228576660156,1e-05,1.0,443.8091972999973,9261.65087890625
final_only,4584,1.3198970009398181e-05,1.3198970009398181e-05,48.457237243652344,1e-05,1.0,443.9036537000211,9261.65087890625
final_only,4585,9.31598333409056e-06,9.31598333409056e-06,46.99909973144531,1e-05,1.0,444.00018770003226,9261.65087890625
final_only,4586,1.4761128113605082e-05,1.4761128113605082e-05,45.998626708984375,1e-05,1.0,444.0964568000054,9261.65087890625
final_only,4587,9.228725502907764e-06,9.228725502907764e-06,48.92852783203125,1e-05,1.0,444.19223869999405,9261.65087890625
final_only,4588,9.602337740943767e-06,9.602337740943767e-06,50.20701599121094,1e-05,1.0,444.2870987999486,9261.65087890625
final_only,4589,2.4247492547146976e-05,2.4247492547146976e-05,45.62423324584961,1e-05,1.0,444.382072999957,9261.65087890625
final_only,4590,7.668404577998444e-06,7.668404577998444e-06,47.08819580078125,1e-05,1.0,444.47745420003776,9261.65087890625
final_only,4591,1.2824206123696058e-06,1.2824206123696058e-06,46.946319580078125,1e-05,1.0,444.57344299997203,9261.65087890625
final_only,4592,3.4636061172932386e-05,3.4636061172932386e-05,46.03267288208008,1e-05,1.0,444.66898930002935,9261.65087890625
final_only,4593,1.6083514537967858e-06,1.6083514537967858e-06,48.313751220703125,1e-05,1.0,444.76408029999584,9261.65087890625
final_only,4594,8.375660399906337e-06,8.375660399906337e-06,47.871707916259766,1e-05,1.0,444.85858939995524,9261.65087890625
final_only,4595,5.151829100213945e-06,5.151829100213945e-06,47.360618591308594,1e-05,1.0,444.9537553000264,9261.65087890625
final_only,4596,9.392756510351319e-06,9.392756510351319e-06,45.735443115234375,1e-05,1.0,445.0503245999571,9261.65087890625
final_only,4597,4.161720880802022e-06,4.161720880802022e-06,49.52289962768555,1e-05,1.0,445.14481229998637,9261.65087890625
final_only,4598,2.4991317332023755e-05,2.4991317332023755e-05,45.26405334472656,1e-05,1.0,445.24041800003033,9261.65087890625
final_only,4599,1.0255844244966283e-05,1.0255844244966283e-05,48.36293029785156,1e-05,1.0,445.3353684999747,9261.65087890625
final_only,4600,3.763267886824906e-05,3.763267886824906e-05,48.008567810058594,1e-05,1.0,445.4307610000251,9261.65087890625
final_only,4601,2.367988599871751e-05,2.367988599871751e-05,46.73265075683594,1e-05,1.0,445.52625749993604,9261.65087890625
final_only,4602,1.7313461285084486e-05,1.7313461285084486e-05,49.40083312988281,1e-05,1.0,445.6218463999685,9261.65087890625
final_only,4603,3.2008488233259413e-06,3.2008488233259413e-06,50.61697769165039,1e-05,1.0,445.71737109997775,9261.65087890625
final_only,4604,3.533341077854857e-05,3.533341077854857e-05,47.603790283203125,1e-05,1.0,445.81195809994824,9261.65087890625
final_only,4605,1.6667176168994047e-05,1.6667176168994047e-05,47.511680603027344,1e-05,1.0,445.9070940000238,9261.65087890625
final_only,4606,2.59514017670881e-05,2.59514017670881e-05,44.81670379638672,1e-05,1.0,446.0035540999379,9261.65087890625
final_only,4607,0.0001541182427899912,0.0001541182427899912,46.84195327758789,1e-05,1.0,446.09890320000704,9261.65087890625
final_only,4608,1.8559745512902737e-05,1.8559745512902737e-05,45.96305847167969,1e-05,1.0,446.1934278999688,9261.65087890625
final_only,4609,5.331372449290939e-06,5.331372449290939e-06,48.34416198730469,1e-05,1.0,446.28845869994257,9261.65087890625
final_only,4610,1.0873034625547007e-05,1.0873034625547007e-05,46.23822021484375,1e-05,1.0,446.38387859996874,9261.65087890625
final_only,4611,1.9756738765863702e-05,1.9756738765863702e-05,48.90098190307617,1e-05,1.0,446.47868209995795,9261.65087890625
final_only,4612,6.840994046797277e-06,6.840994046797277e-06,47.50621032714844,1e-05,1.0,446.57479009998497,9261.65087890625
final_only,4613,3.0400758987525478e-05,3.0400758987525478e-05,48.30321502685547,1e-05,1.0,446.67033959995024,9261.65087890625
final_only,4614,1.069150243893091e-06,1.069150243893091e-06,47.92306137084961,1e-05,1.0,446.76648849993944,9261.65087890625
final_only,4615,5.719311957363971e-06,5.719311957363971e-06,45.699798583984375,1e-05,1.0,446.86190240003634,9261.65087890625
final_only,4616,6.186379323480651e-06,6.186379323480651e-06,45.454463958740234,1e-05,1.0,446.95776459993795,9261.65087890625
final_only,4617,2.126151230186224e-06,2.126151230186224e-06,45.956703186035156,1e-05,1.0,447.0554346999852,9261.65087890625
final_only,4618,2.338451167815947e-06,2.338451167815947e-06,48.994712829589844,1e-05,1.0,447.1499255000381,9261.65087890625
final_only,4619,1.0325092262064572e-05,1.0325092262064572e-05,46.30840301513672,1e-05,1.0,447.24510349996854,9261.65087890625
final_only,4620,3.487672802293673e-05,3.487672802293673e-05,49.563026428222656,1e-05,1.0,447.34020510001574,9261.65087890625
final_only,4621,1.3326689440873452e-05,1.3326689440873452e-05,48.08741760253906,1e-05,1.0,447.435544100008,9261.65087890625
final_only,4622,1.3371127352002077e-05,1.3371127352002077e-05,46.870174407958984,1e-05,1.0,447.5311221999582,9261.65087890625
final_only,4623,3.2625801395624876e-05,3.2625801395624876e-05,47.44097900390625,1e-05,1.0,447.6273249000078,9261.65087890625
final_only,4624,1.545668055769056e-05,1.545668055769056e-05,48.13994598388672,1e-05,1.0,447.72313609998673,9261.65087890625
final_only,4625,1.0048324838862754e-05,1.0048324838862754e-05,46.698795318603516,1e-05,1.0,447.8178452999564,9261.65087890625
final_only,4626,1.8346043361816555e-05,1.8346043361816555e-05,47.73180389404297,1e-05,1.0,447.9130780999549,9261.65087890625
final_only,4627,2.509812475182116e-06,2.509812475182116e-06,46.65439224243164,1e-05,1.0,448.009626199957,9261.65087890625
final_only,4628,8.338596671819687e-06,8.338596671819687e-06,45.745025634765625,1e-05,1.0,448.10467559995595,9261.65087890625
final_only,4629,2.544401286286302e-05,2.544401286286302e-05,49.12601852416992,1e-05,1.0,448.19947729993146,9261.65087890625
final_only,4630,2.92889671982266e-06,2.92889671982266e-06,50.865997314453125,1e-05,1.0,448.2946426999988,9261.65087890625
final_only,4631,2.5489034669590183e-06,2.5489034669590183e-06,45.354400634765625,1e-05,1.0,448.3899256000295,9261.65087890625
final_only,4632,1.1865689884871244e-05,1.1865689884871244e-05,47.73613739013672,1e-05,1.0,448.48449860000983,9261.65087890625
final_only,4633,1.2547534424811602e-05,1.2547534424811602e-05,45.6131477355957,1e-05,1.0,448.5808254999574,9261.65087890625
final_only,4634,1.0369725714554079e-05,1.0369725714554079e-05,44.75868606567383,1e-05,1.0,448.6761275000172,9261.65087890625
final_only,4635,4.811065082321875e-06,4.811065082321875e-06,46.72161865234375,1e-05,1.0,448.7716189000057,9261.65087890625
final_only,4636,9.314786439063028e-06,9.314786439063028e-06,45.55926513671875,1e-05,1.0,448.8660447000293,9261.65087890625
final_only,4637,6.7930577642982826e-06,6.7930577642982826e-06,47.783103942871094,1e-05,1.0,448.96126719994936,9261.65087890625
final_only,4638,5.281309313431848e-06,5.281309313431848e-06,47.598167419433594,1e-05,1.0,449.0576848000055,9261.65087890625
final_only,4639,8.928473107516766e-06,8.928473107516766e-06,46.4312629699707,1e-05,1.0,449.15214100002777,9261.65087890625
final_only,4640,1.7914317140821368e-05,1.7914317140821368e-05,43.7611083984375,1e-05,1.0,449.24702549993526,9261.65087890625
final_only,4641,1.1306585292913951e-05,1.1306585292913951e-05,45.565460205078125,1e-05,1.0,449.3421196999261,9261.65087890625
final_only,4642,1.3241706255939789e-05,1.3241706255939789e-05,47.17451477050781,1e-05,1.0,449.4365340999793,9261.65087890625
final_only,4643,4.723937308881432e-06,4.723937308881432e-06,46.209346771240234,1e-05,1.0,449.5322336999234,9261.65087890625
final_only,4644,2.65507787844399e-06,2.65507787844399e-06,45.76136779785156,1e-05,1.0,449.628017299925,9261.65087890625
final_only,4645,5.782946573162917e-06,5.782946573162917e-06,46.94036865234375,1e-05,1.0,449.72353369998746,9261.65087890625
final_only,4646,3.7871941458433867e-05,3.7871941458433867e-05,46.901611328125,1e-05,1.0,449.81801019993145,9261.65087890625
final_only,4647,7.90234116720967e-06,7.90234116720967e-06,45.83258819580078,1e-05,1.0,449.91344889998436,9261.65087890625
final_only,4648,1.7009575458359905e-05,1.7009575458359905e-05,48.5086669921875,1e-05,1.0,450.00936939998064,9261.65087890625
final_only,4649,4.3695117710740305e-06,4.3695117710740305e-06,47.112571716308594,1e-05,1.0,450.10498169995844,9261.65087890625
final_only,4650,7.238826583488844e-06,7.238826583488844e-06,43.8659782409668,1e-05,1.0,450.19960769999307,9261.65087890625
final_only,4651,9.927334758685902e-06,9.927334758685902e-06,47.40874481201172,1e-05,1.0,450.29607179993764,9261.65087890625
final_only,4652,1.987604991882108e-05,1.987604991882108e-05,47.13782501220703,1e-05,1.0,450.3906502999598,9261.65087890625
final_only,4653,6.70546342007583e-07,6.70546342007583e-07,47.356876373291016,1e-05,1.0,450.4858214999549,9261.65087890625
final_only,4654,1.5193656508927234e-05,1.5193656508927234e-05,48.04652404785156,1e-05,1.0,450.5821439999854,9261.65087890625
final_only,4655,1.4573815860785544e-05,1.4573815860785544e-05,48.34436798095703,1e-05,1.0,450.67736400000285,9261.65087890625
final_only,4656,6.908226623636438e-06,6.908226623636438e-06,46.994869232177734,1e-05,1.0,450.7720473000081,9261.65087890625
final_only,4657,1.366874494124204e-05,1.366874494124204e-05,46.95745849609375,1e-05,1.0,450.86732600000687,9261.65087890625
final_only,4658,9.970495739253238e-06,9.970495739253238e-06,45.746707916259766,1e-05,1.0,450.96487909997813,9261.65087890625
final_only,4659,3.869431111525046e-06,3.869431111525046e-06,47.59172821044922,1e-05,1.0,451.0615409000311,9261.65087890625
final_only,4660,2.438512456137687e-05,2.438512456137687e-05,47.829795837402344,1e-05,1.0,451.1568329000147,9261.65087890625
final_only,4661,4.736323717224877e-06,4.736323717224877e-06,49.06483459472656,1e-05,1.0,451.25221379997674,9261.65087890625
final_only,4662,9.220321771863382e-06,9.220321771863382e-06,49.847869873046875,1e-05,1.0,451.346597500029,9261.65087890625
final_only,4663,2.5563799681549426e-06,2.5563799681549426e-06,47.34188461303711,1e-05,1.0,451.4408419999527,9261.65087890625
final_only,4664,2.5359136088809464e-06,2.5359136088809464e-06,45.942657470703125,1e-05,1.0,451.53677549993154,9261.65087890625
final_only,4665,7.315315087907948e-06,7.315315087907948e-06,49.05653381347656,1e-05,1.0,451.6324303000001,9261.65087890625
final_only,4666,4.409644134284463e-06,4.409644134284463e-06,49.41492462158203,1e-05,1.0,451.7275441000238,9261.65087890625
final_only,4667,1.6121246517286636e-05,1.6121246517286636e-05,49.108009338378906,1e-05,1.0,451.822203299962,9261.65087890625
final_only,4668,7.90591639088234e-06,7.90591639088234e-06,47.593223571777344,1e-05,1.0,451.917346799979,9261.65087890625
final_only,4669,1.1800249012594577e-05,1.1800249012594577e-05,49.767887115478516,1e-05,1.0,452.01257969997823,9261.65087890625
final_only,4670,1.1602766790019814e-05,1.1602766790019814e-05,48.22106170654297,1e-05,1.0,452.10807740001474,9261.65087890625
final_only,4671,1.6521412362635601e-06,1.6521412362635601e-06,47.95215606689453,1e-05,1.0,452.2023088999558,9261.65087890625
final_only,4672,6.8303397711133584e-06,6.8303397711133584e-06,49.60655212402344,1e-05,1.0,452.2975093999412,9261.65087890625
final_only,4673,1.6567904594921856e-06,1.6567904594921856e-06,47.461334228515625,1e-05,1.0,452.3921152999392,9261.65087890625
final_only,4674,2.659812253114069e-06,2.659812253114069e-06,49.86741638183594,1e-05,1.0,452.4873829999706,9261.65087890625
final_only,4675,1.3208429663791321e-05,1.3208429663791321e-05,45.63856506347656,1e-05,1.0,452.58291130000725,9261.65087890625
final_only,4676,1.2209484339109622e-06,1.2209484339109622e-06,49.17158126831055,1e-05,1.0,452.6775066999253,9261.65087890625
final_only,4677,2.2275835362961516e-05,2.2275835362961516e-05,45.77019500732422,1e-05,1.0,452.77280999999493,9261.65087890625
final_only,4678,6.046745511412155e-06,6.046745511412155e-06,45.66895294189453,1e-05,1.0,452.8680257999804,9261.65087890625
final_only,4679,5.617135229840642e-06,5.617135229840642e-06,46.45854949951172,1e-05,1.0,452.96329069999047,9261.65087890625
final_only,4680,1.747046371747274e-05,1.747046371747274e-05,46.43083953857422,1e-05,1.0,453.0593050000025,9261.65087890625
final_only,4681,1.8146654838346876e-05,1.8146654838346876e-05,46.48036193847656,1e-05,1.0,453.15430579998065,9261.65087890625
final_only,4682,6.655398465227336e-06,6.655398465227336e-06,50.17315673828125,1e-05,1.0,453.2495055999607,9261.65087890625
final_only,4683,1.05338931462029e-05,1.05338931462029e-05,48.08997344970703,1e-05,1.0,453.34393460000865,9261.65087890625
final_only,4684,1.0912960533460137e-05,1.0912960533460137e-05,49.162845611572266,1e-05,1.0,453.4394038999453,9261.65087890625
final_only,4685,7.352306965913158e-06,7.352306965913158e-06,49.54171371459961,1e-05,1.0,453.5357920000097,9261.65087890625
final_only,4686,3.132432175334543e-05,3.132432175334543e-05,47.78828048706055,1e-05,1.0,453.63136510003824,9261.65087890625
final_only,4687,3.3926560263353167e-06,3.3926560263353167e-06,48.04816818237305,1e-05,1.0,453.7272365000099,9261.65087890625
final_only,4688,3.237093915231526e-05,3.237093915231526e-05,45.18253707885742,1e-05,1.0,453.8228532000212,9261.65087890625
final_only,4689,1.052028892445378e-05,1.052028892445378e-05,47.21923828125,1e-05,1.0,453.9168651000364,9261.65087890625
final_only,4690,8.975128366728313e-06,8.975128366728313e-06,49.235477447509766,1e-05,1.0,454.0133030000143,9261.65087890625
final_only,4691,6.052960088709369e-06,6.052960088709369e-06,45.69706344604492,1e-05,1.0,454.1093990999507,9261.65087890625
final_only,4692,1.1743039067368954e-05,1.1743039067368954e-05,47.785560607910156,1e-05,1.0,454.2034380999394,9261.65087890625
final_only,4693,1.1936250302824192e-05,1.1936250302824192e-05,47.38145065307617,1e-05,1.0,454.2986859999364,9261.65087890625
final_only,4694,8.024524504435249e-06,8.024524504435249e-06,47.52335739135742,1e-05,1.0,454.39474349992815,9261.65087890625
final_only,4695,8.93983815331012e-06,8.93983815331012e-06,46.277523040771484,1e-05,1.0,454.48989510000683,9261.65087890625
final_only,4696,6.782106538594235e-06,6.782106538594235e-06,46.94365692138672,1e-05,1.0,454.5863182999892,9261.65087890625
final_only,4697,2.6718048502516467e-06,2.6718048502516467e-06,48.1845817565918,1e-05,1.0,454.6823419999564,9261.65087890625
final_only,4698,1.0197883284490672e-06,1.0197883284490672e-06,48.45704650878906,1e-05,1.0,454.77718319999985,9261.65087890625
final_only,4699,1.0447119166201446e-05,1.0447119166201446e-05,46.57891845703125,1e-05,1.0,454.8733611999778,9261.65087890625
final_only,4700,1.3501381545211188e-05,1.3501381545211188e-05,45.67020034790039,1e-05,1.0,454.96961369994096,9261.65087890625
final_only,4701,8.88289650902152e-06,8.88289650902152e-06,47.66900634765625,1e-05,1.0,455.0682848999277,9261.65087890625
final_only,4702,1.1623750651779119e-05,1.1623750651779119e-05,48.154052734375,1e-05,1.0,455.163681200007,9261.65087890625
final_only,4703,4.184132649243111e-06,4.184132649243111e-06,50.17863464355469,1e-05,1.0,455.25930959999096,9261.65087890625
final_only,4704,7.265792646649061e-06,7.265792646649061e-06,47.48752975463867,1e-05,1.0,455.3548669000156,9261.65087890625
final_only,4705,1.5004808119556401e-05,1.5004808119556401e-05,48.85865783691406,1e-05,1.0,455.4500605999492,9261.65087890625
final_only,4706,3.30609327647835e-06,3.30609327647835e-06,44.45620346069336,1e-05,1.0,455.5461178999394,9261.65087890625
final_only,4707,1.4882062714605127e-05,1.4882062714605127e-05,46.785621643066406,1e-05,1.0,455.6412672000006,9261.65087890625
final_only,4708,0.0001068335841409862,0.0001068335841409862,46.99169158935547,1e-05,1.0,455.7364931999473,9261.65087890625
final_only,4709,6.030837539583445e-06,6.030837539583445e-06,49.86419677734375,1e-05,1.0,455.8313458999619,9261.65087890625
final_only,4710,4.573269507091027e-06,4.573269507091027e-06,47.426780700683594,1e-05,1.0,455.925747100031,9261.65087890625
final_only,4711,8.449043889413588e-06,8.449043889413588e-06,44.70713806152344,1e-05,1.0,456.0219384999946,9261.65087890625
final_only,4712,7.750596523692366e-06,7.750596523692366e-06,50.38918685913086,1e-05,1.0,456.11715990002267,9261.65087890625
final_only,4713,1.319701459578937e-05,1.319701459578937e-05,46.66925048828125,1e-05,1.0,456.212109999964,9261.65087890625
final_only,4714,2.895340003306046e-05,2.895340003306046e-05,46.32847595214844,1e-05,1.0,456.3071393999271,9261.65087890625
final_only,4715,1.8013979570241645e-05,1.8013979570241645e-05,47.527488708496094,1e-05,1.0,456.40191030001733,9261.65087890625
final_only,4716,9.072742977878079e-05,9.072742977878079e-05,47.046478271484375,1e-05,1.0,456.49706490000244,9261.65087890625
final_only,4717,0.0001262552395928651,0.0001262552395928651,47.66944122314453,1e-05,1.0,456.5924560999265,9261.65087890625
final_only,4718,1.8383976794211776e-06,1.8383976794211776e-06,48.430904388427734,1e-05,1.0,456.6879800999304,9261.65087890625
final_only,4719,1.369028041153797e-06,1.369028041153797e-06,46.91263961791992,1e-05,1.0,456.7830211999826,9261.65087890625
final_only,4720,2.9978255042806268e-06,2.9978255042806268e-06,50.917991638183594,1e-05,1.0,456.8787459000014,9261.65087890625
final_only,4721,1.7051614122465253e-05,1.7051614122465253e-05,47.60136413574219,1e-05,1.0,456.97460099996533,9261.65087890625
final_only,4722,4.273667400411796e-06,4.273667400411796e-06,45.617210388183594,1e-05,1.0,457.07164400001056,9261.65087890625
final_only,4723,2.37962267419789e-05,2.37962267419789e-05,47.3247184753418,1e-05,1.0,457.16654529992957,9261.65087890625
final_only,4724,1.8336046196054667e-05,1.8336046196054667e-05,47.19322967529297,1e-05,1.0,457.261132500018,9261.65087890625
final_only,4725,1.9024811990675516e-05,1.9024811990675516e-05,48.08466720581055,1e-05,1.0,457.35614910000004,9261.65087890625
final_only,4726,1.621826959308237e-05,1.621826959308237e-05,49.19538879394531,1e-05,1.0,457.4506724999519,9261.65087890625
final_only,4727,6.57570762996329e-06,6.57570762996329e-06,44.87179183959961,1e-05,1.0,457.54623169999104,9261.65087890625
final_only,4728,1.2786844308720902e-05,1.2786844308720902e-05,44.527244567871094,1e-05,1.0,457.64184009993915,9261.65087890625
final_only,4729,2.6857560442294925e-06,2.6857560442294925e-06,47.49419403076172,1e-05,1.0,457.73717969993595,9261.65087890625
final_only,4730,3.935661879950203e-06,3.935661879950203e-06,47.14317321777344,1e-05,1.0,457.83154049993027,9261.65087890625
final_only,4731,1.561503449920565e-05,1.561503449920565e-05,48.851219177246094,1e-05,1.0,457.9271570999408,9261.65087890625
final_only,4732,1.5306157365557738e-05,1.5306157365557738e-05,49.921749114990234,1e-05,1.0,458.02275360003114,9261.65087890625
final_only,4733,1.0672856660676189e-05,1.0672856660676189e-05,46.6773796081543,1e-05,1.0,458.119324499974,9261.65087890625
final_only,4734,9.602207683201414e-06,9.602207683201414e-06,48.10784912109375,1e-05,1.0,458.2134727999801,9261.65087890625
final_only,4735,1.613921267562546e-05,1.613921267562546e-05,45.81291198730469,1e-05,1.0,458.30833050003275,9261.65087890625
final_only,4736,2.1476041638379684e-06,2.1476041638379684e-06,47.7764892578125,1e-05,1.0,458.40372649999335,9261.65087890625
final_only,4737,7.367217222054023e-06,7.367217222054023e-06,46.254520416259766,1e-05,1.0,458.49827109999023,9261.65087890625
final_only,4738,3.59183377440786e-06,3.59183377440786e-06,49.594573974609375,1e-05,1.0,458.5941942000063,9261.65087890625
final_only,4739,2.6187324692727998e-05,2.6187324692727998e-05,49.6187744140625,1e-05,1.0,458.6893057000125,9261.65087890625
final_only,4740,1.5720484043413308e-06,1.5720484043413308e-06,48.468719482421875,1e-05,1.0,458.7842687999364,9261.65087890625
final_only,4741,1.6343212337233126e-05,1.6343212337233126e-05,44.98138427734375,1e-05,1.0,458.87905069999397,9261.65087890625
final_only,4742,1.0686626410461031e-05,1.0686626410461031e-05,46.363277435302734,1e-05,1.0,458.97443669999484,9261.65087890625
final_only,4743,2.2118224478617776e-06,2.2118224478617776e-06,47.34687042236328,1e-05,1.0,459.0713415000355,9261.65087890625
final_only,4744,7.409081717923982e-06,7.409081717923982e-06,48.03868865966797,1e-05,1.0,459.1676088999957,9261.65087890625
final_only,4745,9.167710231849924e-06,9.167710231849924e-06,44.90632629394531,1e-05,1.0,459.26353949995246,9261.65087890625
final_only,4746,6.202849817782408e-06,6.202849817782408e-06,46.07809066772461,1e-05,1.0,459.35986540000886,9261.65087890625
final_only,4747,1.938976538440329e-06,1.938976538440329e-06,44.631561279296875,1e-05,1.0,459.45490210002754,9261.65087890625
final_only,4748,1.0196322364208754e-05,1.0196322364208754e-05,48.518585205078125,1e-05,1.0,459.5499850999331,9261.65087890625
final_only,4749,1.9799615529336734e-06,1.9799615529336734e-06,49.42558288574219,1e-05,1.0,459.6451599999564,9261.65087890625
final_only,4750,4.663825166062452e-06,4.663825166062452e-06,46.74217224121094,1e-05,1.0,459.74109599995427,9261.65087890625
final_only,4751,6.29543046670733e-06,6.29543046670733e-06,45.7342414855957,1e-05,1.0,459.8369604999898,9261.65087890625
final_only,4752,3.0537155453203013e-06,3.0537155453203013e-06,49.067901611328125,1e-05,1.0,459.9331794999307,9261.65087890625
final_only,4753,3.3832911867648363e-06,3.3832911867648363e-06,47.721317291259766,1e-05,1.0,460.02930970001034,9261.65087890625
final_only,4754,6.93305128152133e-06,6.93305128152133e-06,47.303714752197266,1e-05,1.0,460.12491519993637,9261.65087890625
final_only,4755,1.4384086171048693e-05,1.4384086171048693e-05,47.3320198059082,1e-05,1.0,460.21994360000826,9261.65087890625
final_only,4756,1.7294310055149253e-06,1.7294310055149253e-06,45.817970275878906,1e-05,1.0,460.31536110001616,9261.65087890625
final_only,4757,1.377569878968643e-05,1.377569878968643e-05,46.67366409301758,1e-05,1.0,460.4104090000037,9261.65087890625
final_only,4758,3.1215073249768466e-05,3.1215073249768466e-05,48.257171630859375,1e-05,1.0,460.5054085999727,9261.65087890625
final_only,4759,8.75926525623072e-06,8.75926525623072e-06,44.68873596191406,1e-05,1.0,460.601510199951,9261.65087890625
final_only,4760,1.8933363890027977e-06,1.8933363890027977e-06,47.79131317138672,1e-05,1.0,460.6969366000267,9261.65087890625
final_only,4761,1.5594769138260745e-05,1.5594769138260745e-05,47.32981872558594,1e-05,1.0,460.79271089995746,9261.65087890625
final_only,4762,4.743293538922444e-05,4.743293538922444e-05,49.29764938354492,1e-05,1.0,460.8887576999841,9261.65087890625
final_only,4763,6.830225174780935e-06,6.830225174780935e-06,48.8770751953125,1e-05,1.0,460.9844271999318,9261.65087890625
final_only,4764,9.535222488921136e-06,9.535222488921136e-06,49.074859619140625,1e-05,1.0,461.08113359997515,9261.65087890625
final_only,4765,5.451501692732563e-06,5.451501692732563e-06,47.606414794921875,1e-05,1.0,461.175913700019,9261.65087890625
final_only,4766,1.681004846432188e-06,1.681004846432188e-06,50.35435485839844,1e-05,1.0,461.27027680003084,9261.65087890625
final_only,4767,3.6830468161497265e-05,3.6830468161497265e-05,48.340423583984375,1e-05,1.0,461.36473149992526,9261.65087890625
final_only,4768,5.9054873418062925e-06,5.9054873418062925e-06,47.45936584472656,1e-05,1.0,461.4594298999291,9261.65087890625
final_only,4769,2.1700920115108602e-05,2.1700920115108602e-05,49.199607849121094,1e-05,1.0,461.5549084999366,9261.65087890625
final_only,4770,1.7071071852114983e-05,1.7071071852114983e-05,51.34845733642578,1e-05,1.0,461.6504894000245,9261.65087890625
final_only,4771,1.852296009019483e-05,1.852296009019483e-05,47.50511932373047,1e-05,1.0,461.7450310999993,9261.65087890625
final_only,4772,1.309954677708447e-05,1.309954677708447e-05,48.6425895690918,1e-05,1.0,461.84021459997166,9261.65087890625
final_only,4773,2.7987529392703436e-05,2.7987529392703436e-05,47.82442092895508,1e-05,1.0,461.9349930000026,9261.65087890625
final_only,4774,6.7474334173311945e-06,6.7474334173311945e-06,48.83295440673828,1e-05,1.0,462.0304380999878,9261.65087890625
final_only,4775,2.483747493897681e-06,2.483747493897681e-06,49.01542663574219,1e-05,1.0,462.1255611999659,9261.65087890625
final_only,4776,1.349465719613363e-06,1.349465719613363e-06,47.48463439941406,1e-05,1.0,462.2202699999325,9261.65087890625
final_only,4777,1.159450584964361e-05,1.159450584964361e-05,50.40643310546875,1e-05,1.0,462.3154923999682,9261.65087890625
final_only,4778,7.589665528939804e-06,7.589665528939804e-06,49.166221618652344,1e-05,1.0,462.4102493999526,9261.65087890625
final_only,4779,2.3076843262970215e-06,2.3076843262970215e-06,47.703819274902344,1e-05,1.0,462.505669199978,9261.65087890625
final_only,4780,1.3260881132737268e-05,1.3260881132737268e-05,48.9771614074707,1e-05,1.0,462.6018602999393,9261.65087890625
final_only,4781,2.9442584491334856e-05,2.9442584491334856e-05,48.54725646972656,1e-05,1.0,462.69666629994754,9261.65087890625
final_only,4782,2.7345358830643818e-05,2.7345358830643818e-05,48.42010498046875,1e-05,1.0,462.79272439994384,9261.65087890625
final_only,4783,4.633908702089684e-06,4.633908702089684e-06,46.64739227294922,1e-05,1.0,462.88820549997035,9261.65087890625
final_only,4784,1.2791230801667552e-05,1.2791230801667552e-05,47.85829162597656,1e-05,1.0,462.9842341999756,9261.65087890625
final_only,4785,1.167249047284713e-05,1.167249047284713e-05,48.468231201171875,1e-05,1.0,463.0801846999675,9261.65087890625
final_only,4786,1.3092507288092747e-05,1.3092507288092747e-05,47.386146545410156,1e-05,1.0,463.17618449998554,9261.65087890625
final_only,4787,9.317283911514096e-06,9.317283911514096e-06,47.32872009277344,1e-05,1.0,463.27131450001616,9261.65087890625
final_only,4788,0.00012475307448767126,0.00012475307448767126,47.44281005859375,1e-05,1.0,463.3667504999321,9261.65087890625
final_only,4789,1.696838990028482e-05,1.696838990028482e-05,47.43011474609375,1e-05,1.0,463.46337170002516,9261.65087890625
final_only,4790,3.7324796267057536e-06,3.7324796267057536e-06,47.994163513183594,1e-05,1.0,463.55917110003065,9261.65087890625
final_only,4791,2.2379140318662394e-06,2.2379140318662394e-06,49.43994140625,1e-05,1.0,463.65469100000337,9261.65087890625
final_only,4792,7.534308110734855e-07,7.534308110734855e-07,49.95992660522461,1e-05,1.0,463.74915869999677,9261.65087890625
final_only,4793,1.5543446352239698e-06,1.5543446352239698e-06,47.13460922241211,1e-05,1.0,463.8437381000258,9261.65087890625
final_only,4794,1.5056318261486012e-05,1.5056318261486012e-05,48.726016998291016,1e-05,1.0,463.93919940001797,9261.65087890625
final_only,4795,8.160064680851065e-06,8.160064680851065e-06,47.81018829345703,1e-05,1.0,464.03462859999854,9261.65087890625
final_only,4796,2.906567260652082e-06,2.906567260652082e-06,48.013423919677734,1e-05,1.0,464.13015530002303,9261.65087890625
final_only,4797,2.8490880140452646e-05,2.8490880140452646e-05,47.203433990478516,1e-05,1.0,464.2249750000192,9261.65087890625
final_only,4798,1.0139530786545947e-05,1.0139530786545947e-05,44.821266174316406,1e-05,1.0,464.3200388000114,9261.65087890625
final_only,4799,4.486728812480578e-06,4.486728812480578e-06,44.871856689453125,1e-05,1.0,464.41446240001824,9261.65087890625
final_only,4800,1.5383586287498474e-05,1.5383586287498474e-05,47.01910400390625,1e-05,1.0,464.50988729996607,9261.65087890625
final_only,4801,5.379762114898767e-06,5.379762114898767e-06,46.11894989013672,1e-05,1.0,464.60689699999057,9261.65087890625
final_only,4802,4.34531875725952e-06,4.34531875725952e-06,47.654273986816406,1e-05,1.0,464.70141029998194,9261.65087890625
final_only,4803,3.255803676438518e-06,3.255803676438518e-06,48.16069793701172,1e-05,1.0,464.7968866999727,9261.65087890625
final_only,4804,9.368282917421311e-06,9.368282917421311e-06,48.35145568847656,1e-05,1.0,464.89200719993096,9261.65087890625
final_only,4805,6.621280590479728e-06,6.621280590479728e-06,49.600563049316406,1e-05,1.0,464.98720480001066,9261.65087890625
final_only,4806,4.879532752966043e-06,4.879532752966043e-06,47.05384063720703,1e-05,1.0,465.08301009994466,9261.65087890625
final_only,4807,4.000270928372629e-05,4.000270928372629e-05,48.265724182128906,1e-05,1.0,465.17815779999364,9261.65087890625
final_only,4808,1.1288935638731346e-05,1.1288935638731346e-05,49.32313537597656,1e-05,1.0,465.27197529992554,9261.65087890625
final_only,4809,1.7848951756604947e-05,1.7848951756604947e-05,49.80037307739258,1e-05,1.0,465.366987299989,9261.65087890625
final_only,4810,7.512295724154683e-06,7.512295724154683e-06,46.19013595581055,1e-05,1.0,465.4624598999508,9261.65087890625
final_only,4811,4.417959644342773e-06,4.417959644342773e-06,48.0604362487793,1e-05,1.0,465.5585031999508,9261.65087890625
final_only,4812,5.880018761672545e-06,5.880018761672545e-06,46.23166275024414,1e-05,1.0,465.65356499992777,9261.65087890625
final_only,4813,8.16350438981317e-05,8.16350438981317e-05,47.40242385864258,1e-05,1.0,465.7491197999334,9261.65087890625
final_only,4814,9.492769095231779e-06,9.492769095231779e-06,46.0333251953125,1e-05,1.0,465.84362980001606,9261.65087890625
final_only,4815,3.8070427308412036e-06,3.8070427308412036e-06,48.176326751708984,1e-05,1.0,465.93861730000935,9261.65087890625
final_only,4816,4.337966856837738e-06,4.337966856837738e-06,46.67420196533203,1e-05,1.0,466.0345194999827,9261.65087890625
final_only,4817,2.5750672648428008e-05,2.5750672648428008e-05,46.92410659790039,1e-05,1.0,466.12987219996285,9261.65087890625
final_only,4818,2.627970570756588e-05,2.627970570756588e-05,47.8196907043457,1e-05,1.0,466.22608319995925,9261.65087890625
final_only,4819,3.4988315746886656e-06,3.4988315746886656e-06,47.69455337524414,1e-05,1.0,466.3204466999741,9261.65087890625
final_only,4820,5.107984179630876e-06,5.107984179630876e-06,48.07830047607422,1e-05,1.0,466.41501190001145,9261.65087890625
final_only,4821,1.7834434402175248e-05,1.7834434402175248e-05,48.16925048828125,1e-05,1.0,466.51060449995566,9261.65087890625
final_only,4822,8.951316885941196e-06,8.951316885941196e-06,47.30221176147461,1e-05,1.0,466.6060811999487,9261.65087890625
final_only,4823,6.855562332930276e-06,6.855562332930276e-06,49.77511978149414,1e-05,1.0,466.70146379992366,9261.65087890625
final_only,4824,1.2654263628064655e-05,1.2654263628064655e-05,50.188819885253906,1e-05,1.0,466.79722649999894,9261.65087890625
final_only,4825,7.580915735161398e-07,7.580915735161398e-07,47.648597717285156,1e-05,1.0,466.8917046999559,9261.65087890625
final_only,4826,5.1470483413140755e-06,5.1470483413140755e-06,46.16633605957031,1e-05,1.0,466.98814939998556,9261.65087890625
final_only,4827,4.83972326037474e-06,4.83972326037474e-06,47.157772064208984,1e-05,1.0,467.0844963999698,9261.65087890625
final_only,4828,1.1925059880013578e-05,1.1925059880013578e-05,49.21236038208008,1e-05,1.0,467.1802589999279,9261.65087890625
final_only,4829,1.4487551197817083e-05,1.4487551197817083e-05,49.71034240722656,1e-05,1.0,467.2743072999874,9261.65087890625
final_only,4830,8.981736755231395e-06,8.981736755231395e-06,47.83972930908203,1e-05,1.0,467.3705452999566,9261.65087890625
final_only,4831,3.302942786831409e-05,3.302942786831409e-05,45.61143493652344,1e-05,1.0,467.4662921000272,9261.65087890625
final_only,4832,2.536854708523606e-06,2.536854708523606e-06,47.25196075439453,1e-05,1.0,467.5623452999862,9261.65087890625
final_only,4833,4.12088047596626e-06,4.12088047596626e-06,48.57416534423828,1e-05,1.0,467.6575875999406,9261.65087890625
final_only,4834,1.3044273146078922e-05,1.3044273146078922e-05,48.42467498779297,1e-05,1.0,467.7527792999754,9261.65087890625
final_only,4835,3.1439199119631667e-06,3.1439199119631667e-06,46.3714599609375,1e-05,1.0,467.8475455000298,9261.65087890625
final_only,4836,6.79954064253252e-06,6.79954064253252e-06,48.45590591430664,1e-05,1.0,467.9421119999606,9261.65087890625
final_only,4837,2.876651706174016e-06,2.876651706174016e-06,49.78831100463867,1e-05,1.0,468.03784679993987,9261.65087890625
final_only,4838,2.515204414521577e-06,2.515204414521577e-06,48.47833251953125,1e-05,1.0,468.1346332000103,9261.65087890625
final_only,4839,9.7340907814214e-06,9.7340907814214e-06,49.626853942871094,1e-05,1.0,468.2291145999916,9261.65087890625
final_only,4840,3.251030420869938e-06,3.251030420869938e-06,48.22425079345703,1e-05,1.0,468.3235099000158,9261.65087890625
final_only,4841,1.0310315701644868e-05,1.0310315701644868e-05,48.772918701171875,1e-05,1.0,468.41871350002475,9261.65087890625
final_only,4842,1.174572480522329e-05,1.174572480522329e-05,47.56867980957031,1e-05,1.0,468.5132403000025,9261.65087890625
final_only,4843,1.1957119568251073e-05,1.1957119568251073e-05,47.437828063964844,1e-05,1.0,468.6095275999978,9261.65087890625
final_only,4844,1.0485187885933556e-05,1.0485187885933556e-05,46.03276062011719,1e-05,1.0,468.70478719996754,9261.65087890625
final_only,4845,1.3857895737601211e-06,1.3857895737601211e-06,47.56102752685547,1e-05,1.0,468.7999965000199,9261.65087890625
final_only,4846,9.021763253258541e-05,9.021763253258541e-05,46.201904296875,1e-05,1.0,468.8949661999941,9261.65087890625
final_only,4847,1.6109795978991315e-05,1.6109795978991315e-05,46.22281265258789,1e-05,1.0,468.9910166999325,9261.65087890625
final_only,4848,1.2099895684514195e-05,1.2099895684514195e-05,45.32367706298828,1e-05,1.0,469.0873305000132,9261.65087890625
final_only,4849,2.06749900826253e-05,2.06749900826253e-05,46.273921966552734,1e-05,1.0,469.18228840001393,9261.65087890625
final_only,4850,0.00010586748248897493,0.00010586748248897493,48.375614166259766,1e-05,1.0,469.2771899999352,9261.65087890625
final_only,4851,2.569452135503525e-06,2.569452135503525e-06,45.53810119628906,1e-05,1.0,469.3740728999255,9261.65087890625
final_only,4852,3.2399591418652562e-06,3.2399591418652562e-06,46.6983642578125,1e-05,1.0,469.46873670001514,9261.65087890625
final_only,4853,3.5481782560964348e-06,3.5481782560964348e-06,46.605979919433594,1e-05,1.0,469.56448009994347,9261.65087890625
final_only,4854,1.1054685273848008e-06,1.1054685273848008e-06,47.45525360107422,1e-05,1.0,469.66048880002927,9261.65087890625
final_only,4855,1.4517345334752463e-05,1.4517345334752463e-05,48.987850189208984,1e-05,1.0,469.7550483000232,9261.65087890625
final_only,4856,3.890370135195553e-05,3.890370135195553e-05,45.805511474609375,1e-05,1.0,469.8502045000205,9261.65087890625
final_only,4857,1.961308498721337e-06,1.961308498721337e-06,50.939727783203125,1e-05,1.0,469.94555379997473,9261.65087890625
final_only,4858,5.457923180074431e-06,5.457923180074431e-06,48.65278625488281,1e-05,1.0,470.0418885999825,9261.65087890625
final_only,4859,9.394594599143602e-06,9.394594599143602e-06,45.59453201293945,1e-05,1.0,470.13723580003716,9261.65087890625
final_only,4860,1.0250873856421094e-05,1.0250873856421094e-05,48.597816467285156,1e-05,1.0,470.23311070003547,9261.65087890625
final_only,4861,7.737136911600828e-06,7.737136911600828e-06,46.2722282409668,1e-05,1.0,470.32750959997065,9261.65087890625
final_only,4862,3.979416760557797e-06,3.979416760557797e-06,45.98371505737305,1e-05,1.0,470.42225209996104,9261.65087890625
final_only,4863,4.246503522153944e-06,4.246503522153944e-06,46.80657958984375,1e-05,1.0,470.51749520003796,9261.65087890625
final_only,4864,1.4135564015305135e-05,1.4135564015305135e-05,46.48561096191406,1e-05,1.0,470.61364719993435,9261.65087890625
final_only,4865,1.0875173757085577e-05,1.0875173757085577e-05,46.61288070678711,1e-05,1.0,470.70933139999397,9261.65087890625
final_only,4866,8.64700268721208e-06,8.64700268721208e-06,47.822998046875,1e-05,1.0,470.8039282999234,9261.65087890625
final_only,4867,6.9196221375023015e-06,6.9196221375023015e-06,49.755855560302734,1e-05,1.0,470.898960600025,9261.65087890625
final_only,4868,2.673419294296764e-05,2.673419294296764e-05,46.64579772949219,1e-05,1.0,470.99495520000346,9261.65087890625
final_only,4869,5.581709956459235e-06,5.581709956459235e-06,47.06708526611328,1e-05,1.0,471.0910026000347,9261.65087890625
final_only,4870,8.208197868952993e-06,8.208197868952993e-06,49.62750244140625,1e-05,1.0,471.185597899952,9261.65087890625
final_only,4871,1.2572759260365274e-06,1.2572759260365274e-06,45.92852783203125,1e-05,1.0,471.2800186999375,9261.65087890625
final_only,4872,1.133638397732284e-05,1.133638397732284e-05,44.386878967285156,1e-05,1.0,471.3744652000023,9261.65087890625
final_only,4873,1.4919188288331497e-05,1.4919188288331497e-05,47.430545806884766,1e-05,1.0,471.471261800034,9261.65087890625
final_only,4874,4.383457053336315e-06,4.383457053336315e-06,48.42155456542969,1e-05,1.0,471.5673928000033,9261.65087890625
final_only,4875,8.838124813337345e-06,8.838124813337345e-06,44.59355926513672,1e-05,1.0,471.6641422000248,9261.65087890625
final_only,4876,5.1824313231918495e-06,5.1824313231918495e-06,47.68986511230469,1e-05,1.0,471.7591918000253,9261.65087890625
final_only,4877,1.9873712517437525e-05,1.9873712517437525e-05,47.00952911376953,1e-05,1.0,471.8545370999491,9261.65087890625
final_only,4878,4.835141226067208e-06,4.835141226067208e-06,49.003318786621094,1e-05,1.0,471.9496846999973,9261.65087890625
final_only,4879,3.0304365736810723e-06,3.0304365736810723e-06,46.29033660888672,1e-05,1.0,472.0458465999691,9261.65087890625
final_only,4880,2.3087113731889986e-06,2.3087113731889986e-06,47.025054931640625,1e-05,1.0,472.1409868999617,9261.65087890625
final_only,4881,3.4299589515285334e-06,3.4299589515285334e-06,47.143978118896484,1e-05,1.0,472.23647320002783,9261.65087890625
final_only,4882,9.527015208732337e-06,9.527015208732337e-06,48.8758544921875,1e-05,1.0,472.3303204999538,9261.65087890625
final_only,4883,1.0085015674121678e-05,1.0085015674121678e-05,47.67389678955078,1e-05,1.0,472.42514599999413,9261.65087890625
final_only,4884,1.15608481792151e-05,1.15608481792151e-05,45.12078094482422,1e-05,1.0,472.5213642999297,9261.65087890625
final_only,4885,5.59781528863823e-06,5.59781528863823e-06,46.911048889160156,1e-05,1.0,472.6173837999813,9261.65087890625
final_only,4886,1.9089478882960975e-05,1.9089478882960975e-05,44.95343780517578,1e-05,1.0,472.71323659992777,9261.65087890625
final_only,4887,7.840091711841524e-06,7.840091711841524e-06,46.32942199707031,1e-05,1.0,472.80808650003746,9261.65087890625
final_only,4888,5.045649231760763e-06,5.045649231760763e-06,46.2045783996582,1e-05,1.0,472.90325540001504,9261.65087890625
final_only,4889,5.494270226336084e-06,5.494270226336084e-06,47.366424560546875,1e-05,1.0,472.9994020999875,9261.65087890625
final_only,4890,8.286871889140457e-06,8.286871889140457e-06,48.653709411621094,1e-05,1.0,473.0947751000058,9261.65087890625
final_only,4891,3.3768067169148708e-06,3.3768067169148708e-06,46.51963806152344,1e-05,1.0,473.19023870001547,9261.65087890625
final_only,4892,2.6979394078807672e-06,2.6979394078807672e-06,46.97530746459961,1e-05,1.0,473.2848685999634,9261.65087890625
final_only,4893,2.7359737941878848e-05,2.7359737941878848e-05,46.79047393798828,1e-05,1.0,473.37919280002825,9261.65087890625
final_only,4894,7.401253242278472e-06,7.401253242278472e-06,49.62958526611328,1e-05,1.0,473.47454069997184,9261.65087890625
final_only,4895,3.6030526189279044e-06,3.6030526189279044e-06,45.95893859863281,1e-05,1.0,473.57040660001803,9261.65087890625
final_only,4896,8.435124982497655e-06,8.435124982497655e-06,47.80750274658203,1e-05,1.0,473.6657750000013,9261.65087890625
final_only,4897,2.7389510250941385e-06,2.7389510250941385e-06,48.073612213134766,1e-05,1.0,473.7601174999727,9261.65087890625
final_only,4898,7.5293478403182235e-06,7.5293478403182235e-06,47.33990478515625,1e-05,1.0,473.8554449999938,9261.65087890625
final_only,4899,1.8024404198513366e-05,1.8024404198513366e-05,50.69962692260742,1e-05,1.0,473.95112540002447,9261.65087890625
final_only,4900,5.269430766929872e-05,5.269430766929872e-05,47.65555953979492,1e-05,1.0,474.0472615000326,9261.65087890625
final_only,4901,1.7573573131812736e-05,1.7573573131812736e-05,48.71823501586914,1e-05,1.0,474.14349799999036,9261.65087890625
final_only,4902,1.7051759641617537e-05,1.7051759641617537e-05,46.68987274169922,1e-05,1.0,474.2383601999609,9261.65087890625
final_only,4903,1.4906289834470954e-05,1.4906289834470954e-05,45.9049186706543,1e-05,1.0,474.33227559993975,9261.65087890625
final_only,4904,2.1946309061604552e-05,2.1946309061604552e-05,47.999839782714844,1e-05,1.0,474.42749539995566,9261.65087890625
final_only,4905,1.073942257789895e-05,1.073942257789895e-05,46.205322265625,1e-05,1.0,474.5233207999263,9261.65087890625
final_only,4906,1.7357309843646362e-05,1.7357309843646362e-05,48.93724060058594,1e-05,1.0,474.6193068999564,9261.65087890625
final_only,4907,3.4709207739069825e-06,3.4709207739069825e-06,48.408748626708984,1e-05,1.0,474.7142414000118,9261.65087890625
final_only,4908,8.041275577852502e-06,8.041275577852502e-06,47.10776138305664,1e-05,1.0,474.80926489993,9261.65087890625
final_only,4909,1.6021273040678352e-05,1.6021273040678352e-05,48.91424560546875,1e-05,1.0,474.90440270002,9261.65087890625
final_only,4910,8.024495764402673e-05,8.024495764402673e-05,49.53855895996094,1e-05,1.0,475.0002271999838,9261.65087890625
final_only,4911,2.104201485053636e-05,2.104201485053636e-05,46.867164611816406,1e-05,1.0,475.09657489997335,9261.65087890625
final_only,4912,2.4242986910394393e-05,2.4242986910394393e-05,46.457435607910156,1e-05,1.0,475.1927526999498,9261.65087890625
final_only,4913,1.9325714674778283e-05,1.9325714674778283e-05,48.42694091796875,1e-05,1.0,475.2882265000371,9261.65087890625
final_only,4914,1.5430960047524422e-05,1.5430960047524422e-05,47.81060791015625,1e-05,1.0,475.3834506999701,9261.65087890625
final_only,4915,4.587721377902199e-06,4.587721377902199e-06,46.768009185791016,1e-05,1.0,475.4802475000033,9261.65087890625
final_only,4916,2.597317234176444e-06,2.597317234176444e-06,48.68788146972656,1e-05,1.0,475.5773735999828,9261.65087890625
final_only,4917,3.2741213544795755e-06,3.2741213544795755e-06,46.37615966796875,1e-05,1.0,475.67310479993466,9261.65087890625
final_only,4918,3.4017630241578445e-06,3.4017630241578445e-06,46.4177131652832,1e-05,1.0,475.76960529992357,9261.65087890625
final_only,4919,2.5021305191330612e-05,2.5021305191330612e-05,46.62727737426758,1e-05,1.0,475.86563839996234,9261.65087890625
final_only,4920,6.036095328454394e-06,6.036095328454394e-06,47.744049072265625,1e-05,1.0,475.9603927999269,9261.65087890625
final_only,4921,2.696123374335002e-06,2.696123374335002e-06,49.25605010986328,1e-05,1.0,476.05728259996977,9261.65087890625
final_only,4922,9.089572472475993e-07,9.089572472475993e-07,47.00934982299805,1e-05,1.0,476.15318170003593,9261.65087890625
final_only,4923,1.0459106306370813e-05,1.0459106306370813e-05,49.27288818359375,1e-05,1.0,476.2483303999761,9261.65087890625
final_only,4924,1.5165198419708759e-05,1.5165198419708759e-05,44.817230224609375,1e-05,1.0,476.3423716999823,9261.65087890625
final_only,4925,0.00011682313197525218,0.00011682313197525218,46.699737548828125,1e-05,1.0,476.4379097999772,9261.65087890625
final_only,4926,4.870463271799963e-06,4.870463271799963e-06,50.316871643066406,1e-05,1.0,476.53276929992717,9261.65087890625
final_only,4927,1.808317392715253e-05,1.808317392715253e-05,48.79481506347656,1e-05,1.0,476.62795739993453,9261.65087890625
final_only,4928,1.772510222508572e-05,1.772510222508572e-05,49.783905029296875,1e-05,1.0,476.7234312000219,9261.65087890625
final_only,4929,9.243292879546061e-06,9.243292879546061e-06,47.195350646972656,1e-05,1.0,476.81847099994775,9261.65087890625
final_only,4930,9.576961019774899e-06,9.576961019774899e-06,45.49842071533203,1e-05,1.0,476.9146730999928,9261.65087890625
final_only,4931,0.00010044599184766412,0.00010044599184766412,47.63352966308594,1e-05,1.0,477.01072529994417,9261.65087890625
final_only,4932,1.5354627976194024e-05,1.5354627976194024e-05,46.44162368774414,1e-05,1.0,477.10696479992475,9261.65087890625
final_only,4933,2.3570466964883963e-06,2.3570466964883963e-06,46.578609466552734,1e-05,1.0,477.2026523000095,9261.65087890625
final_only,4934,1.6390901009799563e-06,1.6390901009799563e-06,47.40255355834961,1e-05,1.0,477.2975421999581,9261.65087890625
final_only,4935,1.9398605218157172e-05,1.9398605218157172e-05,49.63098907470703,1e-05,1.0,477.3924429999897,9261.65087890625
final_only,4936,3.491292227408849e-05,3.491292227408849e-05,47.97087860107422,1e-05,1.0,477.48806220002007,9261.65087890625
final_only,4937,3.88890111935325e-06,3.88890111935325e-06,48.36896896362305,1e-05,1.0,477.583648800035,9261.65087890625
final_only,4938,1.4872735846438445e-05,1.4872735846438445e-05,44.402931213378906,1e-05,1.0,477.67979109997395,9261.65087890625
final_only,4939,1.4751984735994483e-06,1.4751984735994483e-06,47.2743034362793,1e-05,1.0,477.7751281999517,9261.65087890625
final_only,4940,2.353356649109628e-06,2.353356649109628e-06,46.424415588378906,1e-05,1.0,477.8705896999454,9261.65087890625
final_only,4941,2.463269447616767e-05,2.463269447616767e-05,46.57099914550781,1e-05,1.0,477.9662030999316,9261.65087890625
final_only,4942,1.058181169355521e-05,1.058181169355521e-05,46.834293365478516,1e-05,1.0,478.062712599989,9261.65087890625
final_only,4943,1.4460425518336706e-05,1.4460425518336706e-05,45.67643737792969,1e-05,1.0,478.1587772000348,9261.65087890625
final_only,4944,2.2251508198678493e-05,2.2251508198678493e-05,47.48201370239258,1e-05,1.0,478.2531550999265,9261.65087890625
final_only,4945,1.010288906400092e-05,1.010288906400092e-05,47.345855712890625,1e-05,1.0,478.3478961000219,9261.65087890625
final_only,4946,1.1625401384662837e-05,1.1625401384662837e-05,46.19512939453125,1e-05,1.0,478.4432568999473,9261.65087890625
final_only,4947,6.138307071523741e-06,6.138307071523741e-06,49.17418670654297,1e-05,1.0,478.53880550002214,9261.65087890625
final_only,4948,4.9290028982795775e-06,4.9290028982795775e-06,47.437599182128906,1e-05,1.0,478.6339647999266,9261.65087890625
final_only,4949,1.1023467777704354e-05,1.1023467777704354e-05,48.267860412597656,1e-05,1.0,478.729523899965,9261.65087890625
final_only,4950,1.3875656804884784e-05,1.3875656804884784e-05,47.938079833984375,1e-05,1.0,478.8255826999666,9261.65087890625
final_only,4951,7.831150469428394e-06,7.831150469428394e-06,46.20770263671875,1e-05,1.0,478.9214139999822,9261.65087890625
final_only,4952,5.091696039016824e-06,5.091696039016824e-06,48.47167205810547,1e-05,1.0,479.0175914999563,9261.65087890625
final_only,4953,6.735184797435068e-06,6.735184797435068e-06,45.40254211425781,1e-05,1.0,479.1142386000138,9261.65087890625
final_only,4954,2.43217345996527e-05,2.43217345996527e-05,47.856136322021484,1e-05,1.0,479.20989239995833,9261.65087890625
final_only,4955,6.2856170188752e-06,6.2856170188752e-06,47.89434051513672,1e-05,1.0,479.3050524999853,9261.65087890625
final_only,4956,6.404787654901156e-06,6.404787654901156e-06,46.69170379638672,1e-05,1.0,479.40025619999506,9261.65087890625
final_only,4957,1.7135786038124934e-05,1.7135786038124934e-05,48.81365966796875,1e-05,1.0,479.49502579995897,9261.65087890625
final_only,4958,1.8644501551534631e-06,1.8644501551534631e-06,49.30070877075195,1e-05,1.0,479.59169869998004,9261.65087890625
final_only,4959,5.123790288052987e-06,5.123790288052987e-06,46.81547927856445,1e-05,1.0,479.6878397000255,9261.65087890625
final_only,4960,2.6244222681270912e-05,2.6244222681270912e-05,48.192710876464844,1e-05,1.0,479.78357790003065,9261.65087890625
final_only,4961,1.0254792869091034e-05,1.0254792869091034e-05,50.98440170288086,1e-05,1.0,479.8802554999711,9261.65087890625
final_only,4962,8.182374585885555e-06,8.182374585885555e-06,45.91233444213867,1e-05,1.0,479.9759137999499,9261.65087890625
final_only,4963,7.250638191180769e-06,7.250638191180769e-06,46.49061965942383,1e-05,1.0,480.0727772000246,9261.65087890625
final_only,4964,2.735246425800142e-06,2.735246425800142e-06,46.57911682128906,1e-05,1.0,480.168550399947,9261.65087890625
final_only,4965,6.034244961483637e-06,6.034244961483637e-06,48.495330810546875,1e-05,1.0,480.26344529993366,9261.65087890625
final_only,4966,5.123902610648656e-06,5.123902610648656e-06,49.217838287353516,1e-05,1.0,480.3583746999502,9261.65087890625
final_only,4967,1.9733420231204946e-06,1.9733420231204946e-06,48.5294075012207,1e-05,1.0,480.4534217999317,9261.65087890625
final_only,4968,6.553168077516602e-06,6.553168077516602e-06,47.181396484375,1e-05,1.0,480.5493300999515,9261.65087890625
final_only,4969,6.665934961347375e-06,6.665934961347375e-06,48.41965103149414,1e-05,1.0,480.644800900016,9261.65087890625
final_only,4970,1.7944375940714963e-05,1.7944375940714963e-05,45.12937927246094,1e-05,1.0,480.74045419995673,9261.65087890625
final_only,4971,2.541427966207266e-05,2.541427966207266e-05,46.444671630859375,1e-05,1.0,480.83541009994224,9261.65087890625
final_only,4972,4.504493517742958e-06,4.504493517742958e-06,48.48638153076172,1e-05,1.0,480.9302956999745,9261.65087890625
final_only,4973,5.67382994631771e-06,5.67382994631771e-06,47.07657241821289,1e-05,1.0,481.0268356000306,9261.65087890625
final_only,4974,5.215087185206357e-06,5.215087185206357e-06,47.9915657043457,1e-05,1.0,481.1228879999835,9261.65087890625
final_only,4975,1.2186309504613746e-05,1.2186309504613746e-05,49.44941711425781,1e-05,1.0,481.2177809999557,9261.65087890625
final_only,4976,4.24204881710466e-06,4.24204881710466e-06,48.084259033203125,1e-05,1.0,481.3125050000381,9261.65087890625
final_only,4977,6.625450623687357e-06,6.625450623687357e-06,48.63721466064453,1e-05,1.0,481.4066339000128,9261.65087890625
final_only,4978,5.960731414234033e-06,5.960731414234033e-06,44.18595504760742,1e-05,1.0,481.50253179995343,9261.65087890625
final_only,4979,4.010077645943966e-06,4.010077645943966e-06,49.42073440551758,1e-05,1.0,481.59810139995534,9261.65087890625
final_only,4980,1.8048613128485158e-06,1.8048613128485158e-06,48.82374572753906,1e-05,1.0,481.6940155000193,9261.65087890625
final_only,4981,3.2259786166832782e-06,3.2259786166832782e-06,47.31850814819336,1e-05,1.0,481.78946959995665,9261.65087890625
final_only,4982,1.935062391567044e-05,1.935062391567044e-05,48.66652297973633,1e-05,1.0,481.88513129996136,9261.65087890625
final_only,4983,2.4176433726097457e-06,2.4176433726097457e-06,48.9266357421875,1e-05,1.0,481.9806852999609,9261.65087890625
final_only,4984,1.1408574209781364e-06,1.1408574209781364e-06,48.617454528808594,1e-05,1.0,482.07743149995804,9261.65087890625
final_only,4985,3.0359738047991414e-06,3.0359738047991414e-06,48.66860580444336,1e-05,1.0,482.17311570001766,9261.65087890625
final_only,4986,8.684573003847618e-06,8.684573003847618e-06,50.560508728027344,1e-05,1.0,482.2682573000202,9261.65087890625
final_only,4987,7.937777809274849e-06,7.937777809274849e-06,45.81879425048828,1e-05,1.0,482.36314579995815,9261.65087890625
final_only,4988,2.450241481710691e-06,2.450241481710691e-06,47.08791732788086,1e-05,1.0,482.45743139996193,9261.65087890625
final_only,4989,2.4381151888519526e-06,2.4381151888519526e-06,46.63840866088867,1e-05,1.0,482.5530247000279,9261.65087890625
final_only,4990,2.2890653781360015e-06,2.2890653781360015e-06,47.133785247802734,1e-05,1.0,482.6484546000138,9261.65087890625
final_only,4991,5.9273966144246515e-06,5.9273966144246515e-06,48.86015319824219,1e-05,1.0,482.7436713000061,9261.65087890625
final_only,4992,3.381549322512001e-05,3.381549322512001e-05,47.3311767578125,1e-05,1.0,482.83883539994713,9261.65087890625
final_only,4993,4.354569227871252e-06,4.354569227871252e-06,48.75984191894531,1e-05,1.0,482.9349031000165,9261.65087890625
final_only,4994,2.0386082724144217e-06,2.0386082724144217e-06,46.6226692199707,1e-05,1.0,483.0313734000083,9261.65087890625
final_only,4995,2.3985216103028506e-05,2.3985216103028506e-05,48.352474212646484,1e-05,1.0,483.1270843000384,9261.65087890625
final_only,4996,2.786278855637647e-06,2.786278855637647e-06,48.26405334472656,1e-05,1.0,483.22248230001424,9261.65087890625
final_only,4997,1.3181212125346065e-05,1.3181212125346065e-05,47.268959045410156,1e-05,1.0,483.317956999992,9261.65087890625
final_only,4998,2.175736881326884e-05,2.175736881326884e-05,47.603790283203125,1e-05,1.0,483.4119470999576,9261.65087890625
final_only,4999,1.2277934729354456e-05,1.2277934729354456e-05,47.65850067138672,1e-05,1.0,483.507564599975,9261.65087890625
final_only,5000,2.648599320309586e-06,2.648599320309586e-06,49.87373733520508,1e-05,1.0,483.6031354999868,9261.65087890625
