model,step,loss,final_loss,transition_loss,lr,train_batch_accuracy,elapsed_seconds,peak_vram_mib
grounded,1,25.148324966430664,2.8739590644836426,22.27436637878418,1e-05,0.453125,0.14680039999075234,9371.05810546875
grounded,2,25.959535598754883,2.736690044403076,23.22284507751465,1e-05,0.4609375,0.24539970001205802,9509.98779296875
grounded,3,25.156818389892578,2.793368339538574,22.363449096679688,1e-05,0.4765625,0.3406629000091925,9513.16259765625
grounded,4,24.955984115600586,2.946436643600464,22.00954818725586,1e-05,0.5078125,0.4361037000780925,9513.16259765625
grounded,5,24.650527954101562,2.823519229888916,21.827009201049805,1e-05,0.53125,0.5309715999756008,9513.16259765625
grounded,6,24.8308162689209,3.1374871730804443,21.693328857421875,1e-05,0.46875,0.626270700013265,9513.16259765625
grounded,7,24.881195068359375,2.3997561931610107,22.4814395904541,1e-05,0.5546875,0.7226172999944538,9513.16259765625
grounded,8,24.353788375854492,3.039307117462158,21.314481735229492,1e-05,0.4921875,0.8181619000388309,9513.16259765625
grounded,9,23.937936782836914,2.3998606204986572,21.538076400756836,1e-05,0.59375,0.9141674999846146,9513.16259765625
grounded,10,23.693395614624023,2.559896945953369,21.133499145507812,1e-05,0.5703125,1.0113031000364572,9513.16259765625
grounded,11,22.93165397644043,2.4372313022613525,20.494422912597656,1e-05,0.53125,1.1092954999767244,9513.16259765625
grounded,12,22.48104476928711,2.8837037086486816,19.597341537475586,1e-05,0.515625,1.2052527000196278,9513.16259765625
grounded,13,22.863845825195312,2.442079544067383,20.42176628112793,1e-05,0.5625,1.3021703000413254,9513.16259765625
grounded,14,20.71552276611328,2.5030720233917236,18.21245002746582,1e-05,0.5703125,1.397194900084287,9513.16259765625
grounded,15,22.299577713012695,2.6000003814697266,19.69957733154297,1e-05,0.5546875,1.4918626000871882,9513.16259765625
grounded,16,22.583152770996094,2.0088672637939453,20.57428550720215,1e-05,0.65625,1.587363800033927,9513.16259765625
grounded,17,21.88753318786621,2.8492391109466553,19.038293838500977,1e-05,0.5625,1.683240900048986,9513.16259765625
grounded,18,21.401382446289062,2.6411685943603516,18.76021385192871,1e-05,0.5390625,1.778731800033711,9513.16259765625
grounded,19,22.13098907470703,2.4344122409820557,19.696577072143555,1e-05,0.6015625,1.8739426999818534,9513.16259765625
grounded,20,20.6397705078125,2.545330762863159,18.094440460205078,1e-05,0.5625,1.9692022000672296,9513.16259765625
grounded,21,20.47041893005371,2.6006219387054443,17.869796752929688,1e-05,0.6015625,2.06433660001494,9513.16259765625
grounded,22,21.3836727142334,2.5282254219055176,18.85544776916504,1e-05,0.609375,2.1609468000242487,9513.16259765625
grounded,23,20.19426155090332,2.391767978668213,17.802494049072266,1e-05,0.640625,2.2568327999906614,9513.16259765625
grounded,24,20.08591079711914,2.613938570022583,17.47197151184082,1e-05,0.6171875,2.351842900039628,9513.16259765625
grounded,25,20.1055850982666,2.86543869972229,17.24014663696289,1e-05,0.53125,2.4471751999808475,9513.16259765625
grounded,26,19.78506851196289,3.1679158210754395,16.61715316772461,1e-05,0.4921875,2.5418146000010893,9513.16259765625
grounded,27,19.489219665527344,2.8254175186157227,16.663803100585938,1e-05,0.5,2.6375010000774637,9513.16259765625
grounded,28,19.109338760375977,3.1162233352661133,15.993115425109863,1e-05,0.515625,2.733932900009677,9513.16259765625
grounded,29,18.48021697998047,2.8595848083496094,15.62063217163086,1e-05,0.53125,2.8297779000131413,9513.16259765625
grounded,30,18.350753784179688,2.979727268218994,15.371026992797852,1e-05,0.5703125,2.92468070005998,9513.16259765625
grounded,31,18.47685432434082,3.2650275230407715,15.211827278137207,1e-05,0.484375,3.0196429999778047,9513.16259765625
grounded,32,17.729448318481445,2.894941568374634,14.83450698852539,1e-05,0.5625,3.116317300009541,9513.16259765625
grounded,33,17.87310218811035,3.4705824851989746,14.402519226074219,1e-05,0.453125,3.2124538000207394,9513.16259765625
grounded,34,17.38988494873047,3.786151885986328,13.603732109069824,1e-05,0.421875,3.3072867000009865,9513.16259765625
grounded,35,17.595571517944336,3.5582871437072754,14.037284851074219,1e-05,0.4375,3.4026271000038832,9513.16259765625
grounded,36,16.510122299194336,3.6378724575042725,12.872249603271484,1e-05,0.4140625,3.497107000090182,9513.16259765625
grounded,37,16.50225257873535,3.429016590118408,13.073235511779785,1e-05,0.46875,3.5921551000792533,9513.16259765625
grounded,38,16.042743682861328,3.670586109161377,12.37215805053711,1e-05,0.4375,3.6880387000273913,9513.16259765625
grounded,39,15.787589073181152,3.500107765197754,12.287481307983398,1e-05,0.4453125,3.7835022000363097,9513.16259765625
grounded,40,16.696855545043945,3.6920745372772217,13.004780769348145,1e-05,0.4140625,3.879331700038165,9513.16259765625
grounded,41,14.959522247314453,3.525574207305908,11.433948516845703,1e-05,0.4140625,3.974348400020972,9513.16259765625
grounded,42,15.689020156860352,3.8577442169189453,11.831275939941406,1e-05,0.453125,4.0711842000018805,9513.16259765625
grounded,43,15.019028663635254,4.120476722717285,10.898551940917969,1e-05,0.3515625,4.166930100065656,9513.16259765625
grounded,44,15.4293212890625,3.8393146991729736,11.590006828308105,1e-05,0.4453125,4.263170800055377,9513.16259765625
grounded,45,14.455644607543945,4.027571678161621,10.428072929382324,1e-05,0.390625,4.358722900040448,9513.16259765625
grounded,46,14.670066833496094,4.0684332847595215,10.601633071899414,1e-05,0.359375,4.453207200043835,9513.16259765625
grounded,47,14.119487762451172,4.055840492248535,10.063647270202637,1e-05,0.3984375,4.547265600063838,9513.16259765625
grounded,48,14.021657943725586,4.254556179046631,9.767102241516113,1e-05,0.3203125,4.643343699979596,9513.16259765625
grounded,49,13.50992202758789,4.555576324462891,8.954345703125,1e-05,0.296875,4.738805599976331,9513.16259765625
grounded,50,13.964641571044922,4.50416898727417,9.46047306060791,1e-05,0.3203125,4.834270399995148,9513.16259765625
grounded,51,13.773660659790039,4.433752059936523,9.339908599853516,1e-05,0.2890625,4.930374099989422,9513.16259765625
grounded,52,13.337676048278809,4.414960861206055,8.922715187072754,1e-05,0.3515625,5.026098800008185,9513.16259765625
grounded,53,13.603193283081055,4.575225830078125,9.02796745300293,1e-05,0.3515625,5.12385610002093,9513.16259765625
grounded,54,13.412511825561523,4.351539611816406,9.060972213745117,1e-05,0.34375,5.219926599995233,9513.16259765625
grounded,55,12.584766387939453,4.319212436676025,8.265554428100586,1e-05,0.3203125,5.315864900010638,9513.16259765625
grounded,56,12.756726264953613,4.090709686279297,8.666016578674316,1e-05,0.3671875,5.411480800015852,9513.16259765625
grounded,57,13.233907699584961,4.683475017547607,8.550432205200195,1e-05,0.28125,5.506213500048034,9513.16259765625
grounded,58,13.297633171081543,4.747117042541504,8.550516128540039,1e-05,0.234375,5.601022200076841,9513.16259765625
grounded,59,12.529705047607422,4.928710460662842,7.60099458694458,1e-05,0.171875,5.696857800008729,9513.16259765625
grounded,60,12.192743301391602,4.6931867599487305,7.499556541442871,1e-05,0.2734375,5.792338100029156,9513.16259765625
grounded,61,12.51034927368164,4.902285575866699,7.608063697814941,1e-05,0.2109375,5.887756300042383,9513.16259765625
grounded,62,12.609458923339844,4.870311737060547,7.739147663116455,1e-05,0.203125,5.982911600032821,9513.16259765625
grounded,63,13.079535484313965,5.235645294189453,7.843890190124512,1e-05,0.1640625,6.079811500036158,9513.16259765625
grounded,64,12.822941780090332,4.6430864334106445,8.179855346679688,1e-05,0.2421875,6.17612239997834,9513.16259765625
grounded,65,12.087789535522461,4.82690954208374,7.2608795166015625,1e-05,0.25,6.271291300072335,9513.16259765625
grounded,66,12.341070175170898,4.843749523162842,7.497321128845215,1e-05,0.234375,6.366494100075215,9513.16259765625
grounded,67,12.356767654418945,5.248061180114746,7.108706474304199,1e-05,0.1875,6.4616039000684395,9513.16259765625
grounded,68,12.032546997070312,4.849164009094238,7.183382987976074,1e-05,0.2109375,6.55598170007579,9513.16259765625
grounded,69,11.763274192810059,4.894176483154297,6.869097709655762,1e-05,0.2265625,6.651503800065257,9513.16259765625
grounded,70,12.061227798461914,4.925074577331543,7.136153697967529,1e-05,0.2109375,6.746886600041762,9513.16259765625
grounded,71,12.69720458984375,5.2729339599609375,7.424270153045654,1e-05,0.1875,6.841867399984039,9513.16259765625
grounded,72,12.294490814208984,5.128162384033203,7.1663289070129395,1e-05,0.1796875,6.936630500014871,9513.16259765625
grounded,73,11.827406883239746,5.26948356628418,6.557923316955566,1e-05,0.1484375,7.031739099998958,9513.16259765625
grounded,74,12.007099151611328,5.201231002807617,6.805867671966553,1e-05,0.171875,7.1285403000656515,9513.16259765625
grounded,75,11.330058097839355,4.8356828689575195,6.494375228881836,1e-05,0.1640625,7.224263000069186,9513.16259765625
grounded,76,12.081746101379395,5.262026786804199,6.819719314575195,1e-05,0.1171875,7.319364900002256,9513.16259765625
grounded,77,11.726191520690918,4.941532135009766,6.784659385681152,1e-05,0.2265625,7.414811599999666,9513.16259765625
grounded,78,11.464277267456055,4.8941850662231445,6.570091724395752,1e-05,0.1875,7.509986000019126,9513.16259765625
grounded,79,11.423544883728027,4.981405258178711,6.442139625549316,1e-05,0.203125,7.604680099990219,9513.16259765625
grounded,80,11.871055603027344,5.036518096923828,6.834537506103516,1e-05,0.140625,7.700533600058407,9513.16259765625
grounded,81,11.26030158996582,5.024352073669434,6.235949993133545,1e-05,0.203125,7.795597300049849,9513.16259765625
grounded,82,11.575267791748047,4.870146751403809,6.705121040344238,1e-05,0.1875,7.891362700029276,9513.16259765625
grounded,83,11.07423210144043,4.819720268249512,6.254511833190918,1e-05,0.21875,7.986515099997632,9513.16259765625
grounded,84,11.523736000061035,4.87943696975708,6.644299030303955,1e-05,0.1796875,8.083039900055155,9513.16259765625
grounded,85,11.464387893676758,4.975722312927246,6.488665580749512,1e-05,0.1796875,8.178674000082538,9513.16259765625
grounded,86,11.357673645019531,4.9272613525390625,6.4304118156433105,1e-05,0.1796875,8.274079900002107,9513.16259765625
grounded,87,11.281097412109375,4.943666458129883,6.337430953979492,1e-05,0.1484375,8.369732900056988,9513.16259765625
grounded,88,11.354823112487793,5.09378719329834,6.261035919189453,1e-05,0.125,8.464813400059938,9513.16259765625
grounded,89,11.210020065307617,5.046492576599121,6.163527965545654,1e-05,0.1875,8.558814499992877,9513.16259765625
grounded,90,11.380077362060547,5.079469680786133,6.300608158111572,1e-05,0.1328125,8.655213100020774,9513.16259765625
grounded,91,11.401948928833008,5.086826324462891,6.315122127532959,1e-05,0.1640625,8.750908700050786,9513.16259765625
grounded,92,11.265670776367188,4.940047740936279,6.325623512268066,1e-05,0.171875,8.846359000075608,9513.16259765625
grounded,93,11.494827270507812,5.086645126342773,6.408181667327881,1e-05,0.1796875,8.941835700068623,9513.16259765625
grounded,94,10.976652145385742,5.015155792236328,5.961496353149414,1e-05,0.2265625,9.038011700031348,9513.16259765625
grounded,95,11.163331985473633,4.899901866912842,6.263429641723633,1e-05,0.1796875,9.135464500053786,9513.16259765625
grounded,96,10.920419692993164,5.023802757263184,5.896616458892822,1e-05,0.15625,9.231152900028974,9513.16259765625
grounded,97,10.95308780670166,4.9876604080200195,5.965427398681641,1e-05,0.15625,9.327321400051005,9513.16259765625
grounded,98,11.35931396484375,5.2556352615356445,6.1036787033081055,1e-05,0.109375,9.423731100047007,9513.16259765625
grounded,99,11.20069694519043,4.932436943054199,6.268259525299072,1e-05,0.1328125,9.518458100035787,9513.16259765625
grounded,100,11.280864715576172,5.136126518249512,6.14473819732666,1e-05,0.15625,9.613454299978912,9513.16259765625
grounded,101,11.323098182678223,5.230891227722168,6.092206954956055,1e-05,0.125,9.710021800012328,9513.16259765625
grounded,102,11.041120529174805,4.974154472351074,6.0669660568237305,1e-05,0.140625,9.805380700039677,9513.16259765625
grounded,103,10.840350151062012,4.891805648803711,5.948544502258301,1e-05,0.1328125,9.900772000080906,9513.16259765625
grounded,104,10.93089771270752,5.12640380859375,5.8044939041137695,1e-05,0.1484375,9.996632900089025,9513.16259765625
grounded,105,10.901894569396973,4.981287002563477,5.920607566833496,1e-05,0.140625,10.093252300051972,9513.16259765625
grounded,106,10.7746000289917,4.970968246459961,5.803631782531738,1e-05,0.1328125,10.18967650004197,9513.16259765625
grounded,107,10.835004806518555,5.06205940246582,5.772945880889893,1e-05,0.140625,10.285242500016466,9513.16259765625
grounded,108,10.627102851867676,4.8035078048706055,5.82359504699707,1e-05,0.1640625,10.380785700050183,9513.16259765625
grounded,109,11.042628288269043,5.180619239807129,5.862009048461914,1e-05,0.1171875,10.476530199986883,9513.16259765625
grounded,110,10.386306762695312,4.882582664489746,5.503723621368408,1e-05,0.171875,10.571129900054075,9513.16259765625
grounded,111,10.599325180053711,4.945725440979004,5.653599739074707,1e-05,0.15625,10.667755600064993,9513.16259765625
grounded,112,11.166470527648926,5.17325496673584,5.993215560913086,1e-05,0.1640625,10.76333790004719,9513.16259765625
grounded,113,10.567964553833008,4.841775894165039,5.7261881828308105,1e-05,0.203125,10.858317399979569,9513.16259765625
grounded,114,10.792304992675781,4.98520565032959,5.80709981918335,1e-05,0.15625,10.953767300001346,9513.16259765625
grounded,115,10.390047073364258,4.830276012420654,5.559770584106445,1e-05,0.1796875,11.049709800048731,9513.16259765625
grounded,116,11.026311874389648,5.139177322387695,5.887135028839111,1e-05,0.140625,11.146096899989061,9513.16259765625
grounded,117,10.742318153381348,5.064888954162598,5.67742919921875,1e-05,0.1328125,11.241829700069502,9513.16259765625
grounded,118,10.707605361938477,5.1682281494140625,5.539377689361572,1e-05,0.125,11.33763560000807,9513.16259765625
grounded,119,10.552053451538086,4.989398956298828,5.562654495239258,1e-05,0.09375,11.433074000058696,9513.16259765625
grounded,120,10.245737075805664,4.858613014221191,5.387124061584473,1e-05,0.125,11.52798580005765,9513.16259765625
grounded,121,10.60075855255127,5.02243709564209,5.57832145690918,1e-05,0.1328125,11.62323320005089,9513.16259765625
grounded,122,10.021020889282227,4.795973777770996,5.2250471115112305,1e-05,0.1640625,11.7188028000528,9513.16259765625
grounded,123,10.707775115966797,5.095212936401367,5.61256217956543,1e-05,0.125,11.814560899976641,9513.16259765625
grounded,124,10.64730167388916,5.033405780792236,5.613895893096924,1e-05,0.109375,11.910136800026521,9513.16259765625
grounded,125,10.399801254272461,5.008169174194336,5.391632080078125,1e-05,0.1640625,12.005688200006261,9513.16259765625
grounded,126,10.267658233642578,4.887882232666016,5.379775524139404,1e-05,0.1484375,12.10249050008133,9513.16259765625
grounded,127,10.909950256347656,5.257623195648193,5.652326583862305,1e-05,0.109375,12.198291199980304,9513.16259765625
grounded,128,10.354265213012695,4.953284740447998,5.400979995727539,1e-05,0.1328125,12.293565100058913,9513.16259765625
grounded,129,10.421741485595703,5.031844139099121,5.389896869659424,1e-05,0.1171875,12.388647800078616,9513.16259765625
grounded,130,10.550769805908203,4.977227687835693,5.573542594909668,1e-05,0.1328125,12.483778099995106,9513.16259765625
grounded,131,9.931377410888672,4.843146324157715,5.088230609893799,1e-05,0.1484375,12.578074000077322,9513.16259765625
grounded,132,10.78371810913086,5.17559814453125,5.608119964599609,1e-05,0.109375,12.674320699996315,9513.16259765625
grounded,133,10.078529357910156,4.824774742126465,5.253754615783691,1e-05,0.1796875,12.769680200028233,9513.16259765625
grounded,134,10.262857437133789,4.934592247009277,5.32826566696167,1e-05,0.1796875,12.864581700065173,9513.16259765625
grounded,135,10.151304244995117,4.912919044494629,5.238385200500488,1e-05,0.1484375,12.960397900082171,9513.16259765625
grounded,136,10.11467170715332,4.844913482666016,5.269758701324463,1e-05,0.1484375,13.05703580006957,9513.16259765625
grounded,137,10.223215103149414,4.901331901550293,5.321883678436279,1e-05,0.1796875,13.15287360001821,9513.16259765625
grounded,138,10.236374855041504,5.027684211730957,5.208690643310547,1e-05,0.140625,13.249752399977297,9513.16259765625
grounded,139,10.341678619384766,4.961214065551758,5.380464553833008,1e-05,0.1171875,13.345744900056161,9513.16259765625
grounded,140,10.083614349365234,4.808464050292969,5.275150299072266,1e-05,0.1796875,13.44112099998165,9513.16259765625
grounded,141,10.197402954101562,4.894545078277588,5.302858352661133,1e-05,0.203125,13.537129700067453,9513.16259765625
grounded,142,9.915864944458008,4.88815975189209,5.027705669403076,1e-05,0.1875,13.632328500039876,9513.16259765625
grounded,143,10.213630676269531,4.940462589263916,5.273167610168457,1e-05,0.1328125,13.728040600079112,9513.16259765625
grounded,144,10.126442909240723,4.9017229080200195,5.224720001220703,1e-05,0.1171875,13.823265800019726,9513.16259765625
grounded,145,10.091300964355469,4.98813533782959,5.103165149688721,1e-05,0.125,13.919364499975927,9513.16259765625
grounded,146,10.120183944702148,4.88066291809082,5.239521503448486,1e-05,0.1015625,14.015048500034027,9513.16259765625
grounded,147,10.007047653198242,4.723584175109863,5.283463478088379,1e-05,0.1953125,14.111349300015718,9513.16259765625
grounded,148,9.965436935424805,4.845254898071289,5.120182514190674,1e-05,0.1171875,14.20757309999317,9513.16259765625
grounded,149,10.085809707641602,4.874942302703857,5.210867881774902,1e-05,0.21875,14.303437900030985,9513.16259765625
grounded,150,9.957845687866211,4.806015491485596,5.151830673217773,1e-05,0.1796875,14.3988199000014,9513.16259765625
grounded,151,9.602688789367676,4.7488932609558105,4.853795528411865,1e-05,0.1796875,14.494248599978164,9513.16259765625
grounded,152,9.817100524902344,4.809414386749268,5.007686614990234,1e-05,0.1953125,14.589109300053678,9513.16259765625
grounded,153,9.704280853271484,4.752536773681641,4.9517436027526855,1e-05,0.15625,14.685237199999392,9513.16259765625
grounded,154,9.960758209228516,4.907006740570068,5.0537519454956055,1e-05,0.1796875,14.780117899994366,9513.16259765625
grounded,155,9.955171585083008,4.834124565124512,5.121047019958496,1e-05,0.15625,14.875378899974748,9513.16259765625
grounded,156,10.04410171508789,4.93314266204834,5.110959053039551,1e-05,0.1875,14.970813699997962,9513.16259765625
grounded,157,10.2399263381958,5.091792106628418,5.148134231567383,1e-05,0.109375,15.066849400056526,9513.16259765625
grounded,158,10.268139839172363,5.178252220153809,5.089887619018555,1e-05,0.109375,15.162758900085464,9513.16259765625
grounded,159,9.602227210998535,4.71751070022583,4.884716510772705,1e-05,0.1796875,15.258852099999785,9513.16259765625
grounded,160,10.053898811340332,4.95145320892334,5.102445602416992,1e-05,0.125,15.353972400072962,9513.16259765625
grounded,161,10.186803817749023,4.9486212730407715,5.238182067871094,1e-05,0.1328125,15.448897000052966,9513.16259765625
grounded,162,10.031396865844727,4.839524745941162,5.191871643066406,1e-05,0.1796875,15.54412079998292,9513.16259765625
grounded,163,9.882226943969727,4.960188865661621,4.9220380783081055,1e-05,0.140625,15.638874000054784,9513.16259765625
grounded,164,9.646272659301758,4.735655784606934,4.910616874694824,1e-05,0.1953125,15.734777000034228,9513.16259765625
grounded,165,9.847063064575195,4.799999713897705,5.047062873840332,1e-05,0.1484375,15.829699099995196,9513.16259765625
grounded,166,9.808599472045898,4.923879146575928,4.884720802307129,1e-05,0.140625,15.925743300002068,9513.16259765625
grounded,167,9.671747207641602,4.738862037658691,4.932885646820068,1e-05,0.21875,16.020382300019264,9513.16259765625
grounded,168,9.681502342224121,4.770907402038574,4.910594940185547,1e-05,0.1484375,16.117069700034335,9513.16259765625
grounded,169,9.540231704711914,4.676262855529785,4.863968372344971,1e-05,0.1875,16.213124600006267,9513.16259765625
grounded,170,9.687200546264648,4.816701889038086,4.870499134063721,1e-05,0.1328125,16.308610700070858,9513.16259765625
grounded,171,9.874462127685547,4.906332015991211,4.968130111694336,1e-05,0.15625,16.40358180005569,9513.16259765625
grounded,172,9.637537002563477,4.824808597564697,4.8127288818359375,1e-05,0.1796875,16.49876430002041,9513.16259765625
grounded,173,9.576323509216309,4.767579078674316,4.808744430541992,1e-05,0.2109375,16.5936107999878,9513.16259765625
grounded,174,9.68569278717041,4.886160850524902,4.799531936645508,1e-05,0.171875,16.689177000080235,9513.16259765625
grounded,175,9.444129943847656,4.808384895324707,4.635745048522949,1e-05,0.2109375,16.783820700016804,9513.16259765625
grounded,176,9.614814758300781,4.844296932220459,4.7705183029174805,1e-05,0.1796875,16.879866400035098,9513.16259765625
grounded,177,9.739924430847168,4.872062683105469,4.867861747741699,1e-05,0.15625,16.97561369999312,9513.16259765625
grounded,178,9.489176750183105,4.69297981262207,4.796196937561035,1e-05,0.2109375,17.071673900005408,9513.16259765625
grounded,179,9.62247371673584,4.821833610534668,4.800640106201172,1e-05,0.140625,17.167168500018306,9513.16259765625
grounded,180,9.622899055480957,4.820233345031738,4.802665710449219,1e-05,0.1875,17.26306160003878,9513.16259765625
grounded,181,9.081621170043945,4.502310276031494,4.579311370849609,1e-05,0.25,17.358500000089407,9513.16259765625
grounded,182,9.540809631347656,4.794342994689941,4.746466636657715,1e-05,0.15625,17.453887999989092,9513.16259765625
grounded,183,9.552620887756348,4.8152923583984375,4.73732852935791,1e-05,0.125,17.549303199979477,9513.16259765625
grounded,184,9.110832214355469,4.548063278198242,4.562768936157227,1e-05,0.21875,17.645173700060695,9513.16259765625
grounded,185,9.754490852355957,4.882820129394531,4.871670722961426,1e-05,0.140625,17.74054230004549,9513.16259765625
grounded,186,9.587883949279785,4.8181328773498535,4.769751071929932,1e-05,0.140625,17.836926500080153,9513.16259765625
grounded,187,9.674713134765625,4.8976640701293945,4.777048587799072,1e-05,0.171875,17.932895999983884,9513.16259765625
grounded,188,9.41317367553711,4.724374294281006,4.688798904418945,1e-05,0.1953125,18.028079500072636,9513.16259765625
grounded,189,9.366891860961914,4.6511125564575195,4.715779781341553,1e-05,0.1875,18.123941200086847,9513.16259765625
grounded,190,9.774221420288086,4.926975250244141,4.8472466468811035,1e-05,0.140625,18.219977400032803,9513.16259765625
grounded,191,9.397079467773438,4.761021614074707,4.636058330535889,1e-05,0.2109375,18.315658700070344,9513.16259765625
grounded,192,9.319873809814453,4.589703559875488,4.730170249938965,1e-05,0.2109375,18.410478200064972,9513.16259765625
grounded,193,9.329618453979492,4.674507141113281,4.655111312866211,1e-05,0.1953125,18.50514160003513,9513.16259765625
grounded,194,9.560559272766113,4.845342636108398,4.715216636657715,1e-05,0.1484375,18.599992800038308,9513.16259765625
grounded,195,9.65573787689209,4.842270851135254,4.813467025756836,1e-05,0.1484375,18.695792900049128,9513.16259765625
grounded,196,9.770427703857422,4.976651191711426,4.793776512145996,1e-05,0.140625,18.79053090000525,9513.16259765625
grounded,197,9.27236557006836,4.675947666168213,4.596418380737305,1e-05,0.234375,18.885821199975908,9513.16259765625
grounded,198,9.286483764648438,4.582972049713135,4.703512191772461,1e-05,0.1953125,18.981042700004764,9513.16259765625
grounded,199,9.64310073852539,4.873339653015137,4.769761085510254,1e-05,0.1875,19.07641420001164,9513.16259765625
grounded,200,9.354643821716309,4.6830925941467285,4.67155122756958,1e-05,0.21875,19.172554700053297,9513.16259765625
grounded,201,9.481744766235352,4.774281978607178,4.707462787628174,1e-05,0.203125,19.26892050006427,9513.16259765625
grounded,202,9.578544616699219,4.888409614562988,4.6901350021362305,1e-05,0.1640625,19.364352800068446,9513.16259765625
grounded,203,9.488883018493652,4.755180358886719,4.733702659606934,1e-05,0.1484375,19.458839500090107,9513.16259765625
grounded,204,9.031624794006348,4.535089492797852,4.496535301208496,1e-05,0.2578125,19.554108800017275,9513.16259765625
grounded,205,9.564373970031738,4.844411849975586,4.719962120056152,1e-05,0.1953125,19.648822400020435,9513.16259765625
grounded,206,9.405982971191406,4.668630599975586,4.73735237121582,1e-05,0.21875,19.74417160009034,9513.16259765625
grounded,207,9.229240417480469,4.633981704711914,4.595258712768555,1e-05,0.25,19.839370100060478,9513.16259765625
grounded,208,9.575596809387207,4.820560455322266,4.755036354064941,1e-05,0.1484375,19.93478110001888,9513.16259765625
grounded,209,9.252889633178711,4.7122015953063965,4.540688514709473,1e-05,0.21875,20.02992240001913,9513.16259765625
grounded,210,9.616981506347656,4.9378461837768555,4.679135799407959,1e-05,0.171875,20.126938899978995,9513.16259765625
grounded,211,9.120384216308594,4.555949687957764,4.564435005187988,1e-05,0.2265625,20.223314000060782,9513.16259765625
grounded,212,9.155675888061523,4.668010234832764,4.487665176391602,1e-05,0.2109375,20.318474999978207,9513.16259765625
grounded,213,9.569028854370117,4.844572067260742,4.724456310272217,1e-05,0.1875,20.413449199986644,9513.16259765625
grounded,214,9.466142654418945,4.8944292068481445,4.571712970733643,1e-05,0.1640625,20.508894699974917,9513.16259765625
grounded,215,9.303728103637695,4.763771057128906,4.539956569671631,1e-05,0.1640625,20.60335720004514,9513.16259765625
grounded,216,9.39450740814209,4.756521224975586,4.637986183166504,1e-05,0.171875,20.698600900010206,9513.16259765625
grounded,217,9.174188613891602,4.627758502960205,4.546429634094238,1e-05,0.265625,20.79392970004119,9513.16259765625
grounded,218,9.321405410766602,4.684218406677246,4.6371870040893555,1e-05,0.1953125,20.889193100039847,9513.16259765625
grounded,219,9.302502632141113,4.747455596923828,4.555047035217285,1e-05,0.1796875,20.98410540004261,9513.16259765625
grounded,220,9.286788940429688,4.7776360511779785,4.509153366088867,1e-05,0.2109375,21.08062670007348,9513.16259765625
grounded,221,8.994677543640137,4.547801494598389,4.446876049041748,1e-05,0.2578125,21.177097200066783,9513.16259765625
grounded,222,9.563940048217773,4.9064202308654785,4.657520294189453,1e-05,0.171875,21.27241790003609,9513.16259765625
grounded,223,9.388065338134766,4.797182083129883,4.590883255004883,1e-05,0.1875,21.366968600079417,9513.16259765625
grounded,224,9.065811157226562,4.587254524230957,4.478556156158447,1e-05,0.2421875,21.462577100028284,9513.16259765625
grounded,225,9.340435028076172,4.743340492248535,4.597094535827637,1e-05,0.21875,21.558358300011605,9513.16259765625
grounded,226,9.207565307617188,4.695875644683838,4.51168966293335,1e-05,0.21875,21.65366409998387,9513.16259765625
grounded,227,9.1863431930542,4.67573356628418,4.5106096267700195,1e-05,0.1796875,21.74962100002449,9513.16259765625
grounded,228,9.283203125,4.700077533721924,4.583126068115234,1e-05,0.1796875,21.845130100031383,9513.16259765625
grounded,229,9.003756523132324,4.651067733764648,4.352688789367676,1e-05,0.1875,21.939961399999447,9513.16259765625
grounded,230,9.194820404052734,4.668142318725586,4.52667760848999,1e-05,0.21875,22.034841199987568,9513.16259765625
grounded,231,9.477953910827637,4.8422369956970215,4.635716915130615,1e-05,0.171875,22.131265899981372,9513.16259765625
grounded,232,9.167206764221191,4.69083309173584,4.476373672485352,1e-05,0.2109375,22.227040500030853,9513.16259765625
grounded,233,9.612665176391602,4.834424018859863,4.778241157531738,1e-05,0.1640625,22.32176319998689,9513.16259765625
grounded,234,9.395723342895508,4.784219741821289,4.611504077911377,1e-05,0.1875,22.416907400009222,9513.16259765625
grounded,235,9.359766006469727,4.813765048980713,4.546001434326172,1e-05,0.1484375,22.511480699991807,9513.16259765625
grounded,236,8.998064994812012,4.594182014465332,4.40388298034668,1e-05,0.21875,22.60655400005635,9513.16259765625
grounded,237,8.906412124633789,4.527199745178223,4.379212379455566,1e-05,0.2421875,22.701676700031385,9513.16259765625
grounded,238,9.02247428894043,4.571836471557617,4.4506378173828125,1e-05,0.21875,22.79709950007964,9513.16259765625
grounded,239,9.430606842041016,4.77652645111084,4.654080390930176,1e-05,0.1640625,22.891897300025448,9513.16259765625
grounded,240,9.32017707824707,4.7837114334106445,4.536465644836426,1e-05,0.203125,22.98651499999687,9513.16259765625
grounded,241,9.735626220703125,5.0223236083984375,4.7133026123046875,1e-05,0.1328125,23.082774300011806,9513.16259765625
grounded,242,9.231796264648438,4.760466575622559,4.471329212188721,1e-05,0.171875,23.17938700004015,9513.16259765625
grounded,243,9.024435997009277,4.587575912475586,4.436860084533691,1e-05,0.2265625,23.274378400063142,9513.16259765625
grounded,244,9.102664947509766,4.697787284851074,4.40487813949585,1e-05,0.1796875,23.369627800071612,9513.16259765625
grounded,245,9.405946731567383,4.837752819061279,4.568194389343262,1e-05,0.1484375,23.464157200069167,9513.16259765625
grounded,246,9.129494667053223,4.693691253662109,4.435803413391113,1e-05,0.2265625,23.559534500003792,9513.16259765625
grounded,247,8.469035148620605,4.2417144775390625,4.227320671081543,1e-05,0.3203125,23.654378300067037,9513.16259765625
grounded,248,9.089420318603516,4.661974906921387,4.427445411682129,1e-05,0.1875,23.749983899993822,9513.16259765625
grounded,249,8.773324012756348,4.526542663574219,4.246781349182129,1e-05,0.265625,23.845688999979757,9513.16259765625
grounded,250,9.005967140197754,4.639660835266113,4.366306304931641,1e-05,0.234375,23.94121499999892,9513.16259765625
grounded,251,9.08745288848877,4.624513626098633,4.462939262390137,1e-05,0.1875,24.037645500036888,9513.16259765625
grounded,252,8.958942413330078,4.631744384765625,4.327198028564453,1e-05,0.2109375,24.13374570000451,9513.16259765625
grounded,253,9.130301475524902,4.719479560852051,4.410821914672852,1e-05,0.1953125,24.23005960008595,9513.16259765625
grounded,254,9.167648315429688,4.7032151222229,4.464432716369629,1e-05,0.2109375,24.32543650001753,9513.16259765625
grounded,255,9.077783584594727,4.676046371459961,4.401737689971924,1e-05,0.1875,24.420639600022696,9513.16259765625
grounded,256,9.097978591918945,4.648944854736328,4.449033737182617,1e-05,0.1875,24.51500000001397,9513.16259765625
grounded,257,8.800893783569336,4.541983127593994,4.258910179138184,1e-05,0.234375,24.61005420004949,9513.16259765625
grounded,258,9.198795318603516,4.732755661010742,4.466039657592773,1e-05,0.1953125,24.705546500044875,9513.16259765625
grounded,259,8.326504707336426,4.314618110656738,4.0118865966796875,1e-05,0.28125,24.801345900050364,9513.16259765625
grounded,260,9.216352462768555,4.69708776473999,4.519264221191406,1e-05,0.21875,24.896601899992675,9513.16259765625
grounded,261,8.970080375671387,4.610292434692383,4.359787940979004,1e-05,0.2265625,24.99260530003812,9513.16259765625
grounded,262,8.836163520812988,4.578722953796387,4.257440567016602,1e-05,0.234375,25.08817700005602,9513.16259765625
grounded,263,9.184843063354492,4.709423065185547,4.475419998168945,1e-05,0.1796875,25.184539000038058,9513.16259765625
grounded,264,8.984622955322266,4.607586860656738,4.377036094665527,1e-05,0.234375,25.279349900083616,9513.16259765625
grounded,265,8.870128631591797,4.5547003746032715,4.315427780151367,1e-05,0.2578125,25.374519600067288,9513.16259765625
grounded,266,9.058877944946289,4.673869609832764,4.385008811950684,1e-05,0.21875,25.469226700020954,9513.16259765625
grounded,267,8.572870254516602,4.478540897369385,4.094328880310059,1e-05,0.234375,25.564243800006807,9513.16259765625
grounded,268,8.97196102142334,4.605314254760742,4.366646766662598,1e-05,0.234375,25.66003200004343,9513.16259765625
grounded,269,9.310335159301758,4.735301971435547,4.575032711029053,1e-05,0.1796875,25.756700900034048,9513.16259765625
grounded,270,9.01577377319336,4.666265487670898,4.349508762359619,1e-05,0.234375,25.85230110003613,9513.16259765625
grounded,271,8.943258285522461,4.636098861694336,4.307158946990967,1e-05,0.21875,25.94772529997863,9513.16259765625
grounded,272,9.348101615905762,4.8287353515625,4.519366264343262,1e-05,0.1640625,26.042982200044207,9513.16259765625
grounded,273,9.068485260009766,4.634411811828613,4.4340739250183105,1e-05,0.203125,26.139018699992448,9513.16259765625
grounded,274,9.154273986816406,4.7199015617370605,4.434372901916504,1e-05,0.21875,26.234385000076145,9513.16259765625
grounded,275,9.333852767944336,4.810606002807617,4.523246765136719,1e-05,0.1875,26.329764200025238,9513.16259765625
grounded,276,9.073905944824219,4.624466896057129,4.44943904876709,1e-05,0.1953125,26.42484210000839,9513.16259765625
grounded,277,8.793453216552734,4.527561664581299,4.265892028808594,1e-05,0.2421875,26.519259400083683,9513.16259765625
grounded,278,8.776002883911133,4.507857322692871,4.268145561218262,1e-05,0.265625,26.614835600019433,9513.16259765625
grounded,279,8.615446090698242,4.461750030517578,4.153696060180664,1e-05,0.2734375,26.70949090004433,9513.16259765625
grounded,280,8.914270401000977,4.588736534118652,4.325534343719482,1e-05,0.265625,26.80465700000059,9513.16259765625
grounded,281,8.859822273254395,4.528247833251953,4.331574440002441,1e-05,0.265625,26.899341200012714,9513.16259765625
grounded,282,9.110010147094727,4.675927639007568,4.43408203125,1e-05,0.234375,26.99436970008537,9513.16259765625
grounded,283,8.717005729675293,4.507443428039551,4.209562301635742,1e-05,0.234375,27.09170059999451,9513.16259765625
grounded,284,9.082612991333008,4.600579261779785,4.482033729553223,1e-05,0.21875,27.187696899985895,9513.16259765625
grounded,285,9.093132019042969,4.66085147857666,4.432280540466309,1e-05,0.21875,27.283439700026065,9513.16259765625
grounded,286,9.16985034942627,4.741230010986328,4.428620338439941,1e-05,0.1640625,27.37834220007062,9513.16259765625
grounded,287,8.900918006896973,4.577805042266846,4.323112964630127,1e-05,0.25,27.473973100073636,9513.16259765625
grounded,288,8.884340286254883,4.595562934875488,4.2887773513793945,1e-05,0.234375,27.569347799988464,9513.16259765625
grounded,289,8.592361450195312,4.428306579589844,4.1640543937683105,1e-05,0.2578125,27.664130000048317,9513.16259765625
grounded,290,8.620538711547852,4.447262763977051,4.173275947570801,1e-05,0.3046875,27.759629599982873,9513.16259765625
grounded,291,8.923003196716309,4.584687232971191,4.338315963745117,1e-05,0.234375,27.854616100084968,9513.16259765625
grounded,292,8.952506065368652,4.574282646179199,4.378223419189453,1e-05,0.2109375,27.949338300037198,9513.16259765625
grounded,293,9.101552963256836,4.7301483154296875,4.371405124664307,1e-05,0.21875,28.04432220000308,9513.16259765625
grounded,294,8.604272842407227,4.367429256439209,4.236843585968018,1e-05,0.296875,28.14049680007156,9513.16259765625
grounded,295,8.749054908752441,4.533491134643555,4.215563774108887,1e-05,0.2265625,28.23622980003711,9513.16259765625
grounded,296,9.146385192871094,4.699716567993164,4.4466681480407715,1e-05,0.2109375,28.331910200067796,9513.16259765625
grounded,297,8.958003044128418,4.549685478210449,4.408317565917969,1e-05,0.2421875,28.42638660001103,9513.16259765625
grounded,298,9.125787734985352,4.631982803344727,4.493804931640625,1e-05,0.2109375,28.520740800071508,9513.16259765625
grounded,299,8.778117179870605,4.526262283325195,4.25185489654541,1e-05,0.234375,28.616121500032023,9513.16259765625
grounded,300,8.49390983581543,4.262967109680176,4.230942249298096,1e-05,0.296875,28.710965499980375,9513.16259765625
grounded,301,8.663530349731445,4.395972728729248,4.267557144165039,1e-05,0.2734375,28.807665100088343,9513.16259765625
grounded,302,8.676941871643066,4.477540969848633,4.199400901794434,1e-05,0.25,28.902269200072624,9513.16259765625
grounded,303,8.434823989868164,4.381593704223633,4.053230285644531,1e-05,0.2734375,28.997368499985896,9513.16259765625
grounded,304,9.016439437866211,4.681400775909424,4.335039138793945,1e-05,0.1953125,29.09251079999376,9513.16259765625
grounded,305,8.413834571838379,4.306094169616699,4.10774040222168,1e-05,0.265625,29.18816170003265,9513.16259765625
grounded,306,9.05056381225586,4.626621246337891,4.423942565917969,1e-05,0.1953125,29.284416200011037,9513.16259765625
grounded,307,8.601705551147461,4.408771991729736,4.192933082580566,1e-05,0.2890625,29.37963670003228,9513.16259765625
grounded,308,8.50686264038086,4.3226399421691895,4.184222221374512,1e-05,0.3046875,29.47475450008642,9513.16259765625
grounded,309,9.072293281555176,4.591790199279785,4.480503082275391,1e-05,0.2109375,29.56996520003304,9513.16259765625
grounded,310,8.827913284301758,4.608866214752197,4.219046592712402,1e-05,0.2421875,29.665351500036195,9513.16259765625
grounded,311,8.906182289123535,4.566819190979004,4.339363098144531,1e-05,0.2109375,29.760747199994512,9513.16259765625
grounded,312,8.524748802185059,4.410250663757324,4.114498138427734,1e-05,0.2734375,29.85647360002622,9513.16259765625
grounded,313,9.078904151916504,4.626171112060547,4.452733039855957,1e-05,0.203125,29.95303800003603,9513.16259765625
grounded,314,8.01171875,4.129230499267578,3.8824877738952637,1e-05,0.34375,30.048448299989104,9513.16259765625
grounded,315,8.840356826782227,4.5421061515808105,4.298251152038574,1e-05,0.234375,30.14413410006091,9513.16259765625
grounded,316,8.51645278930664,4.363445281982422,4.153007507324219,1e-05,0.2421875,30.240485400077887,9513.16259765625
grounded,317,8.59289264678955,4.355036735534668,4.237855911254883,1e-05,0.28125,30.335107600083575,9513.16259765625
grounded,318,8.847081184387207,4.547163963317871,4.299917221069336,1e-05,0.2109375,30.429760400089435,9513.16259765625
grounded,319,8.36349105834961,4.320921897888184,4.042569160461426,1e-05,0.265625,30.524791300063953,9513.16259765625
grounded,320,8.828649520874023,4.552087306976318,4.276561737060547,1e-05,0.1953125,30.620099700056016,9513.16259765625
grounded,321,8.472952842712402,4.297682762145996,4.175270080566406,1e-05,0.3046875,30.7150135000702,9513.16259765625
grounded,322,8.601032257080078,4.4541144371032715,4.146918296813965,1e-05,0.2734375,30.810365400044248,9513.16259765625
grounded,323,8.942033767700195,4.645880699157715,4.2961530685424805,1e-05,0.1796875,30.90567640005611,9513.16259765625
grounded,324,8.476505279541016,4.386208534240723,4.090296268463135,1e-05,0.28125,31.00115939998068,9513.16259765625
grounded,325,8.757789611816406,4.497259140014648,4.260530471801758,1e-05,0.2265625,31.096578900003806,9513.16259765625
grounded,326,9.232419967651367,4.741295337677002,4.491124153137207,1e-05,0.1796875,31.19304570008535,9513.16259765625
grounded,327,8.74824333190918,4.4965362548828125,4.251707077026367,1e-05,0.2421875,31.288429300067946,9513.16259765625
grounded,328,8.364105224609375,4.283202648162842,4.080903053283691,1e-05,0.2734375,31.383500700001605,9513.16259765625
grounded,329,8.669083595275879,4.46627140045166,4.202812194824219,1e-05,0.2734375,31.47878370003309,9513.16259765625
grounded,330,9.000351905822754,4.586580276489258,4.413771629333496,1e-05,0.203125,31.5739453000715,9513.16259765625
grounded,331,8.635757446289062,4.389190673828125,4.2465667724609375,1e-05,0.2734375,31.668711100006476,9513.16259765625
grounded,332,8.985797882080078,4.616477012634277,4.369320869445801,1e-05,0.2265625,31.764232099987566,9513.16259765625
grounded,333,8.547550201416016,4.322464942932129,4.225085258483887,1e-05,0.2890625,31.8598873000592,9513.16259765625
grounded,334,8.785921096801758,4.498260498046875,4.287660598754883,1e-05,0.2265625,31.954857200034894,9513.16259765625
grounded,335,8.408773422241211,4.3248162269592285,4.083956718444824,1e-05,0.28125,32.049376300070435,9513.16259765625
grounded,336,8.609989166259766,4.389415740966797,4.220573425292969,1e-05,0.2265625,32.145192600088194,9513.16259765625
grounded,337,8.953691482543945,4.616202354431152,4.337489604949951,1e-05,0.1875,32.240668400074355,9513.16259765625
grounded,338,8.126758575439453,4.143528938293457,3.983229160308838,1e-05,0.3359375,32.335570299997926,9513.16259765625
grounded,339,8.32973861694336,4.29311990737915,4.036618232727051,1e-05,0.2890625,32.430710899992846,9513.16259765625
grounded,340,8.456238746643066,4.37838077545166,4.077857971191406,1e-05,0.3046875,32.52601020003203,9513.16259765625
grounded,341,8.521530151367188,4.402275085449219,4.119255065917969,1e-05,0.265625,32.62086680007633,9513.16259765625
grounded,342,8.908140182495117,4.573055267333984,4.335084915161133,1e-05,0.1875,32.71574110002257,9513.16259765625
grounded,343,9.108530044555664,4.611734390258789,4.496795177459717,1e-05,0.1796875,32.81141219998244,9513.16259765625
grounded,344,8.411064147949219,4.330369472503662,4.080695152282715,1e-05,0.296875,32.90704199997708,9513.16259765625
grounded,345,8.574310302734375,4.380488872528076,4.193821907043457,1e-05,0.25,33.00286720006261,9513.16259765625
grounded,346,8.802713394165039,4.530929088592529,4.271784782409668,1e-05,0.1875,33.099806000012904,9513.16259765625
grounded,347,8.866870880126953,4.561664581298828,4.305206298828125,1e-05,0.2265625,33.19604270008858,9513.16259765625
grounded,348,9.006542205810547,4.600301265716553,4.406240463256836,1e-05,0.203125,33.29139400005806,9513.16259765625
grounded,349,8.521340370178223,4.386279106140137,4.135061264038086,1e-05,0.2734375,33.38654510001652,9513.16259765625
grounded,350,8.784865379333496,4.527608871459961,4.257256507873535,1e-05,0.2265625,33.481734000029974,9513.16259765625
grounded,351,9.086589813232422,4.658351898193359,4.4282379150390625,1e-05,0.1796875,33.57734740001615,9513.16259765625
grounded,352,8.618158340454102,4.483538627624512,4.13461971282959,1e-05,0.2421875,33.672463300055824,9513.16259765625
grounded,353,7.974721908569336,4.0990400314331055,3.8756816387176514,1e-05,0.34375,33.76804480003193,9513.16259765625
grounded,354,8.790802001953125,4.508921146392822,4.281881332397461,1e-05,0.21875,33.86383220006246,9513.16259765625
grounded,355,7.917964458465576,4.0131354331970215,3.9048290252685547,1e-05,0.3515625,33.958973000058904,9513.16259765625
grounded,356,8.273947715759277,4.283740043640137,3.9902079105377197,1e-05,0.2734375,34.05594460002612,9513.16259765625
grounded,357,8.573986053466797,4.3795366287231445,4.194448947906494,1e-05,0.265625,34.15163009997923,9513.16259765625
grounded,358,8.557577133178711,4.385359764099121,4.17221736907959,1e-05,0.2578125,34.24779910000507,9513.16259765625
grounded,359,8.217828750610352,4.216367721557617,4.001461505889893,1e-05,0.296875,34.34318179998081,9513.16259765625
grounded,360,8.87643051147461,4.547884941101074,4.328545570373535,1e-05,0.203125,34.438227500068024,9513.16259765625
grounded,361,8.263137817382812,4.1891703605651855,4.073966979980469,1e-05,0.2734375,34.533194300020114,9513.16259765625
grounded,362,8.278707504272461,4.262535095214844,4.016171932220459,1e-05,0.3046875,34.627670300076716,9513.16259765625
grounded,363,8.429680824279785,4.3036909103393555,4.12598991394043,1e-05,0.25,34.723286600084975,9513.16259765625
grounded,364,8.744827270507812,4.508849620819092,4.235978126525879,1e-05,0.2265625,34.8187247000169,9513.16259765625
grounded,365,8.17556095123291,4.170345306396484,4.005215644836426,1e-05,0.3125,34.913591900025494,9513.16259765625
grounded,366,8.40557861328125,4.298047065734863,4.107532024383545,1e-05,0.25,35.00872060004622,9513.16259765625
grounded,367,8.267234802246094,4.217126846313477,4.050107479095459,1e-05,0.2734375,35.10499100002926,9513.16259765625
grounded,368,8.30192756652832,4.306492805480957,3.995434284210205,1e-05,0.265625,35.20139699999709,9513.16259765625
grounded,369,8.42154312133789,4.244462966918945,4.1770806312561035,1e-05,0.2890625,35.29689140000846,9513.16259765625
grounded,370,8.413797378540039,4.230800628662109,4.18299674987793,1e-05,0.2734375,35.39234910008963,9513.16259765625
grounded,371,8.632558822631836,4.353254795074463,4.279304504394531,1e-05,0.2421875,35.487791200052015,9513.16259765625
grounded,372,8.807694435119629,4.520108222961426,4.287586212158203,1e-05,0.21875,35.58232180005871,9513.16259765625
grounded,373,8.061800956726074,4.0827484130859375,3.9790525436401367,1e-05,0.3359375,35.678272400051355,9513.16259765625
grounded,374,8.374685287475586,4.2729811668396,4.1017045974731445,1e-05,0.25,35.773033300065435,9513.16259765625
grounded,375,8.050485610961914,4.096995830535889,3.9534900188446045,1e-05,0.2578125,35.86863580008503,9513.16259765625
grounded,376,8.586570739746094,4.405518531799316,4.1810526847839355,1e-05,0.2421875,35.963184499996714,9513.16259765625
grounded,377,8.221935272216797,4.130531311035156,4.091403961181641,1e-05,0.28125,36.058651000028476,9513.16259765625
grounded,378,8.586954116821289,4.376478672027588,4.210474967956543,1e-05,0.25,36.155387000064366,9513.16259765625
grounded,379,8.425262451171875,4.31016731262207,4.115095138549805,1e-05,0.25,36.251277000061236,9513.16259765625
grounded,380,8.401718139648438,4.291452407836914,4.110266208648682,1e-05,0.265625,36.34717510000337,9513.16259765625
grounded,381,7.910759449005127,4.080144882202148,3.8306145668029785,1e-05,0.3046875,36.44181320001371,9513.16259765625
grounded,382,8.535506248474121,4.359729766845703,4.175776481628418,1e-05,0.21875,36.53705699997954,9513.16259765625
grounded,383,8.551080703735352,4.361502647399902,4.189578056335449,1e-05,0.2109375,36.632733799982816,9513.16259765625
grounded,384,8.524441719055176,4.393263816833496,4.13117790222168,1e-05,0.25,36.72836409998126,9513.16259765625
grounded,385,8.684026718139648,4.499439239501953,4.1845879554748535,1e-05,0.203125,36.82380680006463,9513.16259765625
grounded,386,8.467806816101074,4.3140459060668945,4.15376091003418,1e-05,0.25,36.919160400051624,9513.16259765625
grounded,387,8.112631797790527,4.162992477416992,3.9496395587921143,1e-05,0.28125,37.0149562000297,9513.16259765625
grounded,388,8.236640930175781,4.171785831451416,4.064855575561523,1e-05,0.25,37.111785100074485,9513.16259765625
grounded,389,7.63290548324585,3.8813071250915527,3.751598358154297,1e-05,0.3359375,37.207442500046454,9513.16259765625
grounded,390,7.941516876220703,4.0330281257629395,3.9084889888763428,1e-05,0.28125,37.30316990008578,9513.16259765625
grounded,391,8.205324172973633,4.223097324371338,3.982227325439453,1e-05,0.2734375,37.39846460008994,9513.16259765625
grounded,392,8.05977725982666,4.075312614440918,3.984464645385742,1e-05,0.3125,37.49362630001269,9513.16259765625
grounded,393,8.908102035522461,4.529439926147461,4.378662109375,1e-05,0.203125,37.5883240000112,9513.16259765625
grounded,394,8.63653564453125,4.362675666809082,4.27385950088501,1e-05,0.234375,37.68376990000252,9513.16259765625
grounded,395,8.267675399780273,4.19042444229126,4.077251434326172,1e-05,0.2734375,37.778536900063045,9513.16259765625
grounded,396,8.373961448669434,4.241434097290039,4.1325273513793945,1e-05,0.25,37.874759900034405,9513.16259765625
grounded,397,8.46143913269043,4.271406650543213,4.190032005310059,1e-05,0.265625,37.97053589997813,9513.16259765625
grounded,398,8.479981422424316,4.3794026374816895,4.100578784942627,1e-05,0.2421875,38.066623000078835,9513.16259765625
grounded,399,8.227984428405762,4.180469512939453,4.047514915466309,1e-05,0.2578125,38.162535700015724,9513.16259765625
grounded,400,8.186396598815918,4.174806594848633,4.011590003967285,1e-05,0.296875,38.259245500084944,9513.16259765625
grounded,401,8.203800201416016,4.23139762878418,3.972402572631836,1e-05,0.2734375,38.35579280008096,9513.16259765625
grounded,402,8.400522232055664,4.293210983276367,4.107311725616455,1e-05,0.2734375,38.45111700007692,9513.16259765625
grounded,403,7.572684288024902,3.911114454269409,3.661569595336914,1e-05,0.328125,38.545860600075684,9513.16259765625
grounded,404,7.995237350463867,4.061329364776611,3.933907985687256,1e-05,0.2890625,38.64129330008291,9513.16259765625
grounded,405,8.118570327758789,4.154116153717041,3.96445369720459,1e-05,0.2890625,38.73702570004389,9513.16259765625
grounded,406,8.577018737792969,4.383496284484863,4.1935224533081055,1e-05,0.21875,38.832540399977006,9513.16259765625
grounded,407,8.082283973693848,4.084481239318848,3.997802972793579,1e-05,0.265625,38.92813970008865,9513.16259765625
grounded,408,7.896082878112793,3.980045795440674,3.91603684425354,1e-05,0.296875,39.02460270002484,9513.16259765625
grounded,409,8.655851364135742,4.374561786651611,4.281290054321289,1e-05,0.203125,39.12124440004118,9513.16259765625
grounded,410,7.789620399475098,3.9761409759521484,3.8134796619415283,1e-05,0.34375,39.21706100006122,9513.16259765625
grounded,411,8.386186599731445,4.28245210647583,4.103734970092773,1e-05,0.234375,39.31289820000529,9513.16259765625
grounded,412,8.055367469787598,4.084920406341553,3.970447063446045,1e-05,0.296875,39.40853390004486,9513.16259765625
grounded,413,8.467724800109863,4.2594404220581055,4.208284378051758,1e-05,0.2421875,39.503328400081955,9513.16259765625
grounded,414,8.309438705444336,4.18235969543457,4.127079486846924,1e-05,0.2578125,39.598712200066075,9513.16259765625
grounded,415,8.256410598754883,4.238558769226074,4.017851829528809,1e-05,0.2421875,39.6943560000509,9513.16259765625
grounded,416,7.892725467681885,4.059781074523926,3.832944393157959,1e-05,0.296875,39.789170900010504,9513.16259765625
grounded,417,7.743759632110596,3.9381418228149414,3.8056178092956543,1e-05,0.328125,39.88440790004097,9513.16259765625
grounded,418,8.515459060668945,4.371240139007568,4.144219398498535,1e-05,0.25,39.97980960004497,9513.16259765625
grounded,419,7.829085826873779,4.031456470489502,3.7976293563842773,1e-05,0.28125,40.07559870008845,9513.16259765625
grounded,420,8.571256637573242,4.386294364929199,4.184961795806885,1e-05,0.1953125,40.17063270008657,9513.16259765625
grounded,421,7.895623207092285,4.003302574157715,3.8923206329345703,1e-05,0.3046875,40.267050400027074,9513.16259765625
grounded,422,7.7270026206970215,3.9046239852905273,3.822378635406494,1e-05,0.28125,40.36212579999119,9513.16259765625
grounded,423,8.408007621765137,4.228934288024902,4.179073333740234,1e-05,0.234375,40.457465299987234,9513.16259765625
grounded,424,8.321249961853027,4.154038429260254,4.167211532592773,1e-05,0.25,40.55261410004459,9513.16259765625
grounded,425,7.707208633422852,3.986387014389038,3.7208213806152344,1e-05,0.3203125,40.64812500006519,9513.16259765625
grounded,426,8.53510856628418,4.360613822937012,4.174494743347168,1e-05,0.2265625,40.74358790006954,9513.16259765625
grounded,427,7.810822486877441,3.9503464698791504,3.860476016998291,1e-05,0.3203125,40.838805700070225,9513.16259765625
grounded,428,8.302356719970703,4.258786201477051,4.043570518493652,1e-05,0.25,40.93463200004771,9513.16259765625
grounded,429,8.060958862304688,4.110626220703125,3.9503326416015625,1e-05,0.265625,41.02983520005364,9513.16259765625
grounded,430,8.580974578857422,4.39384126663208,4.1871337890625,1e-05,0.2265625,41.12527229997795,9513.16259765625
grounded,431,8.300407409667969,4.202610492706299,4.097796440124512,1e-05,0.2734375,41.220718200085685,9513.16259765625
grounded,432,8.027998924255371,4.001675128936768,4.0263237953186035,1e-05,0.28125,41.315794500056654,9513.16259765625
grounded,433,7.997420310974121,4.036749362945557,3.9606709480285645,1e-05,0.2734375,41.41109670000151,9513.16259765625
grounded,434,7.793169975280762,3.9634947776794434,3.8296751976013184,1e-05,0.3046875,41.505775200086646,9513.16259765625
grounded,435,8.750661849975586,4.501893043518066,4.2487688064575195,1e-05,0.1953125,41.601016300031915,9513.16259765625
grounded,436,8.160405158996582,4.106375694274902,4.05402946472168,1e-05,0.2578125,41.696320999995805,9513.16259765625
grounded,437,8.111734390258789,4.108837127685547,4.002897262573242,1e-05,0.265625,41.791481900028884,9513.16259765625
grounded,438,8.561047554016113,4.361502647399902,4.199544906616211,1e-05,0.21875,41.88683650002349,9513.16259765625
grounded,439,8.23043155670166,4.126315116882324,4.104116439819336,1e-05,0.25,41.983721300028265,9513.16259765625
grounded,440,8.135331153869629,4.097679138183594,4.037652015686035,1e-05,0.2734375,42.08035529998597,9513.16259765625
grounded,441,7.160613059997559,3.624089241027832,3.5365238189697266,1e-05,0.375,42.17618800001219,9513.16259765625
grounded,442,8.159685134887695,4.1965107917785645,3.9631738662719727,1e-05,0.234375,42.27267830003984,9513.16259765625
grounded,443,7.809643268585205,3.961483955383301,3.8481593132019043,1e-05,0.2734375,42.36785300006159,9513.16259765625
grounded,444,8.23741340637207,4.146188735961914,4.0912251472473145,1e-05,0.25,42.46297900006175,9513.16259765625
grounded,445,8.190790176391602,4.134957313537598,4.055832386016846,1e-05,0.25,42.5579097000882,9513.16259765625
grounded,446,8.89499282836914,4.57606840133667,4.3189239501953125,1e-05,0.1640625,42.6535246000858,9513.16259765625
grounded,447,8.249475479125977,4.102478504180908,4.146997451782227,1e-05,0.2578125,42.74894379999023,9513.16259765625
grounded,448,8.230730056762695,4.181649684906006,4.049080848693848,1e-05,0.25,42.84420799999498,9513.16259765625
grounded,449,7.979276657104492,4.056978225708008,3.9222986698150635,1e-05,0.2734375,42.93952060001902,9513.16259765625
grounded,450,6.974979400634766,3.5366928577423096,3.438286781311035,1e-05,0.3828125,43.03467020008247,9513.16259765625
grounded,451,8.1179838180542,4.093756675720215,4.024227142333984,1e-05,0.2578125,43.131683700019494,9513.16259765625
grounded,452,8.03380012512207,4.088561058044434,3.9452390670776367,1e-05,0.2734375,43.22785820008721,9513.16259765625
grounded,453,7.857881546020508,3.9870824813842773,3.8707990646362305,1e-05,0.3046875,43.32427400001325,9513.16259765625
grounded,454,7.423658847808838,3.7994394302368164,3.6242194175720215,1e-05,0.3359375,43.418923099990934,9513.16259765625
grounded,455,7.2592878341674805,3.675859212875366,3.5834286212921143,1e-05,0.3671875,43.51358430006076,9513.16259765625
grounded,456,7.662930488586426,3.8405251502990723,3.8224055767059326,1e-05,0.296875,43.6083440000657,9513.16259765625
grounded,457,8.003389358520508,4.085551738739014,3.9178378582000732,1e-05,0.2734375,43.70458200003486,9513.16259765625
grounded,458,8.339279174804688,4.213407516479492,4.125871658325195,1e-05,0.234375,43.79939870000817,9513.16259765625
grounded,459,8.820919036865234,4.512861728668213,4.3080573081970215,1e-05,0.1796875,43.89459220005665,9513.16259765625
grounded,460,8.370237350463867,4.25752067565918,4.1127166748046875,1e-05,0.2578125,43.98994820006192,9513.16259765625
grounded,461,8.217004776000977,4.142508506774902,4.074496269226074,1e-05,0.2421875,44.08563900005538,9513.16259765625
grounded,462,7.926648139953613,4.030333995819092,3.8963143825531006,1e-05,0.265625,44.18169150000904,9513.16259765625
grounded,463,8.253780364990234,4.148508071899414,4.105271816253662,1e-05,0.25,44.278056300012395,9513.16259765625
grounded,464,7.928311347961426,3.997127056121826,3.9311842918395996,1e-05,0.28125,44.3731011999771,9513.16259765625
grounded,465,8.12807846069336,4.103752136230469,4.024326324462891,1e-05,0.25,44.46784519997891,9513.16259765625
grounded,466,8.162214279174805,4.151956081390381,4.010258197784424,1e-05,0.2578125,44.563082900014706,9513.16259765625
grounded,467,8.261459350585938,4.227774143218994,4.033685684204102,1e-05,0.2265625,44.65757250005845,9513.16259765625
grounded,468,7.75914192199707,3.8986902236938477,3.8604519367218018,1e-05,0.2890625,44.752982200006954,9513.16259765625
grounded,469,8.424175262451172,4.300007343292236,4.124167442321777,1e-05,0.21875,44.84779829997569,9513.16259765625
grounded,470,7.922119140625,3.9911081790924072,3.931011199951172,1e-05,0.28125,44.942968300078064,9513.16259765625
grounded,471,8.541092872619629,4.351132392883301,4.189960479736328,1e-05,0.203125,45.0377597999759,9513.16259765625
grounded,472,7.879587650299072,3.9229695796966553,3.956618070602417,1e-05,0.2890625,45.13498299999628,9513.16259765625
grounded,473,7.730402946472168,3.864833116531372,3.865569591522217,1e-05,0.296875,45.231342900078744,9513.16259765625
grounded,474,7.647331237792969,3.8017356395721436,3.845595359802246,1e-05,0.3046875,45.326711900066584,9513.16259765625
grounded,475,7.555618762969971,3.766172409057617,3.7894463539123535,1e-05,0.3359375,45.42194730008487,9513.16259765625
grounded,476,7.724803447723389,3.8874521255493164,3.8373513221740723,1e-05,0.2890625,45.51722670008894,9513.16259765625
grounded,477,8.059207916259766,4.0754828453063965,3.983725070953369,1e-05,0.2578125,45.61211940005887,9513.16259765625
grounded,478,8.465263366699219,4.358147621154785,4.107115268707275,1e-05,0.1796875,45.70714399998542,9513.16259765625
grounded,479,8.242547988891602,4.210713863372803,4.031833648681641,1e-05,0.2265625,45.80269799998496,9513.16259765625
grounded,480,7.626852035522461,3.8530519008636475,3.7737998962402344,1e-05,0.2890625,45.898054799996316,9513.16259765625
grounded,481,8.009284019470215,4.095190525054932,3.914093494415283,1e-05,0.2578125,45.993072199984454,9513.16259765625
grounded,482,7.638254642486572,3.8408546447753906,3.7973999977111816,1e-05,0.28125,46.09031400003005,9513.16259765625
grounded,483,8.419261932373047,4.319124698638916,4.100136756896973,1e-05,0.1953125,46.18678019999061,9513.16259765625
grounded,484,7.471994400024414,3.776205062866211,3.695789337158203,1e-05,0.3203125,46.28314220008906,9513.16259765625
grounded,485,7.542539119720459,3.778337001800537,3.764202117919922,1e-05,0.3203125,46.37927110004239,9513.16259765625
grounded,486,7.988331317901611,4.084172248840332,3.9041590690612793,1e-05,0.265625,46.474785300088115,9513.16259765625
grounded,487,8.532621383666992,4.3995842933654785,4.133037567138672,1e-05,0.1953125,46.57007010001689,9513.16259765625
grounded,488,8.09156608581543,4.09295654296875,3.9986093044281006,1e-05,0.2421875,46.66473429999314,9513.16259765625
grounded,489,8.034276962280273,4.074747085571289,3.9595298767089844,1e-05,0.2578125,46.760668399976566,9513.16259765625
grounded,490,7.791327476501465,3.9341766834259033,3.8571510314941406,1e-05,0.2734375,46.85524850001093,9513.16259765625
grounded,491,7.3278961181640625,3.6646695137023926,3.66322660446167,1e-05,0.359375,46.94973300001584,9513.16259765625
grounded,492,7.914315700531006,4.001919746398926,3.91239595413208,1e-05,0.25,47.044485600083135,9513.16259765625
grounded,493,7.490405559539795,3.766671657562256,3.723733901977539,1e-05,0.296875,47.14198379998561,9513.16259765625
grounded,494,8.010892868041992,4.067399978637695,3.943493366241455,1e-05,0.25,47.238370800041594,9513.16259765625
grounded,495,7.688023090362549,3.871945858001709,3.81607723236084,1e-05,0.2734375,47.33353020006325,9513.16259765625
grounded,496,7.716532230377197,3.86552095413208,3.851011276245117,1e-05,0.28125,47.429042399977334,9513.16259765625
grounded,497,8.177526473999023,4.125236511230469,4.052290439605713,1e-05,0.2421875,47.52421449997928,9513.16259765625
grounded,498,7.348417282104492,3.7150280475616455,3.6333889961242676,1e-05,0.328125,47.61859590001404,9513.16259765625
grounded,499,7.591493129730225,3.773402690887451,3.8180904388427734,1e-05,0.3046875,47.71474600001238,9513.16259765625
grounded,500,8.216550827026367,4.179190158843994,4.037361145019531,1e-05,0.234375,47.80996210000012,9513.16259765625
grounded,501,7.282778739929199,3.6618919372558594,3.62088680267334,1e-05,0.3359375,49.240416900021955,9513.16259765625
grounded,502,8.056364059448242,4.089231967926025,3.967132091522217,1e-05,0.2421875,49.335392000037245,9513.16259765625
grounded,503,7.19751501083374,3.6114635467529297,3.5860514640808105,1e-05,0.3359375,49.430010100011714,9513.16259765625
grounded,504,7.821810722351074,3.980224847793579,3.841586112976074,1e-05,0.265625,49.5259945000289,9513.16259765625
grounded,505,7.6961894035339355,3.9460301399230957,3.75015926361084,1e-05,0.28125,49.62050429999363,9513.16259765625
grounded,506,7.680279731750488,3.8520686626434326,3.8282108306884766,1e-05,0.28125,49.71657639998011,9513.16259765625
grounded,507,7.7309112548828125,3.931264877319336,3.7996463775634766,1e-05,0.28125,49.81190319999587,9513.16259765625
grounded,508,7.663435459136963,3.8937504291534424,3.7696850299835205,1e-05,0.3046875,49.90649259998463,9513.16259765625
grounded,509,7.598522186279297,3.8193767070770264,3.7791457176208496,1e-05,0.296875,50.001872900058515,9513.16259765625
grounded,510,7.481120586395264,3.717078685760498,3.7640419006347656,1e-05,0.3125,50.097288400051184,9513.16259765625
grounded,511,7.485339641571045,3.744704246520996,3.740635395050049,1e-05,0.3125,50.19354580005165,9513.16259765625
grounded,512,8.232441902160645,4.158718109130859,4.073723793029785,1e-05,0.2265625,50.28962509997655,9513.16259765625
grounded,513,7.742804527282715,3.9102580547332764,3.8325464725494385,1e-05,0.265625,50.385209100088105,9513.16259765625
grounded,514,7.361920356750488,3.7331395149230957,3.6287806034088135,1e-05,0.3125,50.48079659999348,9513.16259765625
grounded,515,7.37015438079834,3.6628646850585938,3.707289457321167,1e-05,0.3125,50.57620200002566,9513.16259765625
grounded,516,8.147539138793945,4.198703765869141,3.9488353729248047,1e-05,0.2109375,50.672002500039525,9513.16259765625
grounded,517,8.079023361206055,4.0758209228515625,4.003202438354492,1e-05,0.2421875,50.768370900070295,9513.16259765625
grounded,518,7.486608982086182,3.8234856128692627,3.663123369216919,1e-05,0.3046875,50.86289760004729,9513.16259765625
grounded,519,7.469789505004883,3.756525754928589,3.713263988494873,1e-05,0.3046875,50.95802730007563,9513.16259765625
grounded,520,7.95660400390625,3.9861576557159424,3.9704465866088867,1e-05,0.2578125,51.05423360003624,9513.16259765625
grounded,521,7.950120449066162,4.056031703948975,3.8940887451171875,1e-05,0.2421875,51.150072399992496,9513.16259765625
grounded,522,7.6904497146606445,3.787200450897217,3.9032492637634277,1e-05,0.28125,51.24552610004321,9513.16259765625
grounded,523,8.09188175201416,4.115025520324707,3.9768564701080322,1e-05,0.234375,51.341896500089206,9513.16259765625
grounded,524,7.303457260131836,3.631582736968994,3.671874523162842,1e-05,0.3359375,51.437768100062385,9513.16259765625
grounded,525,8.053878784179688,4.082625389099121,3.9712533950805664,1e-05,0.25,51.532423999975435,9513.16259765625
grounded,526,7.885580062866211,3.908452272415161,3.97712779045105,1e-05,0.2578125,51.62765829998534,9513.16259765625
grounded,527,7.382636070251465,3.6952717304229736,3.6873645782470703,1e-05,0.3046875,51.72345450008288,9513.16259765625
grounded,528,7.524410247802734,3.740560293197632,3.7838501930236816,1e-05,0.2734375,51.81910570000764,9513.16259765625
grounded,529,8.135831832885742,4.095640659332275,4.040191173553467,1e-05,0.25,51.913551600067876,9513.16259765625
grounded,530,7.794901371002197,3.9530410766601562,3.841860294342041,1e-05,0.2578125,52.00887270004023,9513.16259765625
grounded,531,7.775640487670898,3.9100229740142822,3.865617275238037,1e-05,0.2734375,52.1049371000845,9513.16259765625
grounded,532,7.151677131652832,3.6031811237335205,3.5484960079193115,1e-05,0.3359375,52.201044799992815,9513.16259765625
grounded,533,7.781219959259033,3.929800510406494,3.851419448852539,1e-05,0.2578125,52.29747460002545,9513.16259765625
grounded,534,7.94284200668335,4.030926704406738,3.9119153022766113,1e-05,0.265625,52.39300909999292,9513.16259765625
grounded,535,8.202681541442871,4.2069830894470215,3.9956982135772705,1e-05,0.2109375,52.4878386000637,9513.16259765625
grounded,536,7.846649169921875,3.9812936782836914,3.8653554916381836,1e-05,0.2421875,52.582501900033094,9513.16259765625
grounded,537,7.993570327758789,4.085325241088867,3.908245086669922,1e-05,0.2421875,52.678230500081554,9513.16259765625
grounded,538,7.826592922210693,3.9452297687530518,3.8813631534576416,1e-05,0.265625,52.77371410001069,9513.16259765625
grounded,539,8.012359619140625,4.025051116943359,3.9873087406158447,1e-05,0.2421875,52.86847800004762,9513.16259765625
grounded,540,7.920497894287109,4.071012496948242,3.849485397338867,1e-05,0.234375,52.963366199983284,9513.16259765625
grounded,541,7.963510990142822,3.9848759174346924,3.97863507270813,1e-05,0.25,53.05816360004246,9513.16259765625
grounded,542,6.862968444824219,3.4198827743530273,3.4430856704711914,1e-05,0.3515625,53.15438700001687,9513.16259765625
grounded,543,8.345176696777344,4.298429012298584,4.046748161315918,1e-05,0.1875,53.250274699996226,9513.16259765625
grounded,544,7.799947738647461,3.889712333679199,3.9102354049682617,1e-05,0.265625,53.34625669999514,9513.16259765625
grounded,545,7.793093204498291,3.881380081176758,3.911713123321533,1e-05,0.28125,53.44095620000735,9513.16259765625
grounded,546,7.9708051681518555,4.021790504455566,3.949014902114868,1e-05,0.234375,53.53603030007798,9513.16259765625
grounded,547,7.4778594970703125,3.73032283782959,3.7475368976593018,1e-05,0.3046875,53.63110860006418,9513.16259765625
grounded,548,7.787714958190918,3.966050148010254,3.821664810180664,1e-05,0.2578125,53.72657509997953,9513.16259765625
grounded,549,7.904608726501465,4.023817539215088,3.880790948867798,1e-05,0.234375,53.8220439000288,9513.16259765625
grounded,550,8.048036575317383,4.072766304016113,3.9752697944641113,1e-05,0.2421875,53.916712400037795,9513.16259765625
grounded,551,8.052779197692871,4.037834167480469,4.014945030212402,1e-05,0.2265625,54.01261890004389,9513.16259765625
grounded,552,7.162839889526367,3.621962547302246,3.540877342224121,1e-05,0.3359375,54.10897020006087,9513.16259765625
grounded,553,7.156447410583496,3.5440452098846436,3.6124019622802734,1e-05,0.328125,54.2048942000838,9513.16259765625
grounded,554,7.90341854095459,3.9828097820281982,3.9206087589263916,1e-05,0.234375,54.302007500082254,9513.16259765625
grounded,555,7.457566261291504,3.7406067848205566,3.7169594764709473,1e-05,0.3125,54.39753110008314,9513.16259765625
grounded,556,8.270454406738281,4.166811943054199,4.103641986846924,1e-05,0.2109375,54.4933928999817,9513.16259765625
grounded,557,7.559584617614746,3.7868432998657227,3.7727415561676025,1e-05,0.2890625,54.589428600040264,9513.16259765625
grounded,558,7.710419178009033,3.813175678253174,3.8972434997558594,1e-05,0.265625,54.684896400081925,9513.16259765625
grounded,559,7.762577056884766,3.9299867153167725,3.832590341567993,1e-05,0.25,54.78067220002413,9513.16259765625
grounded,560,7.237213134765625,3.5911521911621094,3.6460607051849365,1e-05,0.3046875,54.875548899988644,9513.16259765625
grounded,561,7.768630504608154,3.897132396697998,3.8714981079101562,1e-05,0.28125,54.970692400005646,9513.16259765625
grounded,562,7.925487518310547,3.9883222579956055,3.9371654987335205,1e-05,0.2265625,55.06649440003093,9513.16259765625
grounded,563,7.610049724578857,3.7629380226135254,3.847111701965332,1e-05,0.3046875,55.16203910007607,9513.16259765625
grounded,564,7.212495803833008,3.6529176235198975,3.5595784187316895,1e-05,0.2890625,55.258076400030404,9513.16259765625
grounded,565,7.617403507232666,3.8292055130004883,3.7881979942321777,1e-05,0.28125,55.353205600054935,9513.16259765625
grounded,566,7.576099395751953,3.801069736480713,3.7750296592712402,1e-05,0.28125,55.4488506000489,9513.16259765625
grounded,567,7.871170520782471,3.9206786155700684,3.9504919052124023,1e-05,0.2578125,55.5440104000736,9513.16259765625
grounded,568,7.341198444366455,3.5830183029174805,3.7581801414489746,1e-05,0.328125,55.6394509000238,9513.16259765625
grounded,569,8.056611061096191,3.9776430130004883,4.078968048095703,1e-05,0.2578125,55.73460249998607,9513.16259765625
grounded,570,6.944919586181641,3.3158679008483887,3.629051923751831,1e-05,0.3671875,55.830085600027815,9513.16259765625
grounded,571,7.512029647827148,3.687145948410034,3.824883460998535,1e-05,0.3203125,55.92481320002116,9513.16259765625
grounded,572,7.028115749359131,3.423234462738037,3.6048812866210938,1e-05,0.3515625,56.01989770005457,9513.16259765625
grounded,573,7.821619987487793,3.815056562423706,4.006563663482666,1e-05,0.2734375,56.115230299998075,9513.16259765625
grounded,574,7.909747123718262,3.943567991256714,3.966179370880127,1e-05,0.2734375,56.211036700056866,9513.16259765625
grounded,575,7.2318196296691895,3.5509166717529297,3.6809029579162598,1e-05,0.3203125,56.30688080005348,9513.16259765625
grounded,576,7.872795104980469,3.8068692684173584,4.065925598144531,1e-05,0.3046875,56.401640800060704,9513.16259765625
grounded,577,7.63001823425293,3.783773422241211,3.846245050430298,1e-05,0.3125,56.496405499987304,9513.16259765625
grounded,578,7.491939067840576,3.6092379093170166,3.8827011585235596,1e-05,0.3359375,56.59141960006673,9513.16259765625
grounded,579,7.07086181640625,3.378326654434204,3.692535400390625,1e-05,0.375,56.68670900003053,9513.16259765625
grounded,580,7.186854362487793,3.4930620193481445,3.6937925815582275,1e-05,0.359375,56.782546199974604,9513.16259765625
grounded,581,7.328186511993408,3.5825319290161133,3.745654582977295,1e-05,0.3515625,56.877596399979666,9513.16259765625
grounded,582,7.748307228088379,3.8313164710998535,3.9169907569885254,1e-05,0.265625,56.972600499982946,9513.16259765625
grounded,583,6.937226295471191,3.314758777618408,3.622467517852783,1e-05,0.40625,57.06759500002954,9513.16259765625
grounded,584,7.308643341064453,3.5711703300476074,3.737473249435425,1e-05,0.3359375,57.164202000014484,9513.16259765625
grounded,585,7.558896064758301,3.6632540225982666,3.8956422805786133,1e-05,0.3125,57.26043080003001,9513.16259765625
grounded,586,7.07961368560791,3.4375991821289062,3.642014741897583,1e-05,0.375,57.3561438000761,9513.16259765625
grounded,587,6.971761703491211,3.3713841438293457,3.6003775596618652,1e-05,0.4140625,57.450948400073685,9513.16259765625
grounded,588,7.711921691894531,3.751814842224121,3.96010684967041,1e-05,0.3046875,57.546242300071754,9513.16259765625
grounded,589,7.256113052368164,3.494255781173706,3.761857509613037,1e-05,0.390625,57.64213250007015,9513.16259765625
grounded,590,7.30805778503418,3.5706069469451904,3.7374508380889893,1e-05,0.3359375,57.737448400002904,9513.16259765625
grounded,591,7.269606590270996,3.438079595565796,3.831526756286621,1e-05,0.3984375,57.833545400062576,9513.16259765625
grounded,592,7.179115295410156,3.4152793884277344,3.763835906982422,1e-05,0.390625,57.928418800001964,9513.16259765625
grounded,593,7.263199806213379,3.5481247901916504,3.7150750160217285,1e-05,0.3515625,58.022807999979705,9513.16259765625
grounded,594,6.7512431144714355,3.2383151054382324,3.512928009033203,1e-05,0.40625,58.11919430003036,9513.16259765625
grounded,595,7.672085762023926,3.713789463043213,3.958296060562134,1e-05,0.3359375,58.21520450001117,9513.16259765625
grounded,596,7.9465203285217285,3.8772449493408203,4.069275379180908,1e-05,0.296875,58.3107240999816,9513.16259765625
grounded,597,6.82050895690918,3.238297939300537,3.5822107791900635,1e-05,0.40625,58.406324599985965,9513.16259765625
grounded,598,7.935415267944336,3.901334762573242,4.034080505371094,1e-05,0.2578125,58.50263750005979,9513.16259765625
grounded,599,7.501413345336914,3.5961852073669434,3.9052278995513916,1e-05,0.421875,58.59913390001748,9513.16259765625
grounded,600,7.137515068054199,3.377934694290161,3.759580373764038,1e-05,0.421875,58.69549830001779,9513.16259765625
grounded,601,7.371086597442627,3.54189395904541,3.829192638397217,1e-05,0.3828125,58.79183590004686,9513.16259765625
grounded,602,7.319847583770752,3.515725612640381,3.804121971130371,1e-05,0.390625,58.88694720005151,9513.16259765625
grounded,603,7.164339065551758,3.3364410400390625,3.827897787094116,1e-05,0.46875,58.98240620002616,9513.16259765625
grounded,604,6.660407066345215,3.1569864749908447,3.503420829772949,1e-05,0.4453125,59.07767460006289,9513.16259765625
grounded,605,6.750642776489258,3.170650005340576,3.5799927711486816,1e-05,0.4609375,59.17331199999899,9513.16259765625
grounded,606,7.7444353103637695,3.7379746437072754,4.006460666656494,1e-05,0.3203125,59.269358600024134,9513.16259765625
grounded,607,7.405342102050781,3.5080580711364746,3.8972840309143066,1e-05,0.3984375,59.36471580003854,9513.16259765625
grounded,608,7.464882850646973,3.6329233646392822,3.8319592475891113,1e-05,0.3125,59.46033799997531,9513.16259765625
grounded,609,6.847614288330078,3.259408950805664,3.588205099105835,1e-05,0.4375,59.55554229998961,9513.16259765625
grounded,610,7.064818859100342,3.3091983795166016,3.7556204795837402,1e-05,0.40625,59.65058290003799,9513.16259765625
grounded,611,6.981696605682373,3.401198387145996,3.580498218536377,1e-05,0.3984375,59.74636900005862,9513.16259765625
grounded,612,7.269526481628418,3.514303684234619,3.755222797393799,1e-05,0.40625,59.842553300084546,9513.16259765625
grounded,613,7.399286270141602,3.564174175262451,3.8351120948791504,1e-05,0.390625,59.936928300070576,9513.16259765625
grounded,614,7.828203201293945,3.7617664337158203,4.066436767578125,1e-05,0.34375,60.03216850000899,9513.16259765625
grounded,615,6.903779029846191,3.2962851524353027,3.6074938774108887,1e-05,0.421875,60.129043300054036,9513.16259765625
grounded,616,7.285655498504639,3.5145015716552734,3.7711539268493652,1e-05,0.3671875,60.22457160009071,9513.16259765625
grounded,617,7.395903587341309,3.5070674419403076,3.88883638381958,1e-05,0.4140625,60.31955220003147,9513.16259765625
grounded,618,6.790959358215332,3.197105884552002,3.59385347366333,1e-05,0.4453125,60.41457420005463,9513.16259765625
grounded,619,6.730428695678711,3.2137093544006348,3.516719341278076,1e-05,0.4453125,60.50987240008544,9513.16259765625
grounded,620,7.698882102966309,3.7197837829589844,3.9790985584259033,1e-05,0.3125,60.60476540005766,9513.16259765625
grounded,621,7.3795671463012695,3.4488773345947266,3.930690050125122,1e-05,0.3671875,60.70052269997541,9513.16259765625
grounded,622,6.596450328826904,3.0424492359161377,3.5540010929107666,1e-05,0.4765625,60.79660390003119,9513.16259765625
grounded,623,7.44575309753418,3.4734301567077637,3.972322940826416,1e-05,0.3984375,60.89143860002514,9513.16259765625
grounded,624,7.152034282684326,3.4487552642822266,3.7032790184020996,1e-05,0.3671875,60.98602200008463,9513.16259765625
grounded,625,7.791798114776611,3.752746105194092,4.0390520095825195,1e-05,0.375,61.08240439998917,9513.16259765625
grounded,626,7.215207099914551,3.426248073577881,3.788959264755249,1e-05,0.3828125,61.178271700046025,9513.16259765625
grounded,627,7.117552757263184,3.3754868507385254,3.742065906524658,1e-05,0.4140625,61.27383890002966,9513.16259765625
grounded,628,6.858790874481201,3.1316146850585938,3.7271761894226074,1e-05,0.4453125,61.36942410003394,9513.16259765625
grounded,629,7.388858318328857,3.5237762928009033,3.865082025527954,1e-05,0.375,61.46454790001735,9513.16259765625
grounded,630,6.8288750648498535,3.2303194999694824,3.598555564880371,1e-05,0.40625,61.559809700003825,9513.16259765625
grounded,631,7.031050682067871,3.374755620956421,3.6562952995300293,1e-05,0.3984375,61.65467439999338,9513.16259765625
grounded,632,7.108949661254883,3.3547139167785645,3.7542357444763184,1e-05,0.4140625,61.75046310003381,9513.16259765625
grounded,633,6.87052583694458,3.2846221923828125,3.5859036445617676,1e-05,0.421875,61.84598580002785,9513.16259765625
grounded,634,6.567655086517334,3.052931547164917,3.514723539352417,1e-05,0.453125,61.94107180007268,9513.16259765625
grounded,635,7.050224304199219,3.2199201583862305,3.830303907394409,1e-05,0.4609375,62.03675770002883,9513.16259765625
grounded,636,6.773107528686523,3.130467653274536,3.6426398754119873,1e-05,0.46875,62.13268729997799,9513.16259765625
grounded,637,6.784790515899658,3.1738908290863037,3.6108996868133545,1e-05,0.46875,62.22755770001095,9513.16259765625
grounded,638,6.70102596282959,3.1403212547302246,3.5607047080993652,1e-05,0.4609375,62.32264450006187,9513.16259765625
grounded,639,6.921316146850586,3.1482439041137695,3.7730720043182373,1e-05,0.46875,62.41798650007695,9513.16259765625
grounded,640,7.274616241455078,3.4670753479003906,3.8075406551361084,1e-05,0.3828125,62.51297460007481,9513.16259765625
grounded,641,6.730206489562988,3.1630706787109375,3.567135810852051,1e-05,0.4453125,62.60890130000189,9513.16259765625
grounded,642,6.53505277633667,3.0053257942199707,3.529726982116699,1e-05,0.46875,62.705851300037466,9513.16259765625
grounded,643,6.605777263641357,3.0862691402435303,3.519508123397827,1e-05,0.4375,62.80226929998025,9513.16259765625
grounded,644,6.7252197265625,3.0906176567077637,3.6346018314361572,1e-05,0.4609375,62.89747440000065,9513.16259765625
grounded,645,7.055446624755859,3.1967484951019287,3.8586978912353516,1e-05,0.46875,62.99199280003086,9513.16259765625
grounded,646,7.481136322021484,3.658803939819336,3.8223321437835693,1e-05,0.34375,63.08818159997463,9513.16259765625
grounded,647,7.289156913757324,3.508976697921753,3.7801804542541504,1e-05,0.3828125,63.18439389998093,9513.16259765625
grounded,648,7.1556196212768555,3.2813427448272705,3.874277114868164,1e-05,0.4296875,63.28033179999329,9513.16259765625
grounded,649,6.981887340545654,3.2940757274627686,3.6878116130828857,1e-05,0.40625,63.37664750008844,9513.16259765625
grounded,650,7.0224103927612305,3.371459722518921,3.6509504318237305,1e-05,0.3984375,63.471401900053024,9513.16259765625
grounded,651,6.783684730529785,3.1604182720184326,3.6232666969299316,1e-05,0.421875,63.56718340003863,9513.16259765625
grounded,652,7.052040100097656,3.362185478210449,3.689854860305786,1e-05,0.40625,63.66173729998991,9513.16259765625
grounded,653,6.569064140319824,3.0061397552490234,3.562924385070801,1e-05,0.4609375,63.75758670002688,9513.16259765625
grounded,654,7.1298441886901855,3.345486640930176,3.7843575477600098,1e-05,0.40625,63.853421800071374,9513.16259765625
grounded,655,7.2169294357299805,3.381523609161377,3.8354055881500244,1e-05,0.4140625,63.948255000053905,9513.16259765625
grounded,656,7.39678955078125,3.6526854038238525,3.7441039085388184,1e-05,0.40625,64.0436725000618,9513.16259765625
grounded,657,6.489316940307617,3.036400318145752,3.4529168605804443,1e-05,0.4765625,64.14034520008136,9513.16259765625
grounded,658,7.082516193389893,3.429741859436035,3.6527743339538574,1e-05,0.40625,64.23634820000734,9513.16259765625
grounded,659,7.168807029724121,3.3798608779907227,3.7889461517333984,1e-05,0.4453125,64.33163370005786,9513.16259765625
grounded,660,7.429474830627441,3.588059902191162,3.8414146900177,1e-05,0.375,64.42683150002267,9513.16259765625
grounded,661,7.167252540588379,3.428142547607422,3.739109754562378,1e-05,0.3984375,64.5217544999905,9513.16259765625
grounded,662,6.768616676330566,3.2787015438079834,3.489915132522583,1e-05,0.4375,64.6163521000417,9513.16259765625
grounded,663,7.4008331298828125,3.6695427894592285,3.731290102005005,1e-05,0.34375,64.71200659999158,9513.16259765625
grounded,664,6.923742294311523,3.1462979316711426,3.7774441242218018,1e-05,0.46875,64.8074595000362,9513.16259765625
grounded,665,7.085969924926758,3.302292823791504,3.783676862716675,1e-05,0.4453125,64.90295810007956,9513.16259765625
grounded,666,6.480039596557617,3.115933418273926,3.3641061782836914,1e-05,0.4453125,64.99759430007543,9513.16259765625
grounded,667,6.841912269592285,3.124234199523926,3.7176783084869385,1e-05,0.46875,65.09323030000087,9513.16259765625
grounded,668,6.352799415588379,2.9440455436706543,3.4087541103363037,1e-05,0.4921875,65.1889419000363,9513.16259765625
grounded,669,6.936622619628906,3.25192928314209,3.6846933364868164,1e-05,0.421875,65.28424489998724,9513.16259765625
grounded,670,6.775742053985596,3.1018991470336914,3.6738429069519043,1e-05,0.5078125,65.3798488000175,9513.16259765625
grounded,671,6.868077754974365,3.1820783615112305,3.6859993934631348,1e-05,0.40625,65.47534500004258,9513.16259765625
grounded,672,6.681371688842773,3.1293511390686035,3.552020311355591,1e-05,0.4609375,65.570181600051,9513.16259765625
grounded,673,6.998297691345215,3.316347360610962,3.681950092315674,1e-05,0.4609375,65.66551409999374,9513.16259765625
grounded,674,6.514556884765625,2.913869857788086,3.600687026977539,1e-05,0.5234375,65.76159270002972,9513.16259765625
grounded,675,6.865035533905029,3.172691822052002,3.6923437118530273,1e-05,0.4453125,65.85736830008682,9513.16259765625
grounded,676,6.673397064208984,3.133822441101074,3.53957462310791,1e-05,0.4609375,65.95166979997884,9513.16259765625
grounded,677,7.077091217041016,3.2447509765625,3.8323402404785156,1e-05,0.46875,66.0472010000376,9513.16259765625
grounded,678,6.574764251708984,3.068113088607788,3.506650924682617,1e-05,0.453125,66.14344470005017,9513.16259765625
grounded,679,7.157782554626465,3.3725461959838867,3.785236358642578,1e-05,0.4296875,66.23923220008146,9513.16259765625
grounded,680,6.423331260681152,2.882565975189209,3.5407652854919434,1e-05,0.4609375,66.33453870005906,9513.16259765625
grounded,681,6.526955604553223,3.0304956436157227,3.4964599609375,1e-05,0.4765625,66.43018150003627,9513.16259765625
grounded,682,6.917194366455078,3.281341552734375,3.635852813720703,1e-05,0.3984375,66.52473569998983,9513.16259765625
grounded,683,6.598977088928223,3.167067527770996,3.4319097995758057,1e-05,0.453125,66.61981449997984,9513.16259765625
grounded,684,6.555001258850098,2.97043514251709,3.5845658779144287,1e-05,0.4765625,66.71598840004299,9513.16259765625
grounded,685,7.498862266540527,3.4929637908935547,4.005898475646973,1e-05,0.3984375,66.81307370006107,9513.16259765625
grounded,686,6.755002975463867,3.160466194152832,3.594536542892456,1e-05,0.4140625,66.90863940003328,9513.16259765625
grounded,687,7.150455474853516,3.349824905395508,3.800630807876587,1e-05,0.4296875,67.0035544000566,9513.16259765625
grounded,688,6.927947044372559,3.137587308883667,3.7903597354888916,1e-05,0.4765625,67.10058570001274,9513.16259765625
grounded,689,6.363988876342773,2.9113752841949463,3.4526138305664062,1e-05,0.4921875,67.19672860007267,9513.16259765625
grounded,690,6.778242111206055,3.146646499633789,3.6315956115722656,1e-05,0.4453125,67.29259520000778,9513.16259765625
grounded,691,7.375303268432617,3.483091354370117,3.8922119140625,1e-05,0.390625,67.38822159997653,9513.16259765625
grounded,692,6.33282995223999,2.883277177810669,3.4495527744293213,1e-05,0.5,67.48355910007376,9513.16259765625
grounded,693,7.295205116271973,3.3571670055389404,3.938037872314453,1e-05,0.3984375,67.57822320004925,9513.16259765625
grounded,694,6.483376979827881,3.084929943084717,3.398447036743164,1e-05,0.4453125,67.67371000000276,9513.16259765625
grounded,695,6.710675239562988,3.0887017250061035,3.6219735145568848,1e-05,0.4609375,67.7696270000888,9513.16259765625
grounded,696,6.414183616638184,2.8558802604675293,3.5583035945892334,1e-05,0.4921875,67.86482740007341,9513.16259765625
grounded,697,6.673110008239746,3.0078842639923096,3.6652255058288574,1e-05,0.484375,67.96001000003889,9513.16259765625
grounded,698,7.131834983825684,3.3489530086517334,3.78288197517395,1e-05,0.4140625,68.055449699983,9513.16259765625
grounded,699,7.071784496307373,3.4172070026397705,3.6545774936676025,1e-05,0.390625,68.15087060001679,9513.16259765625
grounded,700,6.67399787902832,2.9489316940307617,3.7250664234161377,1e-05,0.4765625,68.24644940008875,9513.16259765625
grounded,701,6.744149208068848,3.117820978164673,3.6263279914855957,1e-05,0.4375,68.34337979997508,9513.16259765625
grounded,702,6.157578468322754,2.8006927967071533,3.3568856716156006,1e-05,0.515625,68.43863019999117,9513.16259765625
grounded,703,6.750626564025879,3.2468371391296387,3.5037894248962402,1e-05,0.4140625,68.53325950005092,9513.16259765625
grounded,704,7.190608978271484,3.423279285430908,3.7673299312591553,1e-05,0.390625,68.62857040006202,9513.16259765625
grounded,705,6.245375156402588,2.93918514251709,3.306190013885498,1e-05,0.4765625,68.72369190002792,9513.16259765625
grounded,706,6.860557556152344,3.178001642227173,3.682555675506592,1e-05,0.4140625,68.81935710005928,9513.16259765625
grounded,707,6.971337795257568,3.231442928314209,3.7398948669433594,1e-05,0.421875,68.91433140006848,9513.16259765625
grounded,708,6.854437828063965,3.1886403560638428,3.665797233581543,1e-05,0.453125,69.00915000005625,9513.16259765625
grounded,709,7.304472923278809,3.469902992248535,3.8345696926116943,1e-05,0.390625,69.10459460003767,9513.16259765625
grounded,710,6.761857032775879,3.175877571105957,3.585979700088501,1e-05,0.4296875,69.20085580006707,9513.16259765625
grounded,711,6.995156288146973,3.2161617279052734,3.778994560241699,1e-05,0.4296875,69.29710389999673,9513.16259765625
grounded,712,7.090603828430176,3.2361881732940674,3.8544154167175293,1e-05,0.421875,69.3929049000144,9513.16259765625
grounded,713,6.770108222961426,3.0763254165649414,3.6937825679779053,1e-05,0.4765625,69.48754970007576,9513.16259765625
grounded,714,6.603154182434082,3.145199775695801,3.457954168319702,1e-05,0.421875,69.5826998000266,9513.16259765625
grounded,715,6.748253345489502,3.1058602333068848,3.642393112182617,1e-05,0.4609375,69.67798660008702,9513.16259765625
grounded,716,6.929051399230957,3.4141275882720947,3.5149240493774414,1e-05,0.40625,69.77320120006334,9513.16259765625
grounded,717,6.224562644958496,3.0086069107055664,3.2159557342529297,1e-05,0.4921875,69.8684594000224,9513.16259765625
grounded,718,6.355891227722168,2.9544944763183594,3.4013967514038086,1e-05,0.484375,69.96295860002283,9513.16259765625
grounded,719,6.279045104980469,2.913686513900757,3.365358352661133,1e-05,0.4765625,70.0581961000571,9513.16259765625
grounded,720,6.170144081115723,2.8565611839294434,3.3135826587677,1e-05,0.515625,70.15357950003818,9513.16259765625
grounded,721,6.607189655303955,3.123823642730713,3.483366012573242,1e-05,0.4453125,70.24964920000639,9513.16259765625
grounded,722,6.556880950927734,3.0675911903381348,3.4892895221710205,1e-05,0.46875,70.34558850002941,9513.16259765625
grounded,723,6.628701210021973,3.0750980377197266,3.553603410720825,1e-05,0.4609375,70.44062640005723,9513.16259765625
grounded,724,6.49904727935791,2.942896842956543,3.5561506748199463,1e-05,0.4765625,70.53601190005429,9513.16259765625
grounded,725,6.607400417327881,3.105079174041748,3.502321243286133,1e-05,0.4453125,70.63156890007667,9513.16259765625
grounded,726,6.453822135925293,2.9001410007476807,3.5536813735961914,1e-05,0.4921875,70.72847850003745,9513.16259765625
grounded,727,6.079010009765625,2.761892318725586,3.317117691040039,1e-05,0.53125,70.82395790005103,9513.16259765625
grounded,728,7.128629684448242,3.4096150398254395,3.719014883041382,1e-05,0.34375,70.92002419999335,9513.16259765625
grounded,729,6.358278274536133,3.071906566619873,3.2863717079162598,1e-05,0.4453125,71.01565190008841,9513.16259765625
grounded,730,6.644793510437012,3.070626735687256,3.574167013168335,1e-05,0.46875,71.11118930007797,9513.16259765625
grounded,731,6.698224067687988,3.1300764083862305,3.5681474208831787,1e-05,0.4375,71.20693930005655,9513.16259765625
grounded,732,6.238536834716797,2.9515533447265625,3.2869837284088135,1e-05,0.5,71.30285940004978,9513.16259765625
grounded,733,6.553789138793945,3.077897310256958,3.4758918285369873,1e-05,0.453125,71.39780120004434,9513.16259765625
grounded,734,6.282505512237549,2.9155750274658203,3.3669304847717285,1e-05,0.484375,71.49277160002384,9513.16259765625
grounded,735,6.4658026695251465,3.055241584777832,3.4105610847473145,1e-05,0.46875,71.58802620007191,9513.16259765625
grounded,736,6.770694732666016,3.075167655944824,3.6955273151397705,1e-05,0.453125,71.68308300001081,9513.16259765625
grounded,737,6.97014045715332,3.3475098609924316,3.6226308345794678,1e-05,0.3828125,71.77857090008911,9513.16259765625
grounded,738,6.850258827209473,3.288710832595825,3.5615482330322266,1e-05,0.4296875,71.87434600002598,9513.16259765625
grounded,739,6.401329040527344,3.0321216583251953,3.3692073822021484,1e-05,0.4453125,71.9691447999794,9513.16259765625
grounded,740,6.487308025360107,3.054727554321289,3.4325804710388184,1e-05,0.484375,72.06404109997675,9513.16259765625
grounded,741,6.403375625610352,2.9540562629699707,3.449319362640381,1e-05,0.484375,72.16031290008686,9513.16259765625
grounded,742,6.928963661193848,3.2907493114471436,3.638214111328125,1e-05,0.421875,72.25683700002264,9513.16259765625
grounded,743,6.990443706512451,3.330273151397705,3.660170555114746,1e-05,0.4296875,72.35278220009059,9513.16259765625
grounded,744,6.555082321166992,3.1229023933410645,3.432180166244507,1e-05,0.453125,72.44736059999559,9513.16259765625
grounded,745,6.349040985107422,2.890519142150879,3.458522081375122,1e-05,0.515625,72.54177360003814,9513.16259765625
grounded,746,6.138958930969238,2.72377610206604,3.415182590484619,1e-05,0.5390625,72.6373286000453,9513.16259765625
grounded,747,6.860735893249512,3.2027034759521484,3.658032178878784,1e-05,0.4296875,72.73224939999636,9513.16259765625
grounded,748,6.520086288452148,3.096003770828247,3.4240822792053223,1e-05,0.453125,72.82757269998547,9513.16259765625
grounded,749,6.6898512840271,3.250232696533203,3.4396185874938965,1e-05,0.421875,72.92294419999234,9513.16259765625
grounded,750,6.842523574829102,3.3168435096740723,3.5256803035736084,1e-05,0.3984375,73.01692940003704,9513.16259765625
grounded,751,7.209891319274902,3.5167183876037598,3.6931731700897217,1e-05,0.390625,73.11428420001175,9513.16259765625
grounded,752,6.481351852416992,3.1440439224243164,3.3373076915740967,1e-05,0.4296875,73.21026530000381,9513.16259765625
grounded,753,6.371678352355957,2.8801403045654297,3.4915380477905273,1e-05,0.484375,73.30633440008387,9513.16259765625
grounded,754,6.509404182434082,3.0402021408081055,3.4692022800445557,1e-05,0.4609375,73.40107830008492,9513.16259765625
grounded,755,6.925189971923828,3.40053653717041,3.524653196334839,1e-05,0.3984375,73.49684180004988,9513.16259765625
grounded,756,6.679748058319092,3.2688703536987305,3.4108777046203613,1e-05,0.4375,73.59256130002905,9513.16259765625
grounded,757,5.92839241027832,2.6877617835998535,3.2406303882598877,1e-05,0.5390625,73.68780680000782,9513.16259765625
grounded,758,6.717095375061035,3.118406057357788,3.598689556121826,1e-05,0.4296875,73.78300330007914,9513.16259765625
grounded,759,5.818962097167969,2.676644802093506,3.142317295074463,1e-05,0.515625,73.87859350000508,9513.16259765625
grounded,760,6.328466415405273,2.923892021179199,3.404574394226074,1e-05,0.46875,73.97350840002764,9513.16259765625
grounded,761,6.529000282287598,3.1331253051757812,3.3958749771118164,1e-05,0.4296875,74.06835750001483,9513.16259765625
grounded,762,6.533443450927734,3.1653406620025635,3.36810302734375,1e-05,0.40625,74.16391320002731,9513.16259765625
grounded,763,6.426970481872559,2.992051362991333,3.4349188804626465,1e-05,0.46875,74.2597483000718,9513.16259765625
grounded,764,6.491453647613525,3.0248866081237793,3.466567039489746,1e-05,0.4609375,74.35509630001616,9513.16259765625
grounded,765,6.250265121459961,2.7357208728790283,3.5145444869995117,1e-05,0.515625,74.45006780000404,9513.16259765625
grounded,766,6.580229759216309,3.1505942344665527,3.429635524749756,1e-05,0.4296875,74.54533059999812,9513.16259765625
grounded,767,6.238595008850098,2.9576916694641113,3.2809033393859863,1e-05,0.4765625,74.64073900005314,9513.16259765625
grounded,768,6.122344493865967,2.815399408340454,3.3069450855255127,1e-05,0.5078125,74.7359892000677,9513.16259765625
grounded,769,6.834685325622559,3.332843780517578,3.5018417835235596,1e-05,0.4140625,74.83255300007295,9513.16259765625
grounded,770,6.5424370765686035,3.118774890899658,3.4236621856689453,1e-05,0.46875,74.92813070002012,9513.16259765625
grounded,771,6.196442604064941,2.7971129417419434,3.399329423904419,1e-05,0.515625,75.02264039998408,9513.16259765625
grounded,772,6.316361427307129,2.8573875427246094,3.4589738845825195,1e-05,0.5,75.12024289998226,9513.16259765625
grounded,773,6.792476654052734,3.245422601699829,3.5470542907714844,1e-05,0.40625,75.2161713000387,9513.16259765625
grounded,774,6.924258232116699,3.2368173599243164,3.6874406337738037,1e-05,0.4296875,75.3113372999942,9513.16259765625
grounded,775,6.183489799499512,2.9186148643493652,3.2648749351501465,1e-05,0.4609375,75.4065349000739,9513.16259765625
grounded,776,6.360029220581055,2.9366259574890137,3.423403263092041,1e-05,0.4296875,75.50239290005993,9513.16259765625
grounded,777,6.572449684143066,3.022853374481201,3.549596071243286,1e-05,0.453125,75.59840770007577,9513.16259765625
grounded,778,6.163724422454834,2.764591693878174,3.39913272857666,1e-05,0.515625,75.69317009998485,9513.16259765625
grounded,779,6.137135028839111,2.7363381385803223,3.400796890258789,1e-05,0.5234375,75.78919250005856,9513.16259765625
grounded,780,6.171977519989014,2.902924060821533,3.2690534591674805,1e-05,0.4921875,75.88477240002248,9513.16259765625
grounded,781,6.365416526794434,2.977919101715088,3.3874971866607666,1e-05,0.5,75.97989970003255,9513.16259765625
grounded,782,5.929409980773926,2.8405637741088867,3.08884596824646,1e-05,0.5,76.0746154000517,9513.16259765625
grounded,783,6.706025123596191,3.204456329345703,3.5015687942504883,1e-05,0.4453125,76.17015300004277,9513.16259765625
grounded,784,6.533106327056885,3.1591429710388184,3.3739633560180664,1e-05,0.4140625,76.26669610000681,9513.16259765625
grounded,785,6.253948211669922,2.9105300903320312,3.3434183597564697,1e-05,0.484375,76.36173420003615,9513.16259765625
grounded,786,6.683777332305908,3.1981234550476074,3.485653877258301,1e-05,0.4453125,76.45813080004882,9513.16259765625
grounded,787,6.455205917358398,3.0490174293518066,3.406188488006592,1e-05,0.4921875,76.55337910004891,9513.16259765625
grounded,788,6.807111740112305,3.2530441284179688,3.554067850112915,1e-05,0.4375,76.64815490006004,9513.16259765625
grounded,789,7.0325469970703125,3.446457862854004,3.5860888957977295,1e-05,0.3828125,76.74391509999987,9513.16259765625
grounded,790,6.275876998901367,2.9567036628723145,3.319173574447632,1e-05,0.484375,76.83976530004293,9513.16259765625
grounded,791,6.2950215339660645,2.9676713943481445,3.32735013961792,1e-05,0.46875,76.934321800014,9513.16259765625
grounded,792,6.7027177810668945,3.2105302810668945,3.492187261581421,1e-05,0.4296875,77.02822019997984,9513.16259765625
grounded,793,7.105418682098389,3.4768030643463135,3.628615617752075,1e-05,0.3984375,77.12422700005118,9513.16259765625
grounded,794,6.563715934753418,3.1208550930023193,3.4428610801696777,1e-05,0.4453125,77.21971249999478,9513.16259765625
grounded,795,5.95491361618042,2.7132821083068848,3.241631507873535,1e-05,0.4921875,77.31520449998789,9513.16259765625
grounded,796,6.13997745513916,2.8828125,3.2571651935577393,1e-05,0.5,77.41098570008762,9513.16259765625
grounded,797,6.603584289550781,3.174680233001709,3.4289040565490723,1e-05,0.4453125,77.5059109000722,9513.16259765625
grounded,798,6.2157158851623535,2.9594712257385254,3.256244659423828,1e-05,0.5,77.60108990001027,9513.16259765625
grounded,799,6.874232292175293,3.4031484127044678,3.471083879470825,1e-05,0.40625,77.69572830002289,9513.16259765625
grounded,800,6.673433303833008,3.187948226928711,3.485485315322876,1e-05,0.4140625,77.79152099997737,9513.16259765625
grounded,801,6.344273090362549,3.003013849258423,3.341259241104126,1e-05,0.453125,77.88751290005166,9513.16259765625
grounded,802,6.021048545837402,2.862070322036743,3.1589784622192383,1e-05,0.46875,77.98232180008199,9513.16259765625
grounded,803,6.567888259887695,3.2702226638793945,3.297665596008301,1e-05,0.4140625,78.07738000003155,9513.16259765625
grounded,804,6.383439064025879,3.0937609672546387,3.289677858352661,1e-05,0.453125,78.17329599999357,9513.16259765625
grounded,805,6.291778564453125,3.0314550399780273,3.2603235244750977,1e-05,0.4453125,78.26902010000776,9513.16259765625
grounded,806,6.31285285949707,3.044218063354492,3.268634796142578,1e-05,0.46875,78.36412749998271,9513.16259765625
grounded,807,5.948494911193848,2.7281148433685303,3.2203798294067383,1e-05,0.5,78.46015549998265,9513.16259765625
grounded,808,6.418098449707031,2.9567437171936035,3.461354970932007,1e-05,0.4921875,78.55632139998488,9513.16259765625
grounded,809,6.320042610168457,3.0997753143310547,3.2202672958374023,1e-05,0.421875,78.65117349999491,9513.16259765625
grounded,810,6.327183246612549,3.053445339202881,3.273737907409668,1e-05,0.4765625,78.7470618999796,9513.16259765625
grounded,811,5.881697654724121,2.8312506675720215,3.0504472255706787,1e-05,0.4765625,78.84299160004593,9513.16259765625
grounded,812,6.622671127319336,3.327984571456909,3.294686794281006,1e-05,0.40625,78.94020700000692,9513.16259765625
grounded,813,6.372647285461426,3.0877580642700195,3.284888982772827,1e-05,0.484375,79.03521830006503,9513.16259765625
grounded,814,5.910463809967041,2.879671573638916,3.030792236328125,1e-05,0.484375,79.13203420001082,9513.16259765625
grounded,815,6.338296890258789,3.118863821029663,3.219432830810547,1e-05,0.4453125,79.2284023000393,9513.16259765625
grounded,816,6.825346946716309,3.379087448120117,3.4462594985961914,1e-05,0.3984375,79.32423550006934,9513.16259765625
grounded,817,6.0132036209106445,2.8612759113311768,3.151927947998047,1e-05,0.4765625,79.42051010008436,9513.16259765625
grounded,818,6.144479751586914,2.88004994392395,3.2644295692443848,1e-05,0.484375,79.51645700004883,9513.16259765625
grounded,819,6.06914758682251,2.9286880493164062,3.1404595375061035,1e-05,0.4921875,79.61159380001482,9513.16259765625
grounded,820,6.771085262298584,3.232750415802002,3.538334846496582,1e-05,0.4375,79.70673590002116,9513.16259765625
grounded,821,6.550358772277832,3.264594554901123,3.285764217376709,1e-05,0.4140625,79.8027714000782,9513.16259765625
grounded,822,6.092948913574219,3.05976939201355,3.03317928314209,1e-05,0.4453125,79.89863760001026,9513.16259765625
grounded,823,5.846994876861572,2.624312400817871,3.222682476043701,1e-05,0.5546875,79.99317909998354,9513.16259765625
grounded,824,5.925556182861328,2.707319736480713,3.2182364463806152,1e-05,0.53125,80.08826099999715,9513.16259765625
grounded,825,5.2245073318481445,2.3626885414123535,2.861818790435791,1e-05,0.59375,80.1834564000601,9513.16259765625
grounded,826,5.694133758544922,2.62371826171875,3.070415735244751,1e-05,0.515625,80.27870989998337,9513.16259765625
grounded,827,6.344752788543701,2.9763786792755127,3.3683741092681885,1e-05,0.453125,80.37456889997702,9513.16259765625
grounded,828,6.106283664703369,2.9105920791625977,3.1956915855407715,1e-05,0.484375,80.47054550005123,9513.16259765625
grounded,829,6.519205570220947,3.058138608932495,3.461066961288452,1e-05,0.4375,80.56527440005448,9513.16259765625
grounded,830,5.473076820373535,2.584550380706787,2.888526201248169,1e-05,0.546875,80.66010850004386,9513.16259765625
grounded,831,6.018320083618164,2.903604507446289,3.114715337753296,1e-05,0.5,80.75547009997535,9513.16259765625
grounded,832,5.9721527099609375,2.9325034618377686,3.039649486541748,1e-05,0.484375,80.85100170003716,9513.16259765625
grounded,833,5.9806437492370605,2.786156415939331,3.1944873332977295,1e-05,0.5078125,80.94599779997952,9513.16259765625
grounded,834,6.328329086303711,3.2010035514831543,3.1273257732391357,1e-05,0.421875,81.04079370002728,9513.16259765625
grounded,835,6.823540687561035,3.2556214332580566,3.5679192543029785,1e-05,0.421875,81.1375873000361,9513.16259765625
grounded,836,5.8425211906433105,2.8170604705810547,3.025460720062256,1e-05,0.484375,81.23260720004328,9513.16259765625
grounded,837,6.124084949493408,3.014716148376465,3.1093688011169434,1e-05,0.453125,81.32810000004247,9513.16259765625
grounded,838,5.587042808532715,2.629429578781128,2.957613468170166,1e-05,0.53125,81.42358290008269,9513.16259765625
grounded,839,6.0454277992248535,2.919330596923828,3.1260972023010254,1e-05,0.484375,81.51823590009008,9513.16259765625
grounded,840,5.939358234405518,2.8718762397766113,3.0674819946289062,1e-05,0.4609375,81.61283090000506,9513.16259765625
grounded,841,5.752720832824707,2.8688478469848633,2.8838729858398438,1e-05,0.515625,81.70794710004702,9513.16259765625
grounded,842,5.734411239624023,2.6523709297180176,3.082040548324585,1e-05,0.515625,81.8044103999855,9513.16259765625
grounded,843,5.9014482498168945,2.85256290435791,3.0488851070404053,1e-05,0.4921875,81.89949780004099,9513.16259765625
grounded,844,6.735869407653809,3.3109183311462402,3.4249508380889893,1e-05,0.421875,81.99497390002944,9513.16259765625
grounded,845,5.440950393676758,2.564129590988159,2.8768210411071777,1e-05,0.5390625,82.08967520005535,9513.16259765625
grounded,846,6.584441184997559,3.2891955375671387,3.295245409011841,1e-05,0.40625,82.18528119998518,9513.16259765625
grounded,847,6.408015251159668,3.1690850257873535,3.2389304637908936,1e-05,0.40625,82.28110380005091,9513.16259765625
grounded,848,6.170971393585205,3.041386365890503,3.129585027694702,1e-05,0.46875,82.37675689999014,9513.16259765625
grounded,849,6.488903999328613,3.3234057426452637,3.1654984951019287,1e-05,0.390625,82.47249020007439,9513.16259765625
grounded,850,5.9675774574279785,2.879507064819336,3.0880703926086426,1e-05,0.46875,82.56745710002724,9513.16259765625
grounded,851,5.655129432678223,2.632373094558716,3.022756576538086,1e-05,0.5546875,82.66377310000826,9513.16259765625
grounded,852,6.250541687011719,3.0935869216918945,3.156954765319824,1e-05,0.421875,82.75988560006954,9513.16259765625
grounded,853,5.618973255157471,2.7155935764312744,2.9033796787261963,1e-05,0.515625,82.85502060002182,9513.16259765625
grounded,854,6.221479415893555,3.0994980335235596,3.121981143951416,1e-05,0.453125,82.95050580007955,9513.16259765625
grounded,855,6.7336320877075195,3.2514305114746094,3.4822018146514893,1e-05,0.3984375,83.04589950002264,9513.16259765625
grounded,856,6.048412322998047,2.91615891456604,3.1322531700134277,1e-05,0.4765625,83.1420498000225,9513.16259765625
grounded,857,6.216372489929199,3.0153253078460693,3.201046943664551,1e-05,0.4609375,83.23771980009042,9513.16259765625
grounded,858,6.231453895568848,3.0160694122314453,3.2153844833374023,1e-05,0.46875,83.33414950000588,9513.16259765625
grounded,859,5.4606218338012695,2.618976593017578,2.8416452407836914,1e-05,0.53125,83.42929630004801,9513.16259765625
grounded,860,5.954859733581543,2.921130418777466,3.033729314804077,1e-05,0.484375,83.52386000007391,9513.16259765625
grounded,861,5.966197967529297,2.8740854263305664,3.0921127796173096,1e-05,0.4921875,83.6191013000207,9513.16259765625
grounded,862,6.070226669311523,3.027792453765869,3.0424344539642334,1e-05,0.46875,83.71469519997481,9513.16259765625
grounded,863,6.085484504699707,2.8029613494873047,3.2825231552124023,1e-05,0.4921875,83.81064610008616,9513.16259765625
grounded,864,5.97041130065918,2.9588921070098877,3.011519432067871,1e-05,0.46875,83.90541360003408,9513.16259765625
grounded,865,5.593843460083008,2.635253429412842,2.958590269088745,1e-05,0.5234375,84.00052270002197,9513.16259765625
grounded,866,6.017690658569336,2.9888505935668945,3.0288400650024414,1e-05,0.4296875,84.09517710004002,9513.16259765625
grounded,867,5.737608909606934,2.785598039627075,2.9520106315612793,1e-05,0.4921875,84.19101280008908,9513.16259765625
grounded,868,5.429281711578369,2.528806686401367,2.900475025177002,1e-05,0.5234375,84.28718760004267,9513.16259765625
grounded,869,5.484550476074219,2.578125,2.9064254760742188,1e-05,0.5546875,84.38271090004127,9513.16259765625
grounded,870,6.29134464263916,3.106113910675049,3.1852304935455322,1e-05,0.4453125,84.47751640004572,9513.16259765625
grounded,871,5.270258903503418,2.4246010780334473,2.8456578254699707,1e-05,0.546875,84.57246230007149,9513.16259765625
grounded,872,5.679879188537598,2.7000133991241455,2.979865550994873,1e-05,0.53125,84.66796029999387,9513.16259765625
grounded,873,5.686666965484619,2.780252456665039,2.90641450881958,1e-05,0.5,84.7641451000236,9513.16259765625
grounded,874,6.121954917907715,3.0970780849456787,3.0248770713806152,1e-05,0.46875,84.85915140004363,9513.16259765625
grounded,875,6.281432151794434,3.091817855834961,3.1896145343780518,1e-05,0.46875,84.95500980003271,9513.16259765625
grounded,876,5.758369445800781,2.9050047397613525,2.853364944458008,1e-05,0.484375,85.05024010001216,9513.16259765625
grounded,877,5.854356288909912,2.803041458129883,3.0513148307800293,1e-05,0.5078125,85.14525780000258,9513.16259765625
grounded,878,5.758119106292725,2.8238155841827393,2.9343035221099854,1e-05,0.5,85.24092790007126,9513.16259765625
grounded,879,5.895084381103516,2.9505093097686768,2.944575309753418,1e-05,0.4609375,85.33678860007785,9513.16259765625
grounded,880,5.517499923706055,2.6139328479766846,2.903567314147949,1e-05,0.5078125,85.43153780000284,9513.16259765625
grounded,881,5.541211128234863,2.6621344089508057,2.8790769577026367,1e-05,0.5234375,85.52647659997456,9513.16259765625
grounded,882,6.017056941986084,3.053746223449707,2.963310718536377,1e-05,0.4609375,85.62180910003372,9513.16259765625
grounded,883,6.197031021118164,3.093413829803467,3.103616952896118,1e-05,0.4453125,85.71765770006459,9513.16259765625
grounded,884,6.621789932250977,3.3638973236083984,3.257892608642578,1e-05,0.390625,85.81308089999948,9513.16259765625
grounded,885,5.677739143371582,2.809858798980713,2.8678805828094482,1e-05,0.515625,85.9082396000158,9513.16259765625
grounded,886,6.180410385131836,3.0629591941833496,3.1174514293670654,1e-05,0.4453125,86.0037381000584,9513.16259765625
grounded,887,5.728240489959717,2.786085605621338,2.942154884338379,1e-05,0.5078125,86.09856319997925,9513.16259765625
grounded,888,6.205591678619385,3.172250747680664,3.0333409309387207,1e-05,0.421875,86.19448830001056,9513.16259765625
grounded,889,6.399147033691406,3.301449775695801,3.0976970195770264,1e-05,0.4375,86.29062630003318,9513.16259765625
grounded,890,6.742466449737549,3.4960741996765137,3.246392250061035,1e-05,0.3828125,86.38574900000822,9513.16259765625
grounded,891,5.853520393371582,2.8782005310058594,2.9753198623657227,1e-05,0.484375,86.4805627000751,9513.16259765625
grounded,892,6.04956579208374,3.0542991161346436,2.9952666759490967,1e-05,0.4453125,86.57584730000235,9513.16259765625
grounded,893,5.875967025756836,2.836169719696045,3.039797306060791,1e-05,0.453125,86.67123370000627,9513.16259765625
grounded,894,6.110861778259277,3.0450944900512695,3.065767288208008,1e-05,0.453125,86.76690380007494,9513.16259765625
grounded,895,6.238189220428467,3.2248759269714355,3.0133132934570312,1e-05,0.421875,86.86265860009007,9513.16259765625
grounded,896,6.672518730163574,3.417412281036377,3.2551066875457764,1e-05,0.390625,86.95786020008381,9513.16259765625
grounded,897,6.1092209815979,3.057687997817993,3.0515329837799072,1e-05,0.453125,87.05308680003509,9513.16259765625
grounded,898,6.061061859130859,3.007356643676758,3.0537052154541016,1e-05,0.4765625,87.14920109999366,9513.16259765625
grounded,899,6.355289936065674,3.2621006965637207,3.093189239501953,1e-05,0.40625,87.24561410001479,9513.16259765625
grounded,900,6.2793474197387695,3.130687713623047,3.1486597061157227,1e-05,0.4296875,87.34190730005503,9513.16259765625
grounded,901,5.119081497192383,2.4011409282684326,2.7179408073425293,1e-05,0.5625,87.43881040008273,9513.16259765625
grounded,902,6.169219970703125,3.057283401489258,3.111936330795288,1e-05,0.4453125,87.53481149999425,9513.16259765625
grounded,903,5.311847686767578,2.571092128753662,2.740755796432495,1e-05,0.5390625,87.63027010008227,9513.16259765625
grounded,904,5.2084856033325195,2.5179967880249023,2.690488815307617,1e-05,0.5625,87.72566700004973,9513.16259765625
grounded,905,5.913907527923584,2.8567090034484863,3.0571985244750977,1e-05,0.4765625,87.82140030001756,9513.16259765625
grounded,906,6.314855098724365,3.211836338043213,3.1030187606811523,1e-05,0.4375,87.91682000004221,9513.16259765625
grounded,907,5.028467178344727,2.317531108856201,2.7109363079071045,1e-05,0.5703125,88.01146150007844,9513.16259765625
grounded,908,5.53498649597168,2.74125337600708,2.7937333583831787,1e-05,0.5,88.10634420008864,9513.16259765625
grounded,909,5.015152931213379,2.376821994781494,2.6383306980133057,1e-05,0.59375,88.20163790008519,9513.16259765625
grounded,910,6.734375,3.4492480754852295,3.2851266860961914,1e-05,0.3984375,88.29768399999011,9513.16259765625
grounded,911,5.639132976531982,2.719356060028076,2.9197769165039062,1e-05,0.53125,88.39292420004494,9513.16259765625
grounded,912,6.130141258239746,3.1395986080169678,2.990542411804199,1e-05,0.421875,88.48830139997881,9513.16259765625
grounded,913,5.964572906494141,2.992290496826172,2.9722824096679688,1e-05,0.4609375,88.58367560000625,9513.16259765625
grounded,914,4.662701606750488,2.1789584159851074,2.48374342918396,1e-05,0.6171875,88.67775450006593,9513.16259765625
grounded,915,6.175124168395996,3.1778345108032227,2.9972896575927734,1e-05,0.4375,88.77420119999442,9513.16259765625
grounded,916,5.700085639953613,2.8670907020568848,2.8329949378967285,1e-05,0.4765625,88.86980720004067,9513.16259765625
grounded,917,5.355095386505127,2.6002726554870605,2.7548227310180664,1e-05,0.5625,88.9654628999997,9513.16259765625
grounded,918,5.524343967437744,2.7380130290985107,2.7863309383392334,1e-05,0.4765625,89.06156659999397,9513.16259765625
grounded,919,5.103351593017578,2.418745517730713,2.684605836868286,1e-05,0.5625,89.1568787000142,9513.16259765625
grounded,920,5.949349403381348,3.123157024383545,2.8261921405792236,1e-05,0.4609375,89.25254660006613,9513.16259765625
grounded,921,6.051854610443115,3.0313668251037598,3.0204877853393555,1e-05,0.453125,89.34785370004829,9513.16259765625
grounded,922,6.073128700256348,3.1030211448669434,2.9701075553894043,1e-05,0.453125,89.44335590000264,9513.16259765625
grounded,923,5.52008056640625,2.6624789237976074,2.8576016426086426,1e-05,0.53125,89.53928540006746,9513.16259765625
grounded,924,5.687221527099609,2.849815845489502,2.8374054431915283,1e-05,0.4765625,89.63460950006265,9513.16259765625
grounded,925,5.892714023590088,2.975677728652954,2.917036294937134,1e-05,0.4765625,89.7298698000377,9513.16259765625
grounded,926,5.76255989074707,2.88808536529541,2.87447452545166,1e-05,0.484375,89.82560109999031,9513.16259765625
grounded,927,5.6483283042907715,2.7550644874572754,2.893263816833496,1e-05,0.5234375,89.92099180002697,9513.16259765625
grounded,928,5.888840675354004,3.042341947555542,2.846498489379883,1e-05,0.4375,90.01548699999694,9513.16259765625
grounded,929,5.538820266723633,2.6841187477111816,2.854701519012451,1e-05,0.484375,90.1103952000849,9513.16259765625
grounded,930,6.085193634033203,3.1455633640289307,2.9396300315856934,1e-05,0.4296875,90.2061094000237,9513.16259765625
grounded,931,5.464234352111816,2.697760581970215,2.7664735317230225,1e-05,0.515625,90.3020101999864,9513.16259765625
grounded,932,5.978399276733398,2.969418525695801,3.0089807510375977,1e-05,0.46875,90.39816780004185,9513.16259765625
grounded,933,5.589731216430664,2.7613325119018555,2.8283984661102295,1e-05,0.5078125,90.49389340006746,9513.16259765625
grounded,934,6.4263916015625,3.2390007972717285,3.1873910427093506,1e-05,0.4140625,90.58944750006776,9513.16259765625
grounded,935,5.0297746658325195,2.4666569232940674,2.5631179809570312,1e-05,0.546875,90.68443939997815,9513.16259765625
grounded,936,6.096739768981934,3.084808349609375,3.0119316577911377,1e-05,0.4453125,90.78055030002724,9513.16259765625
grounded,937,5.552804946899414,2.7372007369995117,2.8156042098999023,1e-05,0.515625,90.87676380004268,9513.16259765625
grounded,938,5.692123889923096,2.84316349029541,2.8489603996276855,1e-05,0.5,90.97224660008214,9513.16259765625
grounded,939,6.199355125427246,3.192121744155884,3.0072336196899414,1e-05,0.4453125,91.06760660000145,9513.16259765625
grounded,940,5.81516695022583,2.9339661598205566,2.8812007904052734,1e-05,0.46875,91.16297780000605,9513.16259765625
grounded,941,5.23981237411499,2.6463775634765625,2.5934348106384277,1e-05,0.5234375,91.25855959998444,9513.16259765625
grounded,942,5.296535968780518,2.64194393157959,2.6545920372009277,1e-05,0.53125,91.35506209998857,9513.16259765625
grounded,943,5.977530479431152,3.0951902866363525,2.8823399543762207,1e-05,0.46875,91.45157310005743,9513.16259765625
grounded,944,4.9741315841674805,2.4653732776641846,2.508758306503296,1e-05,0.546875,91.54835040005855,9513.16259765625
grounded,945,5.376039505004883,2.623727560043335,2.752311944961548,1e-05,0.53125,91.64388960006181,9513.16259765625
grounded,946,5.254520893096924,2.651083469390869,2.6034374237060547,1e-05,0.5390625,91.73943830002099,9513.16259765625
grounded,947,4.820367813110352,2.2339491844177246,2.586418390274048,1e-05,0.578125,91.83515539998189,9513.16259765625
grounded,948,5.722664833068848,2.9647414684295654,2.7579233646392822,1e-05,0.4609375,91.93074450001586,9513.16259765625
grounded,949,5.161792755126953,2.525343418121338,2.6364495754241943,1e-05,0.515625,92.0252217000816,9513.16259765625
grounded,950,5.925408363342285,3.030611515045166,2.894796848297119,1e-05,0.4375,92.12148480000906,9513.16259765625
grounded,951,5.497562408447266,2.717391014099121,2.7801711559295654,1e-05,0.484375,92.21796809998341,9513.16259765625
grounded,952,5.341939926147461,2.700354814529419,2.641585350036621,1e-05,0.5078125,92.31342850008514,9513.16259765625
grounded,953,6.701417922973633,3.5942792892456055,3.1071386337280273,1e-05,0.34375,92.40921990002971,9513.16259765625
grounded,954,5.2302045822143555,2.480526924133301,2.7496774196624756,1e-05,0.5546875,92.50470789999235,9513.16259765625
grounded,955,5.6042866706848145,2.8398752212524414,2.764411449432373,1e-05,0.5,92.5993054000428,9513.16259765625
grounded,956,5.681914329528809,2.9877171516418457,2.694196939468384,1e-05,0.4609375,92.69465550000314,9513.16259765625
grounded,957,5.591001987457275,2.8015644550323486,2.7894375324249268,1e-05,0.5,92.79081849998329,9513.16259765625
grounded,958,5.691654205322266,2.945101261138916,2.7465529441833496,1e-05,0.46875,92.88713689998258,9513.16259765625
grounded,959,5.304340362548828,2.6726255416870117,2.6317148208618164,1e-05,0.5234375,92.98173190001398,9513.16259765625
grounded,960,6.446063041687012,3.4462976455688477,2.999765396118164,1e-05,0.3828125,93.07701070001349,9513.16259765625
grounded,961,5.006034851074219,2.3787481784820557,2.627286911010742,1e-05,0.59375,93.17232150002383,9513.16259765625
grounded,962,5.823049068450928,3.049560070037842,2.773488998413086,1e-05,0.484375,93.26743280002847,9513.16259765625
grounded,963,5.936798095703125,3.011751651763916,2.92504620552063,1e-05,0.4765625,93.36322050006129,9513.16259765625
grounded,964,5.474955081939697,2.7475008964538574,2.72745418548584,1e-05,0.5078125,93.45817410002928,9513.16259765625
grounded,965,5.917083740234375,3.0515096187591553,2.865574359893799,1e-05,0.453125,93.55366820003837,9513.16259765625
grounded,966,4.951416492462158,2.5103282928466797,2.4410881996154785,1e-05,0.5390625,93.64918280008715,9513.16259765625
grounded,967,5.6646318435668945,2.852928638458252,2.8117029666900635,1e-05,0.484375,93.74543820007239,9513.16259765625
grounded,968,6.217864036560059,3.216348886489868,3.0015149116516113,1e-05,0.4296875,93.8413705000421,9513.16259765625
grounded,969,4.940168380737305,2.429400682449341,2.510767936706543,1e-05,0.5703125,93.93653320008889,9513.16259765625
grounded,970,5.328526020050049,2.6374378204345703,2.6910881996154785,1e-05,0.53125,94.03175810002722,9513.16259765625
grounded,971,5.861210346221924,3.054161310195923,2.807049036026001,1e-05,0.4609375,94.12710330006666,9513.16259765625
grounded,972,5.238595008850098,2.6553869247436523,2.583207845687866,1e-05,0.5390625,94.22197010007221,9513.16259765625
grounded,973,5.896623611450195,3.004607677459717,2.8920159339904785,1e-05,0.4609375,94.3178003000794,9513.16259765625
grounded,974,6.086517333984375,3.203037738800049,2.883479595184326,1e-05,0.4453125,94.4130663999822,9513.16259765625
grounded,975,5.698807716369629,2.935302972793579,2.763504981994629,1e-05,0.484375,94.50772410002537,9513.16259765625
grounded,976,6.052418231964111,3.177286148071289,2.8751320838928223,1e-05,0.4296875,94.60317160002887,9513.16259765625
grounded,977,5.378121376037598,2.7934491634368896,2.584672212600708,1e-05,0.5078125,94.69879480008967,9513.16259765625
grounded,978,5.316349029541016,2.7461423873901367,2.5702064037323,1e-05,0.5078125,94.79489850008395,9513.16259765625
grounded,979,5.698785781860352,2.9028401374816895,2.795945644378662,1e-05,0.484375,94.88942520006094,9513.16259765625
grounded,980,5.267560005187988,2.7451300621032715,2.5224297046661377,1e-05,0.4921875,94.98503300000448,9513.16259765625
grounded,981,5.3594970703125,2.7399942874908447,2.619502544403076,1e-05,0.515625,95.08125560008921,9513.16259765625
grounded,982,5.590569019317627,2.943776845932007,2.64679217338562,1e-05,0.46875,95.1757145000156,9513.16259765625
grounded,983,5.661664962768555,2.962831735610962,2.698833465576172,1e-05,0.4609375,95.27153290004935,9513.16259765625
grounded,984,5.897008895874023,3.0591630935668945,2.837845802307129,1e-05,0.4609375,95.36811020004097,9513.16259765625
grounded,985,5.851778984069824,3.1152265071868896,2.7365527153015137,1e-05,0.4375,95.46395520004444,9513.16259765625
grounded,986,5.780176162719727,3.003591299057007,2.7765846252441406,1e-05,0.4609375,95.55924820003565,9513.16259765625
grounded,987,4.983241081237793,2.5096960067749023,2.4735453128814697,1e-05,0.515625,95.65560340008233,9513.16259765625
grounded,988,5.192645072937012,2.587352752685547,2.6052920818328857,1e-05,0.53125,95.75151810003445,9513.16259765625
grounded,989,5.992859363555908,3.1159777641296387,2.8768815994262695,1e-05,0.421875,95.84729230008088,9513.16259765625
grounded,990,5.840943336486816,3.003563165664673,2.8373804092407227,1e-05,0.4765625,95.9422898000339,9513.16259765625
grounded,991,5.16352653503418,2.6497485637664795,2.513777732849121,1e-05,0.5234375,96.03771360008977,9513.16259765625
grounded,992,6.188241958618164,3.2648041248321533,2.92343807220459,1e-05,0.421875,96.13327960006427,9513.16259765625
grounded,993,5.344669818878174,2.7021117210388184,2.6425580978393555,1e-05,0.515625,96.22799639997538,9513.16259765625
grounded,994,6.097556114196777,3.2003631591796875,2.8971927165985107,1e-05,0.453125,96.3248397000134,9513.16259765625
grounded,995,5.530889987945557,2.8186757564544678,2.712214231491089,1e-05,0.5,96.41960640007164,9513.16259765625
grounded,996,5.363705158233643,2.624124050140381,2.7395811080932617,1e-05,0.546875,96.51499040005729,9513.16259765625
grounded,997,6.379385948181152,3.3930981159210205,2.986288070678711,1e-05,0.40625,96.60965430003125,9513.16259765625
grounded,998,5.911865234375,3.178751230239868,2.733114242553711,1e-05,0.4375,96.70496980007738,9513.16259765625
grounded,999,5.714153289794922,2.969175338745117,2.7449779510498047,1e-05,0.46875,96.80061270005535,9513.16259765625
grounded,1000,5.703502655029297,2.984022617340088,2.71947979927063,1e-05,0.484375,96.89671850006562,9513.16259765625
grounded,1001,5.484614372253418,2.8944594860076904,2.5901551246643066,1e-05,0.484375,98.35481430008076,9513.16259765625
grounded,1002,5.578278064727783,2.91176700592041,2.666511058807373,1e-05,0.46875,98.45096080005169,9513.16259765625
grounded,1003,5.541337013244629,2.823981285095215,2.717355728149414,1e-05,0.5078125,98.54615010006819,9513.16259765625
grounded,1004,5.4172892570495605,2.7781639099121094,2.639125347137451,1e-05,0.5078125,98.64070840005297,9513.16259765625
grounded,1005,5.454174995422363,2.936408042907715,2.5177667140960693,1e-05,0.4765625,98.73594839998987,9513.16259765625
grounded,1006,5.336563587188721,2.780693531036377,2.5558700561523438,1e-05,0.5,98.83170910004992,9513.16259765625
grounded,1007,4.763364791870117,2.399278163909912,2.364086627960205,1e-05,0.546875,98.92700929997955,9513.16259765625
grounded,1008,5.996412754058838,3.2126688957214355,2.7837438583374023,1e-05,0.421875,99.02206560003106,9513.16259765625
grounded,1009,5.958710670471191,3.221513032913208,2.7371976375579834,1e-05,0.4375,99.11844430002384,9513.16259765625
grounded,1010,5.605278968811035,2.894193172454834,2.711085796356201,1e-05,0.5078125,99.21284890000243,9513.16259765625
grounded,1011,6.075844764709473,3.2551958560943604,2.820648670196533,1e-05,0.4140625,99.30891310004517,9513.16259765625
grounded,1012,5.550429821014404,2.927657127380371,2.622772693634033,1e-05,0.4921875,99.40442899998743,9513.16259765625
grounded,1013,4.950379848480225,2.5123136043548584,2.438066244125366,1e-05,0.546875,99.500760700088,9513.16259765625
grounded,1014,6.33060359954834,3.5082576274871826,2.822345733642578,1e-05,0.3671875,99.59644670004491,9513.16259765625
grounded,1015,5.864189147949219,3.1086182594299316,2.755570888519287,1e-05,0.4296875,99.69227840006351,9513.16259765625
grounded,1016,5.318048477172852,2.758054256439209,2.5599942207336426,1e-05,0.4921875,99.78851370001212,9513.16259765625
grounded,1017,5.083897590637207,2.601419448852539,2.482478141784668,1e-05,0.5625,99.88431069999933,9513.16259765625
grounded,1018,5.174872398376465,2.5835227966308594,2.5913496017456055,1e-05,0.5234375,99.97913930006325,9513.16259765625
grounded,1019,5.388871192932129,2.783329963684082,2.6055409908294678,1e-05,0.5,100.07541030005086,9513.16259765625
grounded,1020,5.913546562194824,3.1812326908111572,2.732314109802246,1e-05,0.4375,100.17084470007103,9513.16259765625
grounded,1021,5.1239776611328125,2.543088912963867,2.5808887481689453,1e-05,0.546875,100.26650670007803,9513.16259765625
grounded,1022,5.66999626159668,3.108057975769043,2.5619382858276367,1e-05,0.4375,100.3620065000141,9513.16259765625
grounded,1023,5.530792236328125,2.8100788593292236,2.7207133769989014,1e-05,0.5078125,100.45725910004694,9513.16259765625
grounded,1024,5.69335412979126,2.97255802154541,2.7207961082458496,1e-05,0.4765625,100.55263050005306,9513.16259765625
grounded,1025,5.006351470947266,2.5146126747131348,2.4917385578155518,1e-05,0.5546875,100.64775900007226,9513.16259765625
grounded,1026,5.290016174316406,2.745985984802246,2.54403018951416,1e-05,0.515625,100.74315029999707,9513.16259765625
grounded,1027,5.241236686706543,2.661062717437744,2.580173969268799,1e-05,0.5390625,100.83927840006072,9513.16259765625
grounded,1028,5.455528259277344,2.7243993282318115,2.7311291694641113,1e-05,0.5234375,100.93515380006284,9513.16259765625
grounded,1029,5.701775550842285,3.024306297302246,2.677469253540039,1e-05,0.46875,101.0300687000854,9513.16259765625
grounded,1030,5.56260871887207,2.9704208374023438,2.5921878814697266,1e-05,0.484375,101.12676190002821,9513.16259765625
grounded,1031,5.626945495605469,2.921489715576172,2.705455780029297,1e-05,0.4921875,101.22111330006737,9513.16259765625
grounded,1032,5.5744781494140625,2.9408698081970215,2.633608341217041,1e-05,0.484375,101.31735770008527,9513.16259765625
grounded,1033,5.68052864074707,3.040238618850708,2.640289783477783,1e-05,0.4296875,101.41285080008674,9513.16259765625
grounded,1034,5.442876815795898,2.8614771366119385,2.581399440765381,1e-05,0.484375,101.50858590006828,9513.16259765625
grounded,1035,5.3409743309021,2.768315315246582,2.5726590156555176,1e-05,0.5078125,101.60460510000121,9513.16259765625
grounded,1036,5.366840839385986,2.8712449073791504,2.495595932006836,1e-05,0.4921875,101.69983810000122,9513.16259765625
grounded,1037,5.801082611083984,3.123049020767212,2.6780338287353516,1e-05,0.453125,101.79609710001387,9513.16259765625
grounded,1038,5.744482040405273,3.053701877593994,2.6907799243927,1e-05,0.4765625,101.89174700004514,9513.16259765625
grounded,1039,5.1038103103637695,2.6050939559936523,2.498716115951538,1e-05,0.5234375,101.98629210004583,9513.16259765625
grounded,1040,5.603950500488281,2.9957170486450195,2.6082334518432617,1e-05,0.453125,102.08206879999489,9513.16259765625
grounded,1041,5.279663562774658,2.7120184898376465,2.5676450729370117,1e-05,0.515625,102.17700680007692,9513.16259765625
grounded,1042,5.843528747558594,3.1549835205078125,2.6885452270507812,1e-05,0.421875,102.27221880003344,9513.16259765625
grounded,1043,5.123549461364746,2.7204532623291016,2.4030961990356445,1e-05,0.53125,102.36900579999201,9513.16259765625
grounded,1044,5.596184730529785,2.9573974609375,2.638787269592285,1e-05,0.4765625,102.46395340003073,9513.16259765625
grounded,1045,5.3615217208862305,2.8020496368408203,2.55947208404541,1e-05,0.5,102.55952320003416,9513.16259765625
grounded,1046,5.297738552093506,2.8638391494750977,2.433899402618408,1e-05,0.5,102.65382820006926,9513.16259765625
grounded,1047,5.437045097351074,2.8430771827697754,2.593967914581299,1e-05,0.46875,102.74939570005517,9513.16259765625
grounded,1048,5.162652969360352,2.7716426849365234,2.391010284423828,1e-05,0.5078125,102.8456730999751,9513.16259765625
grounded,1049,5.737234115600586,3.0845749378204346,2.6526589393615723,1e-05,0.4453125,102.94062970008235,9513.16259765625
grounded,1050,5.362158298492432,2.832364559173584,2.5297937393188477,1e-05,0.515625,103.03713700000662,9513.16259765625
grounded,1051,5.615128040313721,3.088200092315674,2.526927947998047,1e-05,0.453125,103.13469139998779,9513.16259765625
grounded,1052,5.744240760803223,3.1533589363098145,2.590881824493408,1e-05,0.453125,103.22915060003288,9513.16259765625
grounded,1053,4.744922637939453,2.347764015197754,2.39715838432312,1e-05,0.578125,103.32600850006565,9513.16259765625
grounded,1054,4.768903732299805,2.454190492630005,2.3147130012512207,1e-05,0.546875,103.42226240003947,9513.16259765625
grounded,1055,5.32720422744751,2.8821218013763428,2.445082426071167,1e-05,0.46875,103.51863180007786,9513.16259765625
grounded,1056,5.240440845489502,2.8067941665649414,2.4336466789245605,1e-05,0.515625,103.61527850001585,9513.16259765625
grounded,1057,5.4612226486206055,2.8845603466033936,2.576662063598633,1e-05,0.484375,103.71113980002701,9513.16259765625
grounded,1058,4.727727890014648,2.4369308948516846,2.290797233581543,1e-05,0.5703125,103.80797429999802,9513.16259765625
grounded,1059,4.788181781768799,2.5212159156799316,2.266965866088867,1e-05,0.5546875,103.90389419998974,9513.16259765625
grounded,1060,5.323853969573975,2.8491930961608887,2.474660873413086,1e-05,0.4765625,103.9989443999948,9513.16259765625
grounded,1061,4.658022403717041,2.3660593032836914,2.2919631004333496,1e-05,0.5703125,104.09528520004824,9513.16259765625
grounded,1062,4.808213233947754,2.4483962059020996,2.3598172664642334,1e-05,0.5546875,104.19063770002685,9513.16259765625
grounded,1063,5.398119926452637,2.8617286682128906,2.536391019821167,1e-05,0.484375,104.28610290004872,9513.16259765625
grounded,1064,5.482721328735352,2.937234878540039,2.5454862117767334,1e-05,0.484375,104.38168320001569,9513.16259765625
grounded,1065,5.679652690887451,3.042941093444824,2.636711597442627,1e-05,0.4140625,104.47733999998309,9513.16259765625
grounded,1066,6.105869293212891,3.4158236980438232,2.6900453567504883,1e-05,0.375,104.57194370008074,9513.16259765625
grounded,1067,5.93878173828125,3.188969135284424,2.749812602996826,1e-05,0.4375,104.66696910001338,9513.16259765625
grounded,1068,4.93177604675293,2.605971097946167,2.3258047103881836,1e-05,0.53125,104.76275130000431,9513.16259765625
grounded,1069,5.854816436767578,3.08909273147583,2.765723466873169,1e-05,0.4296875,104.85844510002062,9513.16259765625
grounded,1070,5.490007400512695,3.007890462875366,2.48211669921875,1e-05,0.484375,104.95348660007585,9513.16259765625
grounded,1071,5.52252721786499,2.950608253479004,2.5719189643859863,1e-05,0.4765625,105.04937090002932,9513.16259765625
grounded,1072,5.186241149902344,2.8184750080108643,2.3677661418914795,1e-05,0.515625,105.14527720003389,9513.16259765625
grounded,1073,5.538571834564209,2.9893455505371094,2.5492262840270996,1e-05,0.484375,105.23956830007955,9513.16259765625
grounded,1074,5.554287433624268,2.9230008125305176,2.63128662109375,1e-05,0.4765625,105.33557049999945,9513.16259765625
grounded,1075,4.76903772354126,2.498830795288086,2.270206928253174,1e-05,0.5546875,105.43130499997642,9513.16259765625
grounded,1076,5.786050796508789,3.106849431991577,2.679201126098633,1e-05,0.4453125,105.52607530006208,9513.16259765625
grounded,1077,5.67685079574585,3.0762546062469482,2.6005961894989014,1e-05,0.4453125,105.62118010001723,9513.16259765625
grounded,1078,5.21917724609375,2.8067383766174316,2.4124388694763184,1e-05,0.5,105.71639489999507,9513.16259765625
grounded,1079,5.916903018951416,3.2388226985931396,2.6780803203582764,1e-05,0.4296875,105.81243370007724,9513.16259765625
grounded,1080,5.344074249267578,2.8191604614257812,2.524914026260376,1e-05,0.4921875,105.90732040000148,9513.16259765625
grounded,1081,5.342785835266113,2.863384246826172,2.4794018268585205,1e-05,0.484375,106.00246720004361,9513.16259765625
grounded,1082,4.615795135498047,2.4420249462127686,2.1737704277038574,1e-05,0.578125,106.0987763000885,9513.16259765625
grounded,1083,5.365894794464111,2.860182285308838,2.5057125091552734,1e-05,0.4765625,106.19303080008831,9513.16259765625
grounded,1084,4.688427925109863,2.4609737396240234,2.22745418548584,1e-05,0.5703125,106.2882315000752,9513.16259765625
grounded,1085,5.83704948425293,3.1626551151275635,2.674394130706787,1e-05,0.4453125,106.3839706000872,9513.16259765625
grounded,1086,5.053921699523926,2.7090132236480713,2.3449087142944336,1e-05,0.5234375,106.47937690000981,9513.16259765625
grounded,1087,5.615718841552734,2.971242904663086,2.6444759368896484,1e-05,0.453125,106.57400290004443,9513.16259765625
grounded,1088,4.971339702606201,2.5618319511413574,2.4095077514648438,1e-05,0.5234375,106.66913190006744,9513.16259765625
grounded,1089,5.599069595336914,3.028752565383911,2.570317268371582,1e-05,0.4375,106.76450719998684,9513.16259765625
grounded,1090,5.487428188323975,2.9875431060791016,2.499885082244873,1e-05,0.4609375,106.85961530008353,9513.16259765625
grounded,1091,4.82142448425293,2.4724314212799072,2.3489928245544434,1e-05,0.5546875,106.95552070008125,9513.16259765625
grounded,1092,5.62139892578125,3.1149237155914307,2.5064754486083984,1e-05,0.453125,107.05115529999603,9513.16259765625
grounded,1093,5.3652801513671875,2.875539779663086,2.4897406101226807,1e-05,0.4765625,107.14739489997737,9513.16259765625
grounded,1094,5.847984790802002,3.1358041763305664,2.7121806144714355,1e-05,0.4453125,107.24177159997635,9513.16259765625
grounded,1095,5.03345251083374,2.7141237258911133,2.319328784942627,1e-05,0.5078125,107.33797850005794,9513.16259765625
grounded,1096,5.288651466369629,2.8802120685577393,2.4084391593933105,1e-05,0.4765625,107.43346790003125,9513.16259765625
grounded,1097,5.203035831451416,2.7725229263305664,2.4305129051208496,1e-05,0.4921875,107.52788820001297,9513.16259765625
grounded,1098,5.661371231079102,3.1165823936462402,2.5447890758514404,1e-05,0.4609375,107.6233456999762,9513.16259765625
grounded,1099,4.84977912902832,2.5323824882507324,2.317396879196167,1e-05,0.546875,107.71974269999191,9513.16259765625
grounded,1100,5.6775665283203125,3.1480205059051514,2.529546022415161,1e-05,0.453125,107.81538990000263,9513.16259765625
grounded,1101,5.15781307220459,2.7817904949188232,2.3760225772857666,1e-05,0.5078125,107.91238250001334,9513.16259765625
grounded,1102,4.948738098144531,2.592177391052246,2.356560707092285,1e-05,0.53125,108.00829540006816,9513.16259765625
grounded,1103,5.378026962280273,2.839195489883423,2.5388312339782715,1e-05,0.4921875,108.10438660008367,9513.16259765625
grounded,1104,4.474294662475586,2.2724666595458984,2.2018280029296875,1e-05,0.5859375,108.19959620002192,9513.16259765625
grounded,1105,5.446028709411621,2.996126174926758,2.4499025344848633,1e-05,0.46875,108.29505780001637,9513.16259765625
grounded,1106,5.886861801147461,3.277008295059204,2.6098532676696777,1e-05,0.421875,108.3903994000284,9513.16259765625
grounded,1107,5.802002906799316,3.180011749267578,2.6219911575317383,1e-05,0.4140625,108.48565950000193,9513.16259765625
grounded,1108,5.577230930328369,3.033024549484253,2.544206380844116,1e-05,0.421875,108.58062020002399,9513.16259765625
grounded,1109,5.162307262420654,2.809476613998413,2.352830648422241,1e-05,0.5078125,108.67597640003078,9513.16259765625
grounded,1110,5.008459091186523,2.6509029865264893,2.3575563430786133,1e-05,0.515625,108.77120810002089,9513.16259765625
grounded,1111,5.2457075119018555,2.8498618602752686,2.395845413208008,1e-05,0.484375,108.86777610005811,9513.16259765625
grounded,1112,5.79380989074707,3.0940256118774414,2.699784278869629,1e-05,0.4375,108.96382760000415,9513.16259765625
grounded,1113,5.308957099914551,2.7888736724853516,2.520083427429199,1e-05,0.46875,109.05930060008541,9513.16259765625
grounded,1114,5.181117057800293,2.698699474334717,2.482417345046997,1e-05,0.53125,109.15487660001963,9513.16259765625
grounded,1115,5.794069290161133,3.168449640274048,2.625619888305664,1e-05,0.4375,109.24978900002316,9513.16259765625
grounded,1116,4.724177360534668,2.5472612380981445,2.1769158840179443,1e-05,0.53125,109.34629350004252,9513.16259765625
grounded,1117,5.639509201049805,3.0717668533325195,2.567742109298706,1e-05,0.453125,109.4418976000743,9513.16259765625
grounded,1118,4.877913951873779,2.599802017211914,2.2781119346618652,1e-05,0.515625,109.5369482000824,9513.16259765625
grounded,1119,5.293915748596191,2.895087480545044,2.3988285064697266,1e-05,0.4609375,109.63230830000248,9513.16259765625
grounded,1120,5.065279960632324,2.7426607608795166,2.3226189613342285,1e-05,0.5,109.72767230006866,9513.16259765625
grounded,1121,4.913840293884277,2.5974998474121094,2.316340208053589,1e-05,0.5234375,109.82352730003186,9513.16259765625
grounded,1122,5.262953281402588,2.896242141723633,2.366711139678955,1e-05,0.484375,109.91944900003728,9513.16259765625
grounded,1123,5.61271858215332,2.981311559677124,2.6314072608947754,1e-05,0.4296875,110.01508799998555,9513.16259765625
grounded,1124,4.850419044494629,2.5968894958496094,2.2535297870635986,1e-05,0.515625,110.1109693000326,9513.16259765625
grounded,1125,5.143374443054199,2.7513396739959717,2.3920347690582275,1e-05,0.515625,110.20688489999156,9513.16259765625
grounded,1126,5.075615406036377,2.7228469848632812,2.3527684211730957,1e-05,0.5234375,110.30263450008351,9513.16259765625
grounded,1127,5.365121841430664,2.907683849334717,2.4574379920959473,1e-05,0.453125,110.39862990006804,9513.16259765625
grounded,1128,4.758973598480225,2.5672593116760254,2.191714286804199,1e-05,0.546875,110.49321280000731,9513.16259765625
grounded,1129,4.997591018676758,2.5329673290252686,2.4646236896514893,1e-05,0.546875,110.5885258000344,9513.16259765625
grounded,1130,5.171792030334473,2.805011749267578,2.3667802810668945,1e-05,0.46875,110.68421310000122,9513.16259765625
grounded,1131,5.5496673583984375,3.058060646057129,2.4916069507598877,1e-05,0.46875,110.77949780004565,9513.16259765625
grounded,1132,5.3587212562561035,2.9616923332214355,2.397028923034668,1e-05,0.4765625,110.87562479998451,9513.16259765625
grounded,1133,5.4473772048950195,2.9486582279205322,2.498718738555908,1e-05,0.4765625,110.9720955999801,9513.16259765625
grounded,1134,5.464122295379639,2.930007219314575,2.5341150760650635,1e-05,0.46875,111.06850669998676,9513.16259765625
grounded,1135,5.091874599456787,2.6935935020446777,2.3982810974121094,1e-05,0.515625,111.16363520000596,9513.16259765625
grounded,1136,4.967480659484863,2.5746219158172607,2.3928585052490234,1e-05,0.5234375,111.25877459999174,9513.16259765625
grounded,1137,4.9989824295043945,2.6690337657928467,2.3299484252929688,1e-05,0.53125,111.3543772000121,9513.16259765625
grounded,1138,5.707961082458496,3.140429973602295,2.5675313472747803,1e-05,0.4296875,111.44998809997924,9513.16259765625
grounded,1139,4.9430694580078125,2.55550479888916,2.3875648975372314,1e-05,0.5390625,111.5450210000854,9513.16259765625
grounded,1140,5.704089164733887,3.103686571121216,2.60040283203125,1e-05,0.4296875,111.64070570003241,9513.16259765625
grounded,1141,4.941600799560547,2.6376311779022217,2.3039698600769043,1e-05,0.5078125,111.73626929998863,9513.16259765625
grounded,1142,4.560266017913818,2.3795294761657715,2.180736541748047,1e-05,0.5625,111.83189150004182,9513.16259765625
grounded,1143,4.7821760177612305,2.5479226112365723,2.2342536449432373,1e-05,0.5390625,111.92751290008891,9513.16259765625
grounded,1144,4.830988883972168,2.62347412109375,2.207514762878418,1e-05,0.5078125,112.0240683000302,9513.16259765625
grounded,1145,4.784223556518555,2.4732160568237305,2.311007261276245,1e-05,0.546875,112.12055039999541,9513.16259765625
grounded,1146,5.487607002258301,3.0679526329040527,2.419654607772827,1e-05,0.46875,112.21530799998436,9513.16259765625
grounded,1147,4.8568115234375,2.6291017532348633,2.2277097702026367,1e-05,0.5234375,112.31090260006022,9513.16259765625
grounded,1148,5.541790008544922,3.0430848598480225,2.4987053871154785,1e-05,0.4609375,112.4065544999903,9513.16259765625
grounded,1149,5.169162273406982,2.862494468688965,2.3066678047180176,1e-05,0.4765625,112.50152380007785,9513.16259765625
grounded,1150,5.079861640930176,2.761842727661133,2.318019151687622,1e-05,0.5,112.59674690000247,9513.16259765625
grounded,1151,5.073675155639648,2.6859912872314453,2.387683868408203,1e-05,0.515625,112.69331750005949,9513.16259765625
grounded,1152,5.713744163513184,3.1766605377197266,2.537083625793457,1e-05,0.4296875,112.78847540006973,9513.16259765625
grounded,1153,5.344942092895508,2.924856424331665,2.420085906982422,1e-05,0.4765625,112.88397510000505,9513.16259765625
grounded,1154,5.3077497482299805,3.0052919387817383,2.302457571029663,1e-05,0.4765625,112.97957780002616,9513.16259765625
grounded,1155,5.428070068359375,2.878103256225586,2.549966812133789,1e-05,0.4765625,113.07546890003141,9513.16259765625
grounded,1156,5.502694129943848,3.0634403228759766,2.439253568649292,1e-05,0.4453125,113.17049889999907,9513.16259765625
grounded,1157,5.321804046630859,2.975409507751465,2.3463945388793945,1e-05,0.4609375,113.26554490008857,9513.16259765625
grounded,1158,5.836114883422852,3.3127002716064453,2.5234148502349854,1e-05,0.3984375,113.36184500006493,9513.16259765625
grounded,1159,5.525765895843506,2.9710021018981934,2.5547637939453125,1e-05,0.46875,113.45659810001962,9513.16259765625
grounded,1160,5.521726131439209,3.0746726989746094,2.4470534324645996,1e-05,0.453125,113.55213730002288,9513.16259765625
grounded,1161,5.123519420623779,2.8313560485839844,2.292163372039795,1e-05,0.484375,113.64781950006727,9513.16259765625
grounded,1162,4.951834678649902,2.6707143783569336,2.2811200618743896,1e-05,0.5234375,113.74263340001926,9513.16259765625
grounded,1163,5.318302154541016,2.920827865600586,2.397474527359009,1e-05,0.484375,113.83838730002753,9513.16259765625
grounded,1164,5.083664894104004,2.7931783199310303,2.2904863357543945,1e-05,0.5,113.93320470000617,9513.16259765625
grounded,1165,4.931077003479004,2.6603307723999023,2.2707459926605225,1e-05,0.53125,114.02906880003866,9513.16259765625
grounded,1166,5.137901306152344,2.8448708057403564,2.2930307388305664,1e-05,0.484375,114.12526170001365,9513.16259765625
grounded,1167,5.131596565246582,2.8587167263031006,2.2728800773620605,1e-05,0.4765625,114.22075760003645,9513.16259765625
grounded,1168,4.824207305908203,2.5944457054138184,2.2297613620758057,1e-05,0.515625,114.31547490006778,9513.16259765625
grounded,1169,5.772233963012695,3.20302677154541,2.569207191467285,1e-05,0.4296875,114.41116490005516,9513.16259765625
grounded,1170,5.216443061828613,2.8942134380340576,2.3222298622131348,1e-05,0.46875,114.50626840000041,9513.16259765625
grounded,1171,5.393558502197266,2.9240646362304688,2.4694936275482178,1e-05,0.484375,114.60178680007812,9513.16259765625
grounded,1172,5.177631855010986,2.7802748680114746,2.3973569869995117,1e-05,0.484375,114.6973725000862,9513.16259765625
grounded,1173,5.830345630645752,3.298767566680908,2.5315780639648438,1e-05,0.390625,114.7925737000769,9513.16259765625
grounded,1174,5.409544944763184,2.9974985122680664,2.4120466709136963,1e-05,0.453125,114.88808760000393,9513.16259765625
grounded,1175,5.1186723709106445,2.7602434158325195,2.358428955078125,1e-05,0.484375,114.9839762999909,9513.16259765625
grounded,1176,5.192944049835205,2.8546581268310547,2.3382859230041504,1e-05,0.4921875,115.07877580006607,9513.16259765625
grounded,1177,5.255149841308594,2.7949411869049072,2.4602088928222656,1e-05,0.515625,115.17496930004563,9513.16259765625
grounded,1178,5.120965957641602,2.774312973022461,2.3466532230377197,1e-05,0.5,115.270196700003,9513.16259765625
grounded,1179,5.2952880859375,2.8725099563598633,2.4227778911590576,1e-05,0.46875,115.3660636000568,9513.16259765625
grounded,1180,4.8119659423828125,2.6891846656799316,2.122781276702881,1e-05,0.5078125,115.46060190000571,9513.16259765625
grounded,1181,4.7701520919799805,2.6466054916381836,2.123546600341797,1e-05,0.5234375,115.55576570006087,9513.16259765625
grounded,1182,5.738850116729736,3.262202262878418,2.4766478538513184,1e-05,0.4140625,115.65103579999413,9513.16259765625
grounded,1183,5.6292572021484375,3.177894353866577,2.4513628482818604,1e-05,0.4296875,115.74567159998696,9513.16259765625
grounded,1184,4.522134304046631,2.396843433380127,2.125290870666504,1e-05,0.546875,115.8413503000047,9513.16259765625
grounded,1185,4.73681640625,2.5639686584472656,2.1728479862213135,1e-05,0.546875,115.93723350006621,9513.16259765625
grounded,1186,5.550414085388184,3.0583174228668213,2.4920969009399414,1e-05,0.4453125,116.0319804000901,9513.16259765625
grounded,1187,5.0741448402404785,2.6984987258911133,2.3756461143493652,1e-05,0.53125,116.12883010006044,9513.16259765625
grounded,1188,4.706131935119629,2.5905494689941406,2.1155824661254883,1e-05,0.53125,116.22393880004529,9513.16259765625
grounded,1189,4.969532012939453,2.696904182434082,2.272627592086792,1e-05,0.5234375,116.31943530007266,9513.16259765625
grounded,1190,5.483399391174316,3.074233055114746,2.4091663360595703,1e-05,0.453125,116.41509360005148,9513.16259765625
grounded,1191,4.992661476135254,2.755920648574829,2.236741065979004,1e-05,0.5078125,116.51025300007313,9513.16259765625
grounded,1192,6.050684928894043,3.458455801010132,2.5922293663024902,1e-05,0.3671875,116.60482550004963,9513.16259765625
grounded,1193,5.2181196212768555,2.919999837875366,2.2981200218200684,1e-05,0.4609375,116.69976580003276,9513.16259765625
grounded,1194,4.360442161560059,2.342578411102295,2.0178637504577637,1e-05,0.5390625,116.79544850008097,9513.16259765625
grounded,1195,4.7285871505737305,2.558868408203125,2.1697185039520264,1e-05,0.5234375,116.89130120002665,9513.16259765625
grounded,1196,5.1200995445251465,2.8389620780944824,2.281137466430664,1e-05,0.4921875,116.98628449998796,9513.16259765625
grounded,1197,5.5947041511535645,3.1086277961730957,2.4860763549804688,1e-05,0.453125,117.08279050001875,9513.16259765625
grounded,1198,5.873379707336426,3.376981735229492,2.4963979721069336,1e-05,0.3828125,117.1786200000206,9513.16259765625
grounded,1199,4.9329328536987305,2.665262222290039,2.2676703929901123,1e-05,0.5078125,117.27399030001834,9513.16259765625
grounded,1200,4.884969711303711,2.6953115463256836,2.1896581649780273,1e-05,0.5,117.36922640004195,9513.16259765625
grounded,1201,4.941838264465332,2.73001766204834,2.211820602416992,1e-05,0.5,117.46524030005094,9513.16259765625
grounded,1202,4.456350326538086,2.315011501312256,2.141338586807251,1e-05,0.5859375,117.56057590001728,9513.16259765625
grounded,1203,5.082736968994141,2.817411422729492,2.2653253078460693,1e-05,0.4921875,117.65514330007136,9513.16259765625
grounded,1204,5.3433451652526855,3.032041549682617,2.3113036155700684,1e-05,0.4609375,117.750762199983,9513.16259765625
grounded,1205,5.148157119750977,2.8696160316467285,2.278541326522827,1e-05,0.5234375,117.8461017999798,9513.16259765625
grounded,1206,5.49907112121582,3.1494922637939453,2.349578619003296,1e-05,0.4296875,117.94133140007034,9513.16259765625
grounded,1207,5.289467811584473,2.9374303817749023,2.352037191390991,1e-05,0.4765625,118.03679020004347,9513.16259765625
grounded,1208,5.106728553771973,2.859494686126709,2.2472338676452637,1e-05,0.5,118.13281810004264,9513.16259765625
grounded,1209,4.777924537658691,2.6020190715789795,2.175905704498291,1e-05,0.5,118.22826400003396,9513.16259765625
grounded,1210,4.913908004760742,2.754471778869629,2.1594364643096924,1e-05,0.5078125,118.32307980000041,9513.16259765625
grounded,1211,5.146633625030518,2.8683433532714844,2.278290271759033,1e-05,0.4765625,118.41857590002473,9513.16259765625
grounded,1212,5.015481472015381,2.831096649169922,2.184384822845459,1e-05,0.4765625,118.51439300004859,9513.16259765625
grounded,1213,5.605568885803223,3.137073516845703,2.4684953689575195,1e-05,0.421875,118.60897790000308,9513.16259765625
grounded,1214,5.005789756774902,2.805192232131958,2.2005972862243652,1e-05,0.484375,118.7043444000883,9513.16259765625
grounded,1215,5.0920329093933105,2.819113254547119,2.2729196548461914,1e-05,0.5,118.80056710005738,9513.16259765625
grounded,1216,4.481624603271484,2.429384469985962,2.0522403717041016,1e-05,0.5703125,118.89585269999225,9513.16259765625
grounded,1217,5.253284454345703,2.900949239730835,2.352334976196289,1e-05,0.453125,118.9905081000179,9513.16259765625
grounded,1218,5.306716442108154,2.9328856468200684,2.373830795288086,1e-05,0.4609375,119.08632360002957,9513.16259765625
grounded,1219,5.28433895111084,3.0453438758850098,2.23899507522583,1e-05,0.4453125,119.18217600008938,9513.16259765625
grounded,1220,5.11089563369751,2.8099637031555176,2.300931930541992,1e-05,0.4921875,119.2773554000305,9513.16259765625
grounded,1221,5.022624492645264,2.8403584957122803,2.1822659969329834,1e-05,0.46875,119.37291739997454,9513.16259765625
grounded,1222,4.91797399520874,2.727318286895752,2.1906557083129883,1e-05,0.515625,119.46767779998481,9513.16259765625
grounded,1223,5.13791561126709,2.7857236862182617,2.3521921634674072,1e-05,0.515625,119.56288540002424,9513.16259765625
grounded,1224,5.37164831161499,2.964759349822998,2.406888961791992,1e-05,0.4765625,119.6576417000033,9513.16259765625
grounded,1225,4.549510478973389,2.492638111114502,2.0568723678588867,1e-05,0.546875,119.75287379999645,9513.16259765625
grounded,1226,5.034503936767578,2.8760879039764404,2.1584157943725586,1e-05,0.484375,119.84827509999741,9513.16259765625
grounded,1227,4.828462600708008,2.703458786010742,2.1250040531158447,1e-05,0.5078125,119.94403530005366,9513.16259765625
grounded,1228,5.003739356994629,2.78212833404541,2.2216107845306396,1e-05,0.4765625,120.04080160008743,9513.16259765625
grounded,1229,4.976917266845703,2.8138341903686523,2.16308331489563,1e-05,0.484375,120.13784860004671,9513.16259765625
grounded,1230,5.098562240600586,2.9107463359832764,2.1878156661987305,1e-05,0.4609375,120.23374609998427,9513.16259765625
grounded,1231,5.069488525390625,2.8544321060180664,2.2150561809539795,1e-05,0.484375,120.32958460005466,9513.16259765625
grounded,1232,4.646209716796875,2.580361843109131,2.0658481121063232,1e-05,0.5234375,120.42525149998255,9513.16259765625
grounded,1233,4.521592140197754,2.4372520446777344,2.0843403339385986,1e-05,0.5625,120.52104380005039,9513.16259765625
grounded,1234,4.669305801391602,2.5515360832214355,2.117769718170166,1e-05,0.5390625,120.6159979000222,9513.16259765625
grounded,1235,5.321530342102051,2.9356327056884766,2.385897636413574,1e-05,0.4609375,120.71166030003224,9513.16259765625
grounded,1236,5.117383003234863,2.861647844314575,2.255735158920288,1e-05,0.4609375,120.80800660001114,9513.16259765625
grounded,1237,5.403728485107422,3.0496387481689453,2.3540897369384766,1e-05,0.453125,120.90330240002368,9513.16259765625
grounded,1238,4.944563388824463,2.7798779010772705,2.1646854877471924,1e-05,0.5,120.9989840000635,9513.16259765625
grounded,1239,4.793110370635986,2.6660428047180176,2.1270675659179688,1e-05,0.5390625,121.09552790003363,9513.16259765625
grounded,1240,4.330476760864258,2.4292659759521484,1.9012106657028198,1e-05,0.5703125,121.19067250005901,9513.16259765625
grounded,1241,5.450091361999512,3.111217498779297,2.338873863220215,1e-05,0.4296875,121.28587270004209,9513.16259765625
grounded,1242,4.463906288146973,2.4321341514587402,2.0317721366882324,1e-05,0.546875,121.38096159999259,9513.16259765625
grounded,1243,5.219170570373535,2.9410667419433594,2.2781035900115967,1e-05,0.46875,121.47620010003448,9513.16259765625
grounded,1244,4.8382697105407715,2.677887439727783,2.1603822708129883,1e-05,0.515625,121.57129130000249,9513.16259765625
grounded,1245,4.87024450302124,2.7136521339416504,2.15659236907959,1e-05,0.5078125,121.66646820004098,9513.16259765625
grounded,1246,5.1732940673828125,2.9318928718566895,2.241401195526123,1e-05,0.453125,121.7611603999976,9513.16259765625
grounded,1247,5.073042869567871,2.8833885192871094,2.189654588699341,1e-05,0.4921875,121.85733640007675,9513.16259765625
grounded,1248,5.27286434173584,2.9609687328338623,2.3118953704833984,1e-05,0.4453125,121.9524267000379,9513.16259765625
grounded,1249,4.939008712768555,2.732419013977051,2.206589698791504,1e-05,0.515625,122.04804540006444,9513.16259765625
grounded,1250,5.2372307777404785,2.916652202606201,2.3205785751342773,1e-05,0.46875,122.1433802000247,9513.16259765625
grounded,1251,4.945727348327637,2.7758326530456543,2.1698946952819824,1e-05,0.5,122.23978459998034,9513.16259765625
grounded,1252,5.289806365966797,3.0069642066955566,2.282841920852661,1e-05,0.4375,122.33535310009029,9513.16259765625
grounded,1253,4.852839946746826,2.7349014282226562,2.11793851852417,1e-05,0.5,122.43090530007612,9513.16259765625
grounded,1254,4.929631233215332,2.8215510845184326,2.1080803871154785,1e-05,0.4765625,122.52585750003345,9513.16259765625
grounded,1255,4.506221294403076,2.4713592529296875,2.0348620414733887,1e-05,0.5546875,122.62102550000418,9513.16259765625
grounded,1256,5.321112632751465,3.093750238418579,2.227362632751465,1e-05,0.4296875,122.71644400001969,9513.16259765625
grounded,1257,5.182600975036621,2.957552909851074,2.225048065185547,1e-05,0.453125,122.81213169998955,9513.16259765625
grounded,1258,4.733171463012695,2.66147518157959,2.0716962814331055,1e-05,0.484375,122.90725070005283,9513.16259765625
grounded,1259,4.596688747406006,2.4845805168151855,2.1121082305908203,1e-05,0.5546875,123.00238810002338,9513.16259765625
grounded,1260,3.966115951538086,2.1305408477783203,1.835574984550476,1e-05,0.6015625,123.09884450002573,9513.16259765625
grounded,1261,4.215022087097168,2.2453136444091797,1.9697085618972778,1e-05,0.5859375,123.19367260008585,9513.16259765625
grounded,1262,5.057476043701172,2.7849040031433105,2.2725720405578613,1e-05,0.484375,123.28932560002431,9513.16259765625
grounded,1263,4.6752119064331055,2.6364965438842773,2.038715362548828,1e-05,0.5234375,123.38460430002306,9513.16259765625
grounded,1264,5.363023281097412,2.9878644943237305,2.3751587867736816,1e-05,0.46875,123.47973440005444,9513.16259765625
grounded,1265,4.727161407470703,2.6229047775268555,2.1042566299438477,1e-05,0.5234375,123.57511980005074,9513.16259765625
grounded,1266,4.884721279144287,2.7667298316955566,2.1179914474487305,1e-05,0.5,123.67003040004056,9513.16259765625
grounded,1267,5.472766876220703,3.10001802444458,2.372748613357544,1e-05,0.4375,123.76599520002492,9513.16259765625
grounded,1268,4.319786071777344,2.415381669998169,1.9044044017791748,1e-05,0.53125,123.86165530001745,9513.16259765625
grounded,1269,5.0413498878479,2.8402836322784424,2.201066255569458,1e-05,0.4921875,123.95707780006342,9513.16259765625
grounded,1270,5.088296413421631,2.8999509811401367,2.188345432281494,1e-05,0.46875,124.05397390003782,9513.16259765625
grounded,1271,4.662930488586426,2.6007943153381348,2.062135934829712,1e-05,0.515625,124.14929249999113,9513.16259765625
grounded,1272,5.145411491394043,2.9213523864746094,2.2240593433380127,1e-05,0.453125,124.24500650004484,9513.16259765625
grounded,1273,4.793313026428223,2.671701431274414,2.1216115951538086,1e-05,0.484375,124.34104410000145,9513.16259765625
grounded,1274,4.753605842590332,2.5694148540496826,2.1841912269592285,1e-05,0.515625,124.43603720003739,9513.16259765625
grounded,1275,4.713112831115723,2.5156521797180176,2.197460651397705,1e-05,0.5390625,124.53091020009015,9513.16259765625
grounded,1276,5.503790855407715,3.166375160217285,2.3374156951904297,1e-05,0.4296875,124.62635040003806,9513.16259765625
grounded,1277,4.698310852050781,2.627793073654175,2.0705175399780273,1e-05,0.5078125,124.72195140004624,9513.16259765625
grounded,1278,5.297520637512207,2.9919416904449463,2.3055789470672607,1e-05,0.4453125,124.81769579998218,9513.16259765625
grounded,1279,5.590948104858398,3.2143235206604004,2.376624584197998,1e-05,0.40625,124.91354310000315,9513.16259765625
grounded,1280,5.274773597717285,3.0370030403137207,2.2377705574035645,1e-05,0.4453125,125.0088641999755,9513.16259765625
grounded,1281,4.973249912261963,2.805112361907959,2.168137550354004,1e-05,0.5,125.10500270000193,9513.16259765625
grounded,1282,4.468931674957275,2.558380603790283,1.9105511903762817,1e-05,0.5234375,125.20012960000895,9513.16259765625
grounded,1283,4.629809379577637,2.54451322555542,2.085296392440796,1e-05,0.5,125.29670280008577,9513.16259765625
grounded,1284,4.395036220550537,2.371368169784546,2.023668050765991,1e-05,0.5859375,125.39171490003355,9513.16259765625
grounded,1285,5.136384963989258,2.971522092819214,2.164862871170044,1e-05,0.4453125,125.48638360004406,9513.16259765625
grounded,1286,5.199795722961426,2.8940773010253906,2.305718421936035,1e-05,0.4765625,125.58155690005515,9513.16259765625
grounded,1287,4.935389041900635,2.7672476768493652,2.1681413650512695,1e-05,0.5078125,125.67678420001175,9513.16259765625
grounded,1288,5.208590507507324,3.011436700820923,2.1971535682678223,1e-05,0.453125,125.77126980002504,9513.16259765625
grounded,1289,4.424700736999512,2.4267473220825195,1.9979534149169922,1e-05,0.5390625,125.86743880005088,9513.16259765625
grounded,1290,5.031186580657959,2.8928403854370117,2.1383461952209473,1e-05,0.46875,125.9625147000188,9513.16259765625
grounded,1291,5.32440710067749,3.023266315460205,2.301140785217285,1e-05,0.4453125,126.05812330008484,9513.16259765625
grounded,1292,4.779849052429199,2.6212220191955566,2.1586272716522217,1e-05,0.53125,126.15386820002459,9513.16259765625
grounded,1293,4.938348770141602,2.801943063735962,2.1364059448242188,1e-05,0.4765625,126.24942840007134,9513.16259765625
grounded,1294,4.92366886138916,2.7613072395324707,2.1623613834381104,1e-05,0.4765625,126.34488099999726,9513.16259765625
grounded,1295,5.017914295196533,2.9390993118286133,2.07881498336792,1e-05,0.46875,126.43951450008899,9513.16259765625
grounded,1296,4.966384410858154,2.835521697998047,2.1308627128601074,1e-05,0.46875,126.53546709998045,9513.16259765625
grounded,1297,4.638265609741211,2.6116278171539307,2.0266380310058594,1e-05,0.53125,126.6312475000741,9513.16259765625
grounded,1298,5.045236587524414,2.7888083457946777,2.2564280033111572,1e-05,0.5,126.72671429999173,9513.16259765625
grounded,1299,5.631653785705566,3.1853137016296387,2.4463400840759277,1e-05,0.3984375,126.82245310000144,9513.16259765625
grounded,1300,4.670888900756836,2.579301118850708,2.091588020324707,1e-05,0.5,126.91815829998814,9513.16259765625
grounded,1301,4.480832099914551,2.57511568069458,1.9057164192199707,1e-05,0.546875,127.01354269997682,9513.16259765625
grounded,1302,5.307567119598389,3.0930333137512207,2.214533805847168,1e-05,0.453125,127.10944610007573,9513.16259765625
grounded,1303,4.97310209274292,2.8890857696533203,2.0840163230895996,1e-05,0.4609375,127.2049885999877,9513.16259765625
grounded,1304,5.374661922454834,3.121809482574463,2.252852439880371,1e-05,0.4296875,127.30143510003109,9513.16259765625
grounded,1305,5.44012975692749,3.1458373069763184,2.294292449951172,1e-05,0.40625,127.3959064000519,9513.16259765625
grounded,1306,5.359224796295166,3.15398907661438,2.205235719680786,1e-05,0.40625,127.4916460000677,9513.16259765625
grounded,1307,4.503127098083496,2.479926109313965,2.023200750350952,1e-05,0.546875,127.58717930002604,9513.16259765625
grounded,1308,5.084023952484131,2.940702199935913,2.1433217525482178,1e-05,0.4453125,127.68226370005868,9513.16259765625
grounded,1309,4.492802619934082,2.4996867179870605,1.993116021156311,1e-05,0.5625,127.77709860005416,9513.16259765625
grounded,1310,4.941146373748779,2.8245134353637695,2.1166329383850098,1e-05,0.484375,127.87312420003582,9513.16259765625
grounded,1311,4.640478134155273,2.5876433849334717,2.0528345108032227,1e-05,0.53125,127.9682864000788,9513.16259765625
grounded,1312,4.992323875427246,2.914933681488037,2.077390432357788,1e-05,0.4765625,128.06429880007636,9513.16259765625
grounded,1313,5.145427703857422,2.896672010421753,2.24875545501709,1e-05,0.4765625,128.16112399997655,9513.16259765625
grounded,1314,5.256577014923096,2.899660110473633,2.356916904449463,1e-05,0.4609375,128.2575582000427,9513.16259765625
grounded,1315,5.0688676834106445,2.8591511249542236,2.209716320037842,1e-05,0.4921875,128.35303870006464,9513.16259765625
grounded,1316,4.341256141662598,2.4078612327575684,1.9333950281143188,1e-05,0.5546875,128.4490224000765,9513.16259765625
grounded,1317,4.289989471435547,2.458019733428955,1.831969976425171,1e-05,0.5546875,128.54391820007004,9513.16259765625
grounded,1318,4.916003227233887,2.8445091247558594,2.0714943408966064,1e-05,0.484375,128.6390701000346,9513.16259765625
grounded,1319,5.029314994812012,2.8470358848571777,2.182279109954834,1e-05,0.484375,128.73358860006556,9513.16259765625
grounded,1320,5.253380298614502,3.0187783241271973,2.2346019744873047,1e-05,0.4453125,128.8294642000692,9513.16259765625
grounded,1321,5.161559104919434,2.877988815307617,2.2835705280303955,1e-05,0.4765625,128.924883000087,9513.16259765625
grounded,1322,5.205766677856445,3.0189871788024902,2.186779499053955,1e-05,0.4375,129.01992420002352,9513.16259765625
grounded,1323,4.584315299987793,2.500607490539551,2.083707809448242,1e-05,0.546875,129.1153643000871,9513.16259765625
grounded,1324,4.857591152191162,2.749016284942627,2.108574867248535,1e-05,0.4765625,129.21091800008435,9513.16259765625
grounded,1325,4.900357723236084,2.816202163696289,2.084155559539795,1e-05,0.4765625,129.30663670005742,9513.16259765625
grounded,1326,4.330141067504883,2.3797190189361572,1.9504222869873047,1e-05,0.5390625,129.40120090008713,9513.16259765625
grounded,1327,5.22150182723999,2.97590970993042,2.2455921173095703,1e-05,0.453125,129.4963375000516,9513.16259765625
grounded,1328,5.0794453620910645,2.9237418174743652,2.155703544616699,1e-05,0.4609375,129.59200860001147,9513.16259765625
grounded,1329,4.745051860809326,2.7045857906341553,2.040466070175171,1e-05,0.515625,129.68778130004648,9513.16259765625
grounded,1330,4.863565444946289,2.828662395477295,2.034903049468994,1e-05,0.4921875,129.78327370004263,9513.16259765625
grounded,1331,5.09311580657959,2.925933599472046,2.167182445526123,1e-05,0.4609375,129.87950270005967,9513.16259765625
grounded,1332,4.941738128662109,2.824313163757324,2.117424726486206,1e-05,0.46875,129.9751631000545,9513.16259765625
grounded,1333,4.8254899978637695,2.7172317504882812,2.1082582473754883,1e-05,0.5078125,130.07117090001702,9513.16259765625
grounded,1334,5.083158493041992,2.892484664916992,2.190673828125,1e-05,0.453125,130.16654300002847,9513.16259765625
grounded,1335,4.52943229675293,2.5477755069732666,1.9816570281982422,1e-05,0.5234375,130.26205500005744,9513.16259765625
grounded,1336,4.70867919921875,2.6148531436920166,2.0938258171081543,1e-05,0.515625,130.3576201000251,9513.16259765625
grounded,1337,5.00283145904541,2.855661392211914,2.147170066833496,1e-05,0.4609375,130.45206550008152,9513.16259765625
grounded,1338,4.977536201477051,2.915924310684204,2.061612129211426,1e-05,0.453125,130.54745010007173,9513.16259765625
grounded,1339,3.7290260791778564,1.9522194862365723,1.7768065929412842,1e-05,0.625,130.64296790002845,9513.16259765625
grounded,1340,5.120945930480957,3.0188093185424805,2.1021366119384766,1e-05,0.4453125,130.73764230008237,9513.16259765625
grounded,1341,5.17678689956665,3.0021181106567383,2.174668788909912,1e-05,0.453125,130.8336514000548,9513.16259765625
grounded,1342,4.384242057800293,2.4773755073547363,1.9068663120269775,1e-05,0.5625,130.9290614000056,9513.16259765625
grounded,1343,4.798310279846191,2.711735725402832,2.0865747928619385,1e-05,0.5234375,131.023937900085,9513.16259765625
grounded,1344,5.035148620605469,2.9249234199523926,2.110224962234497,1e-05,0.46875,131.12013649998698,9513.16259765625
grounded,1345,5.425897598266602,3.163489818572998,2.2624077796936035,1e-05,0.40625,131.21538040007,9513.16259765625
grounded,1346,4.916274070739746,2.6741647720336914,2.2421090602874756,1e-05,0.5,131.31146760005504,9513.16259765625
grounded,1347,4.5197434425354,2.5902011394500732,1.9295423030853271,1e-05,0.5,131.40588299999945,9513.16259765625
grounded,1348,5.228046417236328,2.9868526458740234,2.2411937713623047,1e-05,0.4296875,131.50119109998923,9513.16259765625
grounded,1349,4.848123073577881,2.732208728790283,2.1159143447875977,1e-05,0.5,131.59608899999876,9513.16259765625
grounded,1350,4.287151336669922,2.3239827156066895,1.9631686210632324,1e-05,0.5546875,131.69114320003428,9513.16259765625
grounded,1351,4.5231523513793945,2.591897487640381,1.9312546253204346,1e-05,0.515625,131.78711829998065,9513.16259765625
grounded,1352,4.685304641723633,2.656033992767334,2.029270648956299,1e-05,0.5,131.8832833999768,9513.16259765625
grounded,1353,4.910072326660156,2.8035805225372314,2.1064915657043457,1e-05,0.46875,131.97970510006417,9513.16259765625
grounded,1354,4.997610092163086,2.8654820919036865,2.1321282386779785,1e-05,0.4765625,132.07600050000474,9513.16259765625
grounded,1355,4.921331405639648,2.8701975345611572,2.051133632659912,1e-05,0.484375,132.17177170002833,9513.16259765625
grounded,1356,5.476004123687744,3.237344264984131,2.2386598587036133,1e-05,0.390625,132.26718500000425,9513.16259765625
grounded,1357,4.750543117523193,2.749211311340332,2.0013318061828613,1e-05,0.4765625,132.3630554000847,9513.16259765625
grounded,1358,5.202582359313965,2.959442138671875,2.24314022064209,1e-05,0.46875,132.4579495000653,9513.16259765625
grounded,1359,5.333258628845215,3.1034231185913086,2.2298357486724854,1e-05,0.4375,132.55450780002866,9513.16259765625
grounded,1360,5.162570953369141,3.023324966430664,2.1392457485198975,1e-05,0.4609375,132.65009480004665,9513.16259765625
grounded,1361,4.563327789306641,2.6211354732513428,1.9421924352645874,1e-05,0.5234375,132.74523190001491,9513.16259765625
grounded,1362,5.39961051940918,3.187516212463379,2.212094306945801,1e-05,0.4375,132.84157090005465,9513.16259765625
grounded,1363,5.20763635635376,3.0003585815429688,2.207277774810791,1e-05,0.453125,132.9374713000143,9513.16259765625
grounded,1364,4.472652435302734,2.523510217666626,1.9491422176361084,1e-05,0.5234375,133.0318287999835,9513.16259765625
grounded,1365,4.745257377624512,2.7073092460632324,2.0379481315612793,1e-05,0.5,133.1278420999879,9513.16259765625
grounded,1366,4.895538330078125,2.7936902046203613,2.1018478870391846,1e-05,0.46875,133.22333810001146,9513.16259765625
grounded,1367,5.326367378234863,3.2034072875976562,2.122960090637207,1e-05,0.40625,133.31863270001486,9513.16259765625
grounded,1368,5.310801982879639,3.0334339141845703,2.2773680686950684,1e-05,0.4375,133.41369449999183,9513.16259765625
grounded,1369,5.039481163024902,2.9913182258605957,2.0481629371643066,1e-05,0.4375,133.50862940005027,9513.16259765625
grounded,1370,4.40620231628418,2.522608995437622,1.8835930824279785,1e-05,0.53125,133.60382519999985,9513.16259765625
grounded,1371,4.215494155883789,2.46926212310791,1.7462317943572998,1e-05,0.5546875,133.69889730005525,9513.16259765625
grounded,1372,5.040626525878906,3.016150951385498,2.024475336074829,1e-05,0.4609375,133.7951177000068,9513.16259765625
grounded,1373,4.904787063598633,2.7991318702697754,2.1056549549102783,1e-05,0.5,133.89029630005825,9513.16259765625
grounded,1374,4.493428707122803,2.5223047733306885,1.9711239337921143,1e-05,0.5234375,133.9860446000239,9513.16259765625
grounded,1375,5.0458598136901855,2.9213972091674805,2.124462604522705,1e-05,0.4296875,134.08199289999902,9513.16259765625
grounded,1376,5.082154750823975,3.0149688720703125,2.067185878753662,1e-05,0.453125,134.17811750003602,9513.16259765625
grounded,1377,3.9041290283203125,2.2363643646240234,1.667764663696289,1e-05,0.59375,134.27310490002856,9513.16259765625
grounded,1378,4.308150768280029,2.452939033508301,1.855211615562439,1e-05,0.5390625,134.36875660007354,9513.16259765625
grounded,1379,4.3185811042785645,2.476762056350708,1.8418190479278564,1e-05,0.546875,134.4639364000177,9513.16259765625
grounded,1380,4.627505302429199,2.677091598510742,1.950413703918457,1e-05,0.5390625,134.55874960008077,9513.16259765625
grounded,1381,4.698334693908691,2.730905771255493,1.9674289226531982,1e-05,0.515625,134.65398030006327,9513.16259765625
grounded,1382,4.7396087646484375,2.711550235748291,2.0280585289001465,1e-05,0.5,134.74936340004206,9513.16259765625
grounded,1383,4.97364616394043,2.7943427562713623,2.1793034076690674,1e-05,0.4609375,134.845572500024,9513.16259765625
grounded,1384,5.586881637573242,3.33366060256958,2.253220796585083,1e-05,0.40625,134.94050780008547,9513.16259765625
grounded,1385,5.197912216186523,3.095889091491699,2.1020233631134033,1e-05,0.4296875,135.0357909000013,9513.16259765625
grounded,1386,4.931539535522461,2.857558012008667,2.073981523513794,1e-05,0.5,135.13253479998093,9513.16259765625
grounded,1387,5.156124591827393,3.0701568126678467,2.085967779159546,1e-05,0.453125,135.22753909998573,9513.16259765625
grounded,1388,4.252861022949219,2.4578170776367188,1.7950439453125,1e-05,0.5625,135.3236695000669,9513.16259765625
grounded,1389,4.811515808105469,2.7189297676086426,2.092585802078247,1e-05,0.4921875,135.41835020005237,9513.16259765625
grounded,1390,4.813859939575195,2.73466157913208,2.0791983604431152,1e-05,0.4921875,135.5131418000674,9513.16259765625
grounded,1391,4.715438365936279,2.678877353668213,2.0365610122680664,1e-05,0.515625,135.60815660003573,9513.16259765625
grounded,1392,4.647740364074707,2.597506284713745,2.050233840942383,1e-05,0.515625,135.70403899997473,9513.16259765625
grounded,1393,5.051391124725342,2.9287514686584473,2.1226396560668945,1e-05,0.46875,135.80017639999278,9513.16259765625
grounded,1394,4.779239654541016,2.788006544113159,1.9912333488464355,1e-05,0.5,135.8954161000438,9513.16259765625
grounded,1395,4.977626800537109,2.941253662109375,2.0363731384277344,1e-05,0.4375,135.9916447000578,9513.16259765625
grounded,1396,4.611539840698242,2.6495089530944824,1.9620306491851807,1e-05,0.515625,136.0879776000511,9513.16259765625
grounded,1397,4.69248104095459,2.714374542236328,1.9781062602996826,1e-05,0.4921875,136.18285009998363,9513.16259765625
grounded,1398,4.3876237869262695,2.5452091693878174,1.842414379119873,1e-05,0.53125,136.27878579997923,9513.16259765625
grounded,1399,5.1324920654296875,3.0287861824035645,2.103705883026123,1e-05,0.4453125,136.37477200001013,9513.16259765625
grounded,1400,4.654825687408447,2.6493492126464844,2.005476474761963,1e-05,0.5078125,136.46962049999274,9513.16259765625
grounded,1401,5.086038589477539,2.951051712036133,2.1349868774414062,1e-05,0.453125,136.56636519997846,9513.16259765625
grounded,1402,4.545049667358398,2.6013314723968506,1.9437181949615479,1e-05,0.515625,136.66292869998142,9513.16259765625
grounded,1403,4.723293304443359,2.7907967567443848,1.932496428489685,1e-05,0.4921875,136.7587525000563,9513.16259765625
grounded,1404,4.792081356048584,2.7395973205566406,2.0524840354919434,1e-05,0.4921875,136.85521870001685,9513.16259765625
grounded,1405,4.744790077209473,2.7900965213775635,1.9546935558319092,1e-05,0.4765625,136.95014700002503,9513.16259765625
grounded,1406,4.7266364097595215,2.7945454120635986,1.9320908784866333,1e-05,0.484375,137.04621800000314,9513.16259765625
grounded,1407,4.331026077270508,2.527921199798584,1.8031048774719238,1e-05,0.5390625,137.14228949998505,9513.16259765625
grounded,1408,4.989972114562988,2.9511711597442627,2.0388009548187256,1e-05,0.453125,137.2371830000775,9513.16259765625
grounded,1409,4.778777122497559,2.8043110370635986,1.9744658470153809,1e-05,0.4609375,137.33299720007926,9513.16259765625
grounded,1410,5.011066913604736,2.995729446411133,2.0153374671936035,1e-05,0.4609375,137.42784090002533,9513.16259765625
grounded,1411,4.51957893371582,2.5428390502929688,1.9767401218414307,1e-05,0.546875,137.5224298000103,9513.16259765625
grounded,1412,4.717444896697998,2.7354185581207275,1.9820263385772705,1e-05,0.5,137.61712810001336,9513.16259765625
grounded,1413,4.94587516784668,2.8246912956237793,2.1211838722229004,1e-05,0.5,137.71238160005305,9513.16259765625
grounded,1414,4.781910419464111,2.748602867126465,2.0333075523376465,1e-05,0.484375,137.80843680002727,9513.16259765625
grounded,1415,4.277830123901367,2.4001216888427734,1.8777085542678833,1e-05,0.546875,137.90381839999463,9513.16259765625
grounded,1416,4.577793598175049,2.6671667098999023,1.910626769065857,1e-05,0.5,137.99948920006864,9513.16259765625
grounded,1417,4.9067840576171875,2.8852596282958984,2.02152419090271,1e-05,0.4609375,138.09544070006814,9513.16259765625
grounded,1418,4.536386013031006,2.6485729217529297,1.8878130912780762,1e-05,0.5078125,138.18990130000748,9513.16259765625
grounded,1419,4.8249969482421875,2.783370018005371,2.0416271686553955,1e-05,0.4921875,138.28579550003633,9513.16259765625
grounded,1420,4.6606950759887695,2.647942304611206,2.0127525329589844,1e-05,0.5234375,138.38179330003913,9513.16259765625
grounded,1421,4.704641342163086,2.711064338684082,1.9935767650604248,1e-05,0.5,138.47565450007096,9513.16259765625
grounded,1422,5.049928665161133,2.968743324279785,2.0811851024627686,1e-05,0.4453125,138.57089069997892,9513.16259765625
grounded,1423,5.006720542907715,2.9621498584747314,2.0445706844329834,1e-05,0.4453125,138.66636090003885,9513.16259765625
grounded,1424,4.565967559814453,2.6693458557128906,1.8966217041015625,1e-05,0.5,138.76166319998447,9513.16259765625
grounded,1425,4.78901481628418,2.820375442504883,1.9686391353607178,1e-05,0.453125,138.85692699998617,9513.16259765625
grounded,1426,4.804388999938965,2.7219161987304688,2.082472801208496,1e-05,0.515625,138.95223589998204,9513.16259765625
grounded,1427,4.818542003631592,2.8731212615966797,1.9454206228256226,1e-05,0.46875,139.0482064000098,9513.16259765625
grounded,1428,4.974184989929199,2.9718196392059326,2.0023651123046875,1e-05,0.453125,139.14427829999477,9513.16259765625
grounded,1429,3.952286720275879,2.252686023712158,1.6996006965637207,1e-05,0.578125,139.2398917999817,9513.16259765625
grounded,1430,4.380450248718262,2.459685802459717,1.9207642078399658,1e-05,0.5625,139.33615710004233,9513.16259765625
grounded,1431,4.647993564605713,2.6377410888671875,2.0102524757385254,1e-05,0.515625,139.43108090001624,9513.16259765625
grounded,1432,4.80327033996582,2.8025851249694824,2.000685453414917,1e-05,0.484375,139.52590520004742,9513.16259765625
grounded,1433,4.310257911682129,2.582911491394043,1.7273465394973755,1e-05,0.53125,139.62143459997606,9513.16259765625
grounded,1434,4.594676971435547,2.6527626514434814,1.9419140815734863,1e-05,0.515625,139.71620100003202,9513.16259765625
grounded,1435,4.380271911621094,2.5198111534118652,1.860460638999939,1e-05,0.5390625,139.81168929999694,9513.16259765625
grounded,1436,4.619159698486328,2.7047643661499023,1.9143953323364258,1e-05,0.4765625,139.90736309997737,9513.16259765625
grounded,1437,5.030417442321777,2.9809794425964355,2.049437999725342,1e-05,0.453125,140.00307360000443,9513.16259765625
grounded,1438,4.694807052612305,2.8419222831726074,1.8528845310211182,1e-05,0.46875,140.09822759998497,9513.16259765625
grounded,1439,4.752975940704346,2.8201329708099365,1.9328429698944092,1e-05,0.484375,140.1939899000572,9513.16259765625
grounded,1440,4.580425262451172,2.61895751953125,1.9614675045013428,1e-05,0.5234375,140.28988000005484,9513.16259765625
grounded,1441,4.6042890548706055,2.688750982284546,1.9155380725860596,1e-05,0.5078125,140.38584360003006,9513.16259765625
grounded,1442,4.368252754211426,2.5031180381774902,1.8651349544525146,1e-05,0.546875,140.48063320002984,9513.16259765625
grounded,1443,4.937351703643799,2.8638525009155273,2.0734992027282715,1e-05,0.46875,140.57702900003642,9513.16259765625
grounded,1444,4.678961753845215,2.686950445175171,1.992011547088623,1e-05,0.4609375,140.67303250008263,9513.16259765625
grounded,1445,4.744131088256836,2.8439993858337402,1.9001317024230957,1e-05,0.4921875,140.7686873000348,9513.16259765625
grounded,1446,4.146639347076416,2.388953685760498,1.7576857805252075,1e-05,0.546875,140.86427340004593,9513.16259765625
grounded,1447,4.387669563293457,2.490851879119873,1.896817684173584,1e-05,0.546875,140.95979320001788,9513.16259765625
grounded,1448,4.563549995422363,2.6231703758239746,1.9403797388076782,1e-05,0.5,141.055966700078,9513.16259765625
grounded,1449,4.536857604980469,2.6667637825012207,1.870093584060669,1e-05,0.5078125,141.15143389999866,9513.16259765625
grounded,1450,4.235541343688965,2.443157196044922,1.792384386062622,1e-05,0.5625,141.24702070001513,9513.16259765625
grounded,1451,4.387310028076172,2.544600486755371,1.8427095413208008,1e-05,0.5390625,141.34421260003,9513.16259765625
grounded,1452,4.862481117248535,2.832347869873047,2.0301332473754883,1e-05,0.484375,141.43897650006693,9513.16259765625
grounded,1453,4.489701747894287,2.5311760902404785,1.9585257768630981,1e-05,0.5078125,141.53366479999386,9513.16259765625
grounded,1454,4.6061906814575195,2.64658260345459,1.9596078395843506,1e-05,0.5078125,141.62974190001842,9513.16259765625
grounded,1455,4.8023552894592285,2.841573476791382,1.9607816934585571,1e-05,0.4609375,141.72517660004087,9513.16259765625
grounded,1456,4.658818244934082,2.751673936843872,1.907144546508789,1e-05,0.5,141.8206432000734,9513.16259765625
grounded,1457,4.9237542152404785,2.947831630706787,1.9759225845336914,1e-05,0.46875,141.9167155000614,9513.16259765625
grounded,1458,5.034188747406006,3.0388288497924805,1.9953598976135254,1e-05,0.421875,142.01152970001567,9513.16259765625
grounded,1459,4.862966537475586,2.869434356689453,1.9935321807861328,1e-05,0.484375,142.10773859999608,9513.16259765625
grounded,1460,4.8902177810668945,2.9741504192352295,1.9160676002502441,1e-05,0.4453125,142.20338150009047,9513.16259765625
grounded,1461,4.937921047210693,2.9814281463623047,1.9564929008483887,1e-05,0.4453125,142.29913040006068,9513.16259765625
grounded,1462,4.484588146209717,2.6222493648529053,1.8623387813568115,1e-05,0.5078125,142.39502820000052,9513.16259765625
grounded,1463,4.0211639404296875,2.327664852142334,1.6934990882873535,1e-05,0.5703125,142.48896019998938,9513.16259765625
grounded,1464,4.555882930755615,2.6601722240448,1.8957105875015259,1e-05,0.5,142.5841465999838,9513.16259765625
grounded,1465,4.735883712768555,2.823061466217041,1.9128221273422241,1e-05,0.4921875,142.6789368999889,9513.16259765625
grounded,1466,4.750101566314697,2.88301944732666,1.867082118988037,1e-05,0.4609375,142.77357140008826,9513.16259765625
grounded,1467,4.723905086517334,2.817223072052002,1.9066821336746216,1e-05,0.5,142.86983049998526,9513.16259765625
grounded,1468,4.135106086730957,2.4628853797912598,1.6722209453582764,1e-05,0.5703125,142.96516040002462,9513.16259765625
grounded,1469,4.628899097442627,2.7452473640441895,1.883651614189148,1e-05,0.4921875,143.06063090008684,9513.16259765625
grounded,1470,4.693221092224121,2.8307957649230957,1.8624253273010254,1e-05,0.4765625,143.1562473999802,9513.16259765625
grounded,1471,5.1399455070495605,3.094651699066162,2.0452938079833984,1e-05,0.4375,143.25148410000838,9513.16259765625
grounded,1472,4.577795028686523,2.667372703552246,1.9104223251342773,1e-05,0.515625,143.34698140004184,9513.16259765625
grounded,1473,4.37473201751709,2.6244356632232666,1.7502963542938232,1e-05,0.53125,143.44256190001033,9513.16259765625
grounded,1474,4.021725654602051,2.4103827476501465,1.6113430261611938,1e-05,0.546875,143.53696519997902,9513.16259765625
grounded,1475,4.574143409729004,2.700289487838745,1.8738538026809692,1e-05,0.5078125,143.6314480000874,9513.16259765625
grounded,1476,4.296022415161133,2.4911084175109863,1.8049142360687256,1e-05,0.546875,143.72670370002743,9513.16259765625
grounded,1477,4.625345230102539,2.6831040382385254,1.9422411918640137,1e-05,0.515625,143.82301010005176,9513.16259765625
grounded,1478,3.9751031398773193,2.2836694717407227,1.6914336681365967,1e-05,0.578125,143.91792150004767,9513.16259765625
grounded,1479,3.860703229904175,2.24626088142395,1.6144423484802246,1e-05,0.59375,144.0130670000799,9513.16259765625
grounded,1480,4.413638114929199,2.6103413105010986,1.8032965660095215,1e-05,0.5078125,144.10905199998524,9513.16259765625
grounded,1481,4.126219749450684,2.509082555770874,1.6171371936798096,1e-05,0.53125,144.2042863999959,9513.16259765625
grounded,1482,4.518078327178955,2.6595046520233154,1.8585736751556396,1e-05,0.5,144.29934110003524,9513.16259765625
grounded,1483,4.852592945098877,2.9088449478149414,1.9437479972839355,1e-05,0.4453125,144.39542479999363,9513.16259765625
grounded,1484,5.058760643005371,2.9679529666900635,2.0908074378967285,1e-05,0.453125,144.49003780004568,9513.16259765625
grounded,1485,4.211669445037842,2.4376072883605957,1.774062156677246,1e-05,0.53125,144.5849600000074,9513.16259765625
grounded,1486,4.811036586761475,2.898071527481079,1.912965178489685,1e-05,0.4609375,144.6805270999903,9513.16259765625
grounded,1487,4.533224105834961,2.803941249847412,1.7292826175689697,1e-05,0.484375,144.77634450001642,9513.16259765625
grounded,1488,4.846875190734863,2.854536294937134,1.99233877658844,1e-05,0.453125,144.872838600073,9513.16259765625
grounded,1489,4.116791725158691,2.4192121028900146,1.6975793838500977,1e-05,0.5546875,144.96817600005306,9513.16259765625
grounded,1490,4.47707462310791,2.6423439979553223,1.834730625152588,1e-05,0.515625,145.06369189999532,9513.16259765625
grounded,1491,4.640057563781738,2.7538182735443115,1.8862390518188477,1e-05,0.5078125,145.15954760008026,9513.16259765625
grounded,1492,4.592123985290527,2.71232533454895,1.879798412322998,1e-05,0.5078125,145.25479170004837,9513.16259765625
grounded,1493,3.835284948348999,2.291069507598877,1.544215440750122,1e-05,0.5625,145.350436000037,9513.16259765625
grounded,1494,5.476226806640625,3.3544483184814453,2.1217784881591797,1e-05,0.375,145.4461062999908,9513.16259765625
grounded,1495,4.7264862060546875,2.896224021911621,1.8302619457244873,1e-05,0.4765625,145.54010300000664,9513.16259765625
grounded,1496,4.253292083740234,2.4590208530426025,1.794271469116211,1e-05,0.5390625,145.63599209999666,9513.16259765625
grounded,1497,4.907520771026611,2.9491989612579346,1.9583218097686768,1e-05,0.453125,145.73077440005727,9513.16259765625
grounded,1498,4.772586345672607,2.844000816345215,1.928585410118103,1e-05,0.4765625,145.8266580000054,9513.16259765625
grounded,1499,4.165063858032227,2.4977872371673584,1.6672768592834473,1e-05,0.5390625,145.92224390001502,9513.16259765625
grounded,1500,4.835074424743652,2.8770980834960938,1.9579763412475586,1e-05,0.46875,146.0168311999878,9513.16259765625
grounded,1501,4.561504364013672,2.708416700363159,1.8530875444412231,1e-05,0.515625,146.4264206000371,9513.16259765625
grounded,1502,4.295130729675293,2.507498264312744,1.7876322269439697,1e-05,0.53125,146.52049670007546,9513.16259765625
grounded,1503,4.345767974853516,2.584440231323242,1.761327862739563,1e-05,0.5234375,146.61540430004243,9513.16259765625
grounded,1504,4.769288539886475,2.742987632751465,2.0263009071350098,1e-05,0.4921875,146.7105018000584,9513.16259765625
grounded,1505,4.77018404006958,2.8755133152008057,1.8946707248687744,1e-05,0.484375,146.80516630003694,9513.16259765625
grounded,1506,4.061068534851074,2.3533992767333984,1.7076692581176758,1e-05,0.5546875,146.90158120007254,9513.16259765625
grounded,1507,4.152857780456543,2.432314872741699,1.7205429077148438,1e-05,0.546875,146.99771989998408,9513.16259765625
grounded,1508,4.194159030914307,2.484600067138672,1.7095590829849243,1e-05,0.515625,147.0933596000541,9513.16259765625
grounded,1509,4.153456687927246,2.4429121017456055,1.7105448246002197,1e-05,0.5546875,147.18843019998167,9513.16259765625
grounded,1510,4.753695487976074,2.828817367553711,1.9248781204223633,1e-05,0.46875,147.28386149997823,9513.16259765625
grounded,1511,4.81574010848999,2.9038314819335938,1.911908507347107,1e-05,0.4765625,147.38018690003082,9513.16259765625
grounded,1512,4.1785359382629395,2.4657914638519287,1.7127443552017212,1e-05,0.5234375,147.4749230000889,9513.16259765625
grounded,1513,4.213203430175781,2.506603956222534,1.7065997123718262,1e-05,0.5390625,147.5696644000709,9513.16259765625
grounded,1514,4.514066219329834,2.756810188293457,1.7572561502456665,1e-05,0.4765625,147.66564130003098,9513.16259765625
grounded,1515,4.879417419433594,2.879641532897949,1.999776005744934,1e-05,0.4765625,147.76035830006003,9513.16259765625
grounded,1516,4.751674652099609,2.7462217807769775,2.0054526329040527,1e-05,0.4921875,147.8564258000115,9513.16259765625
grounded,1517,4.970302581787109,2.9803714752197266,1.989931344985962,1e-05,0.453125,147.95202169998083,9513.16259765625
grounded,1518,4.430360794067383,2.6284096240997314,1.8019510507583618,1e-05,0.5234375,148.04667409998365,9513.16259765625
grounded,1519,4.80904483795166,2.879492998123169,1.9295518398284912,1e-05,0.46875,148.14280240004882,9513.16259765625
grounded,1520,5.252813339233398,3.2206382751464844,2.032175064086914,1e-05,0.3984375,148.23799920000602,9513.16259765625
grounded,1521,5.01774263381958,3.069791793823242,1.947950839996338,1e-05,0.4453125,148.3338493000483,9513.16259765625
grounded,1522,4.510378837585449,2.6956892013549805,1.8146896362304688,1e-05,0.5,148.42874700005632,9513.16259765625
grounded,1523,4.869198799133301,2.9091339111328125,1.9600651264190674,1e-05,0.4609375,148.52303060004488,9513.16259765625
grounded,1524,4.228137969970703,2.5166845321655273,1.7114536762237549,1e-05,0.53125,148.6188383999979,9513.16259765625
grounded,1525,4.8683271408081055,2.9018349647521973,1.9664921760559082,1e-05,0.46875,148.71497870003805,9513.16259765625
grounded,1526,5.278868198394775,3.2470130920410156,2.0318551063537598,1e-05,0.3984375,148.81065800006036,9513.16259765625
grounded,1527,4.897639751434326,2.881208896636963,2.0164308547973633,1e-05,0.484375,148.90731670008972,9513.16259765625
grounded,1528,4.772390365600586,2.7818195819854736,1.9905705451965332,1e-05,0.4765625,149.00373330002185,9513.16259765625
grounded,1529,4.336339950561523,2.6233692169189453,1.7129709720611572,1e-05,0.5234375,149.09983479999937,9513.16259765625
grounded,1530,4.628429889678955,2.761622428894043,1.8668075799942017,1e-05,0.484375,149.19492620008532,9513.16259765625
grounded,1531,4.1466803550720215,2.4487156867980957,1.6979645490646362,1e-05,0.5625,149.29092810000293,9513.16259765625
grounded,1532,4.5822248458862305,2.8400752544403076,1.7421495914459229,1e-05,0.4609375,149.38722320005763,9513.16259765625
grounded,1533,4.767664909362793,2.9192590713500977,1.8484055995941162,1e-05,0.453125,149.48198560008314,9513.16259765625
grounded,1534,4.700760841369629,2.824125289916992,1.8766353130340576,1e-05,0.484375,149.57694920001086,9513.16259765625
grounded,1535,4.428035736083984,2.549393653869629,1.878642201423645,1e-05,0.5390625,149.67223340005148,9513.16259765625
grounded,1536,4.370264530181885,2.567988872528076,1.8022756576538086,1e-05,0.5234375,149.76701469998807,9513.16259765625
grounded,1537,4.173822402954102,2.507141590118408,1.6666808128356934,1e-05,0.546875,149.8637674000347,9513.16259765625
grounded,1538,4.986661434173584,3.0780062675476074,1.9086551666259766,1e-05,0.4453125,149.95909940009005,9513.16259765625
grounded,1539,4.615598678588867,2.721677303314209,1.8939216136932373,1e-05,0.5078125,150.05464820005,9513.16259765625
grounded,1540,4.114770412445068,2.4627749919891357,1.6519954204559326,1e-05,0.5390625,150.15023560007103,9513.16259765625
grounded,1541,4.519989490509033,2.69328236579895,1.826707124710083,1e-05,0.5078125,150.2451450000517,9513.16259765625
grounded,1542,4.144324779510498,2.4732449054718018,1.6710799932479858,1e-05,0.5625,150.34162309998646,9513.16259765625
grounded,1543,4.989241123199463,3.0422821044921875,1.9469590187072754,1e-05,0.4296875,150.4368519000709,9513.16259765625
grounded,1544,4.735884666442871,2.8623099327087402,1.8735747337341309,1e-05,0.4765625,150.5320153000066,9513.16259765625
grounded,1545,4.806388854980469,2.9110164642333984,1.8953723907470703,1e-05,0.4375,150.62711290002335,9513.16259765625
grounded,1546,4.257045745849609,2.5103354454040527,1.746710181236267,1e-05,0.5390625,150.72264320007525,9513.16259765625
grounded,1547,4.429052352905273,2.702026844024658,1.7270252704620361,1e-05,0.5078125,150.81755789997987,9513.16259765625
grounded,1548,4.640937805175781,2.7715282440185547,1.869409441947937,1e-05,0.4765625,150.91336400003638,9513.16259765625
grounded,1549,4.21000862121582,2.5288689136505127,1.6811397075653076,1e-05,0.5078125,151.008791500004,9513.16259765625
grounded,1550,4.6739501953125,2.8259689807891846,1.8479812145233154,1e-05,0.46875,151.10462900006678,9513.16259765625
grounded,1551,5.164120674133301,3.0787343978881836,2.085386276245117,1e-05,0.4296875,151.20123000000603,9513.16259765625
grounded,1552,5.039036750793457,3.074772357940674,1.9642643928527832,1e-05,0.4296875,151.29707380000036,9513.16259765625
grounded,1553,5.028974533081055,3.1016197204589844,1.9273550510406494,1e-05,0.4296875,151.39242460008245,9513.16259765625
grounded,1554,4.818624019622803,2.883816719055176,1.934807300567627,1e-05,0.46875,151.48728870006744,9513.16259765625
grounded,1555,4.8517985343933105,2.9376420974731445,1.9141563177108765,1e-05,0.453125,151.58140430005733,9513.16259765625
grounded,1556,4.714520454406738,2.874051809310913,1.840468406677246,1e-05,0.4453125,151.67721760005224,9513.16259765625
grounded,1557,4.147061347961426,2.494262218475342,1.6527988910675049,1e-05,0.5234375,151.77225000003818,9513.16259765625
grounded,1558,4.3300652503967285,2.513490915298462,1.8165744543075562,1e-05,0.53125,151.86838860006537,9513.16259765625
grounded,1559,4.323075294494629,2.665297508239746,1.657778024673462,1e-05,0.484375,151.96316080004908,9513.16259765625
grounded,1560,4.239278793334961,2.525358200073242,1.7139205932617188,1e-05,0.53125,152.05909400002565,9513.16259765625
grounded,1561,5.089211940765381,3.1122984886169434,1.976913571357727,1e-05,0.4296875,152.15523640008178,9513.16259765625
grounded,1562,4.457891941070557,2.6368556022644043,1.8210363388061523,1e-05,0.5,152.25016769999638,9513.16259765625
grounded,1563,4.681290626525879,2.850982904434204,1.830307960510254,1e-05,0.46875,152.3459471000824,9513.16259765625
grounded,1564,4.485315322875977,2.609879732131958,1.8754358291625977,1e-05,0.53125,152.44105919997673,9513.16259765625
grounded,1565,4.829230785369873,2.8433632850646973,1.9858676195144653,1e-05,0.46875,152.535628200043,9513.16259765625
grounded,1566,4.494569301605225,2.6604604721069336,1.8341087102890015,1e-05,0.5078125,152.63093270000536,9513.16259765625
grounded,1567,4.672929286956787,2.8867745399475098,1.786154866218567,1e-05,0.4609375,152.7257915000664,9513.16259765625
grounded,1568,4.177923202514648,2.45723557472229,1.7206875085830688,1e-05,0.5390625,152.82249160006177,9513.16259765625
grounded,1569,4.212504863739014,2.5546584129333496,1.6578463315963745,1e-05,0.515625,152.91865080001298,9513.16259765625
grounded,1570,4.347222328186035,2.5513713359832764,1.795851230621338,1e-05,0.5234375,153.01424669998232,9513.16259765625
grounded,1571,4.392633438110352,2.639744281768799,1.7528889179229736,1e-05,0.5,153.11131680000108,9513.16259765625
grounded,1572,4.5291218757629395,2.740389823913574,1.7887320518493652,1e-05,0.5,153.2063194999937,9513.16259765625
grounded,1573,4.105282306671143,2.4992947578430176,1.6059876680374146,1e-05,0.5390625,153.30269630008843,9513.16259765625
grounded,1574,4.2472825050354,2.5105903148651123,1.736692190170288,1e-05,0.53125,153.39813049999066,9513.16259765625
grounded,1575,4.717577934265137,2.937045097351074,1.7805330753326416,1e-05,0.453125,153.4932832000777,9513.16259765625
grounded,1576,4.556333541870117,2.8096792697906494,1.7466542720794678,1e-05,0.4921875,153.5872909000609,9513.16259765625
grounded,1577,4.312151908874512,2.5999534130096436,1.7121983766555786,1e-05,0.515625,153.68291029997636,9513.16259765625
grounded,1578,4.705394744873047,2.8485512733459473,1.85684335231781,1e-05,0.4609375,153.77855340007227,9513.16259765625
grounded,1579,5.17113733291626,3.1564741134643555,2.0146632194519043,1e-05,0.4140625,153.87445380003192,9513.16259765625
grounded,1580,4.481707572937012,2.7378721237182617,1.74383544921875,1e-05,0.484375,153.96972970000934,9513.16259765625
grounded,1581,4.2886223793029785,2.5262067317962646,1.7624156475067139,1e-05,0.5546875,154.06489500007592,9513.16259765625
grounded,1582,4.769198894500732,2.828179121017456,1.9410197734832764,1e-05,0.4921875,154.16061100002844,9513.16259765625
grounded,1583,4.0968170166015625,2.4334354400634766,1.663381576538086,1e-05,0.53125,154.2562863000203,9513.16259765625
grounded,1584,4.281905174255371,2.591050148010254,1.690854787826538,1e-05,0.5234375,154.35188029997516,9513.16259765625
grounded,1585,4.240196704864502,2.511955738067627,1.7282408475875854,1e-05,0.5390625,154.4478500999976,9513.16259765625
grounded,1586,4.794170379638672,2.913447618484497,1.8807225227355957,1e-05,0.453125,154.54271040007006,9513.16259765625
grounded,1587,4.59967041015625,2.8195765018463135,1.7800941467285156,1e-05,0.484375,154.63703600002918,9513.16259765625
grounded,1588,4.334959983825684,2.630774974822998,1.7041852474212646,1e-05,0.5234375,154.7325163000496,9513.16259765625
grounded,1589,4.448205947875977,2.662619113922119,1.7855868339538574,1e-05,0.5,154.82825520006008,9513.16259765625
grounded,1590,4.080503463745117,2.44553279876709,1.6349709033966064,1e-05,0.5546875,154.92370530008338,9513.16259765625
grounded,1591,4.352688312530518,2.5997586250305176,1.7529295682907104,1e-05,0.515625,155.01863330008928,9513.16259765625
grounded,1592,5.1722846031188965,3.1670989990234375,2.005185604095459,1e-05,0.4140625,155.11494190001395,9513.16259765625
grounded,1593,3.9569716453552246,2.2840113639831543,1.6729604005813599,1e-05,0.5703125,155.21041080006398,9513.16259765625
grounded,1594,4.346333980560303,2.632563352584839,1.7137706279754639,1e-05,0.5078125,155.30589580000378,9513.16259765625
grounded,1595,4.5268168449401855,2.69677472114563,1.8300420045852661,1e-05,0.4921875,155.4011800000444,9513.16259765625
grounded,1596,4.290313243865967,2.5512540340423584,1.7390592098236084,1e-05,0.515625,155.496705400059,9513.16259765625
grounded,1597,4.8516845703125,2.973550319671631,1.8781342506408691,1e-05,0.453125,155.59075850003865,9513.16259765625
grounded,1598,4.914510726928711,3.072725296020508,1.8417855501174927,1e-05,0.4453125,155.68588240002282,9513.16259765625
grounded,1599,4.637052059173584,2.85150408744812,1.7855479717254639,1e-05,0.4765625,155.7812663000077,9513.16259765625
grounded,1600,4.59150505065918,2.7628393173217773,1.828665852546692,1e-05,0.5,155.8771508000791,9513.16259765625
grounded,1601,4.226476669311523,2.553861141204834,1.6726155281066895,1e-05,0.5234375,155.97284370008856,9513.16259765625
grounded,1602,4.925688743591309,3.0505013465881348,1.8751875162124634,1e-05,0.4375,156.06871760007925,9513.16259765625
grounded,1603,4.758024215698242,2.9166641235351562,1.841360330581665,1e-05,0.453125,156.164462500019,9513.16259765625
grounded,1604,4.732736587524414,2.9408559799194336,1.7918806076049805,1e-05,0.4453125,156.2590849000262,9513.16259765625
grounded,1605,4.835653781890869,2.8548622131347656,1.9807915687561035,1e-05,0.4609375,156.35454159998335,9513.16259765625
grounded,1606,4.712460994720459,2.891954183578491,1.8205068111419678,1e-05,0.4921875,156.4495639000088,9513.16259765625
grounded,1607,4.329180717468262,2.6640045642852783,1.6651763916015625,1e-05,0.5078125,156.54474789998494,9513.16259765625
grounded,1608,4.461434364318848,2.668513536453247,1.7929208278656006,1e-05,0.4921875,156.63963029999286,9513.16259765625
grounded,1609,4.086090564727783,2.3624143600463867,1.723676085472107,1e-05,0.5625,156.73517090000678,9513.16259765625
grounded,1610,4.26692008972168,2.649183988571167,1.6177363395690918,1e-05,0.5234375,156.8304162999848,9513.16259765625
grounded,1611,4.668234348297119,2.8338332176208496,1.83440101146698,1e-05,0.4609375,156.92638870002702,9513.16259765625
grounded,1612,5.028310775756836,3.056492328643799,1.9718183279037476,1e-05,0.4375,157.02233860001434,9513.16259765625
grounded,1613,4.915716171264648,3.0774638652801514,1.8382525444030762,1e-05,0.421875,157.11906749999616,9513.16259765625
grounded,1614,4.207973957061768,2.585190773010254,1.6227830648422241,1e-05,0.5,157.21598300000187,9513.16259765625
grounded,1615,4.48307466506958,2.6999683380126953,1.7831063270568848,1e-05,0.4765625,157.31175300001632,9513.16259765625
grounded,1616,4.340304374694824,2.61918568611145,1.7211185693740845,1e-05,0.5,157.4078787000617,9513.16259765625
grounded,1617,4.476922035217285,2.800426483154297,1.6764957904815674,1e-05,0.453125,157.5024738999782,9513.16259765625
grounded,1618,4.484724044799805,2.779449224472046,1.705275058746338,1e-05,0.46875,157.5969150000019,9513.16259765625
grounded,1619,4.0659918785095215,2.3991615772247314,1.6668304204940796,1e-05,0.5703125,157.69286750000902,9513.16259765625
grounded,1620,4.606559753417969,2.7354724407196045,1.8710873126983643,1e-05,0.4609375,157.7884637999814,9513.16259765625
grounded,1621,4.505934238433838,2.7670319080352783,1.7389023303985596,1e-05,0.484375,157.88477790006436,9513.16259765625
grounded,1622,4.859840393066406,3.0301427841186523,1.8296974897384644,1e-05,0.4609375,157.9803578000283,9513.16259765625
grounded,1623,4.426237106323242,2.606412410736084,1.8198249340057373,1e-05,0.4921875,158.07666030002292,9513.16259765625
grounded,1624,3.869814395904541,2.3702831268310547,1.4995313882827759,1e-05,0.546875,158.17303439998068,9513.16259765625
grounded,1625,5.229001998901367,3.1743581295013428,2.0546441078186035,1e-05,0.421875,158.26766630006023,9513.16259765625
grounded,1626,4.106908798217773,2.461503505706787,1.6454055309295654,1e-05,0.5546875,158.3635021999944,9513.16259765625
grounded,1627,4.2279534339904785,2.5783209800720215,1.6496323347091675,1e-05,0.5,158.4590581000084,9513.16259765625
grounded,1628,4.211305618286133,2.4958038330078125,1.7155017852783203,1e-05,0.5390625,158.55384359997697,9513.16259765625
grounded,1629,4.592991828918457,2.8137223720550537,1.7792692184448242,1e-05,0.4765625,158.64829610008746,9513.16259765625
grounded,1630,4.184623718261719,2.5090818405151367,1.675541639328003,1e-05,0.5234375,158.7430038000457,9513.16259765625
grounded,1631,4.352958679199219,2.6603589057922363,1.6925997734069824,1e-05,0.484375,158.83926170004997,9513.16259765625
grounded,1632,4.677097320556641,2.8903799057006836,1.7867176532745361,1e-05,0.484375,158.93466780008748,9513.16259765625
grounded,1633,3.9119672775268555,2.359079122543335,1.5528881549835205,1e-05,0.5625,159.02975440002047,9513.16259765625
grounded,1634,4.1594061851501465,2.540036678314209,1.619369387626648,1e-05,0.53125,159.1264961999841,9513.16259765625
grounded,1635,4.710209846496582,2.8544979095458984,1.8557119369506836,1e-05,0.46875,159.22170220001135,9513.16259765625
grounded,1636,4.7090840339660645,2.9036221504211426,1.8054618835449219,1e-05,0.453125,159.3175933000166,9513.16259765625
grounded,1637,4.253234386444092,2.590928077697754,1.6623064279556274,1e-05,0.515625,159.41340080008376,9513.16259765625
grounded,1638,4.19365930557251,2.507831573486328,1.6858278512954712,1e-05,0.5234375,159.50819060008507,9513.16259765625
grounded,1639,4.060377597808838,2.470654249191284,1.5897233486175537,1e-05,0.53125,159.60348190006334,9513.16259765625
grounded,1640,4.498787879943848,2.789872169494629,1.7089157104492188,1e-05,0.4609375,159.69949450006243,9513.16259765625
grounded,1641,4.389713764190674,2.63248348236084,1.7572301626205444,1e-05,0.5234375,159.7948743000161,9513.16259765625
grounded,1642,4.782848834991455,3.0180814266204834,1.7647672891616821,1e-05,0.453125,159.89056700002402,9513.16259765625
grounded,1643,4.48373556137085,2.7599968910217285,1.7237385511398315,1e-05,0.484375,159.98645349999424,9513.16259765625
grounded,1644,3.5951380729675293,2.162710189819336,1.4324277639389038,1e-05,0.6015625,160.08214359998237,9513.16259765625
grounded,1645,4.8739776611328125,3.028937816619873,1.8450398445129395,1e-05,0.453125,160.1779150000075,9513.16259765625
grounded,1646,4.376710891723633,2.6825003623962402,1.6942107677459717,1e-05,0.4921875,160.27323709998745,9513.16259765625
grounded,1647,4.981748580932617,3.077451705932617,1.9042967557907104,1e-05,0.4296875,160.36944699997548,9513.16259765625
grounded,1648,4.662698268890381,2.8870437145233154,1.7756545543670654,1e-05,0.453125,160.4649209000636,9513.16259765625
grounded,1649,4.925806999206543,3.053842067718506,1.871964693069458,1e-05,0.4453125,160.55973950005136,9513.16259765625
grounded,1650,4.111804485321045,2.5346484184265137,1.5771559476852417,1e-05,0.5234375,160.65463620005175,9513.16259765625
grounded,1651,4.293335914611816,2.6303529739379883,1.6629831790924072,1e-05,0.5078125,160.75107490003575,9513.16259765625
grounded,1652,4.213261127471924,2.5774831771850586,1.6357778310775757,1e-05,0.53125,160.84628000005614,9513.16259765625
grounded,1653,4.487980842590332,2.747920036315918,1.740060806274414,1e-05,0.5,160.9419804000063,9513.16259765625
grounded,1654,4.438758850097656,2.7747182846069336,1.6640405654907227,1e-05,0.46875,161.0387523000827,9513.16259765625
grounded,1655,4.257657527923584,2.663351535797119,1.5943058729171753,1e-05,0.5,161.13620680000167,9513.16259765625
grounded,1656,4.320674419403076,2.634042263031006,1.6866322755813599,1e-05,0.4921875,161.23097909998614,9513.16259765625
grounded,1657,4.297636985778809,2.6093192100524902,1.6883175373077393,1e-05,0.53125,161.32812750001904,9513.16259765625
grounded,1658,4.380324840545654,2.6650266647338867,1.715298056602478,1e-05,0.5078125,161.42451020004228,9513.16259765625
grounded,1659,4.04405403137207,2.451383113861084,1.5926709175109863,1e-05,0.5390625,161.51959759998135,9513.16259765625
grounded,1660,4.108745574951172,2.4999356269836426,1.6088101863861084,1e-05,0.5390625,161.61456030001864,9513.16259765625
grounded,1661,4.5724263191223145,2.7604241371154785,1.8120020627975464,1e-05,0.4765625,161.70986629999243,9513.16259765625
grounded,1662,4.182305335998535,2.575550079345703,1.6067554950714111,1e-05,0.484375,161.80543659999967,9513.16259765625
grounded,1663,5.051919937133789,3.0693793296813965,1.9825408458709717,1e-05,0.421875,161.9008729000343,9513.16259765625
grounded,1664,4.710848331451416,2.8220348358154297,1.8888134956359863,1e-05,0.46875,161.99610009999014,9513.16259765625
grounded,1665,4.684947967529297,2.9025888442993164,1.7823591232299805,1e-05,0.4609375,162.09235530009028,9513.16259765625
grounded,1666,4.077556610107422,2.5527548789978027,1.5248018503189087,1e-05,0.5234375,162.18736169999465,9513.16259765625
grounded,1667,3.8479957580566406,2.3009562492370605,1.5470396280288696,1e-05,0.5546875,162.2825509000104,9513.16259765625
grounded,1668,5.147577285766602,3.2928881645202637,1.854689121246338,1e-05,0.390625,162.37911620002706,9513.16259765625
grounded,1669,4.449438095092773,2.718221664428711,1.7312166690826416,1e-05,0.484375,162.47536889999174,9513.16259765625
grounded,1670,3.8979287147521973,2.3102025985717773,1.58772611618042,1e-05,0.5625,162.57064140005969,9513.16259765625
grounded,1671,4.465795516967773,2.7899301052093506,1.6758652925491333,1e-05,0.4609375,162.6657310000155,9513.16259765625
grounded,1672,4.607022762298584,2.7958035469055176,1.811219334602356,1e-05,0.484375,162.76173849997576,9513.16259765625
grounded,1673,3.871978998184204,2.34395694732666,1.528022050857544,1e-05,0.5625,162.8571405999828,9513.16259765625
grounded,1674,4.419239521026611,2.7828993797302246,1.6363401412963867,1e-05,0.453125,162.95395590004046,9513.16259765625
grounded,1675,4.347690105438232,2.6287147998809814,1.718975305557251,1e-05,0.5,163.05006090004463,9513.16259765625
grounded,1676,5.225139617919922,3.2421250343322754,1.9830143451690674,1e-05,0.3828125,163.14678349997848,9513.16259765625
grounded,1677,4.295986175537109,2.631042003631592,1.6649439334869385,1e-05,0.5078125,163.24211580003612,9513.16259765625
grounded,1678,4.477811336517334,2.7362570762634277,1.7415542602539062,1e-05,0.5,163.33712320006453,9513.16259765625
grounded,1679,4.376202583312988,2.5864710807800293,1.7897312641143799,1e-05,0.515625,163.43278250005096,9513.16259765625
grounded,1680,4.462101459503174,2.67799711227417,1.784104347229004,1e-05,0.5,163.5278180000605,9513.16259765625
grounded,1681,4.836311340332031,2.9818038940429688,1.8545076847076416,1e-05,0.4375,163.6222971000243,9513.16259765625
grounded,1682,4.745247840881348,2.9489598274230957,1.7962878942489624,1e-05,0.4453125,163.71786690002773,9513.16259765625
grounded,1683,4.811374187469482,2.9544334411621094,1.856940746307373,1e-05,0.4296875,163.8136938000098,9513.16259765625
grounded,1684,4.4681878089904785,2.788247585296631,1.679940104484558,1e-05,0.484375,163.90958300000057,9513.16259765625
grounded,1685,4.46635627746582,2.7439589500427246,1.7223973274230957,1e-05,0.5,164.0049461000599,9513.16259765625
grounded,1686,3.9591314792633057,2.4202096462249756,1.53892183303833,1e-05,0.5390625,164.10162030009087,9513.16259765625
grounded,1687,4.296195030212402,2.679875135421753,1.6163201332092285,1e-05,0.5,164.19698810006958,9513.16259765625
grounded,1688,4.355495452880859,2.663501739501953,1.6919937133789062,1e-05,0.5078125,164.2930448000552,9513.16259765625
grounded,1689,4.635378837585449,2.8258543014526367,1.8095247745513916,1e-05,0.453125,164.388740500086,9513.16259765625
grounded,1690,4.944493770599365,3.0009026527404785,1.9435911178588867,1e-05,0.4296875,164.48457440000493,9513.16259765625
grounded,1691,4.455877304077148,2.703145742416382,1.7527318000793457,1e-05,0.484375,164.57931729999837,9513.16259765625
grounded,1692,4.151625633239746,2.527559757232666,1.6240657567977905,1e-05,0.5234375,164.67370300006587,9513.16259765625
grounded,1693,4.464367866516113,2.780651092529297,1.6837170124053955,1e-05,0.484375,164.76937350002117,9513.16259765625
grounded,1694,4.279057502746582,2.645151138305664,1.6339062452316284,1e-05,0.5,164.8648978000274,9513.16259765625
grounded,1695,4.603675365447998,2.7672386169433594,1.8364366292953491,1e-05,0.4765625,164.96094210003503,9513.16259765625
grounded,1696,4.480443954467773,2.849069595336914,1.6313745975494385,1e-05,0.4765625,165.05727240000851,9513.16259765625
grounded,1697,4.171169281005859,2.5605697631835938,1.6105997562408447,1e-05,0.515625,165.15361070004292,9513.16259765625
grounded,1698,3.992706298828125,2.416696786880493,1.5760095119476318,1e-05,0.546875,165.24978020007256,9513.16259765625
grounded,1699,4.304852485656738,2.5625805854797363,1.7422716617584229,1e-05,0.515625,165.34664510004222,9513.16259765625
grounded,1700,3.895033359527588,2.3218398094177246,1.5731935501098633,1e-05,0.5703125,165.44236400001682,9513.16259765625
grounded,1701,4.731609344482422,2.9726169109344482,1.7589924335479736,1e-05,0.453125,165.53860229998827,9513.16259765625
grounded,1702,4.186214923858643,2.604506492614746,1.5817084312438965,1e-05,0.53125,165.63317350007128,9513.16259765625
grounded,1703,4.106810569763184,2.5364370346069336,1.57037353515625,1e-05,0.53125,165.72829580004327,9513.16259765625
grounded,1704,3.6995320320129395,2.2080955505371094,1.49143648147583,1e-05,0.5703125,165.8236377000576,9513.16259765625
grounded,1705,4.030093193054199,2.498612880706787,1.531480312347412,1e-05,0.5234375,165.91922340006568,9513.16259765625
grounded,1706,3.915032386779785,2.3924732208251953,1.5225590467453003,1e-05,0.5703125,166.01483400003053,9513.16259765625
grounded,1707,4.960442066192627,3.071845531463623,1.888596534729004,1e-05,0.46875,166.11205470003188,9513.16259765625
grounded,1708,4.341225624084473,2.6069886684417725,1.734236717224121,1e-05,0.5234375,166.2070050999755,9513.16259765625
grounded,1709,4.315673828125,2.6362063884735107,1.6794672012329102,1e-05,0.4921875,166.3032802999951,9513.16259765625
grounded,1710,4.421627521514893,2.695800304412842,1.7258270978927612,1e-05,0.515625,166.39954810007475,9513.16259765625
grounded,1711,4.047250270843506,2.521085023880005,1.5261651277542114,1e-05,0.546875,166.4950229000533,9513.16259765625
grounded,1712,4.36174201965332,2.7383551597595215,1.623387098312378,1e-05,0.4765625,166.5898359999992,9513.16259765625
grounded,1713,4.730738162994385,2.987363338470459,1.7433749437332153,1e-05,0.4296875,166.68383190000895,9513.16259765625
grounded,1714,4.22367525100708,2.5863184928894043,1.6373566389083862,1e-05,0.5390625,166.7781567000784,9513.16259765625
grounded,1715,4.005925178527832,2.4645190238952637,1.5414063930511475,1e-05,0.5546875,166.87441849999595,9513.16259765625
grounded,1716,3.7086455821990967,2.1981616020202637,1.510483980178833,1e-05,0.59375,166.97020229999907,9513.16259765625
grounded,1717,4.422701358795166,2.720773935317993,1.7019275426864624,1e-05,0.4921875,167.06670060008764,9513.16259765625
grounded,1718,3.847644805908203,2.2727084159851074,1.5749363899230957,1e-05,0.5703125,167.16205030004494,9513.16259765625
grounded,1719,4.151094913482666,2.607537269592285,1.5435576438903809,1e-05,0.515625,167.25732760003302,9513.16259765625
grounded,1720,3.9896981716156006,2.436485528945923,1.5532126426696777,1e-05,0.546875,167.35311929997988,9513.16259765625
grounded,1721,4.496221542358398,2.8125710487365723,1.6836506128311157,1e-05,0.453125,167.44834110001102,9513.16259765625
grounded,1722,3.8296079635620117,2.3722493648529053,1.457358479499817,1e-05,0.5546875,167.54357580002397,9513.16259765625
grounded,1723,4.08238410949707,2.44922137260437,1.6331627368927002,1e-05,0.5546875,167.63796289998572,9513.16259765625
grounded,1724,3.8097290992736816,2.3611278533935547,1.4486011266708374,1e-05,0.5546875,167.73246420000214,9513.16259765625
grounded,1725,5.005641460418701,3.146044969558716,1.8595963716506958,1e-05,0.4453125,167.827700200025,9513.16259765625
grounded,1726,4.368661403656006,2.664198398590088,1.7044628858566284,1e-05,0.484375,167.9239064999856,9513.16259765625
grounded,1727,4.461185932159424,2.795297861099243,1.6658881902694702,1e-05,0.4609375,168.0194150999887,9513.16259765625
grounded,1728,4.576817512512207,2.863370418548584,1.7134469747543335,1e-05,0.4609375,168.1164366999874,9513.16259765625
grounded,1729,4.267520904541016,2.6967551708221436,1.570765733718872,1e-05,0.4921875,168.21286750002764,9513.16259765625
grounded,1730,4.546964168548584,2.871957778930664,1.67500638961792,1e-05,0.484375,168.30969640007243,9513.16259765625
grounded,1731,4.8764519691467285,3.0455119609832764,1.8309400081634521,1e-05,0.4140625,168.40558710007463,9513.16259765625
grounded,1732,4.069989204406738,2.491231918334961,1.5787570476531982,1e-05,0.5234375,168.5013198000379,9513.16259765625
grounded,1733,3.382256507873535,2.0776500701904297,1.304606556892395,1e-05,0.6171875,168.59805190004408,9513.16259765625
grounded,1734,4.703845024108887,2.963505268096924,1.7403395175933838,1e-05,0.4609375,168.69339010003023,9513.16259765625
grounded,1735,4.46395206451416,2.7891478538513184,1.6748043298721313,1e-05,0.46875,168.7895048999926,9513.16259765625
grounded,1736,4.100490570068359,2.601048469543457,1.4994423389434814,1e-05,0.515625,168.88521940005012,9513.16259765625
grounded,1737,4.218566417694092,2.6039857864379883,1.614580750465393,1e-05,0.5078125,168.9812638000585,9513.16259765625
grounded,1738,4.943782329559326,3.1237642765045166,1.8200180530548096,1e-05,0.40625,169.07707240001764,9513.16259765625
grounded,1739,4.680675506591797,2.9995622634887695,1.6811134815216064,1e-05,0.453125,169.17219549999572,9513.16259765625
grounded,1740,4.568938255310059,2.917379856109619,1.6515581607818604,1e-05,0.4375,169.2684878000291,9513.16259765625
grounded,1741,4.330260276794434,2.713223457336426,1.617037057876587,1e-05,0.5,169.36412050004583,9513.16259765625
grounded,1742,3.8077826499938965,2.357515811920166,1.45026695728302,1e-05,0.5703125,169.46068340004422,9513.16259765625
grounded,1743,4.897375106811523,3.112037420272827,1.7853379249572754,1e-05,0.421875,169.55705220007803,9513.16259765625
grounded,1744,4.759322166442871,3.0265676975250244,1.7327544689178467,1e-05,0.421875,169.65210140007548,9513.16259765625
grounded,1745,4.565084457397461,2.9393551349639893,1.6257290840148926,1e-05,0.453125,169.7471975000808,9513.16259765625
grounded,1746,4.014774322509766,2.4466543197631836,1.5681198835372925,1e-05,0.5390625,169.84244819998275,9513.16259765625
grounded,1747,4.24502420425415,2.6630473136901855,1.5819768905639648,1e-05,0.5078125,169.93881229998078,9513.16259765625
grounded,1748,4.667250156402588,2.8836729526519775,1.7835773229599,1e-05,0.453125,170.03442859998904,9513.16259765625
grounded,1749,4.082040309906006,2.5542774200439453,1.527762770652771,1e-05,0.53125,170.12994910008274,9513.16259765625
grounded,1750,4.610767841339111,2.8239073753356934,1.786860466003418,1e-05,0.46875,170.22531220002566,9513.16259765625
grounded,1751,4.06179666519165,2.4896864891052246,1.5721101760864258,1e-05,0.53125,170.3212556000799,9513.16259765625
grounded,1752,4.228452682495117,2.641191005706787,1.58726167678833,1e-05,0.5,170.41836610005703,9513.16259765625
grounded,1753,4.020144462585449,2.5630943775177,1.45704984664917,1e-05,0.515625,170.5138385000173,9513.16259765625
grounded,1754,4.366916656494141,2.724174976348877,1.6427414417266846,1e-05,0.484375,170.60920230008196,9513.16259765625
grounded,1755,4.095085144042969,2.5250115394592285,1.5700736045837402,1e-05,0.53125,170.7034339000238,9513.16259765625
grounded,1756,4.3277411460876465,2.704561233520508,1.6231800317764282,1e-05,0.46875,170.79887100006454,9513.16259765625
grounded,1757,3.99238657951355,2.53792405128479,1.4544625282287598,1e-05,0.515625,170.89569999999367,9513.16259765625
grounded,1758,3.9867615699768066,2.439080238342285,1.5476813316345215,1e-05,0.53125,170.99206710001454,9513.16259765625
grounded,1759,4.256036758422852,2.6700096130371094,1.5860271453857422,1e-05,0.5,171.08795800001826,9513.16259765625
grounded,1760,3.8798725605010986,2.437436103820801,1.4424364566802979,1e-05,0.53125,171.18387459998485,9513.16259765625
grounded,1761,4.120189189910889,2.613551616668701,1.5066375732421875,1e-05,0.5,171.2798226000741,9513.16259765625
grounded,1762,3.6266188621520996,2.2662711143493652,1.3603477478027344,1e-05,0.5703125,171.37539990001824,9513.16259765625
grounded,1763,3.7088966369628906,2.2452335357666016,1.4636632204055786,1e-05,0.5703125,171.4711003000848,9513.16259765625
grounded,1764,3.6837291717529297,2.2551891803741455,1.4285398721694946,1e-05,0.5859375,171.56620200001635,9513.16259765625
grounded,1765,3.7875618934631348,2.3428878784179688,1.444674015045166,1e-05,0.5625,171.66095410007983,9513.16259765625
grounded,1766,4.200798034667969,2.650646209716797,1.5501515865325928,1e-05,0.5078125,171.75571420008782,9513.16259765625
grounded,1767,4.05836296081543,2.5592617988586426,1.499100923538208,1e-05,0.5234375,171.85122170008253,9513.16259765625
grounded,1768,3.948647975921631,2.428626537322998,1.5200214385986328,1e-05,0.546875,171.9468594000209,9513.16259765625
grounded,1769,4.070656776428223,2.504072666168213,1.5665843486785889,1e-05,0.53125,172.04291429999284,9513.16259765625
grounded,1770,4.560715675354004,2.9063148498535156,1.6544005870819092,1e-05,0.4609375,172.13852670008782,9513.16259765625
grounded,1771,4.170834541320801,2.6606674194335938,1.510166883468628,1e-05,0.515625,172.23361870006192,9513.16259765625
grounded,1772,4.6200032234191895,2.9460537433624268,1.6739493608474731,1e-05,0.453125,172.32953149999958,9513.16259765625
grounded,1773,4.140286922454834,2.5744879245758057,1.5657991170883179,1e-05,0.515625,172.425128199975,9513.16259765625
grounded,1774,4.252187728881836,2.675170421600342,1.5770173072814941,1e-05,0.484375,172.52083619998302,9513.16259765625
grounded,1775,4.5927324295043945,2.959190845489502,1.6335418224334717,1e-05,0.453125,172.61597939999774,9513.16259765625
grounded,1776,4.541146278381348,2.840627908706665,1.7005186080932617,1e-05,0.453125,172.71081399999093,9513.16259765625
grounded,1777,4.178655624389648,2.6938085556030273,1.484847068786621,1e-05,0.484375,172.80648290005047,9513.16259765625
grounded,1778,4.283531665802002,2.7519419193267822,1.5315898656845093,1e-05,0.4921875,172.9024925000267,9513.16259765625
grounded,1779,4.916865348815918,3.1597681045532227,1.7570971250534058,1e-05,0.4140625,172.99798179999925,9513.16259765625
grounded,1780,4.08140754699707,2.5634355545043945,1.5179718732833862,1e-05,0.515625,173.09358630003408,9513.16259765625
grounded,1781,4.083361625671387,2.5724642276763916,1.5108973979949951,1e-05,0.53125,173.18926110002212,9513.16259765625
grounded,1782,4.273013591766357,2.7426209449768066,1.5303925275802612,1e-05,0.4921875,173.28565530001651,9513.16259765625
grounded,1783,4.195156097412109,2.6195812225341797,1.5755748748779297,1e-05,0.4765625,173.3826340000378,9513.16259765625
grounded,1784,3.7724640369415283,2.3163986206054688,1.4560654163360596,1e-05,0.5703125,173.47828809998464,9513.16259765625
grounded,1785,4.139464378356934,2.681558132171631,1.4579060077667236,1e-05,0.5234375,173.57427900005132,9513.16259765625
grounded,1786,4.29024076461792,2.704972743988037,1.5852679014205933,1e-05,0.515625,173.66966610006057,9513.16259765625
grounded,1787,4.4847283363342285,2.8725526332855225,1.612175703048706,1e-05,0.46875,173.76469039998483,9513.16259765625
grounded,1788,3.8213648796081543,2.3697800636291504,1.451584815979004,1e-05,0.546875,173.86015239998233,9513.16259765625
grounded,1789,5.197144985198975,3.3235111236572266,1.8736337423324585,1e-05,0.390625,173.95619440008886,9513.16259765625
grounded,1790,4.511565208435059,2.8492798805236816,1.6622850894927979,1e-05,0.46875,174.0524243999971,9513.16259765625
grounded,1791,3.631014585494995,2.2011733055114746,1.4298412799835205,1e-05,0.5859375,174.14779339998495,9513.16259765625
grounded,1792,3.996422290802002,2.42771577835083,1.5687065124511719,1e-05,0.5390625,174.24309000000358,9513.16259765625
grounded,1793,3.9211976528167725,2.449796199798584,1.4714014530181885,1e-05,0.546875,174.33874739997555,9513.16259765625
grounded,1794,4.447600364685059,2.7987256050109863,1.6488745212554932,1e-05,0.4765625,174.43416559998877,9513.16259765625
grounded,1795,4.419820785522461,2.674201488494873,1.745619297027588,1e-05,0.4921875,174.5294982000487,9513.16259765625
grounded,1796,4.694345474243164,2.971059560775757,1.7232861518859863,1e-05,0.4609375,174.62476050003897,9513.16259765625
grounded,1797,4.309508800506592,2.7703919410705566,1.5391168594360352,1e-05,0.4765625,174.71915460005403,9513.16259765625
grounded,1798,4.614060401916504,2.9329276084899902,1.6811329126358032,1e-05,0.4453125,174.8153023000341,9513.16259765625
grounded,1799,4.369595050811768,2.7271499633789062,1.6424450874328613,1e-05,0.4765625,174.91106730001047,9513.16259765625
grounded,1800,4.444787979125977,2.817880153656006,1.6269075870513916,1e-05,0.4609375,175.00804620003328,9513.16259765625
grounded,1801,4.627471446990967,2.9694228172302246,1.6580487489700317,1e-05,0.453125,175.10478220006917,9513.16259765625
grounded,1802,4.182093620300293,2.6561174392700195,1.525976300239563,1e-05,0.5,175.2005700999871,9513.16259765625
grounded,1803,4.276544094085693,2.7272067070007324,1.5493372678756714,1e-05,0.484375,175.29652840003837,9513.16259765625
grounded,1804,4.698587894439697,3.0616343021392822,1.636953592300415,1e-05,0.4140625,175.39222979999613,9513.16259765625
grounded,1805,4.609210014343262,2.915616989135742,1.69359290599823,1e-05,0.4375,175.48784229997545,9513.16259765625
grounded,1806,4.198805332183838,2.605518341064453,1.5932869911193848,1e-05,0.5078125,175.58311520004645,9513.16259765625
grounded,1807,4.449395656585693,2.8492047786712646,1.6001907587051392,1e-05,0.4609375,175.67813300003763,9513.16259765625
grounded,1808,4.3281636238098145,2.70283842086792,1.6253252029418945,1e-05,0.484375,175.77293670002837,9513.16259765625
grounded,1809,4.136275768280029,2.5567896366119385,1.5794861316680908,1e-05,0.5234375,175.8685329,9513.16259765625
grounded,1810,4.649285793304443,2.972931385040283,1.6763545274734497,1e-05,0.4375,175.96389120002277,9513.16259765625
grounded,1811,4.130146026611328,2.647245407104492,1.4829005002975464,1e-05,0.4921875,176.05973640002776,9513.16259765625
grounded,1812,4.542925834655762,2.8785808086395264,1.6643452644348145,1e-05,0.4453125,176.15602270001546,9513.16259765625
grounded,1813,4.388517379760742,2.803245782852173,1.5852718353271484,1e-05,0.46875,176.2514874000335,9513.16259765625
grounded,1814,4.113437652587891,2.611968994140625,1.5014684200286865,1e-05,0.515625,176.34639379999135,9513.16259765625
grounded,1815,4.193295955657959,2.639967679977417,1.553328275680542,1e-05,0.5,176.44268810003996,9513.16259765625
grounded,1816,4.084381103515625,2.562652826309204,1.5217281579971313,1e-05,0.5234375,176.5382902000565,9513.16259765625
grounded,1817,4.315670490264893,2.735898971557617,1.5797713994979858,1e-05,0.4921875,176.63332909997553,9513.16259765625
grounded,1818,4.272360801696777,2.7076363563537598,1.5647246837615967,1e-05,0.4921875,176.72823670005891,9513.16259765625
grounded,1819,4.41719913482666,2.8634438514709473,1.5537554025650024,1e-05,0.4375,176.8239735000534,9513.16259765625
grounded,1820,4.269199371337891,2.6292290687561035,1.6399705410003662,1e-05,0.5,176.91998960007913,9513.16259765625
grounded,1821,4.625675201416016,2.930711269378662,1.6949639320373535,1e-05,0.453125,177.0157694000518,9513.16259765625
grounded,1822,3.931837320327759,2.513050079345703,1.4187872409820557,1e-05,0.53125,177.11165430000983,9513.16259765625
grounded,1823,4.715128421783447,3.050865411758423,1.664263129234314,1e-05,0.4296875,177.20738200005144,9513.16259765625
grounded,1824,3.774596691131592,2.3431289196014404,1.4314677715301514,1e-05,0.5703125,177.30277030006982,9513.16259765625
grounded,1825,4.049088954925537,2.5454421043395996,1.503646969795227,1e-05,0.515625,177.3983723000856,9513.16259765625
grounded,1826,3.9664645195007324,2.461090564727783,1.5053739547729492,1e-05,0.5390625,177.49437700002454,9513.16259765625
grounded,1827,3.6839585304260254,2.280263900756836,1.4036945104599,1e-05,0.5625,177.59025640005711,9513.16259765625
grounded,1828,4.252762794494629,2.7285449504852295,1.5242180824279785,1e-05,0.4921875,177.68563790002372,9513.16259765625
grounded,1829,3.7261881828308105,2.1862411499023438,1.5399469137191772,1e-05,0.5859375,177.78153320006095,9513.16259765625
grounded,1830,4.388607978820801,2.7874178886413574,1.6011899709701538,1e-05,0.484375,177.87800300004892,9513.16259765625
grounded,1831,4.976747035980225,3.2358474731445312,1.7408994436264038,1e-05,0.3984375,177.97380769997835,9513.16259765625
grounded,1832,4.054731369018555,2.576460838317871,1.4782705307006836,1e-05,0.5,178.06954000005499,9513.16259765625
grounded,1833,4.343176364898682,2.7225046157836914,1.6206716299057007,1e-05,0.5,178.16503779997583,9513.16259765625
grounded,1834,4.236128807067871,2.695099353790283,1.541029453277588,1e-05,0.5,178.2598500000313,9513.16259765625
grounded,1835,4.39548921585083,2.77417254447937,1.62131667137146,1e-05,0.46875,178.3554843000602,9513.16259765625
grounded,1836,4.66508674621582,2.995903491973877,1.6691830158233643,1e-05,0.4453125,178.45189770008437,9513.16259765625
grounded,1837,4.070220470428467,2.606471538543701,1.4637489318847656,1e-05,0.515625,178.54807979997713,9513.16259765625
grounded,1838,4.1973066329956055,2.6823949813842773,1.5149117708206177,1e-05,0.5,178.6432656000834,9513.16259765625
grounded,1839,3.8307974338531494,2.4542489051818848,1.3765485286712646,1e-05,0.546875,178.73737069999333,9513.16259765625
grounded,1840,4.927417755126953,3.214132308959961,1.7132854461669922,1e-05,0.421875,178.83310480008367,9513.16259765625
grounded,1841,4.138791561126709,2.6652045249938965,1.473587155342102,1e-05,0.5,178.92937929998152,9513.16259765625
grounded,1842,4.374058246612549,2.8128864765167236,1.5611718893051147,1e-05,0.4453125,179.024543800042,9513.16259765625
grounded,1843,4.747431755065918,3.0656909942626953,1.6817407608032227,1e-05,0.421875,179.12131439999212,9513.16259765625
grounded,1844,4.326576232910156,2.7660865783691406,1.5604894161224365,1e-05,0.4921875,179.21662860002834,9513.16259765625
grounded,1845,4.0410237312316895,2.5690083503723145,1.4720155000686646,1e-05,0.5234375,179.3119435000699,9513.16259765625
grounded,1846,3.800863742828369,2.40555739402771,1.3953063488006592,1e-05,0.5390625,179.40786969999317,9513.16259765625
grounded,1847,4.422556400299072,2.8095273971557617,1.613028883934021,1e-05,0.484375,179.50393870007247,9513.16259765625
grounded,1848,3.835688829421997,2.384552240371704,1.451136589050293,1e-05,0.5859375,179.59920689999126,9513.16259765625
grounded,1849,4.373686790466309,2.775059938430786,1.5986268520355225,1e-05,0.4765625,179.69492120004725,9513.16259765625
grounded,1850,4.546904563903809,2.8187544345855713,1.7281501293182373,1e-05,0.4921875,179.79004270001315,9513.16259765625
grounded,1851,4.537563323974609,2.911754846572876,1.6258083581924438,1e-05,0.4609375,179.8864606000716,9513.16259765625
grounded,1852,3.9942469596862793,2.549757957458496,1.4444890022277832,1e-05,0.5234375,179.98288070003036,9513.16259765625
grounded,1853,3.686461925506592,2.382842540740967,1.303619384765625,1e-05,0.5546875,180.07914540008642,9513.16259765625
grounded,1854,4.039026737213135,2.464686393737793,1.5743402242660522,1e-05,0.546875,180.174851900083,9513.16259765625
grounded,1855,4.443734645843506,2.8676276206970215,1.5761070251464844,1e-05,0.453125,180.27016840002034,9513.16259765625
grounded,1856,4.018521785736084,2.550293445587158,1.4682283401489258,1e-05,0.5234375,180.36574140004814,9513.16259765625
grounded,1857,4.229462623596191,2.6752514839172363,1.5542113780975342,1e-05,0.5,180.46198110003024,9513.16259765625
grounded,1858,4.417636871337891,2.891453981399536,1.5261828899383545,1e-05,0.4453125,180.55682789999992,9513.16259765625
grounded,1859,4.328226089477539,2.8171982765197754,1.5110280513763428,1e-05,0.484375,180.6523206999991,9513.16259765625
grounded,1860,3.4610867500305176,2.1381759643554688,1.3229107856750488,1e-05,0.5859375,180.7473874000134,9513.16259765625
grounded,1861,4.226120948791504,2.734684705734253,1.491436243057251,1e-05,0.484375,180.8435472000856,9513.16259765625
grounded,1862,3.911550521850586,2.487325429916382,1.4242252111434937,1e-05,0.53125,180.93917600007262,9513.16259765625
grounded,1863,3.406252145767212,2.141183853149414,1.2650682926177979,1e-05,0.59375,181.03452750004362,9513.16259765625
grounded,1864,4.6020426750183105,2.9880595207214355,1.6139830350875854,1e-05,0.4765625,181.1302912000101,9513.16259765625
grounded,1865,3.9747257232666016,2.5324203968048096,1.442305326461792,1e-05,0.5,181.2263755000895,9513.16259765625
grounded,1866,4.260030269622803,2.669799327850342,1.5902308225631714,1e-05,0.4765625,181.32167970004957,9513.16259765625
grounded,1867,4.25605583190918,2.6674857139587402,1.5885703563690186,1e-05,0.4921875,181.41770290001296,9513.16259765625
grounded,1868,4.2547807693481445,2.735661029815674,1.5191199779510498,1e-05,0.4921875,181.51389120006934,9513.16259765625
grounded,1869,4.123332500457764,2.701179027557373,1.4221535921096802,1e-05,0.4765625,181.6096839000238,9513.16259765625
grounded,1870,4.505242824554443,2.9461936950683594,1.559049129486084,1e-05,0.453125,181.70573990000412,9513.16259765625
grounded,1871,3.736323833465576,2.3573479652404785,1.3789758682250977,1e-05,0.5546875,181.80147940001916,9513.16259765625
grounded,1872,3.7728781700134277,2.413344144821167,1.3595339059829712,1e-05,0.5546875,181.89813470002264,9513.16259765625
grounded,1873,3.244102716445923,2.0738391876220703,1.1702635288238525,1e-05,0.59375,181.99337719997857,9513.16259765625
grounded,1874,4.158459663391113,2.693380355834961,1.4650790691375732,1e-05,0.4765625,182.08963619999122,9513.16259765625
grounded,1875,4.180174827575684,2.680450201034546,1.4997248649597168,1e-05,0.4921875,182.185550800059,9513.16259765625
grounded,1876,4.564816474914551,3.024195671081543,1.5406206846237183,1e-05,0.4296875,182.28174120001495,9513.16259765625
grounded,1877,4.1150970458984375,2.7239441871643066,1.3911528587341309,1e-05,0.484375,182.37747340009082,9513.16259765625
grounded,1878,4.445984840393066,2.8370628356933594,1.6089218854904175,1e-05,0.46875,182.47383160004392,9513.16259765625
grounded,1879,4.070069313049316,2.6190669536590576,1.4510021209716797,1e-05,0.4921875,182.56887000007555,9513.16259765625
grounded,1880,4.0269670486450195,2.6266560554504395,1.4003111124038696,1e-05,0.515625,182.66398870002013,9513.16259765625
grounded,1881,4.224024772644043,2.7130584716796875,1.5109665393829346,1e-05,0.4921875,182.7588794999756,9513.16259765625
grounded,1882,3.5373849868774414,2.3146252632141113,1.2227596044540405,1e-05,0.5625,182.8545274999924,9513.16259765625
grounded,1883,4.050070285797119,2.6084537506103516,1.4416165351867676,1e-05,0.53125,182.9507437000284,9513.16259765625
grounded,1884,3.858182668685913,2.5381038188934326,1.3200788497924805,1e-05,0.5,183.04617710004095,9513.16259765625
grounded,1885,4.216163158416748,2.7646729946136475,1.4514901638031006,1e-05,0.4765625,183.1425572000444,9513.16259765625
grounded,1886,4.548375129699707,2.980103015899658,1.5682721138000488,1e-05,0.4375,183.23836780001875,9513.16259765625
grounded,1887,4.345671653747559,2.753126859664917,1.5925450325012207,1e-05,0.4921875,183.33316210005432,9513.16259765625
grounded,1888,3.969369411468506,2.5259957313537598,1.443373680114746,1e-05,0.53125,183.4283636000473,9513.16259765625
grounded,1889,4.064349174499512,2.5787343978881836,1.4856146574020386,1e-05,0.515625,183.52461040008347,9513.16259765625
grounded,1890,3.9141392707824707,2.518735408782959,1.3954037427902222,1e-05,0.5078125,183.6202237000689,9513.16259765625
grounded,1891,4.506505012512207,2.81968355178833,1.686821699142456,1e-05,0.4609375,183.71476450003684,9513.16259765625
grounded,1892,3.830366611480713,2.4390029907226562,1.3913636207580566,1e-05,0.515625,183.81004950008355,9513.16259765625
grounded,1893,4.024221420288086,2.6371421813964844,1.3870794773101807,1e-05,0.5,183.9064068000298,9513.16259765625
grounded,1894,4.09963321685791,2.6125316619873047,1.4871017932891846,1e-05,0.5078125,184.00142720004078,9513.16259765625
grounded,1895,3.9218802452087402,2.508894681930542,1.4129856824874878,1e-05,0.5234375,184.09767350007314,9513.16259765625
grounded,1896,4.049026012420654,2.598850727081299,1.450175404548645,1e-05,0.53125,184.19358010008,9513.16259765625
grounded,1897,3.9873783588409424,2.466503381729126,1.5208749771118164,1e-05,0.5390625,184.2886182999937,9513.16259765625
grounded,1898,4.0562334060668945,2.56356143951416,1.4926717281341553,1e-05,0.515625,184.38441820000298,9513.16259765625
grounded,1899,3.695225715637207,2.2980170249938965,1.3972086906433105,1e-05,0.5546875,184.48076459998265,9513.16259765625
grounded,1900,3.747546672821045,2.4368202686309814,1.3107264041900635,1e-05,0.546875,184.57568490004633,9513.16259765625
grounded,1901,4.2257561683654785,2.7534339427948,1.4723222255706787,1e-05,0.4765625,184.67223989998456,9513.16259765625
grounded,1902,4.348500728607178,2.8584847450256348,1.4900158643722534,1e-05,0.46875,184.76738209999166,9513.16259765625
grounded,1903,4.016288757324219,2.584216356277466,1.4320721626281738,1e-05,0.5,184.8625923000509,9513.16259765625
grounded,1904,4.013454437255859,2.5888843536376953,1.4245703220367432,1e-05,0.515625,184.95839560008608,9513.16259765625
grounded,1905,4.001374244689941,2.580185890197754,1.4211885929107666,1e-05,0.5078125,185.05397330003325,9513.16259765625
grounded,1906,4.056033134460449,2.555288791656494,1.5007445812225342,1e-05,0.5390625,185.1503684000345,9513.16259765625
grounded,1907,3.7939870357513428,2.412649154663086,1.3813378810882568,1e-05,0.546875,185.24621420004405,9513.16259765625
grounded,1908,3.997441530227661,2.537743091583252,1.4596984386444092,1e-05,0.515625,185.34273440006655,9513.16259765625
grounded,1909,3.6404411792755127,2.35894775390625,1.2814934253692627,1e-05,0.546875,185.4396104000043,9513.16259765625
grounded,1910,4.04238748550415,2.636451244354248,1.4059362411499023,1e-05,0.484375,185.53653839998879,9513.16259765625
grounded,1911,4.776546955108643,3.1580307483673096,1.6185163259506226,1e-05,0.4140625,185.63323410006706,9513.16259765625
grounded,1912,3.8821449279785156,2.5385451316833496,1.3435999155044556,1e-05,0.53125,185.72859190008603,9513.16259765625
grounded,1913,3.621873378753662,2.308171272277832,1.31370210647583,1e-05,0.5546875,185.82372760004364,9513.16259765625
grounded,1914,4.023428916931152,2.655393123626709,1.3680357933044434,1e-05,0.5234375,185.92107899999246,9513.16259765625
grounded,1915,4.066821098327637,2.5553674697875977,1.5114538669586182,1e-05,0.515625,186.016193700023,9513.16259765625
grounded,1916,4.174869537353516,2.7080912590026855,1.46677827835083,1e-05,0.4921875,186.11279919999652,9513.16259765625
grounded,1917,4.464069366455078,2.8232126235961914,1.6408565044403076,1e-05,0.484375,186.20870770001784,9513.16259765625
grounded,1918,4.936306953430176,3.1736397743225098,1.762667179107666,1e-05,0.40625,186.3037921000505,9513.16259765625
grounded,1919,4.17918586730957,2.726170063018799,1.4530158042907715,1e-05,0.4921875,186.39987850002944,9513.16259765625
grounded,1920,3.834628105163574,2.26373028755188,1.5708978176116943,1e-05,0.5546875,186.49639340001158,9513.16259765625
grounded,1921,3.5956387519836426,2.242420196533203,1.3532185554504395,1e-05,0.578125,186.59136760002002,9513.16259765625
grounded,1922,4.609816551208496,3.054046630859375,1.5557700395584106,1e-05,0.421875,186.68671739997808,9513.16259765625
grounded,1923,3.7371551990509033,2.3538148403167725,1.3833403587341309,1e-05,0.5703125,186.78188230004162,9513.16259765625
grounded,1924,3.9761812686920166,2.638644218444824,1.3375370502471924,1e-05,0.5,186.8781318999827,9513.16259765625
grounded,1925,4.481588363647461,2.8730292320251465,1.6085591316223145,1e-05,0.4765625,186.97396249999292,9513.16259765625
grounded,1926,4.29058837890625,2.805917739868164,1.4846707582473755,1e-05,0.484375,187.07011440000497,9513.16259765625
grounded,1927,4.603675842285156,3.0077016353607178,1.595974326133728,1e-05,0.4296875,187.16538550006226,9513.16259765625
grounded,1928,4.647329330444336,2.9839859008789062,1.6633434295654297,1e-05,0.4453125,187.2611418000888,9513.16259765625
grounded,1929,4.127349853515625,2.635298013687134,1.492051601409912,1e-05,0.5,187.35577370005194,9513.16259765625
grounded,1930,4.8542938232421875,3.2026278972625732,1.6516656875610352,1e-05,0.3828125,187.45157460006885,9513.16259765625
grounded,1931,4.259320259094238,2.704894542694092,1.554425835609436,1e-05,0.5,187.54747950006276,9513.16259765625
grounded,1932,3.4798450469970703,2.216989278793335,1.2628556489944458,1e-05,0.59375,187.64239689998794,9513.16259765625
grounded,1933,4.301132678985596,2.7665059566497803,1.5346267223358154,1e-05,0.484375,187.73852520005312,9513.16259765625
grounded,1934,3.8356924057006836,2.473743438720703,1.361948847770691,1e-05,0.515625,187.8332266000798,9513.16259765625
grounded,1935,4.071656703948975,2.6587953567504883,1.4128613471984863,1e-05,0.5078125,187.92845840007067,9513.16259765625
grounded,1936,3.7542030811309814,2.433652400970459,1.3205506801605225,1e-05,0.5234375,188.0245662999805,9513.16259765625
grounded,1937,4.551828384399414,2.87772274017334,1.6741057634353638,1e-05,0.453125,188.1206837000791,9513.16259765625
grounded,1938,4.33505916595459,2.8864693641662598,1.4485900402069092,1e-05,0.4609375,188.2161184999859,9513.16259765625
grounded,1939,4.377261638641357,2.852156639099121,1.5251051187515259,1e-05,0.4765625,188.3112043000292,9513.16259765625
grounded,1940,3.8556923866271973,2.541027307510376,1.3146651983261108,1e-05,0.5,188.4070368000539,9513.16259765625
grounded,1941,4.056003570556641,2.604398727416992,1.4516046047210693,1e-05,0.515625,188.50241249997634,9513.16259765625
grounded,1942,3.5475189685821533,2.305661678314209,1.2418572902679443,1e-05,0.546875,188.59789960004855,9513.16259765625
grounded,1943,4.342254638671875,2.8221964836120605,1.520058274269104,1e-05,0.4609375,188.6930533000268,9513.16259765625
grounded,1944,4.213300704956055,2.7433056831359863,1.4699952602386475,1e-05,0.5,188.78794469998684,9513.16259765625
grounded,1945,4.633250713348389,3.079460620880127,1.5537900924682617,1e-05,0.3984375,188.88349690008909,9513.16259765625
grounded,1946,4.288218021392822,2.745068073272705,1.5431499481201172,1e-05,0.484375,188.97896820004098,9513.16259765625
grounded,1947,3.2913172245025635,2.048574447631836,1.2427427768707275,1e-05,0.6171875,189.07551830005832,9513.16259765625
grounded,1948,4.031166076660156,2.6453187465667725,1.3858473300933838,1e-05,0.4921875,189.17140680004377,9513.16259765625
grounded,1949,4.093376159667969,2.6306533813476562,1.4627225399017334,1e-05,0.5,189.2662405000301,9513.16259765625
grounded,1950,3.406320333480835,2.176764488220215,1.2295558452606201,1e-05,0.578125,189.3612706999993,9513.16259765625
grounded,1951,3.8650519847869873,2.5610427856445312,1.304009199142456,1e-05,0.515625,189.4582724000793,9513.16259765625
grounded,1952,3.763401746749878,2.411858558654785,1.3515431880950928,1e-05,0.546875,189.55392440001015,9513.16259765625
grounded,1953,4.116562366485596,2.7239699363708496,1.392592430114746,1e-05,0.484375,189.64843070006464,9513.16259765625
grounded,1954,4.2671685218811035,2.858426570892334,1.408742070198059,1e-05,0.46875,189.74438729998656,9513.16259765625
grounded,1955,4.626303195953369,3.0092287063598633,1.6170746088027954,1e-05,0.4375,189.83917350007687,9513.16259765625
grounded,1956,4.114527225494385,2.7137322425842285,1.4007949829101562,1e-05,0.4765625,189.93555900000501,9513.16259765625
grounded,1957,3.8387975692749023,2.435044527053833,1.4037529230117798,1e-05,0.5390625,190.0322593000019,9513.16259765625
grounded,1958,4.064310550689697,2.6223578453063965,1.4419525861740112,1e-05,0.5,190.12822130008135,9513.16259765625
grounded,1959,3.874175786972046,2.4915809631347656,1.3825948238372803,1e-05,0.5234375,190.22392070002388,9513.16259765625
grounded,1960,4.672920227050781,3.0697364807128906,1.6031837463378906,1e-05,0.421875,190.31888340006117,9513.16259765625
grounded,1961,3.895982265472412,2.5046157836914062,1.3913664817810059,1e-05,0.5390625,190.4149528000271,9513.16259765625
grounded,1962,4.330047607421875,2.7648727893829346,1.5651746988296509,1e-05,0.4921875,190.51141779997852,9513.16259765625
grounded,1963,3.6746826171875,2.3516454696655273,1.3230371475219727,1e-05,0.5546875,190.60639690002427,9513.16259765625
grounded,1964,3.6768980026245117,2.3194000720977783,1.3574979305267334,1e-05,0.5546875,190.70204980007838,9513.16259765625
grounded,1965,3.8262081146240234,2.5263583660125732,1.2998497486114502,1e-05,0.546875,190.79696060006972,9513.16259765625
grounded,1966,4.1187028884887695,2.7265615463256836,1.392141580581665,1e-05,0.4921875,190.8924677000614,9513.16259765625
grounded,1967,3.668647527694702,2.4081530570983887,1.2604944705963135,1e-05,0.546875,190.98797060002107,9513.16259765625
grounded,1968,4.005518436431885,2.5147175788879395,1.4908009767532349,1e-05,0.5,191.0839438000694,9513.16259765625
grounded,1969,4.047418594360352,2.642996072769165,1.4044225215911865,1e-05,0.4921875,191.17993179999758,9513.16259765625
grounded,1970,3.825334072113037,2.403374671936035,1.421959400177002,1e-05,0.515625,191.27507119998336,9513.16259765625
grounded,1971,4.264835357666016,2.7290825843811035,1.535752773284912,1e-05,0.4921875,191.37090159999207,9513.16259765625
grounded,1972,4.753011703491211,3.1155662536621094,1.6374455690383911,1e-05,0.421875,191.4663457000861,9513.16259765625
grounded,1973,3.8925600051879883,2.5797643661499023,1.3127957582473755,1e-05,0.5,191.5618822000688,9513.16259765625
grounded,1974,4.045881748199463,2.6509902477264404,1.394891619682312,1e-05,0.5078125,191.65744260000065,9513.16259765625
grounded,1975,4.5621209144592285,3.0422089099884033,1.5199120044708252,1e-05,0.4296875,191.75273850001395,9513.16259765625
grounded,1976,4.188995361328125,2.697272300720215,1.4917230606079102,1e-05,0.5078125,191.8468933000695,9513.16259765625
grounded,1977,4.179110527038574,2.7033169269561768,1.4757936000823975,1e-05,0.46875,191.94274020008743,9513.16259765625
grounded,1978,3.4391074180603027,2.1665406227111816,1.272566795349121,1e-05,0.578125,192.03848830005154,9513.16259765625
grounded,1979,3.5690135955810547,2.2940726280212402,1.2749409675598145,1e-05,0.546875,192.13515990006272,9513.16259765625
grounded,1980,4.24566650390625,2.760971784591675,1.4846947193145752,1e-05,0.484375,192.23013210005593,9513.16259765625
grounded,1981,3.5823745727539062,2.3339056968688965,1.2484688758850098,1e-05,0.5625,192.32585310004652,9513.16259765625
grounded,1982,4.244471549987793,2.735614776611328,1.5088567733764648,1e-05,0.484375,192.4220378000755,9513.16259765625
grounded,1983,3.656841278076172,2.4014596939086914,1.25538170337677,1e-05,0.546875,192.5173748000525,9513.16259765625
grounded,1984,4.737960338592529,3.132925033569336,1.6050353050231934,1e-05,0.3828125,192.6125431000255,9513.16259765625
grounded,1985,4.3552751541137695,2.786208391189575,1.5690668821334839,1e-05,0.46875,192.7080180000048,9513.16259765625
grounded,1986,4.599025726318359,3.0454931259155273,1.553532361984253,1e-05,0.4296875,192.8033952000551,9513.16259765625
grounded,1987,3.897465229034424,2.473233222961426,1.424232006072998,1e-05,0.515625,192.89840840001125,9513.16259765625
grounded,1988,4.333942413330078,2.810647487640381,1.5232951641082764,1e-05,0.4609375,192.9942602000665,9513.16259765625
grounded,1989,4.1525678634643555,2.729576826095581,1.4229907989501953,1e-05,0.4765625,193.09052430000156,9513.16259765625
grounded,1990,4.943146705627441,3.311441421508789,1.6317050457000732,1e-05,0.375,193.1862493000226,9513.16259765625
grounded,1991,3.347630500793457,2.196950912475586,1.1506794691085815,1e-05,0.5859375,193.2810265000444,9513.16259765625
grounded,1992,4.395881652832031,2.9470605850219727,1.4488213062286377,1e-05,0.4375,193.37679100001696,9513.16259765625
grounded,1993,3.7948741912841797,2.4647464752197266,1.3301275968551636,1e-05,0.53125,193.47237039997708,9513.16259765625
grounded,1994,3.9216971397399902,2.4906997680664062,1.430997371673584,1e-05,0.5390625,193.567674000049,9513.16259765625
grounded,1995,3.7907187938690186,2.418818712234497,1.3719000816345215,1e-05,0.53125,193.66317180008627,9513.16259765625
grounded,1996,3.9124481678009033,2.525681495666504,1.3867666721343994,1e-05,0.515625,193.75850650004577,9513.16259765625
grounded,1997,4.266939163208008,2.866046190261841,1.400892972946167,1e-05,0.453125,193.85301790002268,9513.16259765625
grounded,1998,3.643024444580078,2.346120834350586,1.2969034910202026,1e-05,0.546875,193.94912680005655,9513.16259765625
grounded,1999,4.276865005493164,2.8224899768829346,1.454375147819519,1e-05,0.4609375,194.04567680007312,9513.16259765625
grounded,2000,3.84112811088562,2.462933301925659,1.378194808959961,1e-05,0.53125,194.1437654000474,9513.16259765625
grounded,2001,3.9489285945892334,2.648747205734253,1.3001813888549805,1e-05,0.5234375,195.61144670005888,9513.16259765625
grounded,2002,3.674311876296997,2.364107370376587,1.3102045059204102,1e-05,0.5625,195.70718500006478,9513.16259765625
grounded,2003,3.988109588623047,2.5776023864746094,1.410507082939148,1e-05,0.5234375,195.80257170007098,9513.16259765625
grounded,2004,3.785407304763794,2.4336986541748047,1.3517086505889893,1e-05,0.5234375,195.89751200005412,9513.16259765625
grounded,2005,3.7458791732788086,2.465405225753784,1.280474066734314,1e-05,0.5078125,195.99309000000358,9513.16259765625
grounded,2006,3.949744701385498,2.5973899364471436,1.3523547649383545,1e-05,0.515625,196.0898937000893,9513.16259765625
grounded,2007,3.7746694087982178,2.4993879795074463,1.2752814292907715,1e-05,0.5234375,196.1856157000875,9513.16259765625
grounded,2008,4.033121109008789,2.6747982501983643,1.3583228588104248,1e-05,0.484375,196.2816460999893,9513.16259765625
grounded,2009,3.527841567993164,2.2861032485961914,1.2417384386062622,1e-05,0.578125,196.376583400066,9513.16259765625
grounded,2010,4.41933536529541,2.89410138130188,1.5252339839935303,1e-05,0.4609375,196.47181240003556,9513.16259765625
grounded,2011,4.500904560089111,3.0209147930145264,1.4799898862838745,1e-05,0.4375,196.56771630002186,9513.16259765625
grounded,2012,4.1045989990234375,2.7586898803710938,1.3459091186523438,1e-05,0.4765625,196.66226380004082,9513.16259765625
grounded,2013,3.904752016067505,2.6234688758850098,1.2812831401824951,1e-05,0.515625,196.75809250003658,9513.16259765625
grounded,2014,3.8468539714813232,2.4890332221984863,1.357820749282837,1e-05,0.5234375,196.85290800000075,9513.16259765625
grounded,2015,4.470583915710449,2.9513821601867676,1.5192015171051025,1e-05,0.4296875,196.9489193999907,9513.16259765625
grounded,2016,3.5763497352600098,2.3672618865966797,1.2090877294540405,1e-05,0.5390625,197.045017400058,9513.16259765625
grounded,2017,4.490386009216309,2.9735617637634277,1.5168242454528809,1e-05,0.453125,197.14189189998433,9513.16259765625
grounded,2018,3.803089141845703,2.4955039024353027,1.30758535861969,1e-05,0.5,197.23750050005037,9513.16259765625
grounded,2019,3.7877273559570312,2.5251150131225586,1.2626124620437622,1e-05,0.5234375,197.33319470006973,9513.16259765625
grounded,2020,4.36863374710083,2.8468427658081055,1.5217909812927246,1e-05,0.4296875,197.42806459998246,9513.16259765625
grounded,2021,3.4637322425842285,2.256563663482666,1.207168698310852,1e-05,0.5625,197.52398769999854,9513.16259765625
grounded,2022,4.281671524047852,2.7823679447174072,1.4993038177490234,1e-05,0.453125,197.61976370005868,9513.16259765625
grounded,2023,4.157345771789551,2.7490577697753906,1.408287763595581,1e-05,0.484375,197.71465740003623,9513.16259765625
grounded,2024,3.734098196029663,2.471334457397461,1.2627637386322021,1e-05,0.5078125,197.81005490000825,9513.16259765625
grounded,2025,3.99265718460083,2.5320897102355957,1.4605674743652344,1e-05,0.5234375,197.90593190002255,9513.16259765625
grounded,2026,4.181271553039551,2.7711124420166016,1.4101593494415283,1e-05,0.46875,198.00266760005616,9513.16259765625
grounded,2027,3.373908281326294,2.1691932678222656,1.2047150135040283,1e-05,0.6015625,198.09873580001295,9513.16259765625
grounded,2028,4.487627983093262,2.914456844329834,1.5731709003448486,1e-05,0.46875,198.19549269997515,9513.16259765625
grounded,2029,3.7633962631225586,2.4845221042633057,1.2788740396499634,1e-05,0.515625,198.29136410006322,9513.16259765625
grounded,2030,4.371131420135498,2.833922863006592,1.5372085571289062,1e-05,0.4609375,198.38726410001982,9513.16259765625
grounded,2031,4.094581127166748,2.5625054836273193,1.5320756435394287,1e-05,0.5078125,198.48255289997905,9513.16259765625
grounded,2032,3.9012908935546875,2.5662996768951416,1.334991216659546,1e-05,0.5078125,198.57856080005877,9513.16259765625
grounded,2033,3.5527379512786865,2.3335227966308594,1.2192151546478271,1e-05,0.5390625,198.67458300001454,9513.16259765625
grounded,2034,3.892807960510254,2.5707690715789795,1.3220387697219849,1e-05,0.5234375,198.76960100000724,9513.16259765625
grounded,2035,3.9975736141204834,2.630518674850464,1.3670549392700195,1e-05,0.515625,198.86455749999732,9513.16259765625
grounded,2036,3.947981834411621,2.607412338256836,1.3405693769454956,1e-05,0.4921875,198.96028800006025,9513.16259765625
grounded,2037,3.9330320358276367,2.5983054637908936,1.3347266912460327,1e-05,0.515625,199.05755899997894,9513.16259765625
grounded,2038,3.8480048179626465,2.5065245628356934,1.3414802551269531,1e-05,0.5390625,199.15351309999824,9513.16259765625
grounded,2039,3.808454751968384,2.5025415420532227,1.3059132099151611,1e-05,0.5390625,199.2493511000648,9513.16259765625
grounded,2040,3.709284782409668,2.472729206085205,1.236555576324463,1e-05,0.5,199.34414649999235,9513.16259765625
grounded,2041,3.9454760551452637,2.6154890060424805,1.3299869298934937,1e-05,0.46875,199.43996160000097,9513.16259765625
grounded,2042,4.074749946594238,2.681680202484131,1.3930699825286865,1e-05,0.4921875,199.53637220000383,9513.16259765625
grounded,2043,3.966601848602295,2.6078782081604004,1.358723521232605,1e-05,0.4921875,199.63174129999243,9513.16259765625
grounded,2044,3.8947606086730957,2.617424488067627,1.2773362398147583,1e-05,0.4921875,199.72711430001073,9513.16259765625
grounded,2045,4.117384910583496,2.708695888519287,1.408689260482788,1e-05,0.46875,199.82389230001718,9513.16259765625
grounded,2046,4.2292866706848145,2.7729105949401855,1.4563761949539185,1e-05,0.4765625,199.91853090003133,9513.16259765625
grounded,2047,3.4960856437683105,2.306337356567383,1.1897484064102173,1e-05,0.5703125,200.0156033000676,9513.16259765625
grounded,2048,3.983184337615967,2.637153148651123,1.3460311889648438,1e-05,0.5234375,200.11194219999015,9513.16259765625
grounded,2049,4.177227020263672,2.778728485107422,1.398498773574829,1e-05,0.5,200.20769790001214,9513.16259765625
grounded,2050,4.256506443023682,2.837831735610962,1.4186745882034302,1e-05,0.46875,200.30292320006993,9513.16259765625
grounded,2051,3.8925294876098633,2.518671751022339,1.3738576173782349,1e-05,0.5234375,200.39971420005895,9513.16259765625
grounded,2052,4.35122013092041,2.898252487182617,1.452967643737793,1e-05,0.453125,200.4949510000879,9513.16259765625
grounded,2053,3.797717571258545,2.542529582977295,1.2551878690719604,1e-05,0.5234375,200.5911832000129,9513.16259765625
grounded,2054,4.299480438232422,2.8757784366607666,1.4237018823623657,1e-05,0.453125,200.68644040008076,9513.16259765625
grounded,2055,3.669196605682373,2.47652530670166,1.1926711797714233,1e-05,0.515625,200.78179080004338,9513.16259765625
grounded,2056,3.7467095851898193,2.444995880126953,1.3017137050628662,1e-05,0.53125,200.87669639999513,9513.16259765625
grounded,2057,3.8489174842834473,2.5131399631500244,1.3357775211334229,1e-05,0.5390625,200.9726953000063,9513.16259765625
grounded,2058,4.096828460693359,2.7169954776763916,1.3798329830169678,1e-05,0.5078125,201.06876150006428,9513.16259765625
grounded,2059,4.313775539398193,2.8947336673736572,1.4190419912338257,1e-05,0.4453125,201.16447219997644,9513.16259765625
grounded,2060,3.7986502647399902,2.5194637775421143,1.279186487197876,1e-05,0.4921875,201.26023040001746,9513.16259765625
grounded,2061,3.6498560905456543,2.4385204315185547,1.2113356590270996,1e-05,0.5078125,201.35511010000482,9513.16259765625
grounded,2062,3.695124626159668,2.440856695175171,1.2542678117752075,1e-05,0.515625,201.44980950001627,9513.16259765625
grounded,2063,4.087075233459473,2.7024431228637695,1.3846323490142822,1e-05,0.5,201.54564570006914,9513.16259765625
grounded,2064,4.432172775268555,2.970520496368408,1.4616522789001465,1e-05,0.4296875,201.64082179998513,9513.16259765625
grounded,2065,3.9599506855010986,2.619485378265381,1.3404653072357178,1e-05,0.5078125,201.73549150000326,9513.16259765625
grounded,2066,4.097647666931152,2.7402095794677734,1.3574379682540894,1e-05,0.46875,201.83204620005563,9513.16259765625
grounded,2067,3.962934970855713,2.6150949001312256,1.3478399515151978,1e-05,0.515625,201.9266743999906,9513.16259765625
grounded,2068,3.5471978187561035,2.3114430904388428,1.2357548475265503,1e-05,0.5625,202.02333600004204,9513.16259765625
grounded,2069,3.8232996463775635,2.509772777557373,1.3135268688201904,1e-05,0.53125,202.12067970004864,9513.16259765625
grounded,2070,4.17617130279541,2.7610790729522705,1.41509211063385,1e-05,0.4921875,202.21671990002505,9513.16259765625
grounded,2071,4.442591190338135,3.0261120796203613,1.4164791107177734,1e-05,0.4296875,202.31272430007812,9513.16259765625
grounded,2072,3.605908155441284,2.4122872352600098,1.1936209201812744,1e-05,0.5390625,202.40873400005512,9513.16259765625
grounded,2073,3.2905845642089844,2.159616470336914,1.1309680938720703,1e-05,0.5859375,202.5048214000417,9513.16259765625
grounded,2074,3.563002586364746,2.3329920768737793,1.2300106287002563,1e-05,0.5390625,202.60103000001982,9513.16259765625
grounded,2075,3.5945634841918945,2.3075780868530273,1.2869853973388672,1e-05,0.5703125,202.69569580000825,9513.16259765625
grounded,2076,3.94558048248291,2.6464099884033203,1.2991703748703003,1e-05,0.4921875,202.79128830006812,9513.16259765625
grounded,2077,3.468297004699707,2.254375457763672,1.2139215469360352,1e-05,0.5546875,202.88603689998854,9513.16259765625
grounded,2078,4.2575883865356445,2.8235301971435547,1.4340579509735107,1e-05,0.4765625,202.9817200000398,9513.16259765625
grounded,2079,4.24297571182251,2.807076930999756,1.4358986616134644,1e-05,0.4765625,203.0778570000548,9513.16259765625
grounded,2080,4.2152252197265625,2.8065762519836426,1.40864896774292,1e-05,0.46875,203.17374850006308,9513.16259765625
grounded,2081,4.098730087280273,2.728741407394409,1.3699887990951538,1e-05,0.484375,203.26918130007107,9513.16259765625
grounded,2082,3.753157138824463,2.474040985107422,1.279116153717041,1e-05,0.53125,203.36449509998783,9513.16259765625
grounded,2083,4.02296257019043,2.6139681339263916,1.4089945554733276,1e-05,0.484375,203.45983860001434,9513.16259765625
grounded,2084,3.741058826446533,2.444943904876709,1.2961149215698242,1e-05,0.5390625,203.55611030000728,9513.16259765625
grounded,2085,3.7468576431274414,2.408355712890625,1.3385018110275269,1e-05,0.53125,203.65074970002752,9513.16259765625
grounded,2086,4.222159385681152,2.8155226707458496,1.4066364765167236,1e-05,0.4375,203.7453543000156,9513.16259765625
grounded,2087,3.992109537124634,2.6355247497558594,1.3565847873687744,1e-05,0.5,203.84050030005164,9513.16259765625
grounded,2088,3.4761228561401367,2.273974895477295,1.2021479606628418,1e-05,0.5625,203.93490140000358,9513.16259765625
grounded,2089,3.8002800941467285,2.425628423690796,1.3746516704559326,1e-05,0.5546875,204.0310099000344,9513.16259765625
grounded,2090,4.202166557312012,2.745048999786377,1.4571176767349243,1e-05,0.46875,204.12815580004826,9513.16259765625
grounded,2091,3.9260849952697754,2.650373935699463,1.275710940361023,1e-05,0.4921875,204.22360170003958,9513.16259765625
grounded,2092,4.72679328918457,3.1327946186065674,1.5939985513687134,1e-05,0.3984375,204.31948310008738,9513.16259765625
grounded,2093,3.806802749633789,2.528517484664917,1.2782851457595825,1e-05,0.53125,204.41440080001485,9513.16259765625
grounded,2094,4.596652984619141,3.115774154663086,1.4808788299560547,1e-05,0.421875,204.51054560008924,9513.16259765625
grounded,2095,4.156804084777832,2.7634644508361816,1.3933398723602295,1e-05,0.453125,204.60613219998777,9513.16259765625
grounded,2096,3.7595958709716797,2.51432728767395,1.2452685832977295,1e-05,0.5078125,204.7010300999973,9513.16259765625
grounded,2097,3.700289487838745,2.489213466644287,1.211076021194458,1e-05,0.515625,204.79629269998986,9513.16259765625
grounded,2098,3.820539951324463,2.536693811416626,1.2838460206985474,1e-05,0.5078125,204.8911720000906,9513.16259765625
grounded,2099,4.145967483520508,2.799928665161133,1.346038579940796,1e-05,0.46875,204.9868738000514,9513.16259765625
grounded,2100,3.5914411544799805,2.387577533721924,1.2038637399673462,1e-05,0.5390625,205.08371490007266,9513.16259765625
grounded,2101,3.8551673889160156,2.4874346256256104,1.3677326440811157,1e-05,0.5234375,205.18025820003822,9513.16259765625
grounded,2102,3.485816717147827,2.2339682579040527,1.2518484592437744,1e-05,0.578125,205.2761601000093,9513.16259765625
grounded,2103,3.718970537185669,2.4460339546203613,1.2729365825653076,1e-05,0.5078125,205.37117669999134,9513.16259765625
grounded,2104,3.6234467029571533,2.3509726524353027,1.2724740505218506,1e-05,0.5625,205.46677150006872,9513.16259765625
grounded,2105,3.9465129375457764,2.6458559036254883,1.300657033920288,1e-05,0.4921875,205.5629889999982,9513.16259765625
grounded,2106,4.004416465759277,2.6679670810699463,1.336449146270752,1e-05,0.4921875,205.65842500003055,9513.16259765625
grounded,2107,4.014039039611816,2.7172489166259766,1.296790361404419,1e-05,0.5078125,205.75321090000216,9513.16259765625
grounded,2108,3.779547929763794,2.562497854232788,1.2170500755310059,1e-05,0.5078125,205.84849780006334,9513.16259765625
grounded,2109,4.241422653198242,2.871098518371582,1.3703243732452393,1e-05,0.453125,205.94290050002746,9513.16259765625
grounded,2110,4.594923496246338,3.0818099975585938,1.5131136178970337,1e-05,0.40625,206.0393669999903,9513.16259765625
grounded,2111,3.5342040061950684,2.405808687210083,1.1283953189849854,1e-05,0.53125,206.13629629998468,9513.16259765625
grounded,2112,3.5378499031066895,2.3428597450256348,1.1949902772903442,1e-05,0.5546875,206.23263830004726,9513.16259765625
grounded,2113,3.9279937744140625,2.5586514472961426,1.36934232711792,1e-05,0.5234375,206.32856930000708,9513.16259765625
grounded,2114,3.454026222229004,2.320716381072998,1.1333097219467163,1e-05,0.5546875,206.42392840003595,9513.16259765625
grounded,2115,3.5197947025299072,2.3614492416381836,1.1583454608917236,1e-05,0.546875,206.52025320008397,9513.16259765625
grounded,2116,3.9039499759674072,2.567035675048828,1.336914300918579,1e-05,0.4921875,206.61552890005987,9513.16259765625
grounded,2117,3.7916412353515625,2.47117280960083,1.320468544960022,1e-05,0.5234375,206.71022200002335,9513.16259765625
grounded,2118,4.58847713470459,3.1027894020080566,1.4856877326965332,1e-05,0.4140625,206.8053191000363,9513.16259765625
grounded,2119,3.8336338996887207,2.5109379291534424,1.3226960897445679,1e-05,0.5234375,206.90002820000518,9513.16259765625
grounded,2120,4.39499568939209,2.9221291542053223,1.4728667736053467,1e-05,0.4375,206.99485969997477,9513.16259765625
grounded,2121,4.186530590057373,2.731614112854004,1.4549164772033691,1e-05,0.4921875,207.09210130001884,9513.16259765625
grounded,2122,4.244203567504883,2.8375518321990967,1.4066517353057861,1e-05,0.453125,207.18729230004828,9513.16259765625
grounded,2123,3.9003288745880127,2.597381830215454,1.3029470443725586,1e-05,0.5234375,207.28325179999229,9513.16259765625
grounded,2124,3.545003890991211,2.379279613494873,1.1657243967056274,1e-05,0.5390625,207.37788190005813,9513.16259765625
grounded,2125,3.687537908554077,2.406532049179077,1.281005859375,1e-05,0.5390625,207.4730767000001,9513.16259765625
grounded,2126,3.933091402053833,2.6350603103637695,1.2980310916900635,1e-05,0.5078125,207.5697265000781,9513.16259765625
grounded,2127,3.3879776000976562,2.1636452674865723,1.2243324518203735,1e-05,0.5625,207.66443760006223,9513.16259765625
grounded,2128,3.892212390899658,2.5599160194396973,1.332296371459961,1e-05,0.4765625,207.76034999999683,9513.16259765625
grounded,2129,3.9691715240478516,2.6112074851989746,1.3579639196395874,1e-05,0.5078125,207.85560180002358,9513.16259765625
grounded,2130,4.284988880157471,2.8885459899902344,1.3964427709579468,1e-05,0.453125,207.94988980004564,9513.16259765625
grounded,2131,3.9466733932495117,2.6040945053100586,1.3425787687301636,1e-05,0.5,208.04664259997662,9513.16259765625
grounded,2132,3.4070680141448975,2.2154080867767334,1.191659927368164,1e-05,0.578125,208.1431962000206,9513.16259765625
grounded,2133,3.853123903274536,2.5850844383239746,1.2680394649505615,1e-05,0.515625,208.23819810000714,9513.16259765625
grounded,2134,3.394965648651123,2.1501712799072266,1.244794249534607,1e-05,0.5625,208.33304140006658,9513.16259765625
grounded,2135,3.7209458351135254,2.4849226474761963,1.236023187637329,1e-05,0.5234375,208.42876630008686,9513.16259765625
grounded,2136,3.803809881210327,2.6107378005981445,1.1930720806121826,1e-05,0.5234375,208.52495590003673,9513.16259765625
grounded,2137,3.5929908752441406,2.294863224029541,1.2981276512145996,1e-05,0.546875,208.62024680001196,9513.16259765625
grounded,2138,3.433194160461426,2.226720094680786,1.2064740657806396,1e-05,0.578125,208.7153809000738,9513.16259765625
grounded,2139,3.9849767684936523,2.688957691192627,1.2960190773010254,1e-05,0.46875,208.81086309999228,9513.16259765625
grounded,2140,3.8672022819519043,2.5866661071777344,1.2805360555648804,1e-05,0.4921875,208.9058394000167,9513.16259765625
grounded,2141,3.6702942848205566,2.4248549938201904,1.2454392910003662,1e-05,0.53125,209.00205010001082,9513.16259765625
grounded,2142,4.201993465423584,2.862995147705078,1.3389984369277954,1e-05,0.4609375,209.0988428000128,9513.16259765625
grounded,2143,3.896754741668701,2.596795082092285,1.2999597787857056,1e-05,0.5,209.19451790000312,9513.16259765625
grounded,2144,4.143252372741699,2.75357723236084,1.3896750211715698,1e-05,0.484375,209.28990840003826,9513.16259765625
grounded,2145,3.3885674476623535,2.1853842735290527,1.2031830549240112,1e-05,0.5859375,209.38558500004,9513.16259765625
grounded,2146,3.4719998836517334,2.3033103942871094,1.168689489364624,1e-05,0.5546875,209.48124790005386,9513.16259765625
grounded,2147,3.814232349395752,2.570725679397583,1.243506669998169,1e-05,0.4921875,209.57701440004166,9513.16259765625
grounded,2148,4.254810333251953,2.8099706172943115,1.4448398351669312,1e-05,0.453125,209.67227229999844,9513.16259765625
grounded,2149,3.8918821811676025,2.5814731121063232,1.3104090690612793,1e-05,0.5,209.76682300004177,9513.16259765625
grounded,2150,4.227659225463867,2.8235514163970947,1.4041078090667725,1e-05,0.4609375,209.8626955000218,9513.16259765625
grounded,2151,3.7937755584716797,2.5808074474334717,1.2129682302474976,1e-05,0.5,209.95808100001886,9513.16259765625
grounded,2152,3.615750312805176,2.3519492149353027,1.263801097869873,1e-05,0.5390625,210.0549424000783,9513.16259765625
grounded,2153,4.177048206329346,2.7940995693206787,1.382948637008667,1e-05,0.4609375,210.1516656000167,9513.16259765625
grounded,2154,4.165733337402344,2.7717297077178955,1.3940038681030273,1e-05,0.46875,210.24699430004694,9513.16259765625
grounded,2155,3.9189810752868652,2.633657455444336,1.2853236198425293,1e-05,0.4921875,210.34395400003996,9513.16259765625
grounded,2156,3.90995454788208,2.595693588256836,1.3142608404159546,1e-05,0.4921875,210.43983909999952,9513.16259765625
grounded,2157,3.248199939727783,2.097043037414551,1.1511567831039429,1e-05,0.6015625,210.53568279999308,9513.16259765625
grounded,2158,3.8134944438934326,2.5085840225219727,1.30491042137146,1e-05,0.53125,210.631688100053,9513.16259765625
grounded,2159,3.565208673477173,2.315216064453125,1.2499926090240479,1e-05,0.5703125,210.72744769998826,9513.16259765625
grounded,2160,4.087061405181885,2.655928134918213,1.4311333894729614,1e-05,0.46875,210.8226240000222,9513.16259765625
grounded,2161,3.694890022277832,2.4887423515319824,1.20614755153656,1e-05,0.5234375,210.9172172000399,9513.16259765625
grounded,2162,3.570747137069702,2.353931427001953,1.216815710067749,1e-05,0.5625,211.01295790006407,9513.16259765625
grounded,2163,3.5412588119506836,2.3585398197174072,1.1827189922332764,1e-05,0.53125,211.10957880003843,9513.16259765625
grounded,2164,3.7157342433929443,2.4608676433563232,1.254866600036621,1e-05,0.5,211.20518819999415,9513.16259765625
grounded,2165,3.6800811290740967,2.4870569705963135,1.1930241584777832,1e-05,0.515625,211.30074099998455,9513.16259765625
grounded,2166,4.475409507751465,2.9921321868896484,1.4832772016525269,1e-05,0.4140625,211.39657250000164,9513.16259765625
grounded,2167,3.7167718410491943,2.486337423324585,1.2304344177246094,1e-05,0.5078125,211.49219030002132,9513.16259765625
grounded,2168,3.739239454269409,2.51969838142395,1.219541072845459,1e-05,0.5,211.58781930000987,9513.16259765625
grounded,2169,3.877868175506592,2.6330485343933105,1.2448197603225708,1e-05,0.4921875,211.68363320000935,9513.16259765625
grounded,2170,3.5246801376342773,2.4296164512634277,1.0950636863708496,1e-05,0.546875,211.77898760000244,9513.16259765625
grounded,2171,3.8700809478759766,2.5808894634246826,1.289191484451294,1e-05,0.4921875,211.87388640001882,9513.16259765625
grounded,2172,3.8143818378448486,2.559906005859375,1.2544758319854736,1e-05,0.5078125,211.96886200003792,9513.16259765625
grounded,2173,3.7151577472686768,2.5213818550109863,1.1937758922576904,1e-05,0.515625,212.06582460005302,9513.16259765625
grounded,2174,2.9673070907592773,1.9570282697677612,1.0102787017822266,1e-05,0.609375,212.1617059999844,9513.16259765625
grounded,2175,3.401095151901245,2.2492623329162598,1.1518328189849854,1e-05,0.5546875,212.25679740007035,9513.16259765625
grounded,2176,3.7902519702911377,2.4897985458374023,1.3004534244537354,1e-05,0.484375,212.35240870004054,9513.16259765625
grounded,2177,3.571089267730713,2.4008560180664062,1.1702332496643066,1e-05,0.546875,212.4481290000258,9513.16259765625
grounded,2178,3.98893404006958,2.6780712604522705,1.3108627796173096,1e-05,0.4609375,212.5452406000113,9513.16259765625
grounded,2179,4.219263553619385,2.8387575149536133,1.380506157875061,1e-05,0.484375,212.64005420007743,9513.16259765625
grounded,2180,3.5810489654541016,2.419750213623047,1.1612988710403442,1e-05,0.546875,212.7359514000127,9513.16259765625
grounded,2181,4.328729629516602,2.932112693786621,1.3966169357299805,1e-05,0.4453125,212.83149840007536,9513.16259765625
grounded,2182,3.8087868690490723,2.5310280323028564,1.2777587175369263,1e-05,0.515625,212.92630500008818,9513.16259765625
grounded,2183,4.031292915344238,2.727436065673828,1.3038570880889893,1e-05,0.4453125,213.02184390008915,9513.16259765625
grounded,2184,3.4585087299346924,2.252020835876465,1.2064878940582275,1e-05,0.578125,213.11879970005248,9513.16259765625
grounded,2185,3.895437002182007,2.6250040531158447,1.270432949066162,1e-05,0.5078125,213.21406090003438,9513.16259765625
grounded,2186,3.9725797176361084,2.6380138397216797,1.3345658779144287,1e-05,0.4921875,213.30934210005216,9513.16259765625
grounded,2187,4.077981948852539,2.769916296005249,1.308065414428711,1e-05,0.4765625,213.4050785000436,9513.16259765625
grounded,2188,3.7051568031311035,2.4858593940734863,1.2192974090576172,1e-05,0.5390625,213.5012656999752,9513.16259765625
grounded,2189,3.6486494541168213,2.482302665710449,1.166346788406372,1e-05,0.53125,213.59665560000576,9513.16259765625
grounded,2190,4.181773662567139,2.786993980407715,1.3947795629501343,1e-05,0.453125,213.69204330001958,9513.16259765625
grounded,2191,3.6021366119384766,2.434462785720825,1.1676738262176514,1e-05,0.53125,213.78758070000913,9513.16259765625
grounded,2192,4.045633316040039,2.7396399974823,1.3059935569763184,1e-05,0.453125,213.88189980003517,9513.16259765625
grounded,2193,4.229247093200684,2.839928150177002,1.3893190622329712,1e-05,0.453125,213.9770065000048,9513.16259765625
grounded,2194,3.9105072021484375,2.6661086082458496,1.244398593902588,1e-05,0.5,214.07396130007692,9513.16259765625
grounded,2195,3.576968193054199,2.4348621368408203,1.1421059370040894,1e-05,0.546875,214.16994430008344,9513.16259765625
grounded,2196,3.780952215194702,2.5146565437316895,1.2662956714630127,1e-05,0.5,214.26452730002347,9513.16259765625
grounded,2197,3.9788947105407715,2.7305948734283447,1.2482998371124268,1e-05,0.4765625,214.35993889998645,9513.16259765625
grounded,2198,3.300092935562134,2.2220537662506104,1.0780391693115234,1e-05,0.578125,214.45697880000807,9513.16259765625
grounded,2199,3.5438168048858643,2.3669958114624023,1.176820993423462,1e-05,0.5546875,214.55335340008605,9513.16259765625
grounded,2200,3.909140110015869,2.673147201538086,1.2359930276870728,1e-05,0.4921875,214.64872130006552,9513.16259765625
grounded,2201,3.298377752304077,2.259103775024414,1.039273977279663,1e-05,0.5546875,214.74541360000148,9513.16259765625
grounded,2202,3.8489599227905273,2.604015350341797,1.244944453239441,1e-05,0.4921875,214.84080690005794,9513.16259765625
grounded,2203,3.84718656539917,2.605884552001953,1.2413018941879272,1e-05,0.4921875,214.93589419999626,9513.16259765625
grounded,2204,4.174872398376465,2.847351551055908,1.3275206089019775,1e-05,0.4609375,215.03168790007476,9513.16259765625
grounded,2205,3.7585835456848145,2.5619616508483887,1.1966220140457153,1e-05,0.484375,215.12811769999098,9513.16259765625
grounded,2206,3.2779359817504883,2.0888373851776123,1.1890987157821655,1e-05,0.578125,215.2226803000085,9513.16259765625
grounded,2207,3.8493998050689697,2.5327911376953125,1.3166086673736572,1e-05,0.53125,215.31807779998053,9513.16259765625
grounded,2208,3.605762481689453,2.406999111175537,1.1987634897232056,1e-05,0.5390625,215.41375569999218,9513.16259765625
grounded,2209,3.1787617206573486,2.1459569931030273,1.0328047275543213,1e-05,0.5859375,215.50956130004488,9513.16259765625
grounded,2210,3.4478721618652344,2.319140672683716,1.1287314891815186,1e-05,0.546875,215.60563400003593,9513.16259765625
grounded,2211,3.491344451904297,2.306894302368164,1.1844500303268433,1e-05,0.5390625,215.70097340003122,9513.16259765625
grounded,2212,2.951234817504883,1.9455066919326782,1.0057282447814941,1e-05,0.6015625,215.796604400035,9513.16259765625
grounded,2213,4.154487609863281,2.8093607425689697,1.3451268672943115,1e-05,0.4609375,215.89132809999865,9513.16259765625
grounded,2214,3.6496005058288574,2.4440994262695312,1.2055010795593262,1e-05,0.515625,215.98671510000713,9513.16259765625
grounded,2215,3.468350648880005,2.327390432357788,1.1409602165222168,1e-05,0.5546875,216.0835228000069,9513.16259765625
grounded,2216,3.8586835861206055,2.644930601119995,1.2137531042099,1e-05,0.4921875,216.17887519998476,9513.16259765625
grounded,2217,3.8281936645507812,2.5209174156188965,1.3072762489318848,1e-05,0.5078125,216.27542510000058,9513.16259765625
grounded,2218,3.7517337799072266,2.5195326805114746,1.232201099395752,1e-05,0.5234375,216.37167000002228,9513.16259765625
grounded,2219,3.6984879970550537,2.4949417114257812,1.2035462856292725,1e-05,0.4921875,216.4679182000691,9513.16259765625
grounded,2220,3.4844963550567627,2.291781425476074,1.1927149295806885,1e-05,0.5546875,216.5632726000622,9513.16259765625
grounded,2221,4.131706237792969,2.8259623050689697,1.3057441711425781,1e-05,0.4375,216.65876910008956,9513.16259765625
grounded,2222,3.5459604263305664,2.286825180053711,1.2591352462768555,1e-05,0.59375,216.75427210005,9513.16259765625
grounded,2223,4.353955268859863,3.008594512939453,1.3453609943389893,1e-05,0.4296875,216.84944010002073,9513.16259765625
grounded,2224,4.468953609466553,3.049349308013916,1.4196043014526367,1e-05,0.4140625,216.94503760000225,9513.16259765625
grounded,2225,3.775752067565918,2.5224947929382324,1.253257393836975,1e-05,0.515625,217.04069410008378,9513.16259765625
grounded,2226,4.18228006362915,2.828035831451416,1.3542441129684448,1e-05,0.421875,217.13751790008973,9513.16259765625
grounded,2227,3.7512221336364746,2.552999973297119,1.1982221603393555,1e-05,0.4921875,217.2322092000395,9513.16259765625
grounded,2228,4.384687423706055,2.9969358444213867,1.387751579284668,1e-05,0.421875,217.32779990008567,9513.16259765625
grounded,2229,3.792922019958496,2.6099557876586914,1.1829661130905151,1e-05,0.4921875,217.4231076000724,9513.16259765625
grounded,2230,3.5259504318237305,2.3189804553985596,1.206969976425171,1e-05,0.5546875,217.51911130000371,9513.16259765625
grounded,2231,3.7917802333831787,2.560027599334717,1.231752634048462,1e-05,0.484375,217.61437070008833,9513.16259765625
grounded,2232,4.601157188415527,3.106339693069458,1.4948174953460693,1e-05,0.4140625,217.71002610004507,9513.16259765625
grounded,2233,3.3099939823150635,2.3163039684295654,0.993690013885498,1e-05,0.5625,217.80519700003788,9513.16259765625
grounded,2234,4.069276809692383,2.6840007305145264,1.3852758407592773,1e-05,0.484375,217.8997640000889,9513.16259765625
grounded,2235,3.525202751159668,2.372040271759033,1.1531624794006348,1e-05,0.5390625,217.9949542999966,9513.16259765625
grounded,2236,4.3169941902160645,2.943390369415283,1.3736038208007812,1e-05,0.4453125,218.0915268000681,9513.16259765625
grounded,2237,3.817554473876953,2.5035438537597656,1.314010739326477,1e-05,0.5078125,218.18658029998187,9513.16259765625
grounded,2238,3.916703224182129,2.6477603912353516,1.268942952156067,1e-05,0.5078125,218.2819545000093,9513.16259765625
grounded,2239,3.6541593074798584,2.438511848449707,1.2156474590301514,1e-05,0.5234375,218.37740130000748,9513.16259765625
grounded,2240,4.181485176086426,2.8535847663879395,1.3279004096984863,1e-05,0.4609375,218.47260360000655,9513.16259765625
grounded,2241,4.024036407470703,2.6283154487609863,1.3957209587097168,1e-05,0.5,218.5690576999914,9513.16259765625
grounded,2242,3.794996738433838,2.556511878967285,1.2384847402572632,1e-05,0.5078125,218.66547220002394,9513.16259765625
grounded,2243,3.8480336666107178,2.5912017822265625,1.2568318843841553,1e-05,0.5,218.76152410008945,9513.16259765625
grounded,2244,4.233358860015869,2.9094371795654297,1.32392156124115,1e-05,0.4375,218.85752520000096,9513.16259765625
grounded,2245,3.4006102085113525,2.3788869380950928,1.0217232704162598,1e-05,0.546875,218.9530572000658,9513.16259765625
grounded,2246,3.505283832550049,2.3421192169189453,1.163164496421814,1e-05,0.5625,219.04794010007754,9513.16259765625
grounded,2247,3.7547173500061035,2.5139832496643066,1.2407342195510864,1e-05,0.5,219.14440980006475,9513.16259765625
grounded,2248,3.951894521713257,2.7098963260650635,1.2419981956481934,1e-05,0.4921875,219.23956730007194,9513.16259765625
grounded,2249,4.18480110168457,2.8580880165100098,1.3267130851745605,1e-05,0.4140625,219.33450240001548,9513.16259765625
grounded,2250,3.88596773147583,2.635763168334961,1.2502046823501587,1e-05,0.484375,219.42943770007696,9513.16259765625
grounded,2251,3.6034488677978516,2.420781373977661,1.1826674938201904,1e-05,0.53125,219.52579049998894,9513.16259765625
grounded,2252,4.0668487548828125,2.67520809173584,1.391640543937683,1e-05,0.46875,219.6216777000809,9513.16259765625
grounded,2253,3.5347771644592285,2.403646469116211,1.131130576133728,1e-05,0.5390625,219.7165265000658,9513.16259765625
grounded,2254,3.823745012283325,2.605149030685425,1.2185959815979004,1e-05,0.5234375,219.8117774000857,9513.16259765625
grounded,2255,4.048297882080078,2.762969970703125,1.2853279113769531,1e-05,0.46875,219.9074795000488,9513.16259765625
grounded,2256,3.4528627395629883,2.290210723876953,1.1626521348953247,1e-05,0.5625,220.00309600005858,9513.16259765625
grounded,2257,3.664731740951538,2.480463981628418,1.1842677593231201,1e-05,0.5234375,220.1001557999989,9513.16259765625
grounded,2258,3.986083984375,2.6817023754119873,1.3043816089630127,1e-05,0.484375,220.1953037000494,9513.16259765625
grounded,2259,3.626798629760742,2.465639591217041,1.1611591577529907,1e-05,0.5234375,220.29028040007688,9513.16259765625
grounded,2260,3.3572170734405518,2.2216334342956543,1.1355836391448975,1e-05,0.578125,220.38568569999188,9513.16259765625
grounded,2261,3.5438461303710938,2.3792243003845215,1.1646219491958618,1e-05,0.5234375,220.48100650007837,9513.16259765625
grounded,2262,3.751882314682007,2.5482606887817383,1.2036216259002686,1e-05,0.5078125,220.57692460005637,9513.16259765625
grounded,2263,3.870272636413574,2.619241714477539,1.2510309219360352,1e-05,0.5,220.673116400023,9513.16259765625
grounded,2264,3.873464584350586,2.5844197273254395,1.2890448570251465,1e-05,0.484375,220.76811830000952,9513.16259765625
grounded,2265,3.336167812347412,2.2569468021392822,1.0792211294174194,1e-05,0.5625,220.86333159997594,9513.16259765625
grounded,2266,4.22968053817749,2.8529672622680664,1.3767131567001343,1e-05,0.4453125,220.95890950004105,9513.16259765625
grounded,2267,3.2452192306518555,2.1286120414733887,1.1166070699691772,1e-05,0.578125,221.05525239999406,9513.16259765625
grounded,2268,4.049579620361328,2.7302470207214355,1.3193328380584717,1e-05,0.46875,221.15117500000633,9513.16259765625
grounded,2269,4.17044734954834,2.850457191467285,1.3199901580810547,1e-05,0.4609375,221.24631660000887,9513.16259765625
grounded,2270,4.061673164367676,2.7536628246307373,1.3080105781555176,1e-05,0.4609375,221.3419268000871,9513.16259765625
grounded,2271,3.4419474601745605,2.3262674808502197,1.1156799793243408,1e-05,0.5703125,221.43697080004495,9513.16259765625
grounded,2272,3.6889991760253906,2.463613271713257,1.2253859043121338,1e-05,0.5234375,221.53264900005888,9513.16259765625
grounded,2273,4.028499603271484,2.8070223331451416,1.2214772701263428,1e-05,0.484375,221.62854290008545,9513.16259765625
grounded,2274,3.225653886795044,2.084260940551758,1.1413929462432861,1e-05,0.6015625,221.72349340002984,9513.16259765625
grounded,2275,3.601111650466919,2.3878862857818604,1.2132253646850586,1e-05,0.53125,221.81829149997793,9513.16259765625
grounded,2276,3.908853054046631,2.609879970550537,1.2989730834960938,1e-05,0.484375,221.91391780006234,9513.16259765625
grounded,2277,3.7062318325042725,2.4082870483398438,1.2979447841644287,1e-05,0.5234375,222.00902780005708,9513.16259765625
grounded,2278,3.7514047622680664,2.5428028106689453,1.208601951599121,1e-05,0.5078125,222.10529420000967,9513.16259765625
grounded,2279,3.6205556392669678,2.4213414192199707,1.199214220046997,1e-05,0.53125,222.2010557000758,9513.16259765625
grounded,2280,3.624102830886841,2.408524990081787,1.2155778408050537,1e-05,0.5078125,222.29618160007522,9513.16259765625
grounded,2281,4.309661388397217,2.9575819969177246,1.3520792722702026,1e-05,0.4375,222.39233499998227,9513.16259765625
grounded,2282,3.675201416015625,2.54048490524292,1.1347163915634155,1e-05,0.5078125,222.487501500058,9513.16259765625
grounded,2283,3.7771472930908203,2.523993492126465,1.253153920173645,1e-05,0.515625,222.58408100006636,9513.16259765625
grounded,2284,3.8651325702667236,2.626206874847412,1.2389256954193115,1e-05,0.4921875,222.68076710007153,9513.16259765625
grounded,2285,3.776987075805664,2.529387950897217,1.2475991249084473,1e-05,0.5078125,222.77583370008506,9513.16259765625
grounded,2286,3.9246387481689453,2.6695308685302734,1.2551079988479614,1e-05,0.4921875,222.87154269998427,9513.16259765625
grounded,2287,3.86669921875,2.627878189086914,1.238821029663086,1e-05,0.4921875,222.96737480000593,9513.16259765625
grounded,2288,4.064295291900635,2.7610983848571777,1.303196907043457,1e-05,0.46875,223.0629934000317,9513.16259765625
grounded,2289,3.9017767906188965,2.6541128158569336,1.2476640939712524,1e-05,0.484375,223.15923940006178,9513.16259765625
grounded,2290,3.9057695865631104,2.6413800716400146,1.2643895149230957,1e-05,0.484375,223.25445160001982,9513.16259765625
grounded,2291,3.9570071697235107,2.7171192169189453,1.2398879528045654,1e-05,0.4765625,223.35019730008207,9513.16259765625
grounded,2292,4.505616664886475,3.112785816192627,1.3928308486938477,1e-05,0.3984375,223.4453824000666,9513.16259765625
grounded,2293,3.738541603088379,2.529895782470703,1.2086459398269653,1e-05,0.5,223.54046100005507,9513.16259765625
grounded,2294,3.524832010269165,2.402421236038208,1.122410774230957,1e-05,0.53125,223.6361382000614,9513.16259765625
grounded,2295,3.192422866821289,2.143401622772217,1.0490212440490723,1e-05,0.5703125,223.7315795000177,9513.16259765625
grounded,2296,3.443037748336792,2.3336501121520996,1.1093876361846924,1e-05,0.5390625,223.8264890999999,9513.16259765625
grounded,2297,4.04860782623291,2.759842872619629,1.2887651920318604,1e-05,0.4765625,223.92207640002016,9513.16259765625
grounded,2298,3.55122447013855,2.3759877681732178,1.175236701965332,1e-05,0.5234375,224.0180428000167,9513.16259765625
grounded,2299,3.703073024749756,2.549708604812622,1.1533643007278442,1e-05,0.5,224.11424850008916,9513.16259765625
grounded,2300,3.817800760269165,2.593555450439453,1.224245309829712,1e-05,0.4765625,224.20983649999835,9513.16259765625
grounded,2301,3.5744707584381104,2.377654552459717,1.1968162059783936,1e-05,0.53125,224.30648829997517,9513.16259765625
grounded,2302,4.113250732421875,2.7938103675842285,1.319440245628357,1e-05,0.453125,224.40115030005109,9513.16259765625
grounded,2303,3.723936080932617,2.470950126647949,1.252985954284668,1e-05,0.5234375,224.49677440000232,9513.16259765625
grounded,2304,4.228375434875488,2.839545726776123,1.3888299465179443,1e-05,0.4453125,224.5931535999989,9513.16259765625
grounded,2305,3.4918973445892334,2.3006553649902344,1.191241979598999,1e-05,0.5234375,224.68837340001483,9513.16259765625
grounded,2306,3.594656467437744,2.437575101852417,1.1570813655853271,1e-05,0.5625,224.7833117999835,9513.16259765625
grounded,2307,3.6697206497192383,2.4290590286254883,1.2406615018844604,1e-05,0.5234375,224.87893520004582,9513.16259765625
grounded,2308,3.5996766090393066,2.404212713241577,1.195464015007019,1e-05,0.53125,224.97416770004202,9513.16259765625
grounded,2309,4.024428367614746,2.6295645236968994,1.3948640823364258,1e-05,0.4765625,225.07000200008042,9513.16259765625
grounded,2310,3.8916025161743164,2.590632438659668,1.300970196723938,1e-05,0.5,225.16614610003307,9513.16259765625
grounded,2311,3.533200740814209,2.2805652618408203,1.2526354789733887,1e-05,0.5625,225.2617444000207,9513.16259765625
grounded,2312,3.9857077598571777,2.688579559326172,1.2971280813217163,1e-05,0.484375,225.35731180000585,9513.16259765625
grounded,2313,3.5596163272857666,2.4314920902252197,1.1281242370605469,1e-05,0.53125,225.45272719999775,9513.16259765625
grounded,2314,3.218890905380249,2.1361024379730225,1.0827884674072266,1e-05,0.6015625,225.54829690000042,9513.16259765625
grounded,2315,4.309037685394287,2.8604464530944824,1.4485912322998047,1e-05,0.4375,225.64367130002938,9513.16259765625
grounded,2316,3.8033151626586914,2.583651542663574,1.2196636199951172,1e-05,0.4921875,225.73841620003805,9513.16259765625
grounded,2317,3.856661796569824,2.5959906578063965,1.2606711387634277,1e-05,0.515625,225.83384760003537,9513.16259765625
grounded,2318,3.572981357574463,2.4401450157165527,1.1328362226486206,1e-05,0.53125,225.92937050003093,9513.16259765625
grounded,2319,3.1263086795806885,2.126973867416382,0.9993348121643066,1e-05,0.5625,226.024439800065,9513.16259765625
grounded,2320,4.029612064361572,2.790550708770752,1.2390613555908203,1e-05,0.453125,226.12061940005515,9513.16259765625
grounded,2321,3.5102040767669678,2.381002426147461,1.1292016506195068,1e-05,0.5234375,226.21651080006268,9513.16259765625
grounded,2322,3.2723684310913086,2.2178549766540527,1.0545135736465454,1e-05,0.5625,226.31175220001023,9513.16259765625
grounded,2323,3.1792800426483154,2.1697590351104736,1.0095210075378418,1e-05,0.59375,226.40742609999143,9513.16259765625
grounded,2324,4.1693806648254395,2.8528213500976562,1.3165591955184937,1e-05,0.4609375,226.50358969997615,9513.16259765625
grounded,2325,3.9379916191101074,2.6819324493408203,1.256059169769287,1e-05,0.4609375,226.59934399998747,9513.16259765625
grounded,2326,4.096593379974365,2.767592191696167,1.3290013074874878,1e-05,0.4765625,226.69519310002215,9513.16259765625
grounded,2327,3.5498552322387695,2.4327330589294434,1.1171222925186157,1e-05,0.515625,226.79086389997974,9513.16259765625
grounded,2328,4.221419811248779,2.8599395751953125,1.3614802360534668,1e-05,0.4453125,226.88621390005574,9513.16259765625
grounded,2329,3.7720255851745605,2.6250438690185547,1.1469817161560059,1e-05,0.46875,226.98358690005261,9513.16259765625
grounded,2330,3.7376856803894043,2.5311686992645264,1.2065168619155884,1e-05,0.5234375,227.07962360000238,9513.16259765625
grounded,2331,3.289701461791992,2.192624092102051,1.0970773696899414,1e-05,0.5625,227.17559150001034,9513.16259765625
grounded,2332,4.467817306518555,2.9897122383117676,1.4781051874160767,1e-05,0.4140625,227.27177800005302,9513.16259765625
grounded,2333,3.706090211868286,2.49589467048645,1.210195541381836,1e-05,0.515625,227.36660250008572,9513.16259765625
grounded,2334,3.456784725189209,2.3509318828582764,1.1058528423309326,1e-05,0.5390625,227.4615116000641,9513.16259765625
grounded,2335,3.4364967346191406,2.3561997413635254,1.0802971124649048,1e-05,0.546875,227.55720420007128,9513.16259765625
grounded,2336,3.2865138053894043,2.2127485275268555,1.0737653970718384,1e-05,0.578125,227.6532044999767,9513.16259765625
grounded,2337,3.2080914974212646,2.1295692920684814,1.0785222053527832,1e-05,0.59375,227.74803280003835,9513.16259765625
grounded,2338,3.8407838344573975,2.6021270751953125,1.238656759262085,1e-05,0.4921875,227.8440734000178,9513.16259765625
grounded,2339,3.7430107593536377,2.5029478073120117,1.240062952041626,1e-05,0.5078125,227.93937250005547,9513.16259765625
grounded,2340,4.014796733856201,2.6803722381591797,1.3344244956970215,1e-05,0.484375,228.0345542000141,9513.16259765625
grounded,2341,3.4194352626800537,2.3594460487365723,1.0599892139434814,1e-05,0.53125,228.13095400005113,9513.16259765625
grounded,2342,3.724071502685547,2.56288743019104,1.1611840724945068,1e-05,0.5078125,228.22704700008035,9513.16259765625
grounded,2343,3.8242125511169434,2.5512959957122803,1.2729164361953735,1e-05,0.5,228.32297770003788,9513.16259765625
grounded,2344,4.497292518615723,3.094635009765625,1.402657389640808,1e-05,0.3984375,228.41802510002162,9513.16259765625
grounded,2345,3.7888574600219727,2.5376358032226562,1.2512215375900269,1e-05,0.5,228.5136108000297,9513.16259765625
grounded,2346,3.6033873558044434,2.489938735961914,1.1134486198425293,1e-05,0.515625,228.60913480003364,9513.16259765625
grounded,2347,3.387953758239746,2.2792234420776367,1.1087301969528198,1e-05,0.5390625,228.70469330006745,9513.16259765625
grounded,2348,3.8033552169799805,2.574907064437866,1.2284482717514038,1e-05,0.4921875,228.80017489998136,9513.16259765625
grounded,2349,3.014288902282715,2.033045530319214,0.9812434315681458,1e-05,0.6015625,228.89522679999936,9513.16259765625
grounded,2350,3.654918670654297,2.4810237884521484,1.1738947629928589,1e-05,0.5234375,228.99107490002643,9513.16259765625
grounded,2351,3.6809070110321045,2.510113000869751,1.1707940101623535,1e-05,0.515625,229.0878531000344,9513.16259765625
grounded,2352,4.010103225708008,2.7200100421905518,1.2900933027267456,1e-05,0.4765625,229.18379520007875,9513.16259765625
grounded,2353,3.8003902435302734,2.6194379329681396,1.1809523105621338,1e-05,0.4921875,229.27946900005918,9513.16259765625
grounded,2354,3.7783761024475098,2.413504123687744,1.364871859550476,1e-05,0.515625,229.37486510002054,9513.16259765625
grounded,2355,3.754279136657715,2.4957799911499023,1.258499264717102,1e-05,0.5078125,229.47035209997557,9513.16259765625
grounded,2356,3.9729576110839844,2.661869525909424,1.31108820438385,1e-05,0.4921875,229.5663147000596,9513.16259765625
grounded,2357,3.4325201511383057,2.247943878173828,1.1845762729644775,1e-05,0.5390625,229.6608926000772,9513.16259765625
grounded,2358,3.8062329292297363,2.611313819885254,1.194919228553772,1e-05,0.5,229.75595300004352,9513.16259765625
grounded,2359,3.497429847717285,2.320382595062256,1.1770473718643188,1e-05,0.5234375,229.8510795000475,9513.16259765625
grounded,2360,3.6890103816986084,2.5450100898742676,1.1440002918243408,1e-05,0.4921875,229.9458724000724,9513.16259765625
grounded,2361,3.8356757164001465,2.630216121673584,1.205459475517273,1e-05,0.4765625,230.04249730007723,9513.16259765625
grounded,2362,3.3903818130493164,2.2283289432525635,1.1620527505874634,1e-05,0.578125,230.13899900007527,9513.16259765625
grounded,2363,3.397453546524048,2.281749725341797,1.115703821182251,1e-05,0.5546875,230.23474850005005,9513.16259765625
grounded,2364,3.8822262287139893,2.6642656326293945,1.2179605960845947,1e-05,0.4609375,230.32960120006464,9513.16259765625
grounded,2365,4.128854751586914,2.7776055335998535,1.3512494564056396,1e-05,0.4453125,230.42460909998044,9513.16259765625
grounded,2366,3.6430723667144775,2.481600284576416,1.1614720821380615,1e-05,0.515625,230.51984790002462,9513.16259765625
grounded,2367,3.844449281692505,2.61810040473938,1.226348876953125,1e-05,0.4921875,230.61612500005867,9513.16259765625
grounded,2368,3.8893485069274902,2.6578824520111084,1.2314660549163818,1e-05,0.484375,230.71146910008974,9513.16259765625
grounded,2369,4.243546485900879,2.8733277320861816,1.3702187538146973,1e-05,0.4375,230.80721130000893,9513.16259765625
grounded,2370,3.647488832473755,2.4969801902770996,1.1505086421966553,1e-05,0.5234375,230.90341600007378,9513.16259765625
grounded,2371,4.0692291259765625,2.7393898963928223,1.3298393487930298,1e-05,0.453125,230.99879159999546,9513.16259765625
grounded,2372,3.3272252082824707,2.202293872833252,1.1249313354492188,1e-05,0.5703125,231.0954090000596,9513.16259765625
grounded,2373,3.267287254333496,2.19775390625,1.0695332288742065,1e-05,0.578125,231.19102770008612,9513.16259765625
grounded,2374,3.5414328575134277,2.310795307159424,1.230637550354004,1e-05,0.5625,231.28639110003132,9513.16259765625
grounded,2375,3.6886744499206543,2.5299761295318604,1.158698320388794,1e-05,0.4921875,231.3823401000118,9513.16259765625
grounded,2376,4.267269134521484,2.9132113456726074,1.3540575504302979,1e-05,0.453125,231.47833950002678,9513.16259765625
grounded,2377,3.7067770957946777,2.5300257205963135,1.1767513751983643,1e-05,0.515625,231.57411260006484,9513.16259765625
grounded,2378,3.9535715579986572,2.7132391929626465,1.2403323650360107,1e-05,0.4765625,231.66998150001746,9513.16259765625
grounded,2379,3.7297067642211914,2.5774219036102295,1.152284860610962,1e-05,0.5234375,231.76542200008407,9513.16259765625
grounded,2380,3.722917079925537,2.5022428035736084,1.2206743955612183,1e-05,0.4921875,231.859862399986,9513.16259765625
grounded,2381,4.248956203460693,2.8851234912872314,1.363832712173462,1e-05,0.453125,231.95569249999244,9513.16259765625
grounded,2382,3.9543802738189697,2.6853644847869873,1.2690157890319824,1e-05,0.453125,232.0518550000852,9513.16259765625
grounded,2383,3.3811023235321045,2.3224921226501465,1.058610200881958,1e-05,0.546875,232.14724600000773,9513.16259765625
grounded,2384,3.572488307952881,2.428471088409424,1.144017219543457,1e-05,0.5,232.24278209998738,9513.16259765625
grounded,2385,3.490534782409668,2.4028000831604004,1.0877348184585571,1e-05,0.53125,232.33805640006904,9513.16259765625
grounded,2386,4.297901153564453,2.9993906021118164,1.2985105514526367,1e-05,0.4140625,232.4335806000745,9513.16259765625
grounded,2387,3.8642797470092773,2.5712203979492188,1.2930593490600586,1e-05,0.5,232.52933920000214,9513.16259765625
grounded,2388,2.8851606845855713,1.9910249710083008,0.8941357135772705,1e-05,0.609375,232.6255100000417,9513.16259765625
grounded,2389,3.7494115829467773,2.5206751823425293,1.228736400604248,1e-05,0.5078125,232.72005950007588,9513.16259765625
grounded,2390,4.281527519226074,2.9480228424072266,1.3335046768188477,1e-05,0.421875,232.8150265000295,9513.16259765625
grounded,2391,3.5298402309417725,2.427112579345703,1.1027276515960693,1e-05,0.5078125,232.90998530003708,9513.16259765625
grounded,2392,2.8549094200134277,1.9256207942962646,0.9292885065078735,1e-05,0.6328125,233.00539840001147,9513.16259765625
grounded,2393,3.788632392883301,2.5814309120178223,1.2072014808654785,1e-05,0.4765625,233.10192879999522,9513.16259765625
grounded,2394,3.139394998550415,2.162389039993286,0.9770059585571289,1e-05,0.5625,233.19796999997925,9513.16259765625
grounded,2395,4.268978595733643,2.8806540966033936,1.3883243799209595,1e-05,0.4375,233.29296840005554,9513.16259765625
grounded,2396,3.6224241256713867,2.4590749740600586,1.1633491516113281,1e-05,0.4921875,233.3882931000553,9513.16259765625
grounded,2397,3.660022735595703,2.4429965019226074,1.2170262336730957,1e-05,0.515625,233.48386410006788,9513.16259765625
grounded,2398,4.02020263671875,2.745330572128296,1.2748723030090332,1e-05,0.453125,233.5793977000285,9513.16259765625
grounded,2399,3.277038097381592,2.1659369468688965,1.1111010313034058,1e-05,0.578125,233.6755096000852,9513.16259765625
grounded,2400,2.8250818252563477,1.88364839553833,0.941433310508728,1e-05,0.625,233.7711267999839,9513.16259765625
grounded,2401,3.591683864593506,2.3979220390319824,1.1937618255615234,1e-05,0.5234375,233.86738429998513,9513.16259765625
grounded,2402,3.713240146636963,2.5784413814544678,1.1347988843917847,1e-05,0.484375,233.96263309998903,9513.16259765625
grounded,2403,3.8687946796417236,2.645226001739502,1.2235686779022217,1e-05,0.46875,234.05891660007183,9513.16259765625
grounded,2404,4.077011585235596,2.838223457336426,1.23878812789917,1e-05,0.453125,234.15411720005795,9513.16259765625
grounded,2405,3.9175243377685547,2.7115516662597656,1.2059725522994995,1e-05,0.4765625,234.24978780001402,9513.16259765625
grounded,2406,3.688115119934082,2.4423186779022217,1.2457964420318604,1e-05,0.515625,234.3446874000365,9513.16259765625
grounded,2407,3.467292308807373,2.302351951599121,1.164940357208252,1e-05,0.5546875,234.4399336000206,9513.16259765625
grounded,2408,4.024928092956543,2.7088680267333984,1.316060185432434,1e-05,0.4453125,234.53547950007487,9513.16259765625
grounded,2409,3.763394832611084,2.5637786388397217,1.1996160745620728,1e-05,0.5078125,234.63072480005212,9513.16259765625
grounded,2410,3.594040870666504,2.49473237991333,1.0993084907531738,1e-05,0.5,234.72600530006457,9513.16259765625
grounded,2411,4.183277130126953,2.8465185165405273,1.3367586135864258,1e-05,0.4609375,234.8210196000291,9513.16259765625
grounded,2412,3.685481071472168,2.542785167694092,1.1426959037780762,1e-05,0.5078125,234.9158749000635,9513.16259765625
grounded,2413,4.269933700561523,2.918893337249756,1.3510401248931885,1e-05,0.421875,235.0126736999955,9513.16259765625
grounded,2414,3.5536317825317383,2.3239474296569824,1.2296842336654663,1e-05,0.546875,235.1087877000682,9513.16259765625
grounded,2415,3.862320899963379,2.5591228008270264,1.3031980991363525,1e-05,0.5078125,235.20572750002611,9513.16259765625
grounded,2416,3.747572422027588,2.5527257919311523,1.1948466300964355,1e-05,0.4921875,235.30080680001993,9513.16259765625
grounded,2417,3.2867043018341064,2.168868064880371,1.1178362369537354,1e-05,0.5625,235.39677059999667,9513.16259765625
grounded,2418,3.8537583351135254,2.6298182010650635,1.2239402532577515,1e-05,0.46875,235.49243400001433,9513.16259765625
grounded,2419,3.703634738922119,2.558133602142334,1.1455011367797852,1e-05,0.5078125,235.58839779999107,9513.16259765625
grounded,2420,3.742384910583496,2.5536305904388428,1.1887544393539429,1e-05,0.484375,235.6834264000645,9513.16259765625
grounded,2421,3.3905038833618164,2.362473487854004,1.028030276298523,1e-05,0.5234375,235.77845560002606,9513.16259765625
grounded,2422,3.4698829650878906,2.3391313552856445,1.1307514905929565,1e-05,0.5234375,235.8735793000087,9513.16259765625
grounded,2423,3.705958843231201,2.577911376953125,1.1280474662780762,1e-05,0.5078125,235.96861560002435,9513.16259765625
grounded,2424,3.157593011856079,2.164310932159424,0.9932820796966553,1e-05,0.59375,236.0649491000222,9513.16259765625
grounded,2425,3.6739330291748047,2.558586835861206,1.1153461933135986,1e-05,0.515625,236.16063790000044,9513.16259765625
grounded,2426,3.498459815979004,2.3510231971740723,1.147436499595642,1e-05,0.5390625,236.2554674000712,9513.16259765625
grounded,2427,3.291921615600586,2.2598109245300293,1.0321106910705566,1e-05,0.5390625,236.3515927999979,9513.16259765625
grounded,2428,4.118117332458496,2.8110105991363525,1.3071069717407227,1e-05,0.453125,236.44667019997723,9513.16259765625
grounded,2429,3.902034282684326,2.628290891647339,1.2737433910369873,1e-05,0.484375,236.54097600001842,9513.16259765625
grounded,2430,3.696509599685669,2.4983792304992676,1.1981303691864014,1e-05,0.5078125,236.63722520007286,9513.16259765625
grounded,2431,3.3738043308258057,2.3458008766174316,1.028003454208374,1e-05,0.5078125,236.73253150004894,9513.16259765625
grounded,2432,3.60382080078125,2.505410671234131,1.0984102487564087,1e-05,0.515625,236.82721940008923,9513.16259765625
grounded,2433,3.4204554557800293,2.3338823318481445,1.0865732431411743,1e-05,0.5390625,236.92238770006225,9513.16259765625
grounded,2434,4.791318893432617,3.332622766494751,1.458695888519287,1e-05,0.3828125,237.01818240003195,9513.16259765625
grounded,2435,3.6095762252807617,2.4753708839416504,1.1342053413391113,1e-05,0.484375,237.1142326000845,9513.16259765625
grounded,2436,4.152256965637207,2.861034870147705,1.2912218570709229,1e-05,0.453125,237.2092431000201,9513.16259765625
grounded,2437,3.1198995113372803,2.0995101928710938,1.0203893184661865,1e-05,0.6015625,237.3057082000887,9513.16259765625
grounded,2438,3.6294047832489014,2.502572536468506,1.1268322467803955,1e-05,0.515625,237.40131129999645,9513.16259765625
grounded,2439,3.842485189437866,2.641822338104248,1.2006628513336182,1e-05,0.4765625,237.49745420005638,9513.16259765625
grounded,2440,3.4788742065429688,2.28598690032959,1.1928874254226685,1e-05,0.5546875,237.59321620000992,9513.16259765625
grounded,2441,3.7092761993408203,2.5237369537353516,1.1855393648147583,1e-05,0.484375,237.68895540002268,9513.16259765625
grounded,2442,3.071259021759033,2.0897693634033203,0.9814896583557129,1e-05,0.5703125,237.78418429999147,9513.16259765625
grounded,2443,3.2952651977539062,2.20937442779541,1.0858908891677856,1e-05,0.53125,237.87889789999463,9513.16259765625
grounded,2444,3.2938666343688965,2.260472536087036,1.0333939790725708,1e-05,0.546875,237.97429120005108,9513.16259765625
grounded,2445,3.636834144592285,2.5410780906677246,1.0957560539245605,1e-05,0.5078125,238.0708569000708,9513.16259765625
grounded,2446,3.7031631469726562,2.5637919902801514,1.1393711566925049,1e-05,0.5078125,238.16592940001283,9513.16259765625
grounded,2447,3.3180506229400635,2.3054256439208984,1.012624979019165,1e-05,0.53125,238.26118730008602,9513.16259765625
grounded,2448,3.7092463970184326,2.586834192276001,1.1224122047424316,1e-05,0.4921875,238.3567339000292,9513.16259765625
grounded,2449,3.585531234741211,2.4870784282684326,1.0984528064727783,1e-05,0.515625,238.4527051000623,9513.16259765625
grounded,2450,3.2772035598754883,2.197718381881714,1.0794851779937744,1e-05,0.59375,238.54743200005032,9513.16259765625
grounded,2451,3.3913841247558594,2.29014253616333,1.1012415885925293,1e-05,0.546875,238.64459120004904,9513.16259765625
grounded,2452,3.39434552192688,2.3029274940490723,1.0914180278778076,1e-05,0.5546875,238.73964360007085,9513.16259765625
grounded,2453,3.6089770793914795,2.4062771797180176,1.202699899673462,1e-05,0.5390625,238.83417679998092,9513.16259765625
grounded,2454,3.8225536346435547,2.6596951484680176,1.162858486175537,1e-05,0.4921875,238.92979239998385,9513.16259765625
grounded,2455,3.1746339797973633,2.1911110877990723,0.9835229516029358,1e-05,0.53125,239.02598430006765,9513.16259765625
grounded,2456,3.622147560119629,2.49731183052063,1.1248358488082886,1e-05,0.5078125,239.1223931000568,9513.16259765625
grounded,2457,3.659069061279297,2.502653121948242,1.1564159393310547,1e-05,0.515625,239.21759280003607,9513.16259765625
grounded,2458,3.4217803478240967,2.3362491130828857,1.085531234741211,1e-05,0.546875,239.31402579997666,9513.16259765625
grounded,2459,3.360389232635498,2.288024425506592,1.0723648071289062,1e-05,0.546875,239.40978230000474,9513.16259765625
grounded,2460,3.5496633052825928,2.407761812210083,1.1419014930725098,1e-05,0.5078125,239.50526630005334,9513.16259765625
grounded,2461,3.5175914764404297,2.362037420272827,1.155554175376892,1e-05,0.5390625,239.6017051000381,9513.16259765625
grounded,2462,3.4610626697540283,2.3677310943603516,1.0933315753936768,1e-05,0.515625,239.69697599997744,9513.16259765625
grounded,2463,2.973024606704712,2.016921043395996,0.956103503704071,1e-05,0.609375,239.7927548000589,9513.16259765625
grounded,2464,3.120929479598999,2.1104111671447754,1.0105183124542236,1e-05,0.578125,239.88726240000688,9513.16259765625
grounded,2465,3.705389976501465,2.4718666076660156,1.2335233688354492,1e-05,0.515625,239.98330710001756,9513.16259765625
grounded,2466,3.1150941848754883,2.149667739868164,0.9654263854026794,1e-05,0.5703125,240.08068630006164,9513.16259765625
grounded,2467,3.0667319297790527,2.050994396209717,1.0157376527786255,1e-05,0.6015625,240.1757502000546,9513.16259765625
grounded,2468,3.556046962738037,2.4460220336914062,1.1100248098373413,1e-05,0.53125,240.27119780005887,9513.16259765625
grounded,2469,3.302720546722412,2.225870132446289,1.0768505334854126,1e-05,0.5390625,240.36647800006904,9513.16259765625
grounded,2470,4.10877799987793,2.800261974334717,1.308516025543213,1e-05,0.453125,240.4614332000492,9513.16259765625
grounded,2471,3.4108128547668457,2.254721164703369,1.1560916900634766,1e-05,0.546875,240.5570673000766,9513.16259765625
grounded,2472,3.337299346923828,2.2519474029541016,1.0853519439697266,1e-05,0.53125,240.6529139999766,9513.16259765625
grounded,2473,3.1709659099578857,2.143004894256592,1.027961015701294,1e-05,0.5625,240.7474231000524,9513.16259765625
grounded,2474,3.8475232124328613,2.5929579734802246,1.2545652389526367,1e-05,0.484375,240.84247070003767,9513.16259765625
grounded,2475,3.11385178565979,2.125472068786621,0.988379716873169,1e-05,0.5625,240.93820980004966,9513.16259765625
grounded,2476,3.3664159774780273,2.315451145172119,1.0509649515151978,1e-05,0.5546875,241.03298810007982,9513.16259765625
grounded,2477,3.706996440887451,2.554594039916992,1.1524022817611694,1e-05,0.484375,241.12987020006403,9513.16259765625
grounded,2478,3.4474663734436035,2.388648509979248,1.0588178634643555,1e-05,0.5234375,241.22471320000477,9513.16259765625
grounded,2479,3.5609567165374756,2.3941869735717773,1.1667697429656982,1e-05,0.53125,241.3202142000664,9513.16259765625
grounded,2480,4.011857509613037,2.804147958755493,1.207709550857544,1e-05,0.453125,241.41490770003293,9513.16259765625
grounded,2481,3.762028694152832,2.5517823696136475,1.2102463245391846,1e-05,0.4921875,241.51101999997627,9513.16259765625
grounded,2482,3.4679980278015137,2.4068403244018555,1.0611578226089478,1e-05,0.5390625,241.60754770005587,9513.16259765625
grounded,2483,3.755831241607666,2.58725905418396,1.1685720682144165,1e-05,0.5,241.70332910004072,9513.16259765625
grounded,2484,3.964569091796875,2.709834098815918,1.2547351121902466,1e-05,0.4765625,241.7985588000156,9513.16259765625
grounded,2485,2.931447982788086,1.948879361152649,0.9825687408447266,1e-05,0.6015625,241.894149400061,9513.16259765625
grounded,2486,3.353764057159424,2.288546562194824,1.0652174949645996,1e-05,0.5703125,241.989865200012,9513.16259765625
grounded,2487,3.330056667327881,2.3042101860046387,1.0258463621139526,1e-05,0.515625,242.08631160005461,9513.16259765625
grounded,2488,3.2175135612487793,2.221475124359131,0.9960383176803589,1e-05,0.5546875,242.18115910002962,9513.16259765625
grounded,2489,3.522488594055176,2.403055191040039,1.1194334030151367,1e-05,0.515625,242.27712270000484,9513.16259765625
grounded,2490,3.810837984085083,2.5545194149017334,1.2563185691833496,1e-05,0.484375,242.37229259999003,9513.16259765625
grounded,2491,3.5741543769836426,2.4390110969543457,1.1351432800292969,1e-05,0.5,242.46779390005395,9513.16259765625
grounded,2492,3.4678568840026855,2.3592958450317383,1.1085611581802368,1e-05,0.5390625,242.5634171999991,9513.16259765625
grounded,2493,3.5106728076934814,2.419546127319336,1.0911266803741455,1e-05,0.515625,242.65923900005873,9513.16259765625
grounded,2494,3.8891654014587402,2.659214973449707,1.2299504280090332,1e-05,0.4921875,242.75393440003973,9513.16259765625
grounded,2495,3.459306240081787,2.3456220626831055,1.1136842966079712,1e-05,0.5234375,242.8492575000273,9513.16259765625
grounded,2496,3.827677011489868,2.58491849899292,1.2427585124969482,1e-05,0.453125,242.94444250001106,9513.16259765625
grounded,2497,3.6580629348754883,2.513050079345703,1.1450128555297852,1e-05,0.5234375,243.0395978000015,9513.16259765625
grounded,2498,2.959555149078369,1.9616857767105103,0.9978692531585693,1e-05,0.6015625,243.13673680007923,9513.16259765625
grounded,2499,2.90671443939209,1.9655150175094604,0.941199541091919,1e-05,0.6171875,243.23248000000603,9513.16259765625
grounded,2500,3.711121082305908,2.550650119781494,1.1604708433151245,1e-05,0.484375,243.32791510003153,9513.16259765625
grounded,2501,3.439267873764038,2.4013848304748535,1.0378830432891846,1e-05,0.515625,243.73780100001022,9513.16259765625
grounded,2502,3.9151763916015625,2.700805187225342,1.2143713235855103,1e-05,0.4609375,243.83320570003707,9513.16259765625
grounded,2503,3.5344223976135254,2.40305233001709,1.1313700675964355,1e-05,0.4921875,243.9280560000334,9513.16259765625
grounded,2504,3.0149874687194824,2.041252613067627,0.9737347960472107,1e-05,0.6015625,244.02324780006893,9513.16259765625
grounded,2505,3.877854824066162,2.6956472396850586,1.1822075843811035,1e-05,0.484375,244.1200071000494,9513.16259765625
grounded,2506,3.1326780319213867,2.162393093109131,0.9702849984169006,1e-05,0.5625,244.21463070006575,9513.16259765625
grounded,2507,3.3600480556488037,2.2968153953552246,1.063232660293579,1e-05,0.5390625,244.31047830008902,9513.16259765625
grounded,2508,3.4462711811065674,2.3462109565734863,1.100060224533081,1e-05,0.5390625,244.40549490007106,9513.16259765625
grounded,2509,3.2050867080688477,2.196413516998291,1.008673071861267,1e-05,0.5390625,244.501214500051,9513.16259765625
grounded,2510,3.5077943801879883,2.3763558864593506,1.1314384937286377,1e-05,0.53125,244.5974995000288,9513.16259765625
grounded,2511,3.7901132106781006,2.6098716259002686,1.180241584777832,1e-05,0.4921875,244.6925933000166,9513.16259765625
grounded,2512,2.8207664489746094,1.8859760761260986,0.9347904920578003,1e-05,0.6328125,244.78830750007182,9513.16259765625
grounded,2513,3.4249610900878906,2.3414368629455566,1.0835243463516235,1e-05,0.5390625,244.88363250007387,9513.16259765625
grounded,2514,3.24971342086792,2.233598232269287,1.0161150693893433,1e-05,0.5546875,244.9787728000665,9513.16259765625
grounded,2515,4.025995254516602,2.789703369140625,1.236291766166687,1e-05,0.4375,245.07549820002168,9513.16259765625
grounded,2516,3.5011355876922607,2.4092249870300293,1.0919106006622314,1e-05,0.515625,245.1712282000808,9513.16259765625
grounded,2517,3.595634698867798,2.4969654083251953,1.0986692905426025,1e-05,0.484375,245.26661460008472,9513.16259765625
grounded,2518,3.7263810634613037,2.562222957611084,1.1641581058502197,1e-05,0.484375,245.36239500006195,9513.16259765625
grounded,2519,3.279967784881592,2.1861891746520996,1.0937786102294922,1e-05,0.5234375,245.45767889998388,9513.16259765625
grounded,2520,3.053750991821289,2.047430992126465,1.0063199996948242,1e-05,0.5859375,245.5543103000382,9513.16259765625
grounded,2521,3.66886568069458,2.4985737800598145,1.170291781425476,1e-05,0.4765625,245.65017680008896,9513.16259765625
grounded,2522,3.4063212871551514,2.298548698425293,1.1077725887298584,1e-05,0.5390625,245.74638550006784,9513.16259765625
grounded,2523,3.239793300628662,2.19706130027771,1.0427321195602417,1e-05,0.5390625,245.84193550003693,9513.16259765625
grounded,2524,3.8019051551818848,2.6403355598449707,1.1615697145462036,1e-05,0.453125,245.93711410008837,9513.16259765625
grounded,2525,3.376589775085449,2.333035707473755,1.0435540676116943,1e-05,0.53125,246.03201900003478,9513.16259765625
grounded,2526,3.966498374938965,2.7373812198638916,1.2291171550750732,1e-05,0.4921875,246.12928870006,9513.16259765625
grounded,2527,3.71484375,2.4620985984802246,1.2527451515197754,1e-05,0.484375,246.2235998000251,9513.16259765625
grounded,2528,3.4076950550079346,2.2945497035980225,1.113145351409912,1e-05,0.546875,246.31927830004133,9513.16259765625
grounded,2529,3.6162261962890625,2.4599766731262207,1.1562496423721313,1e-05,0.5078125,246.41542430000845,9513.16259765625
grounded,2530,3.6034634113311768,2.415431499481201,1.1880319118499756,1e-05,0.5078125,246.5108685999876,9513.16259765625
grounded,2531,2.9346847534179688,1.9795676469802856,0.9551170468330383,1e-05,0.625,246.60619279998355,9513.16259765625
grounded,2532,3.6477115154266357,2.4705402851104736,1.177171230316162,1e-05,0.4921875,246.70266389998142,9513.16259765625
grounded,2533,3.424473762512207,2.378108263015747,1.0463653802871704,1e-05,0.53125,246.79852509999182,9513.16259765625
grounded,2534,3.5901005268096924,2.4085187911987305,1.181581735610962,1e-05,0.53125,246.8940604000818,9513.16259765625
grounded,2535,3.0051655769348145,2.086686134338379,0.9184795022010803,1e-05,0.5703125,246.98962620005477,9513.16259765625
grounded,2536,3.3518781661987305,2.2393689155578613,1.1125092506408691,1e-05,0.546875,247.08672080002725,9513.16259765625
grounded,2537,3.665241241455078,2.5184550285339355,1.1467862129211426,1e-05,0.5,247.18250810005702,9513.16259765625
grounded,2538,3.250974655151367,2.183527708053589,1.0674469470977783,1e-05,0.546875,247.27924649999477,9513.16259765625
grounded,2539,3.8396410942077637,2.612588405609131,1.2270525693893433,1e-05,0.4765625,247.3753007000778,9513.16259765625
grounded,2540,3.257451057434082,2.1595163345336914,1.0979347229003906,1e-05,0.546875,247.47113249998074,9513.16259765625
grounded,2541,3.577712059020996,2.408729076385498,1.168982982635498,1e-05,0.5078125,247.5670703999931,9513.16259765625
grounded,2542,3.430123805999756,2.386955738067627,1.0431681871414185,1e-05,0.5078125,247.66292380006053,9513.16259765625
grounded,2543,3.003342390060425,2.0486154556274414,0.9547269940376282,1e-05,0.59375,247.7584619000554,9513.16259765625
grounded,2544,3.3092360496520996,2.231724977493286,1.077511191368103,1e-05,0.5234375,247.8535291000735,9513.16259765625
grounded,2545,3.196465492248535,2.1615777015686035,1.0348877906799316,1e-05,0.5703125,247.94864840002265,9513.16259765625
grounded,2546,3.984677791595459,2.7579894065856934,1.2266883850097656,1e-05,0.46875,248.0443488000892,9513.16259765625
grounded,2547,3.872276782989502,2.65891695022583,1.2133599519729614,1e-05,0.4375,248.14109350007493,9513.16259765625
grounded,2548,3.600259304046631,2.460909128189087,1.139350175857544,1e-05,0.5,248.2356679000659,9513.16259765625
grounded,2549,3.6699657440185547,2.561465263366699,1.108500361442566,1e-05,0.4921875,248.33104479999747,9513.16259765625
grounded,2550,3.8127498626708984,2.6206250190734863,1.1921249628067017,1e-05,0.4921875,248.42645889997948,9513.16259765625
grounded,2551,3.51257586479187,2.3600547313690186,1.1525211334228516,1e-05,0.5078125,248.52297300007194,9513.16259765625
grounded,2552,3.772359609603882,2.660677909851074,1.1116816997528076,1e-05,0.46875,248.61797979997937,9513.16259765625
grounded,2553,3.542269706726074,2.3892486095428467,1.1530210971832275,1e-05,0.515625,248.71429360006005,9513.16259765625
grounded,2554,3.579521656036377,2.490931510925293,1.0885902643203735,1e-05,0.5078125,248.80973830004223,9513.16259765625
grounded,2555,3.6722700595855713,2.5732202529907227,1.0990498065948486,1e-05,0.484375,248.90459609997924,9513.16259765625
grounded,2556,3.390523672103882,2.278535842895508,1.111987829208374,1e-05,0.5234375,249.00001820002217,9513.16259765625
grounded,2557,3.3637285232543945,2.2532639503479004,1.1104644536972046,1e-05,0.5390625,249.096237400081,9513.16259765625
grounded,2558,3.113513946533203,2.12324857711792,0.9902653694152832,1e-05,0.546875,249.19262840005103,9513.16259765625
grounded,2559,2.9634125232696533,2.008925199508667,0.9544873237609863,1e-05,0.6015625,249.28768680000212,9513.16259765625
grounded,2560,3.633229970932007,2.4926955699920654,1.1405344009399414,1e-05,0.46875,249.38322760001756,9513.16259765625
grounded,2561,3.732508659362793,2.5705127716064453,1.1619960069656372,1e-05,0.46875,249.47918570006732,9513.16259765625
grounded,2562,3.456167459487915,2.3829407691955566,1.0732266902923584,1e-05,0.53125,249.57478450005874,9513.16259765625
grounded,2563,3.529252529144287,2.451205015182495,1.0780473947525024,1e-05,0.5078125,249.6711617000401,9513.16259765625
grounded,2564,3.1598997116088867,2.1755781173706055,0.9843214750289917,1e-05,0.5546875,249.76691650005523,9513.16259765625
grounded,2565,3.8509438037872314,2.659539222717285,1.1914045810699463,1e-05,0.4609375,249.86227979999967,9513.16259765625
grounded,2566,3.666243553161621,2.6317687034606934,1.0344748497009277,1e-05,0.4921875,249.957063900074,9513.16259765625
grounded,2567,3.7168400287628174,2.6132471561431885,1.103592872619629,1e-05,0.5078125,250.05291660001967,9513.16259765625
grounded,2568,3.2668585777282715,2.285682439804077,0.9811761975288391,1e-05,0.5546875,250.15005549998023,9513.16259765625
grounded,2569,3.7426345348358154,2.5703322887420654,1.17230224609375,1e-05,0.46875,250.2445882000029,9513.16259765625
grounded,2570,3.190659999847412,2.223256826400757,0.9674031734466553,1e-05,0.546875,250.33990730007645,9513.16259765625
grounded,2571,3.3868961334228516,2.3636162281036377,1.0232797861099243,1e-05,0.515625,250.43590610008687,9513.16259765625
grounded,2572,3.2183918952941895,2.226428508758545,0.9919635057449341,1e-05,0.5703125,250.5313887000084,9513.16259765625
grounded,2573,3.445960521697998,2.4240615367889404,1.021898865699768,1e-05,0.53125,250.6266005000798,9513.16259765625
grounded,2574,3.287402868270874,2.268007755279541,1.019395112991333,1e-05,0.5625,250.72252720000688,9513.16259765625
grounded,2575,3.695432662963867,2.5781407356262207,1.117291808128357,1e-05,0.484375,250.81784030003473,9513.16259765625
grounded,2576,3.2898075580596924,2.271000385284424,1.0188071727752686,1e-05,0.53125,250.91285800002515,9513.16259765625
grounded,2577,3.462064266204834,2.398343324661255,1.0637210607528687,1e-05,0.5078125,251.00915489997715,9513.16259765625
grounded,2578,2.9883997440338135,2.0651180744171143,0.9232816696166992,1e-05,0.5546875,251.1064962000819,9513.16259765625
grounded,2579,3.5515477657318115,2.45833683013916,1.0932109355926514,1e-05,0.53125,251.2023893999867,9513.16259765625
grounded,2580,3.4545671939849854,2.406712532043457,1.0478546619415283,1e-05,0.546875,251.29764020000584,9513.16259765625
grounded,2581,3.2970829010009766,2.23616623878479,1.060916543006897,1e-05,0.53125,251.39438960002735,9513.16259765625
grounded,2582,2.961249351501465,2.019493579864502,0.9417557716369629,1e-05,0.6015625,251.49033110006712,9513.16259765625
grounded,2583,3.712759494781494,2.5695154666900635,1.1432439088821411,1e-05,0.5078125,251.58635420002975,9513.16259765625
grounded,2584,3.3567700386047363,2.2528114318847656,1.1039584875106812,1e-05,0.5625,251.68286350008566,9513.16259765625
grounded,2585,3.7217233180999756,2.563228130340576,1.1584951877593994,1e-05,0.4921875,251.7782291000476,9513.16259765625
grounded,2586,4.24049711227417,2.9047465324401855,1.3357505798339844,1e-05,0.4140625,251.8738549000118,9513.16259765625
grounded,2587,3.2939140796661377,2.298358201980591,0.9955558776855469,1e-05,0.546875,251.96903809998184,9513.16259765625
grounded,2588,3.8668301105499268,2.7141928672790527,1.152637243270874,1e-05,0.4609375,252.06516480003484,9513.16259765625
grounded,2589,3.657071590423584,2.4890856742858887,1.1679859161376953,1e-05,0.4921875,252.16170920000877,9513.16259765625
grounded,2590,2.767352819442749,1.8758660554885864,0.8914867639541626,1e-05,0.6484375,252.2560868000146,9513.16259765625
grounded,2591,3.295772075653076,2.2249257564544678,1.0708461999893188,1e-05,0.546875,252.35168970003724,9513.16259765625
grounded,2592,3.667142391204834,2.4913206100463867,1.1758216619491577,1e-05,0.4921875,252.44739039998967,9513.16259765625
grounded,2593,3.590360403060913,2.459545850753784,1.130814552307129,1e-05,0.5078125,252.54237020004075,9513.16259765625
grounded,2594,3.684274196624756,2.510650157928467,1.1736241579055786,1e-05,0.484375,252.63779980002437,9513.16259765625
grounded,2595,3.2503905296325684,2.162459135055542,1.0879312753677368,1e-05,0.546875,252.73378000000957,9513.16259765625
grounded,2596,3.2932064533233643,2.3004143238067627,0.9927921891212463,1e-05,0.5546875,252.82880900008604,9513.16259765625
grounded,2597,2.8697619438171387,1.9582377672195435,0.9115241765975952,1e-05,0.5859375,252.9239280000329,9513.16259765625
grounded,2598,3.347813606262207,2.2402515411376953,1.1075621843338013,1e-05,0.5703125,253.01964579999913,9513.16259765625
grounded,2599,3.743567943572998,2.6248676776885986,1.1187001466751099,1e-05,0.484375,253.1159618999809,9513.16259765625
grounded,2600,3.246673583984375,2.2109391689300537,1.0357342958450317,1e-05,0.5234375,253.21250090003014,9513.16259765625
grounded,2601,3.112900495529175,2.1403520107269287,0.9725484848022461,1e-05,0.5625,253.3084486000007,9513.16259765625
grounded,2602,3.770270586013794,2.651691436767578,1.1185791492462158,1e-05,0.453125,253.40437040000688,9513.16259765625
grounded,2603,3.6292543411254883,2.563366174697876,1.0658882856369019,1e-05,0.484375,253.4995562999975,9513.16259765625
grounded,2604,3.4124882221221924,2.4155778884887695,0.9969103932380676,1e-05,0.5078125,253.5951800000621,9513.16259765625
grounded,2605,3.051942825317383,2.08695125579834,0.964991569519043,1e-05,0.59375,253.6911165000638,9513.16259765625
grounded,2606,3.614683151245117,2.5410802364349365,1.0736029148101807,1e-05,0.453125,253.78618180006742,9513.16259765625
grounded,2607,3.777052640914917,2.6881251335144043,1.0889275074005127,1e-05,0.4765625,253.88128610001877,9513.16259765625
grounded,2608,2.8070406913757324,1.903278112411499,0.9037626385688782,1e-05,0.609375,253.97702370001934,9513.16259765625
grounded,2609,3.511046886444092,2.351543426513672,1.15950345993042,1e-05,0.5234375,254.0730827000225,9513.16259765625
grounded,2610,3.3840131759643555,2.3163537979125977,1.0676593780517578,1e-05,0.546875,254.16845970007125,9513.16259765625
grounded,2611,3.0124194622039795,1.9791905879974365,1.033228874206543,1e-05,0.59375,254.26295020000543,9513.16259765625
grounded,2612,3.7336716651916504,2.565824508666992,1.1678471565246582,1e-05,0.515625,254.35851020005066,9513.16259765625
grounded,2613,3.3549275398254395,2.3013463020324707,1.0535812377929688,1e-05,0.546875,254.4541118000634,9513.16259765625
grounded,2614,3.237011432647705,2.2737953662872314,0.9632161259651184,1e-05,0.515625,254.54891230002977,9513.16259765625
grounded,2615,2.906435012817383,2.0184648036956787,0.8879702091217041,1e-05,0.6015625,254.64532000001054,9513.16259765625
grounded,2616,3.617405891418457,2.519339084625244,1.0980669260025024,1e-05,0.515625,254.74078930006362,9513.16259765625
grounded,2617,3.9562320709228516,2.7943758964538574,1.1618562936782837,1e-05,0.421875,254.8353382999776,9513.16259765625
grounded,2618,3.9173178672790527,2.732921600341797,1.1843962669372559,1e-05,0.46875,254.9306298000738,9513.16259765625
grounded,2619,3.214944362640381,2.2789690494537354,0.935975193977356,1e-05,0.5625,255.02619770006277,9513.16259765625
grounded,2620,3.3790972232818604,2.340027093887329,1.0390701293945312,1e-05,0.515625,255.12264269997831,9513.16259765625
grounded,2621,3.1141650676727295,2.17783260345459,0.9363324642181396,1e-05,0.5625,255.21843030001037,9513.16259765625
grounded,2622,3.2118396759033203,2.2446281909942627,0.9672114849090576,1e-05,0.5625,255.3131455000257,9513.16259765625
grounded,2623,3.823651075363159,2.6268868446350098,1.1967642307281494,1e-05,0.4921875,255.40794559998903,9513.16259765625
grounded,2624,3.050607681274414,2.11179780960083,0.9388099908828735,1e-05,0.5703125,255.503901100019,9513.16259765625
grounded,2625,3.1855039596557617,2.1208913326263428,1.0646125078201294,1e-05,0.5546875,255.60008120001294,9513.16259765625
grounded,2626,3.472656726837158,2.3829760551452637,1.0896806716918945,1e-05,0.546875,255.69680600007996,9513.16259765625
grounded,2627,3.5209426879882812,2.385077953338623,1.1358646154403687,1e-05,0.515625,255.79269550007302,9513.16259765625
grounded,2628,3.3301148414611816,2.3107357025146484,1.0193790197372437,1e-05,0.53125,255.88758330000564,9513.16259765625
grounded,2629,3.0312938690185547,2.0995633602142334,0.9317305088043213,1e-05,0.5703125,255.9833743000636,9513.16259765625
grounded,2630,2.9421591758728027,2.067162275314331,0.8749969005584717,1e-05,0.5859375,256.07932590006385,9513.16259765625
grounded,2631,3.4154067039489746,2.3480892181396484,1.0673174858093262,1e-05,0.53125,256.1751842000522,9513.16259765625
grounded,2632,3.4928946495056152,2.4561240673065186,1.0367704629898071,1e-05,0.4921875,256.2698565000901,9513.16259765625
grounded,2633,3.236503839492798,2.2722489833831787,0.9642549157142639,1e-05,0.53125,256.36485290003475,9513.16259765625
grounded,2634,2.9626903533935547,2.061188220977783,0.901502251625061,1e-05,0.5625,256.4598029999761,9513.16259765625
grounded,2635,2.742136001586914,1.8999892473220825,0.8421467542648315,1e-05,0.6484375,256.55483360006474,9513.16259765625
grounded,2636,3.095101833343506,2.113311767578125,0.9817900657653809,1e-05,0.59375,256.6507554000709,9513.16259765625
grounded,2637,2.831663131713867,1.9888079166412354,0.8428553342819214,1e-05,0.6171875,256.7466932000825,9513.16259765625
grounded,2638,2.9129271507263184,2.0206692218780518,0.8922578692436218,1e-05,0.5859375,256.8412668000674,9513.16259765625
grounded,2639,3.786451578140259,2.6326169967651367,1.153834581375122,1e-05,0.453125,256.93617310002446,9513.16259765625
grounded,2640,3.126835823059082,2.18117618560791,0.9456596970558167,1e-05,0.5625,257.0312547000358,9513.16259765625
grounded,2641,2.796754837036133,1.9309601783752441,0.8657945990562439,1e-05,0.5859375,257.12682880007196,9513.16259765625
grounded,2642,3.260643482208252,2.2220325469970703,1.0386110544204712,1e-05,0.53125,257.22281579999253,9513.16259765625
grounded,2643,2.7943167686462402,1.922372579574585,0.8719441890716553,1e-05,0.6328125,257.31787780008744,9513.16259765625
grounded,2644,3.410464286804199,2.3015317916870117,1.1089324951171875,1e-05,0.546875,257.4126576000126,9513.16259765625
grounded,2645,3.1005492210388184,2.1849613189697266,0.9155877828598022,1e-05,0.546875,257.5076917000115,9513.16259765625
grounded,2646,3.11057448387146,2.149531126022339,0.9610433578491211,1e-05,0.5703125,257.60309920005966,9513.16259765625
grounded,2647,3.2166168689727783,2.2992560863494873,0.917360782623291,1e-05,0.53125,257.69900880008936,9513.16259765625
grounded,2648,3.448169231414795,2.443633556365967,1.0045356750488281,1e-05,0.4765625,257.79393210005946,9513.16259765625
grounded,2649,2.992835283279419,2.0618252754211426,0.9310100674629211,1e-05,0.5703125,257.8891687000869,9513.16259765625
grounded,2650,3.468130111694336,2.3939762115478516,1.0741539001464844,1e-05,0.53125,257.9846089000348,9513.16259765625
grounded,2651,3.405825138092041,2.398411989212036,1.0074131488800049,1e-05,0.546875,258.08189760008827,9513.16259765625
grounded,2652,2.6622729301452637,1.9090036153793335,0.7532691955566406,1e-05,0.59375,258.1778149000602,9513.16259765625
grounded,2653,3.4873204231262207,2.448904037475586,1.0384163856506348,1e-05,0.4921875,258.2731943000108,9513.16259765625
grounded,2654,3.359067678451538,2.3163626194000244,1.0427050590515137,1e-05,0.546875,258.3676835000515,9513.16259765625
grounded,2655,3.0883986949920654,2.169166326522827,0.9192324280738831,1e-05,0.5390625,258.4621841000626,9513.16259765625
grounded,2656,3.447742462158203,2.448324680328369,0.9994179010391235,1e-05,0.484375,258.55735020001885,9513.16259765625
grounded,2657,2.782181739807129,1.8894484043121338,0.8927333354949951,1e-05,0.6171875,258.65372439997736,9513.16259765625
grounded,2658,3.6918554306030273,2.6376168727874756,1.0542384386062622,1e-05,0.484375,258.74890130001586,9513.16259765625
grounded,2659,3.3025712966918945,2.3021225929260254,1.0004487037658691,1e-05,0.53125,258.8439982000273,9513.16259765625
grounded,2660,3.411943197250366,2.381802558898926,1.0301406383514404,1e-05,0.484375,258.93878440000117,9513.16259765625
grounded,2661,4.011508941650391,2.7757954597473145,1.2357137203216553,1e-05,0.4609375,259.0352677999763,9513.16259765625
grounded,2662,3.439210891723633,2.3727312088012695,1.0664796829223633,1e-05,0.5078125,259.13131930003874,9513.16259765625
grounded,2663,3.7815489768981934,2.6207547187805176,1.1607942581176758,1e-05,0.4765625,259.2275465000421,9513.16259765625
grounded,2664,2.84716796875,1.9786860942840576,0.8684818744659424,1e-05,0.6015625,259.32246499997564,9513.16259765625
grounded,2665,3.5024075508117676,2.470853328704834,1.0315543413162231,1e-05,0.4765625,259.417543400079,9513.16259765625
grounded,2666,3.26411509513855,2.3201863765716553,0.9439287781715393,1e-05,0.515625,259.5130804000655,9513.16259765625
grounded,2667,3.1943626403808594,2.1796813011169434,1.0146814584732056,1e-05,0.546875,259.60906260006595,9513.16259765625
grounded,2668,3.1407785415649414,2.2065300941467285,0.9342485070228577,1e-05,0.5703125,259.70557970006485,9513.16259765625
grounded,2669,3.2429122924804688,2.249018907546997,0.9938934445381165,1e-05,0.53125,259.8013926000567,9513.16259765625
grounded,2670,3.3607492446899414,2.2939047813415527,1.0668444633483887,1e-05,0.546875,259.8981245000614,9513.16259765625
grounded,2671,3.100438356399536,2.164970874786377,0.9354674816131592,1e-05,0.5390625,259.99406140006613,9513.16259765625
grounded,2672,3.17760968208313,2.269803047180176,0.9078066945075989,1e-05,0.5703125,260.0897846000735,9513.16259765625
grounded,2673,2.75418758392334,1.9037408828735352,0.8504466414451599,1e-05,0.6015625,260.18616570008453,9513.16259765625
grounded,2674,3.1654791831970215,2.1637203693389893,1.0017586946487427,1e-05,0.5859375,260.2809789000312,9513.16259765625
grounded,2675,3.404344320297241,2.390669822692871,1.0136744976043701,1e-05,0.53125,260.376350000035,9513.16259765625
grounded,2676,3.309661388397217,2.2661826610565186,1.0434787273406982,1e-05,0.5546875,260.4722671000054,9513.16259765625
grounded,2677,2.864621162414551,1.9434611797332764,0.921160101890564,1e-05,0.578125,260.5682254000567,9513.16259765625
grounded,2678,2.9957053661346436,2.0997331142425537,0.8959721922874451,1e-05,0.5546875,260.6644716000883,9513.16259765625
grounded,2679,2.7485170364379883,1.9329739809036255,0.8155429363250732,1e-05,0.6015625,260.7596195000224,9513.16259765625
grounded,2680,3.0496764183044434,2.1604952812194824,0.8891811966896057,1e-05,0.5625,260.85503029997926,9513.16259765625
grounded,2681,3.6391193866729736,2.604180335998535,1.0349390506744385,1e-05,0.4921875,260.950457500061,9513.16259765625
grounded,2682,3.1632306575775146,2.2364625930786133,0.9267680644989014,1e-05,0.5234375,261.04591970006004,9513.16259765625
grounded,2683,2.83095121383667,1.9798965454101562,0.8510547876358032,1e-05,0.59375,261.1433896999806,9513.16259765625
grounded,2684,3.3121864795684814,2.3558900356292725,0.956296443939209,1e-05,0.5234375,261.23936810006853,9513.16259765625
grounded,2685,2.8416366577148438,1.9550755023956299,0.8865611553192139,1e-05,0.6015625,261.3338690000819,9513.16259765625
grounded,2686,3.0850534439086914,2.1721677780151367,0.9128855466842651,1e-05,0.5703125,261.42958960006945,9513.16259765625
grounded,2687,3.171781539916992,2.2338502407073975,0.9379311800003052,1e-05,0.546875,261.5248747000005,9513.16259765625
grounded,2688,3.2125351428985596,2.278592109680176,0.9339430928230286,1e-05,0.515625,261.62085200008005,9513.16259765625
grounded,2689,2.9483370780944824,2.06689453125,0.881442666053772,1e-05,0.578125,261.71603250002954,9513.16259765625
grounded,2690,3.172363758087158,2.1809732913970947,0.9913905262947083,1e-05,0.5703125,261.81121170008555,9513.16259765625
grounded,2691,3.699345827102661,2.620502233505249,1.078843593597412,1e-05,0.4609375,261.9064971000189,9513.16259765625
grounded,2692,3.0012049674987793,2.0316288471221924,0.9695760011672974,1e-05,0.5859375,262.0020317999879,9513.16259765625
grounded,2693,2.4645283222198486,1.679179072380066,0.7853492498397827,1e-05,0.640625,262.09839090006426,9513.16259765625
grounded,2694,3.262389659881592,2.301210880279541,0.9611788988113403,1e-05,0.546875,262.195041900035,9513.16259765625
grounded,2695,3.270920753479004,2.2867918014526367,0.9841289520263672,1e-05,0.5390625,262.29069880000316,9513.16259765625
grounded,2696,3.48287296295166,2.48476505279541,0.9981078505516052,1e-05,0.5,262.38561750005465,9513.16259765625
grounded,2697,3.2688164710998535,2.222606897354126,1.046209692955017,1e-05,0.484375,262.48137579998,9513.16259765625
grounded,2698,3.050022840499878,2.2102062702178955,0.8398166298866272,1e-05,0.546875,262.57732230005786,9513.16259765625
grounded,2699,3.1890554428100586,2.273557186126709,0.9154983758926392,1e-05,0.5234375,262.6740680000512,9513.16259765625
grounded,2700,3.2154688835144043,2.2754831314086914,0.9399858713150024,1e-05,0.5703125,262.7689802000532,9513.16259765625
grounded,2701,3.3054537773132324,2.3735432624816895,0.9319104552268982,1e-05,0.5,262.8654220000608,9513.16259765625
grounded,2702,2.5320675373077393,1.7498054504394531,0.7822621464729309,1e-05,0.640625,262.9610259999754,9513.16259765625
grounded,2703,3.193378448486328,2.242863178253174,0.9505153298377991,1e-05,0.53125,263.05697350006085,9513.16259765625
grounded,2704,3.0919787883758545,2.2097835540771484,0.882195234298706,1e-05,0.5546875,263.15278370003216,9513.16259765625
grounded,2705,3.0112993717193604,2.086120843887329,0.9251784682273865,1e-05,0.5703125,263.2488754000515,9513.16259765625
grounded,2706,3.1135001182556152,2.241058349609375,0.8724417090415955,1e-05,0.546875,263.3431912000524,9513.16259765625
grounded,2707,2.8592686653137207,2.0192787647247314,0.8399900197982788,1e-05,0.6171875,263.43874410004355,9513.16259765625
grounded,2708,2.725228786468506,2.0011563301086426,0.7240724563598633,1e-05,0.6015625,263.53427340008784,9513.16259765625
grounded,2709,3.006962776184082,2.1087265014648438,0.8982362747192383,1e-05,0.5546875,263.6299156000605,9513.16259765625
grounded,2710,3.6106276512145996,2.569772243499756,1.0408555269241333,1e-05,0.46875,263.72565580008086,9513.16259765625
grounded,2711,2.975033760070801,2.047588586807251,0.9274452328681946,1e-05,0.578125,263.8206825000234,9513.16259765625
grounded,2712,3.0813584327697754,2.1702747344970703,0.9110837578773499,1e-05,0.5546875,263.91692160000093,9513.16259765625
grounded,2713,3.094555377960205,2.1490626335144043,0.9454928040504456,1e-05,0.5390625,264.0127141000703,9513.16259765625
grounded,2714,2.9163362979888916,2.0612149238586426,0.8551213145256042,1e-05,0.59375,264.1091296999948,9513.16259765625
grounded,2715,3.29654598236084,2.290830612182617,1.0057153701782227,1e-05,0.515625,264.2050998000195,9513.16259765625
grounded,2716,3.033649444580078,2.160757064819336,0.8728924989700317,1e-05,0.578125,264.30005309998523,9513.16259765625
grounded,2717,2.713191509246826,1.873199224472046,0.8399921655654907,1e-05,0.5859375,264.3950073000742,9513.16259765625
grounded,2718,3.543558359146118,2.5007638931274414,1.0427944660186768,1e-05,0.4765625,264.4906898000045,9513.16259765625
grounded,2719,2.958745002746582,2.090172290802002,0.8685725927352905,1e-05,0.5859375,264.5865562000545,9513.16259765625
grounded,2720,2.6385250091552734,1.8206617832183838,0.8178631663322449,1e-05,0.609375,264.6815052999882,9513.16259765625
grounded,2721,3.222644329071045,2.2901644706726074,0.9324798583984375,1e-05,0.546875,264.7770814000396,9513.16259765625
grounded,2722,3.2474825382232666,2.2834465503692627,0.9640360474586487,1e-05,0.546875,264.8728129999945,9513.16259765625
grounded,2723,3.2893552780151367,2.3315935134887695,0.9577618837356567,1e-05,0.546875,264.9681260000216,9513.16259765625
grounded,2724,2.72976016998291,1.9531437158584595,0.7766163349151611,1e-05,0.59375,265.06341830000747,9513.16259765625
grounded,2725,2.5675809383392334,1.8061468601226807,0.7614341378211975,1e-05,0.625,265.160167700029,9513.16259765625
grounded,2726,3.1405935287475586,2.2254481315612793,0.9151454567909241,1e-05,0.546875,265.25635060004424,9513.16259765625
grounded,2727,2.7956461906433105,1.9976227283477783,0.7980233430862427,1e-05,0.5859375,265.3505912000546,9513.16259765625
grounded,2728,2.7931265830993652,1.9883713722229004,0.8047552704811096,1e-05,0.6015625,265.4459632000653,9513.16259765625
grounded,2729,3.005117893218994,2.1270837783813477,0.878034234046936,1e-05,0.5703125,265.5412498000078,9513.16259765625
grounded,2730,3.2275304794311523,2.2599294185638428,0.9676010608673096,1e-05,0.5390625,265.6373528999975,9513.16259765625
grounded,2731,3.2163443565368652,2.2671637535095215,0.9491806030273438,1e-05,0.5546875,265.73266780003905,9513.16259765625
grounded,2732,3.3291075229644775,2.386723518371582,0.9423839449882507,1e-05,0.453125,265.8286499000387,9513.16259765625
grounded,2733,3.0777816772460938,2.1383867263793945,0.939395010471344,1e-05,0.53125,265.92426420003176,9513.16259765625
grounded,2734,3.2213873863220215,2.284882068634033,0.9365054368972778,1e-05,0.53125,266.0189582000021,9513.16259765625
grounded,2735,3.182352304458618,2.2866601943969727,0.8956920504570007,1e-05,0.5390625,266.11475589999463,9513.16259765625
grounded,2736,3.2911839485168457,2.3174867630004883,0.9736970663070679,1e-05,0.5390625,266.2109385000076,9513.16259765625
grounded,2737,3.0592267513275146,2.0772876739501953,0.9819390177726746,1e-05,0.59375,266.3064050000394,9513.16259765625
grounded,2738,3.3754653930664062,2.3822362422943115,0.9932292699813843,1e-05,0.5,266.4013172000414,9513.16259765625
grounded,2739,2.901583194732666,2.0791170597076416,0.8224660754203796,1e-05,0.5625,266.496491100057,9513.16259765625
grounded,2740,3.137044668197632,2.2383360862731934,0.8987085819244385,1e-05,0.5546875,266.5914900000207,9513.16259765625
grounded,2741,2.9582462310791016,2.117021083831787,0.8412251472473145,1e-05,0.5390625,266.6874239000026,9513.16259765625
grounded,2742,3.1899373531341553,2.274498701095581,0.9154386520385742,1e-05,0.53125,266.7832427000394,9513.16259765625
grounded,2743,3.2147397994995117,2.2902560234069824,0.9244836568832397,1e-05,0.5078125,266.8781228000298,9513.16259765625
grounded,2744,2.4984161853790283,1.700005054473877,0.7984111905097961,1e-05,0.65625,266.97341320000123,9513.16259765625
grounded,2745,2.9659934043884277,2.0433568954467773,0.9226365685462952,1e-05,0.578125,267.06916780001484,9513.16259765625
grounded,2746,3.221384048461914,2.306215763092041,0.9151681661605835,1e-05,0.546875,267.165576600004,9513.16259765625
grounded,2747,2.8510258197784424,2.0463409423828125,0.8046848177909851,1e-05,0.5859375,267.26101520005614,9513.16259765625
grounded,2748,3.2422144412994385,2.3543107509613037,0.8879037499427795,1e-05,0.53125,267.35509680001996,9513.16259765625
grounded,2749,3.1571812629699707,2.246323347091675,0.9108577966690063,1e-05,0.578125,267.4504092000425,9513.16259765625
grounded,2750,3.61214017868042,2.5678131580352783,1.0443270206451416,1e-05,0.453125,267.54637500003446,9513.16259765625
grounded,2751,2.9953150749206543,2.125373601913452,0.8699415326118469,1e-05,0.5859375,267.64315030002035,9513.16259765625
grounded,2752,2.7479307651519775,1.8729698657989502,0.8749608397483826,1e-05,0.625,267.73928420001175,9513.16259765625
grounded,2753,3.1647257804870605,2.2370593547821045,0.9276665449142456,1e-05,0.5703125,267.83510040002875,9513.16259765625
grounded,2754,3.2681708335876465,2.356241226196289,0.9119296073913574,1e-05,0.53125,267.9305188000435,9513.16259765625
grounded,2755,2.933148145675659,1.9990500211715698,0.9340980648994446,1e-05,0.5859375,268.02641920000315,9513.16259765625
grounded,2756,2.7590911388397217,1.8957643508911133,0.8633268475532532,1e-05,0.609375,268.1240225000074,9513.16259765625
grounded,2757,3.2990798950195312,2.3050742149353027,0.9940056204795837,1e-05,0.5,268.2195177000249,9513.16259765625
grounded,2758,2.8003554344177246,2.009528875350952,0.7908264994621277,1e-05,0.5703125,268.3159815000836,9513.16259765625
grounded,2759,3.0828518867492676,2.21307110786438,0.8697806596755981,1e-05,0.5546875,268.41084200004116,9513.16259765625
grounded,2760,3.566161870956421,2.59452486038208,0.9716370701789856,1e-05,0.4921875,268.50615500006825,9513.16259765625
grounded,2761,2.735530376434326,1.9451839923858643,0.7903462648391724,1e-05,0.609375,268.6009253000375,9513.16259765625
grounded,2762,3.022115468978882,2.110870838165283,0.9112446904182434,1e-05,0.5859375,268.69681870006025,9513.16259765625
grounded,2763,2.3312950134277344,1.5724773406982422,0.7588176727294922,1e-05,0.65625,268.79232670005877,9513.16259765625
grounded,2764,3.6201443672180176,2.57226824760437,1.047876238822937,1e-05,0.4765625,268.88754989998415,9513.16259765625
grounded,2765,2.8274941444396973,1.9967890977859497,0.8307050466537476,1e-05,0.5546875,268.9827117000241,9513.16259765625
grounded,2766,2.7044835090637207,1.8969286680221558,0.8075548410415649,1e-05,0.6171875,269.0788089000853,9513.16259765625
grounded,2767,3.3951454162597656,2.427262783050537,0.9678826332092285,1e-05,0.515625,269.1754092000192,9513.16259765625
grounded,2768,3.0731749534606934,2.2041444778442383,0.8690304756164551,1e-05,0.578125,269.2702927000355,9513.16259765625
grounded,2769,2.6871252059936523,1.890841007232666,0.7962842583656311,1e-05,0.6328125,269.36518120008986,9513.16259765625
grounded,2770,3.048642873764038,2.144193172454834,0.9044496417045593,1e-05,0.59375,269.46115600003395,9513.16259765625
grounded,2771,2.901888847351074,2.0416712760925293,0.8602175116539001,1e-05,0.59375,269.5572341000661,9513.16259765625
grounded,2772,2.6194636821746826,1.87502920627594,0.7444345355033875,1e-05,0.640625,269.6524501000531,9513.16259765625
grounded,2773,2.847395420074463,1.9283571243286133,0.9190382361412048,1e-05,0.6484375,269.7479977000039,9513.16259765625
grounded,2774,3.322965621948242,2.3530333042144775,0.9699321985244751,1e-05,0.4921875,269.84283990005497,9513.16259765625
grounded,2775,3.1498360633850098,2.2254550457000732,0.9243810772895813,1e-05,0.5234375,269.9388753999956,9513.16259765625
grounded,2776,3.0977909564971924,2.2078073024749756,0.8899837136268616,1e-05,0.5234375,270.0338191000046,9513.16259765625
grounded,2777,2.872097969055176,2.044257640838623,0.8278403282165527,1e-05,0.59375,270.12949259998277,9513.16259765625
grounded,2778,2.8394975662231445,1.9540061950683594,0.8854913711547852,1e-05,0.6015625,270.226437299978,9513.16259765625
grounded,2779,2.5533342361450195,1.8018414974212646,0.7514927387237549,1e-05,0.6484375,270.3213804999832,9513.16259765625
grounded,2780,3.0940399169921875,2.1691367626190186,0.9249032139778137,1e-05,0.5625,270.4159212000668,9513.16259765625
grounded,2781,2.4613678455352783,1.7133415937423706,0.7480263113975525,1e-05,0.6640625,270.5115172000369,9513.16259765625
grounded,2782,3.6585512161254883,2.6475043296813965,1.0110467672348022,1e-05,0.5078125,270.6067860000767,9513.16259765625
grounded,2783,2.461146831512451,1.744915246963501,0.7162314653396606,1e-05,0.65625,270.7028728000587,9513.16259765625
grounded,2784,3.560103178024292,2.4642982482910156,1.0958049297332764,1e-05,0.5234375,270.79832010006066,9513.16259765625
grounded,2785,2.7436187267303467,1.9512746334075928,0.7923440337181091,1e-05,0.609375,270.8930185000645,9513.16259765625
grounded,2786,2.713364601135254,1.8198789358139038,0.8934856057167053,1e-05,0.625,270.98865190008655,9513.16259765625
grounded,2787,2.6928558349609375,1.8578447103500366,0.8350112438201904,1e-05,0.6328125,271.0849761000136,9513.16259765625
grounded,2788,2.859135150909424,2.059356689453125,0.7997783422470093,1e-05,0.546875,271.18096680007875,9513.16259765625
grounded,2789,2.734691619873047,1.9253921508789062,0.8092995882034302,1e-05,0.59375,271.2773030999815,9513.16259765625
grounded,2790,3.2428998947143555,2.3036303520202637,0.9392694234848022,1e-05,0.5390625,271.3724334000144,9513.16259765625
grounded,2791,2.8099021911621094,1.9466629028320312,0.8632394075393677,1e-05,0.59375,271.4676232000347,9513.16259765625
grounded,2792,3.044877529144287,2.114438772201538,0.9304388761520386,1e-05,0.5859375,271.5623746999772,9513.16259765625
grounded,2793,3.3863706588745117,2.41617751121521,0.9701932072639465,1e-05,0.5390625,271.6582129000453,9513.16259765625
grounded,2794,3.386655807495117,2.3357532024383545,1.0509027242660522,1e-05,0.5390625,271.75398060004227,9513.16259765625
grounded,2795,2.936610698699951,1.9862897396087646,0.9503210783004761,1e-05,0.578125,271.8493553000735,9513.16259765625
grounded,2796,3.0170059204101562,2.120994806289673,0.8960109949111938,1e-05,0.5546875,271.945152600063,9513.16259765625
grounded,2797,3.076345205307007,2.2512454986572266,0.8250996470451355,1e-05,0.5390625,272.04142300004605,9513.16259765625
grounded,2798,2.5418853759765625,1.7863545417785645,0.7555309534072876,1e-05,0.609375,272.13955219998024,9513.16259765625
grounded,2799,2.7810397148132324,1.9712834358215332,0.8097562193870544,1e-05,0.578125,272.2362101000035,9513.16259765625
grounded,2800,3.65614914894104,2.636293411254883,1.0198557376861572,1e-05,0.484375,272.3317179000005,9513.16259765625
grounded,2801,2.8970983028411865,2.047288179397583,0.8498101830482483,1e-05,0.5703125,272.4271729000611,9513.16259765625
grounded,2802,2.712615489959717,1.8934502601623535,0.8191651105880737,1e-05,0.609375,272.5230207000859,9513.16259765625
grounded,2803,3.0397274494171143,2.168606996536255,0.8711204528808594,1e-05,0.5625,272.6184669000795,9513.16259765625
grounded,2804,2.6777992248535156,1.8276933431625366,0.8501059412956238,1e-05,0.6015625,272.71408449998125,9513.16259765625
grounded,2805,2.6285715103149414,1.8509669303894043,0.7776044607162476,1e-05,0.65625,272.8100556000136,9513.16259765625
grounded,2806,2.6409659385681152,1.866702914237976,0.7742631435394287,1e-05,0.6171875,272.90477000002284,9513.16259765625
grounded,2807,2.447061061859131,1.7499867677688599,0.697074294090271,1e-05,0.625,272.9997948000673,9513.16259765625
grounded,2808,3.2593865394592285,2.3520097732543945,0.9073766469955444,1e-05,0.5,273.0963494000025,9513.16259765625
grounded,2809,3.2373087406158447,2.316492795944214,0.9208160042762756,1e-05,0.5390625,273.19205680000596,9513.16259765625
grounded,2810,2.909377098083496,2.076551914215088,0.8328253030776978,1e-05,0.5546875,273.2870015000226,9513.16259765625
grounded,2811,2.963792324066162,2.102916717529297,0.8608756065368652,1e-05,0.5859375,273.38194700004533,9513.16259765625
grounded,2812,3.3510513305664062,2.4014639854431152,0.949587345123291,1e-05,0.5234375,273.47729690000415,9513.16259765625
grounded,2813,3.575106382369995,2.602900266647339,0.9722060561180115,1e-05,0.5234375,273.5729766000295,9513.16259765625
grounded,2814,3.299222230911255,2.4283154010772705,0.8709068298339844,1e-05,0.515625,273.6686042000074,9513.16259765625
grounded,2815,2.965564727783203,2.077270984649658,0.8882936239242554,1e-05,0.5703125,273.7642356000142,9513.16259765625
grounded,2816,3.0758590698242188,2.203171730041504,0.8726872205734253,1e-05,0.5234375,273.85940309998114,9513.16259765625
grounded,2817,3.1572046279907227,2.2439451217651367,0.9132595658302307,1e-05,0.5234375,273.9543850000482,9513.16259765625
grounded,2818,2.6638941764831543,1.8306262493133545,0.8332679271697998,1e-05,0.6171875,274.0497997000348,9513.16259765625
grounded,2819,3.2466440200805664,2.3122518062591553,0.9343922734260559,1e-05,0.546875,274.145757600083,9513.16259765625
grounded,2820,3.0640041828155518,2.209437370300293,0.854566752910614,1e-05,0.546875,274.2415942000225,9513.16259765625
grounded,2821,2.684885025024414,1.910043478012085,0.7748415470123291,1e-05,0.6328125,274.33816610008944,9513.16259765625
grounded,2822,2.737886905670166,1.9334521293640137,0.8044348359107971,1e-05,0.609375,274.4333564999979,9513.16259765625
grounded,2823,2.9910202026367188,2.1475698947906494,0.8434501886367798,1e-05,0.6015625,274.52782900002785,9513.16259765625
grounded,2824,2.7269744873046875,2.0036635398864746,0.7233109474182129,1e-05,0.609375,274.62296549999155,9513.16259765625
grounded,2825,2.989353656768799,2.098048448562622,0.8913052082061768,1e-05,0.5703125,274.7192073999904,9513.16259765625
grounded,2826,2.5227036476135254,1.8037089109420776,0.7189948558807373,1e-05,0.625,274.8146772000473,9513.16259765625
grounded,2827,2.6636557579040527,1.8415236473083496,0.8221321702003479,1e-05,0.6171875,274.90955280000344,9513.16259765625
grounded,2828,3.4669833183288574,2.432616949081421,1.0343663692474365,1e-05,0.5,275.0067544999765,9513.16259765625
grounded,2829,3.1488654613494873,2.2824177742004395,0.8664476871490479,1e-05,0.5390625,275.10374010005035,9513.16259765625
grounded,2830,3.210257053375244,2.3025970458984375,0.9076601266860962,1e-05,0.5234375,275.20100460003596,9513.16259765625
grounded,2831,2.8414134979248047,2.0491929054260254,0.7922206521034241,1e-05,0.5703125,275.2963509000838,9513.16259765625
grounded,2832,3.4477994441986084,2.5278737545013428,0.9199256896972656,1e-05,0.53125,275.39142850006465,9513.16259765625
grounded,2833,3.071242094039917,2.236126184463501,0.8351158499717712,1e-05,0.5625,275.4867338000331,9513.16259765625
grounded,2834,2.7085981369018555,1.9908115863800049,0.7177865505218506,1e-05,0.609375,275.582617499982,9513.16259765625
grounded,2835,2.708883762359619,1.9575726985931396,0.7513110637664795,1e-05,0.59375,275.6787989999866,9513.16259765625
grounded,2836,2.866123914718628,2.046292781829834,0.819831132888794,1e-05,0.59375,275.7740890000714,9513.16259765625
grounded,2837,2.8767004013061523,2.0659847259521484,0.8107156157493591,1e-05,0.578125,275.8686557000037,9513.16259765625
grounded,2838,3.2758708000183105,2.351046562194824,0.9248242378234863,1e-05,0.5234375,275.96404620003887,9513.16259765625
grounded,2839,3.270698070526123,2.3452870845794678,0.9254108667373657,1e-05,0.515625,276.06052970001474,9513.16259765625
grounded,2840,2.8417792320251465,2.0195562839508057,0.822222888469696,1e-05,0.6171875,276.15675570000894,9513.16259765625
grounded,2841,3.5360164642333984,2.602982521057129,0.9330338835716248,1e-05,0.4921875,276.25259829999413,9513.16259765625
grounded,2842,2.561938762664795,1.8183287382125854,0.7436099052429199,1e-05,0.671875,276.3488611000357,9513.16259765625
grounded,2843,3.0857512950897217,2.2462730407714844,0.8394783139228821,1e-05,0.53125,276.44313240004703,9513.16259765625
grounded,2844,3.031620740890503,2.154473066329956,0.8771477341651917,1e-05,0.5703125,276.53829240007326,9513.16259765625
grounded,2845,2.7527785301208496,1.9513434171676636,0.8014349937438965,1e-05,0.6171875,276.6338339999784,9513.16259765625
grounded,2846,2.2916157245635986,1.662368893623352,0.6292468309402466,1e-05,0.6796875,276.7292669999879,9513.16259765625
grounded,2847,2.599353790283203,1.8467652797698975,0.7525886297225952,1e-05,0.640625,276.8246946000727,9513.16259765625
grounded,2848,3.1455025672912598,2.315225601196289,0.8302770853042603,1e-05,0.5625,276.91929049999453,9513.16259765625
grounded,2849,3.278641939163208,2.420125961303711,0.8585159778594971,1e-05,0.5390625,277.01504900003783,9513.16259765625
grounded,2850,2.6131234169006348,1.8590257167816162,0.754097580909729,1e-05,0.640625,277.1108762000222,9513.16259765625
grounded,2851,2.5475094318389893,1.8371660709381104,0.7103433012962341,1e-05,0.625,277.20821640000213,9513.16259765625
grounded,2852,2.436215877532959,1.7076095342636108,0.7286064028739929,1e-05,0.671875,277.3042969000526,9513.16259765625
grounded,2853,3.2656164169311523,2.4121787548065186,0.8534376621246338,1e-05,0.4765625,277.3992757999804,9513.16259765625
grounded,2854,2.973768949508667,2.0908634662628174,0.8829055428504944,1e-05,0.53125,277.4944064000156,9513.16259765625
grounded,2855,2.8284530639648438,1.9762952327728271,0.852157711982727,1e-05,0.578125,277.58937300008256,9513.16259765625
grounded,2856,2.936086654663086,2.1423587799072266,0.7937277555465698,1e-05,0.59375,277.684830000042,9513.16259765625
grounded,2857,2.9823522567749023,2.123401165008545,0.8589509725570679,1e-05,0.5546875,277.78069649997633,9513.16259765625
grounded,2858,2.54768705368042,1.819448709487915,0.7282384634017944,1e-05,0.609375,277.8755816000048,9513.16259765625
grounded,2859,2.553403377532959,1.8198442459106445,0.733559250831604,1e-05,0.6171875,277.97086260002106,9513.16259765625
grounded,2860,2.749218463897705,2.029738426208496,0.719480037689209,1e-05,0.609375,278.06597410002723,9513.16259765625
grounded,2861,2.981595039367676,2.1719233989715576,0.8096716403961182,1e-05,0.578125,278.16256440000143,9513.16259765625
grounded,2862,2.5521976947784424,1.7953628301620483,0.7568349242210388,1e-05,0.6171875,278.257997800014,9513.16259765625
grounded,2863,2.958467483520508,2.120985507965088,0.8374820947647095,1e-05,0.5703125,278.3533923000796,9513.16259765625
grounded,2864,3.1388988494873047,2.33894419670105,0.7999547719955444,1e-05,0.546875,278.4474543000106,9513.16259765625
grounded,2865,2.730377197265625,2.0189270973205566,0.7114499807357788,1e-05,0.6015625,278.54248970001936,9513.16259765625
grounded,2866,2.9019103050231934,2.186215400695801,0.7156950235366821,1e-05,0.5625,278.6385021000169,9513.16259765625
grounded,2867,2.4884867668151855,1.6818044185638428,0.8066823482513428,1e-05,0.6328125,278.7336301000323,9513.16259765625
grounded,2868,2.598984956741333,1.820931315422058,0.7780537009239197,1e-05,0.6328125,278.82888220006134,9513.16259765625
grounded,2869,3.0290722846984863,2.2092180252075195,0.8198543787002563,1e-05,0.578125,278.92425959999673,9513.16259765625
grounded,2870,3.0648179054260254,2.185624837875366,0.8791930079460144,1e-05,0.5703125,279.01949700003024,9513.16259765625
grounded,2871,3.373046636581421,2.4797778129577637,0.8932688236236572,1e-05,0.515625,279.11521790002007,9513.16259765625
grounded,2872,2.648245334625244,1.8329070806503296,0.8153383731842041,1e-05,0.65625,279.2110752000008,9513.16259765625
grounded,2873,3.2474002838134766,2.3474948406219482,0.8999053239822388,1e-05,0.5390625,279.3061760000419,9513.16259765625
grounded,2874,2.825937271118164,1.9750723838806152,0.8508650064468384,1e-05,0.640625,279.40151750005316,9513.16259765625
grounded,2875,2.2767539024353027,1.620654821395874,0.6560990810394287,1e-05,0.65625,279.49596560001373,9513.16259765625
grounded,2876,2.8758091926574707,2.0203163623809814,0.8554928302764893,1e-05,0.5703125,279.5916429000208,9513.16259765625
grounded,2877,3.046571731567383,2.1610190868377686,0.8855525255203247,1e-05,0.5546875,279.68814460001886,9513.16259765625
grounded,2878,2.9759695529937744,2.1250948905944824,0.8508746027946472,1e-05,0.5390625,279.78310160001274,9513.16259765625
grounded,2879,3.0121030807495117,2.174586057662964,0.8375170230865479,1e-05,0.5546875,279.8787218000507,9513.16259765625
grounded,2880,2.795346736907959,2.006816864013672,0.7885299921035767,1e-05,0.578125,279.97415180003736,9513.16259765625
grounded,2881,2.8732199668884277,2.0424611568450928,0.8307589292526245,1e-05,0.5859375,280.070114800008,9513.16259765625
grounded,2882,2.789342164993286,1.9440866708755493,0.8452554941177368,1e-05,0.5859375,280.1662575000664,9513.16259765625
grounded,2883,3.0429487228393555,2.2533645629882812,0.7895841598510742,1e-05,0.546875,280.2621469000587,9513.16259765625
grounded,2884,2.949014663696289,2.117586851119995,0.8314279317855835,1e-05,0.546875,280.35836090007797,9513.16259765625
grounded,2885,2.482649803161621,1.746143102645874,0.7365067005157471,1e-05,0.6484375,280.45410440000705,9513.16259765625
grounded,2886,2.700014114379883,1.9384938478469849,0.7615202069282532,1e-05,0.609375,280.5502228999976,9513.16259765625
grounded,2887,2.974586248397827,2.1173133850097656,0.8572729229927063,1e-05,0.5859375,280.64584290003404,9513.16259765625
grounded,2888,2.782439947128296,1.9783824682235718,0.8040574789047241,1e-05,0.6171875,280.7422625999898,9513.16259765625
grounded,2889,2.515716552734375,1.8217673301696777,0.6939491033554077,1e-05,0.6171875,280.83679139998276,9513.16259765625
grounded,2890,2.6139168739318848,1.902052640914917,0.711864173412323,1e-05,0.671875,280.93192690005526,9513.16259765625
grounded,2891,2.6152756214141846,1.8252012729644775,0.7900742888450623,1e-05,0.6484375,281.02756479999516,9513.16259765625
grounded,2892,2.9305593967437744,2.145479917526245,0.7850795388221741,1e-05,0.59375,281.1231607000809,9513.16259765625
grounded,2893,2.8492543697357178,2.008114814758301,0.8411394953727722,1e-05,0.6171875,281.21896020008717,9513.16259765625
grounded,2894,3.076927661895752,2.20753812789917,0.869389533996582,1e-05,0.5390625,281.3138073000591,9513.16259765625
grounded,2895,2.6092405319213867,1.770681381225586,0.8385592103004456,1e-05,0.609375,281.4092826000415,9513.16259765625
grounded,2896,2.5801639556884766,1.838334083557129,0.7418298721313477,1e-05,0.5703125,281.5044158999808,9513.16259765625
grounded,2897,2.516421318054199,1.8232436180114746,0.6931777000427246,1e-05,0.6328125,281.5991318000015,9513.16259765625
grounded,2898,3.027418613433838,2.172722339630127,0.8546963334083557,1e-05,0.578125,281.6954737000633,9513.16259765625
grounded,2899,2.4810409545898438,1.760083794593811,0.7209571599960327,1e-05,0.6015625,281.7901034000097,9513.16259765625
grounded,2900,2.513990879058838,1.7631088495254517,0.7508819103240967,1e-05,0.65625,281.88554920000024,9513.16259765625
grounded,2901,3.0094780921936035,2.173835039138794,0.83564293384552,1e-05,0.578125,281.9819944000337,9513.16259765625
grounded,2902,2.651949405670166,1.8376710414886475,0.814278244972229,1e-05,0.625,282.0774525000015,9513.16259765625
grounded,2903,2.5544209480285645,1.8217523097991943,0.7326686382293701,1e-05,0.625,282.17349840002134,9513.16259765625
grounded,2904,2.7501449584960938,1.9437885284423828,0.8063565492630005,1e-05,0.625,282.26912670000456,9513.16259765625
grounded,2905,2.5268430709838867,1.7740905284881592,0.7527524828910828,1e-05,0.6171875,282.36374499998055,9513.16259765625
grounded,2906,2.130829334259033,1.5924439430236816,0.538385272026062,1e-05,0.6640625,282.45768130000215,9513.16259765625
grounded,2907,2.345130681991577,1.6570663452148438,0.6880643963813782,1e-05,0.6953125,282.5528464000672,9513.16259765625
grounded,2908,2.7034173011779785,1.8917485475540161,0.8116687536239624,1e-05,0.6328125,282.64855240006,9513.16259765625
grounded,2909,2.6094861030578613,1.8809312582015991,0.7285547256469727,1e-05,0.640625,282.74344350001775,9513.16259765625
grounded,2910,2.596285820007324,1.813960075378418,0.7823256254196167,1e-05,0.6328125,282.83886070002336,9513.16259765625
grounded,2911,2.305544853210449,1.654916763305664,0.6506280899047852,1e-05,0.6640625,282.9341480000876,9513.16259765625
grounded,2912,2.3804402351379395,1.7532081604003906,0.6272319555282593,1e-05,0.671875,283.0289730000077,9513.16259765625
grounded,2913,2.9036173820495605,2.140727996826172,0.7628894448280334,1e-05,0.6171875,283.1260310000507,9513.16259765625
grounded,2914,3.26820707321167,2.3522651195526123,0.9159420728683472,1e-05,0.5390625,283.22189030004665,9513.16259765625
grounded,2915,2.6688530445098877,1.9242945909500122,0.7445584535598755,1e-05,0.609375,283.31721720006317,9513.16259765625
grounded,2916,2.53065824508667,1.7534385919570923,0.7772197723388672,1e-05,0.6484375,283.4128281000303,9513.16259765625
grounded,2917,2.5924179553985596,1.862952470779419,0.7294654846191406,1e-05,0.6640625,283.50777979998384,9513.16259765625
grounded,2918,3.004401206970215,2.1816256046295166,0.8227754831314087,1e-05,0.6015625,283.60339180007577,9513.16259765625
grounded,2919,2.613919734954834,1.8813520669937134,0.7325676679611206,1e-05,0.6171875,283.6989851000253,9513.16259765625
grounded,2920,2.3303942680358887,1.6406581401824951,0.6897361278533936,1e-05,0.671875,283.79417790006846,9513.16259765625
grounded,2921,3.0162718296051025,2.1730313301086426,0.84324049949646,1e-05,0.5625,283.8898969000438,9513.16259765625
grounded,2922,2.6498236656188965,1.840155839920044,0.8096679449081421,1e-05,0.625,283.98513090005144,9513.16259765625
grounded,2923,2.7644436359405518,2.044579029083252,0.7198646068572998,1e-05,0.5859375,284.08088090003,9513.16259765625
grounded,2924,2.801990032196045,1.9648571014404297,0.83713299036026,1e-05,0.6015625,284.1768371000653,9513.16259765625
grounded,2925,2.5100889205932617,1.8719468116760254,0.6381420493125916,1e-05,0.640625,284.2730143000372,9513.16259765625
grounded,2926,2.403000831604004,1.783135175704956,0.6198657155036926,1e-05,0.625,284.36843290005345,9513.16259765625
grounded,2927,2.2726950645446777,1.6341869831085205,0.6385079622268677,1e-05,0.6796875,284.4631594000384,9513.16259765625
grounded,2928,2.5993196964263916,1.82826828956604,0.7710514068603516,1e-05,0.640625,284.5589504999807,9513.16259765625
grounded,2929,2.7600884437561035,1.9345495700836182,0.8255388736724854,1e-05,0.640625,284.6546218000585,9513.16259765625
grounded,2930,2.3892314434051514,1.7296521663665771,0.6595792770385742,1e-05,0.6328125,284.75005909998436,9513.16259765625
grounded,2931,2.1999940872192383,1.5697475671768188,0.630246639251709,1e-05,0.671875,284.8448811999988,9513.16259765625
grounded,2932,2.693591833114624,1.8621314764022827,0.8314604163169861,1e-05,0.640625,284.9396082999883,9513.16259765625
grounded,2933,2.8157267570495605,1.98321533203125,0.8325114250183105,1e-05,0.6015625,285.034808000084,9513.16259765625
grounded,2934,2.391235828399658,1.7238619327545166,0.6673738360404968,1e-05,0.65625,285.13111249997746,9513.16259765625
grounded,2935,3.0393056869506836,2.1631851196289062,0.8761206865310669,1e-05,0.59375,285.22692739998456,9513.16259765625
grounded,2936,2.36460018157959,1.685666799545288,0.6789335012435913,1e-05,0.6484375,285.32141450000927,9513.16259765625
grounded,2937,2.504955530166626,1.8254003524780273,0.6795551776885986,1e-05,0.6171875,285.41697999997996,9513.16259765625
grounded,2938,2.1371026039123535,1.47963285446167,0.657469630241394,1e-05,0.7109375,285.5117077000905,9513.16259765625
grounded,2939,2.6024715900421143,1.8220306634902954,0.7804409265518188,1e-05,0.609375,285.60671740002,9513.16259765625
grounded,2940,2.734954833984375,1.997658133506775,0.7372965812683105,1e-05,0.6484375,285.70265550003387,9513.16259765625
grounded,2941,2.203411817550659,1.5358401536941528,0.6675717234611511,1e-05,0.6484375,285.7979458000045,9513.16259765625
grounded,2942,2.159297227859497,1.5544686317443848,0.6048285961151123,1e-05,0.6875,285.89282170007937,9513.16259765625
grounded,2943,2.783637046813965,1.9671802520751953,0.8164567947387695,1e-05,0.5859375,285.9881094000302,9513.16259765625
grounded,2944,2.050698757171631,1.4768586158752441,0.5738401412963867,1e-05,0.703125,286.0840164000401,9513.16259765625
grounded,2945,2.3255069255828857,1.7023447751998901,0.6231620907783508,1e-05,0.6640625,286.18025450001005,9513.16259765625
grounded,2946,2.481626033782959,1.7254832983016968,0.7561428546905518,1e-05,0.6484375,286.2752489000559,9513.16259765625
grounded,2947,2.2542614936828613,1.6191022396087646,0.6351592540740967,1e-05,0.6875,286.3711417000741,9513.16259765625
grounded,2948,2.4772770404815674,1.7618128061294556,0.7154642343521118,1e-05,0.671875,286.4662994000828,9513.16259765625
grounded,2949,2.758843421936035,1.98838210105896,0.77046138048172,1e-05,0.578125,286.5609169000527,9513.16259765625
grounded,2950,2.860233783721924,2.0451622009277344,0.8150714635848999,1e-05,0.6015625,286.65662480005994,9513.16259765625
grounded,2951,2.7307448387145996,1.9492565393447876,0.781488299369812,1e-05,0.625,286.7531378000276,9513.16259765625
grounded,2952,2.315392255783081,1.5745155811309814,0.7408766746520996,1e-05,0.7109375,286.8478011999978,9513.16259765625
grounded,2953,2.8252410888671875,1.9571646451950073,0.8680765628814697,1e-05,0.609375,286.9427599000046,9513.16259765625
grounded,2954,2.156557321548462,1.521950602531433,0.6346067786216736,1e-05,0.6953125,287.0384142000694,9513.16259765625
grounded,2955,2.5118629932403564,1.900537371635437,0.6113256216049194,1e-05,0.671875,287.1351920000743,9513.16259765625
grounded,2956,2.650824546813965,1.8614542484283447,0.7893704175949097,1e-05,0.6171875,287.23062030004803,9513.16259765625
grounded,2957,2.055250406265259,1.4284964799880981,0.6267539858818054,1e-05,0.7109375,287.32584469998255,9513.16259765625
grounded,2958,2.371586322784424,1.661035418510437,0.7105509042739868,1e-05,0.6953125,287.4215876000235,9513.16259765625
grounded,2959,2.7550692558288574,1.9309501647949219,0.8241190910339355,1e-05,0.625,287.5156266000122,9513.16259765625
grounded,2960,2.0603270530700684,1.484275221824646,0.5760517120361328,1e-05,0.71875,287.6113938000053,9513.16259765625
grounded,2961,2.3786377906799316,1.7335896492004395,0.6450481414794922,1e-05,0.6640625,287.7075330000371,9513.16259765625
grounded,2962,2.5919413566589355,1.8569185733795166,0.7350226640701294,1e-05,0.6953125,287.8028128000442,9513.16259765625
grounded,2963,2.693042755126953,2.005495548248291,0.6875472068786621,1e-05,0.6015625,287.8969866000116,9513.16259765625
grounded,2964,2.3209285736083984,1.588199257850647,0.7327293753623962,1e-05,0.734375,287.9924593999749,9513.16259765625
grounded,2965,2.554159641265869,1.8353941440582275,0.718765377998352,1e-05,0.6328125,288.0888771000318,9513.16259765625
grounded,2966,2.397237777709961,1.6714134216308594,0.7258243560791016,1e-05,0.6875,288.1850791000761,9513.16259765625
grounded,2967,2.4028022289276123,1.7183305025100708,0.6844717860221863,1e-05,0.671875,288.2801233000355,9513.16259765625
grounded,2968,2.4546422958374023,1.6507384777069092,0.8039036989212036,1e-05,0.6796875,288.37610200000927,9513.16259765625
grounded,2969,2.462566375732422,1.763319492340088,0.6992470026016235,1e-05,0.6484375,288.4711719000479,9513.16259765625
grounded,2970,1.9763262271881104,1.4162135124206543,0.560112714767456,1e-05,0.6875,288.5663405000232,9513.16259765625
grounded,2971,2.551389694213867,1.8376708030700684,0.7137188911437988,1e-05,0.640625,288.66320599999744,9513.16259765625
grounded,2972,2.9714062213897705,2.1651368141174316,0.8062694072723389,1e-05,0.6015625,288.759070500033,9513.16259765625
grounded,2973,2.576992988586426,1.787106990814209,0.789885938167572,1e-05,0.640625,288.85404460004065,9513.16259765625
grounded,2974,2.610058307647705,1.8079721927642822,0.8020860552787781,1e-05,0.640625,288.9493138000835,9513.16259765625
grounded,2975,1.8486921787261963,1.2694826126098633,0.579209566116333,1e-05,0.765625,289.04531760001555,9513.16259765625
grounded,2976,2.3415603637695312,1.691652536392212,0.6499079465866089,1e-05,0.6640625,289.1418985000346,9513.16259765625
grounded,2977,2.8748674392700195,2.1020123958587646,0.7728550434112549,1e-05,0.59375,289.2374783999985,9513.16259765625
grounded,2978,2.340099811553955,1.6545578241348267,0.6855419874191284,1e-05,0.6796875,289.3335337000899,9513.16259765625
grounded,2979,2.5013880729675293,1.8157787322998047,0.6856094598770142,1e-05,0.6640625,289.4299807000207,9513.16259765625
grounded,2980,2.6064114570617676,1.8746609687805176,0.7317505478858948,1e-05,0.6484375,289.5243961000815,9513.16259765625
grounded,2981,2.3391640186309814,1.560973048210144,0.7781909704208374,1e-05,0.65625,289.6201527999947,9513.16259765625
grounded,2982,2.4639909267425537,1.7817683219909668,0.6822226047515869,1e-05,0.703125,289.7158141999971,9513.16259765625
grounded,2983,2.0605149269104004,1.4124277830123901,0.6480870842933655,1e-05,0.7421875,289.810534200049,9513.16259765625
grounded,2984,2.644853353500366,1.8963741064071655,0.7484792470932007,1e-05,0.6484375,289.9059460000135,9513.16259765625
grounded,2985,2.229504108428955,1.6525975465774536,0.5769064426422119,1e-05,0.703125,290.0015472000232,9513.16259765625
grounded,2986,2.4066171646118164,1.765770435333252,0.6408467888832092,1e-05,0.6796875,290.09774750005454,9513.16259765625
grounded,2987,2.860860586166382,2.15458083152771,0.7062796950340271,1e-05,0.609375,290.1936577000888,9513.16259765625
grounded,2988,2.1290268898010254,1.5142734050750732,0.6147533655166626,1e-05,0.7265625,290.28930659999605,9513.16259765625
grounded,2989,2.503967523574829,1.780239224433899,0.7237282991409302,1e-05,0.6796875,290.38496629998554,9513.16259765625
grounded,2990,1.843992829322815,1.2323570251464844,0.6116358041763306,1e-05,0.7421875,290.4798769999761,9513.16259765625
grounded,2991,2.43648624420166,1.690362572669983,0.7461237907409668,1e-05,0.6640625,290.57465530000627,9513.16259765625
grounded,2992,2.8165600299835205,2.0767290592193604,0.7398309707641602,1e-05,0.6171875,290.6714168000035,9513.16259765625
grounded,2993,2.860778331756592,2.0320324897766113,0.82874596118927,1e-05,0.640625,290.76831000007223,9513.16259765625
grounded,2994,2.5592870712280273,1.8123409748077393,0.7469459772109985,1e-05,0.6171875,290.86333730001934,9513.16259765625
grounded,2995,2.490238666534424,1.7343254089355469,0.7559133768081665,1e-05,0.671875,290.95843730005436,9513.16259765625
grounded,2996,2.334643840789795,1.6242334842681885,0.7104103565216064,1e-05,0.6796875,291.05433650000487,9513.16259765625
grounded,2997,2.3657093048095703,1.6766765117645264,0.6890329122543335,1e-05,0.6796875,291.1500491000479,9513.16259765625
grounded,2998,2.9097583293914795,2.097303867340088,0.8124544620513916,1e-05,0.6015625,291.245782700018,9513.16259765625
grounded,2999,2.2549567222595215,1.6062755584716797,0.6486812233924866,1e-05,0.6953125,291.34125549998134,9513.16259765625
grounded,3000,2.6134233474731445,1.8845895528793335,0.7288336753845215,1e-05,0.65625,291.4373164999997,9513.16259765625
grounded,3001,2.5270092487335205,1.7980108261108398,0.7289984226226807,1e-05,0.6640625,291.85792890004814,9513.16259765625
grounded,3002,2.385380268096924,1.729167103767395,0.6562132835388184,1e-05,0.6796875,291.95305240002926,9513.16259765625
grounded,3003,2.13573956489563,1.5380964279174805,0.5976431369781494,1e-05,0.71875,292.04942539997865,9513.16259765625
grounded,3004,2.3233208656311035,1.5952928066253662,0.7280280590057373,1e-05,0.6875,292.1453587000724,9513.16259765625
grounded,3005,1.9512370824813843,1.314997911453247,0.6362391710281372,1e-05,0.7578125,292.2417339000385,9513.16259765625
grounded,3006,2.527393102645874,1.7421547174453735,0.7852383852005005,1e-05,0.6640625,292.3374143000692,9513.16259765625
grounded,3007,2.168039321899414,1.4942494630813599,0.6737897396087646,1e-05,0.71875,292.43274110008497,9513.16259765625
grounded,3008,1.8775204420089722,1.3101112842559814,0.5674091577529907,1e-05,0.71875,292.5283859000774,9513.16259765625
grounded,3009,2.1005618572235107,1.3937149047851562,0.7068469524383545,1e-05,0.734375,292.62412870000117,9513.16259765625
grounded,3010,2.3409876823425293,1.6628634929656982,0.6781240701675415,1e-05,0.703125,292.720109899994,9513.16259765625
grounded,3011,2.216477870941162,1.5141510963439941,0.702326774597168,1e-05,0.71875,292.8158438000828,9513.16259765625
grounded,3012,2.4950408935546875,1.778006911277771,0.7170339226722717,1e-05,0.65625,292.91137630003504,9513.16259765625
grounded,3013,1.972264289855957,1.4074631929397583,0.5648010969161987,1e-05,0.75,293.0069610000355,9513.16259765625
grounded,3014,2.2407994270324707,1.521127700805664,0.7196716070175171,1e-05,0.71875,293.10251029999927,9513.16259765625
grounded,3015,2.330756664276123,1.614932656288147,0.7158240675926208,1e-05,0.671875,293.19884940003976,9513.16259765625
grounded,3016,2.747384548187256,1.9976739883422852,0.7497105002403259,1e-05,0.625,293.2941168000689,9513.16259765625
grounded,3017,2.2988028526306152,1.630252718925476,0.6685501933097839,1e-05,0.7109375,293.38952139997855,9513.16259765625
grounded,3018,2.3784937858581543,1.6500399112701416,0.7284538745880127,1e-05,0.6484375,293.48501190007664,9513.16259765625
grounded,3019,2.352212905883789,1.6079307794570923,0.7442821264266968,1e-05,0.6953125,293.5800926000811,9513.16259765625
grounded,3020,2.2718827724456787,1.6185184717178345,0.6533643007278442,1e-05,0.703125,293.6768280999968,9513.16259765625
grounded,3021,2.126067876815796,1.4575709104537964,0.6684969067573547,1e-05,0.7109375,293.7722362000495,9513.16259765625
grounded,3022,1.9737329483032227,1.3416671752929688,0.6320657730102539,1e-05,0.734375,293.8672779999906,9513.16259765625
grounded,3023,2.205017566680908,1.4665911197662354,0.7384263277053833,1e-05,0.6875,293.9624312000815,9513.16259765625
grounded,3024,1.9158515930175781,1.3438849449157715,0.5719665884971619,1e-05,0.71875,294.05885600007605,9513.16259765625
grounded,3025,2.277924060821533,1.5593571662902832,0.71856689453125,1e-05,0.703125,294.1543513999786,9513.16259765625
grounded,3026,2.169417381286621,1.4860345125198364,0.6833827495574951,1e-05,0.6953125,294.2502196000423,9513.16259765625
grounded,3027,1.8259648084640503,1.2293423414230347,0.5966224670410156,1e-05,0.7734375,294.34528390003834,9513.16259765625
grounded,3028,2.3525819778442383,1.597411870956421,0.7551700472831726,1e-05,0.6953125,294.4399501000298,9513.16259765625
grounded,3029,1.9314558506011963,1.3617839813232422,0.5696718692779541,1e-05,0.71875,294.53481670003384,9513.16259765625
grounded,3030,2.1009340286254883,1.460615634918213,0.6403182744979858,1e-05,0.703125,294.6307494000066,9513.16259765625
grounded,3031,2.5913050174713135,1.8021388053894043,0.7891661524772644,1e-05,0.6640625,294.726181200007,9513.16259765625
grounded,3032,2.805651903152466,2.0356345176696777,0.7700173258781433,1e-05,0.625,294.82158920005895,9513.16259765625
grounded,3033,2.2352218627929688,1.5730476379394531,0.6621743440628052,1e-05,0.71875,294.91681129997596,9513.16259765625
grounded,3034,2.7527413368225098,1.917414665222168,0.8353265523910522,1e-05,0.640625,295.0122062000446,9513.16259765625
grounded,3035,1.9942716360092163,1.305928111076355,0.6883435249328613,1e-05,0.734375,295.1077069999883,9513.16259765625
grounded,3036,2.023538112640381,1.4294489622116089,0.5940892696380615,1e-05,0.71875,295.2042845999822,9513.16259765625
grounded,3037,1.9068830013275146,1.3567376136779785,0.5501454472541809,1e-05,0.7421875,295.299763899995,9513.16259765625
grounded,3038,2.075361728668213,1.4178478717803955,0.6575139760971069,1e-05,0.703125,295.3940950999968,9513.16259765625
grounded,3039,2.244995355606079,1.5439410209655762,0.7010543346405029,1e-05,0.7265625,295.49000270001125,9513.16259765625
grounded,3040,2.41702938079834,1.7712323665618896,0.6457969546318054,1e-05,0.65625,295.5848594000563,9513.16259765625
grounded,3041,2.6922354698181152,1.9593658447265625,0.7328697443008423,1e-05,0.625,295.6803661000449,9513.16259765625
grounded,3042,1.9721355438232422,1.2836172580718994,0.6885183453559875,1e-05,0.7578125,295.77549969998654,9513.16259765625
grounded,3043,2.401230573654175,1.7552659511566162,0.6459646821022034,1e-05,0.6796875,295.87131479999516,9513.16259765625
grounded,3044,2.4927821159362793,1.7702858448028564,0.7224962711334229,1e-05,0.6484375,295.9668732000282,9513.16259765625
grounded,3045,1.8399616479873657,1.3065121173858643,0.5334495306015015,1e-05,0.7421875,296.06228439998813,9513.16259765625
grounded,3046,1.869157075881958,1.1650145053863525,0.7041425704956055,1e-05,0.78125,296.15929920005146,9513.16259765625
grounded,3047,2.497150182723999,1.7104809284210205,0.7866691946983337,1e-05,0.6875,296.25523500004783,9513.16259765625
grounded,3048,2.2210776805877686,1.6082344055175781,0.6128433346748352,1e-05,0.734375,296.3503889000276,9513.16259765625
grounded,3049,2.233586311340332,1.5069012641906738,0.7266851663589478,1e-05,0.6953125,296.4455162000377,9513.16259765625
grounded,3050,2.3117494583129883,1.5750911235809326,0.7366584539413452,1e-05,0.6875,296.5404614000581,9513.16259765625
grounded,3051,2.4180898666381836,1.7361114025115967,0.6819783449172974,1e-05,0.6875,296.6381746000843,9513.16259765625
grounded,3052,2.3016674518585205,1.6212310791015625,0.680436372756958,1e-05,0.6953125,296.7338640000671,9513.16259765625
grounded,3053,2.145148277282715,1.416559100151062,0.7285892367362976,1e-05,0.71875,296.82979780004825,9513.16259765625
grounded,3054,1.8954215049743652,1.248711109161377,0.6467103958129883,1e-05,0.75,296.9256179999793,9513.16259765625
grounded,3055,2.299478769302368,1.5166984796524048,0.7827802896499634,1e-05,0.7109375,297.02041130000725,9513.16259765625
grounded,3056,2.2099921703338623,1.6368714570999146,0.5731207728385925,1e-05,0.703125,297.1159578000661,9513.16259765625
grounded,3057,2.289081573486328,1.5877788066864014,0.7013027667999268,1e-05,0.703125,297.21216560003813,9513.16259765625
grounded,3058,2.3449230194091797,1.5490025281906128,0.7959203720092773,1e-05,0.703125,297.30731399997603,9513.16259765625
grounded,3059,2.4035251140594482,1.7549854516983032,0.648539662361145,1e-05,0.671875,297.40330200002063,9513.16259765625
grounded,3060,2.074791669845581,1.4726378917694092,0.6021537184715271,1e-05,0.7265625,297.4984613000415,9513.16259765625
grounded,3061,2.3606534004211426,1.6985328197479248,0.6621205806732178,1e-05,0.6796875,297.5925480000442,9513.16259765625
grounded,3062,2.304621696472168,1.6475635766983032,0.6570582389831543,1e-05,0.6953125,297.6886592999799,9513.16259765625
grounded,3063,2.557199001312256,1.8364601135253906,0.7207387685775757,1e-05,0.640625,297.7839349000715,9513.16259765625
grounded,3064,2.621290683746338,1.8436462879180908,0.7776444554328918,1e-05,0.6328125,297.8791609000182,9513.16259765625
grounded,3065,2.2267653942108154,1.511893630027771,0.7148717641830444,1e-05,0.703125,297.9742404000135,9513.16259765625
grounded,3066,2.4516193866729736,1.6661710739135742,0.7854483723640442,1e-05,0.671875,298.0699185000267,9513.16259765625
grounded,3067,2.1777286529541016,1.4376047849655151,0.740123987197876,1e-05,0.6953125,298.1661378000863,9513.16259765625
grounded,3068,1.8429306745529175,1.2232320308685303,0.6196986436843872,1e-05,0.7734375,298.26167130004615,9513.16259765625
grounded,3069,2.1074159145355225,1.5105575323104858,0.5968583822250366,1e-05,0.71875,298.35613349999767,9513.16259765625
grounded,3070,2.038163661956787,1.3812038898468018,0.6569596529006958,1e-05,0.734375,298.45140050002374,9513.16259765625
grounded,3071,2.907214403152466,2.1138033866882324,0.7934110760688782,1e-05,0.609375,298.54609710001387,9513.16259765625
grounded,3072,2.403656482696533,1.684431791305542,0.7192248106002808,1e-05,0.6796875,298.6413719999837,9513.16259765625
grounded,3073,2.5591862201690674,1.881074070930481,0.6781121492385864,1e-05,0.6796875,298.736568500055,9513.16259765625
grounded,3074,2.1261117458343506,1.4647839069366455,0.6613278388977051,1e-05,0.7109375,298.83224070002325,9513.16259765625
grounded,3075,1.7430723905563354,1.1480343341827393,0.5950380563735962,1e-05,0.7734375,298.92716790002305,9513.16259765625
grounded,3076,2.368134021759033,1.6888000965118408,0.6793339252471924,1e-05,0.6796875,299.02207130007446,9513.16259765625
grounded,3077,1.7423954010009766,1.0803520679473877,0.6620433926582336,1e-05,0.78125,299.1183370000217,9513.16259765625
grounded,3078,2.3276333808898926,1.6770565509796143,0.6505767107009888,1e-05,0.7109375,299.21454499999527,9513.16259765625
grounded,3079,2.187683582305908,1.5208866596221924,0.6667968034744263,1e-05,0.6953125,299.3100444000447,9513.16259765625
grounded,3080,2.1068484783172607,1.3709087371826172,0.7359398007392883,1e-05,0.75,299.40506850008387,9513.16259765625
grounded,3081,2.3980278968811035,1.7174522876739502,0.6805754899978638,1e-05,0.6796875,299.50079730001744,9513.16259765625
grounded,3082,1.8165415525436401,1.3152165412902832,0.5013250112533569,1e-05,0.75,299.5949395999778,9513.16259765625
grounded,3083,1.8540961742401123,1.28256356716156,0.5715326070785522,1e-05,0.7421875,299.69128939998336,9513.16259765625
grounded,3084,1.9721465110778809,1.3316932916641235,0.6404532194137573,1e-05,0.7109375,299.78659570007585,9513.16259765625
grounded,3085,1.883608102798462,1.3009493350982666,0.5826587080955505,1e-05,0.7421875,299.881922999979,9513.16259765625
grounded,3086,2.2000205516815186,1.5702564716339111,0.6297640800476074,1e-05,0.6953125,299.97645890002605,9513.16259765625
grounded,3087,1.9353488683700562,1.391369342803955,0.5439795255661011,1e-05,0.7265625,300.0728886000579,9513.16259765625
grounded,3088,1.7253427505493164,1.1239961385726929,0.6013466715812683,1e-05,0.7890625,300.16889329999685,9513.16259765625
grounded,3089,2.207284450531006,1.4219387769699097,0.7853455543518066,1e-05,0.734375,300.264816800016,9513.16259765625
grounded,3090,1.983306646347046,1.3347471952438354,0.6485593914985657,1e-05,0.734375,300.3594089000253,9513.16259765625
grounded,3091,2.598568916320801,1.7232716083526611,0.8752972483634949,1e-05,0.6796875,300.4543188000098,9513.16259765625
grounded,3092,2.732635021209717,1.9784352779388428,0.754199743270874,1e-05,0.625,300.5491324000759,9513.16259765625
grounded,3093,2.2815561294555664,1.5855581760406494,0.6959978342056274,1e-05,0.6796875,300.64479510008823,9513.16259765625
grounded,3094,1.9481719732284546,1.3251079320907593,0.6230640411376953,1e-05,0.7265625,300.7416047999868,9513.16259765625
grounded,3095,2.2898173332214355,1.5770323276519775,0.7127851247787476,1e-05,0.671875,300.8370426000329,9513.16259765625
grounded,3096,2.0487194061279297,1.4564204216003418,0.5922989249229431,1e-05,0.7265625,300.93268710002303,9513.16259765625
grounded,3097,1.7184228897094727,1.114452600479126,0.6039703488349915,1e-05,0.7734375,301.0283587999875,9513.16259765625
grounded,3098,2.240666627883911,1.6037871837615967,0.6368793845176697,1e-05,0.6875,301.1240014000796,9513.16259765625
grounded,3099,2.3263907432556152,1.6424428224563599,0.6839479207992554,1e-05,0.6640625,301.2204990000464,9513.16259765625
grounded,3100,2.401900291442871,1.6268117427825928,0.7750884294509888,1e-05,0.671875,301.3155732000014,9513.16259765625
grounded,3101,2.3448808193206787,1.5520559549331665,0.792824923992157,1e-05,0.703125,301.41208650008775,9513.16259765625
grounded,3102,2.1876296997070312,1.520229458808899,0.6674001216888428,1e-05,0.6953125,301.50779040006455,9513.16259765625
grounded,3103,2.161580801010132,1.4905502796173096,0.671030580997467,1e-05,0.7109375,301.60193780006375,9513.16259765625
grounded,3104,2.2204222679138184,1.4779642820358276,0.7424579858779907,1e-05,0.6640625,301.69817880005576,9513.16259765625
grounded,3105,2.18139910697937,1.4943184852600098,0.6870806217193604,1e-05,0.7265625,301.7937046000734,9513.16259765625
grounded,3106,2.2203893661499023,1.535088300704956,0.6853010654449463,1e-05,0.671875,301.88932710001245,9513.16259765625
grounded,3107,1.850637435913086,1.2181849479675293,0.6324524879455566,1e-05,0.765625,301.9841877000872,9513.16259765625
grounded,3108,1.5902814865112305,1.0073963403701782,0.5828851461410522,1e-05,0.7890625,302.08049920003396,9513.16259765625
grounded,3109,2.2294492721557617,1.5735970735549927,0.655852198600769,1e-05,0.6796875,302.1776136000408,9513.16259765625
grounded,3110,2.5332672595977783,1.8090903759002686,0.724176824092865,1e-05,0.640625,302.27260610007215,9513.16259765625
grounded,3111,1.865753412246704,1.1289069652557373,0.7368464469909668,1e-05,0.765625,302.3674190000165,9513.16259765625
grounded,3112,1.9051644802093506,1.1983110904693604,0.7068533897399902,1e-05,0.75,302.46251790004317,9513.16259765625
grounded,3113,1.3655486106872559,0.8453965783119202,0.5201520323753357,1e-05,0.8125,302.5571989000309,9513.16259765625
grounded,3114,1.936779260635376,1.2437431812286377,0.6930360794067383,1e-05,0.75,302.6523595000617,9513.16259765625
grounded,3115,1.9056127071380615,1.1542654037475586,0.7513472437858582,1e-05,0.75,302.7485066000372,9513.16259765625
grounded,3116,1.8875494003295898,1.2226412296295166,0.6649081110954285,1e-05,0.75,302.8437265000539,9513.16259765625
grounded,3117,2.441502809524536,1.779003620147705,0.662499189376831,1e-05,0.6484375,302.9382720000576,9513.16259765625
grounded,3118,2.252173900604248,1.5663583278656006,0.6858154535293579,1e-05,0.6796875,303.03384050005116,9513.16259765625
grounded,3119,2.1130876541137695,1.4173321723937988,0.6957554817199707,1e-05,0.71875,303.12964870000724,9513.16259765625
grounded,3120,1.9202334880828857,1.3609938621520996,0.5592395663261414,1e-05,0.703125,303.2263316999888,9513.16259765625
grounded,3121,1.7455432415008545,1.1931257247924805,0.5524174571037292,1e-05,0.765625,303.3220121000195,9513.16259765625
grounded,3122,2.304311513900757,1.582481026649475,0.7218304872512817,1e-05,0.6796875,303.41741760005243,9513.16259765625
grounded,3123,1.7528252601623535,1.140566349029541,0.6122589707374573,1e-05,0.71875,303.5122709000716,9513.16259765625
grounded,3124,2.129838705062866,1.3975517749786377,0.7322868704795837,1e-05,0.6796875,303.606607099995,9513.16259765625
grounded,3125,2.15493106842041,1.4098844528198242,0.7450464963912964,1e-05,0.703125,303.702664499986,9513.16259765625
grounded,3126,2.2716586589813232,1.640181541442871,0.6314770579338074,1e-05,0.6640625,303.7985916000325,9513.16259765625
grounded,3127,1.913846731185913,1.2132904529571533,0.7005562782287598,1e-05,0.765625,303.89307320001535,9513.16259765625
grounded,3128,1.9849439859390259,1.2995429039001465,0.6854010820388794,1e-05,0.734375,303.98893130000215,9513.16259765625
grounded,3129,1.6004061698913574,0.9722553491592407,0.6281508803367615,1e-05,0.78125,304.0849230000749,9513.16259765625
grounded,3130,1.6939268112182617,1.0315639972686768,0.662362813949585,1e-05,0.78125,304.18095459998585,9513.16259765625
grounded,3131,1.6455527544021606,0.9622659087181091,0.6832868456840515,1e-05,0.765625,304.2762479999801,9513.16259765625
grounded,3132,2.113128662109375,1.4072341918945312,0.7058943510055542,1e-05,0.71875,304.37203309999313,9513.16259765625
grounded,3133,1.6790190935134888,1.04367196559906,0.6353471279144287,1e-05,0.78125,304.4673832000699,9513.16259765625
grounded,3134,1.7950823307037354,1.1080126762390137,0.6870697140693665,1e-05,0.734375,304.562241800013,9513.16259765625
grounded,3135,2.220918655395508,1.499485731124878,0.7214329838752747,1e-05,0.6796875,304.6573054000037,9513.16259765625
grounded,3136,1.7458734512329102,1.040055274963379,0.705818235874176,1e-05,0.7578125,304.75351880001836,9513.16259765625
grounded,3137,1.9761617183685303,1.2476431131362915,0.728518545627594,1e-05,0.7109375,304.85040720005054,9513.16259765625
grounded,3138,1.9722973108291626,1.1754225492477417,0.7968747615814209,1e-05,0.7421875,304.9452953999862,9513.16259765625
grounded,3139,1.6586229801177979,1.021285891532898,0.6373370885848999,1e-05,0.765625,305.04166200000327,9513.16259765625
grounded,3140,2.0168228149414062,1.3157563209533691,0.7010666131973267,1e-05,0.71875,305.13810900005046,9513.16259765625
grounded,3141,2.258110523223877,1.4471789598464966,0.8109315037727356,1e-05,0.7265625,305.23378710006364,9513.16259765625
grounded,3142,1.81255042552948,1.0981409549713135,0.7144094705581665,1e-05,0.7578125,305.3296323000686,9513.16259765625
grounded,3143,1.4395780563354492,0.9203976392745972,0.519180417060852,1e-05,0.796875,305.42476950003766,9513.16259765625
grounded,3144,1.4783399105072021,0.8999161124229431,0.5784238576889038,1e-05,0.828125,305.51960490003694,9513.16259765625
grounded,3145,1.9923049211502075,1.2036055326461792,0.7886993885040283,1e-05,0.7265625,305.6139493000228,9513.16259765625
grounded,3146,2.1012015342712402,1.3411223888397217,0.7600792646408081,1e-05,0.6875,305.7100617000833,9513.16259765625
grounded,3147,2.3408122062683105,1.5118565559387207,0.8289557695388794,1e-05,0.65625,305.8051548000658,9513.16259765625
grounded,3148,1.8305964469909668,1.1573998928070068,0.6731964945793152,1e-05,0.7265625,305.89991320006084,9513.16259765625
grounded,3149,1.7940980195999146,1.1324830055236816,0.6616150140762329,1e-05,0.7578125,305.9958221000852,9513.16259765625
grounded,3150,2.156905174255371,1.3982828855514526,0.7586223483085632,1e-05,0.71875,306.09170049999375,9513.16259765625
grounded,3151,1.5800509452819824,0.9452916383743286,0.634759247303009,1e-05,0.796875,306.18838499998674,9513.16259765625
grounded,3152,1.6894865036010742,0.9777640104293823,0.7117225527763367,1e-05,0.765625,306.28447700000834,9513.16259765625
grounded,3153,1.6466256380081177,1.0957911014556885,0.5508345365524292,1e-05,0.75,306.379906999995,9513.16259765625
grounded,3154,1.8517769575119019,1.2194690704345703,0.6323078870773315,1e-05,0.7421875,306.47465950006153,9513.16259765625
grounded,3155,1.6897938251495361,0.9805667996406555,0.7092270851135254,1e-05,0.78125,306.570116900024,9513.16259765625
grounded,3156,1.8720118999481201,1.1627593040466309,0.7092525959014893,1e-05,0.734375,306.6652661000844,9513.16259765625
grounded,3157,1.4670995473861694,0.8883484601974487,0.5787510871887207,1e-05,0.7734375,306.76059060008265,9513.16259765625
grounded,3158,1.988191843032837,1.2642245292663574,0.7239673733711243,1e-05,0.6953125,306.8557109000394,9513.16259765625
grounded,3159,2.0480806827545166,1.2907745838165283,0.7573060989379883,1e-05,0.734375,306.95148579997476,9513.16259765625
grounded,3160,1.9104691743850708,1.1644506454467773,0.7460185289382935,1e-05,0.703125,307.04649410001,9513.16259765625
grounded,3161,1.7090919017791748,1.0124340057373047,0.6966578960418701,1e-05,0.7578125,307.14270319999196,9513.16259765625
grounded,3162,1.5228749513626099,0.9727445244789124,0.5501304268836975,1e-05,0.7890625,307.23893620003946,9513.16259765625
grounded,3163,2.0265872478485107,1.2728099822998047,0.753777265548706,1e-05,0.734375,307.3347578999819,9513.16259765625
grounded,3164,2.2174220085144043,1.3422598838806152,0.8751622438430786,1e-05,0.7109375,307.4303628000198,9513.16259765625
grounded,3165,1.84590744972229,1.0388867855072021,0.8070206046104431,1e-05,0.75,307.52551549999043,9513.16259765625
grounded,3166,1.7560535669326782,1.1184109449386597,0.6376426219940186,1e-05,0.7421875,307.6202269999776,9513.16259765625
grounded,3167,1.782879114151001,1.032368779182434,0.7505103349685669,1e-05,0.765625,307.71618330001365,9513.16259765625
grounded,3168,1.6821447610855103,1.0237524509429932,0.6583923101425171,1e-05,0.7578125,307.81084709998686,9513.16259765625
grounded,3169,2.1571054458618164,1.3077558279037476,0.8493495583534241,1e-05,0.71875,307.90624210005626,9513.16259765625
grounded,3170,1.5693949460983276,0.937682032585144,0.6317129135131836,1e-05,0.7734375,308.0019945000531,9513.16259765625
grounded,3171,1.4230680465698242,0.7310359477996826,0.6920321583747864,1e-05,0.8203125,308.0974201000063,9513.16259765625
grounded,3172,1.8547720909118652,1.0511705875396729,0.8036015629768372,1e-05,0.75,308.1930738000665,9513.16259765625
grounded,3173,1.560193657875061,0.8260564804077148,0.7341371774673462,1e-05,0.75,308.28902280004695,9513.16259765625
grounded,3174,1.5838408470153809,0.8608298301696777,0.7230110764503479,1e-05,0.765625,308.38431350002065,9513.16259765625
grounded,3175,1.580899953842163,0.8653261065483093,0.7155738472938538,1e-05,0.78125,308.48007719998714,9513.16259765625
grounded,3176,1.679368257522583,0.8508339524269104,0.8285343647003174,1e-05,0.78125,308.57551510003395,9513.16259765625
grounded,3177,1.501971960067749,0.7083962559700012,0.7935757637023926,1e-05,0.8125,308.67018590006046,9513.16259765625
grounded,3178,1.5793424844741821,0.8556540012359619,0.7236884832382202,1e-05,0.8046875,308.7657570000738,9513.16259765625
grounded,3179,1.9615939855575562,1.1640098094940186,0.7975841760635376,1e-05,0.734375,308.8610008000396,9513.16259765625
grounded,3180,1.8832998275756836,1.047414779663086,0.8358851075172424,1e-05,0.7421875,308.9578956000041,9513.16259765625
grounded,3181,1.6142170429229736,0.9302570223808289,0.6839600205421448,1e-05,0.8046875,309.0543964999961,9513.16259765625
grounded,3182,1.99134361743927,1.200246810913086,0.7910968065261841,1e-05,0.7421875,309.1504424000159,9513.16259765625
grounded,3183,1.5887882709503174,0.8881173729896545,0.7006708383560181,1e-05,0.7890625,309.2468120000558,9513.16259765625
grounded,3184,1.819480299949646,0.9480922222137451,0.8713880777359009,1e-05,0.7890625,309.3422481000889,9513.16259765625
grounded,3185,1.93440580368042,1.0635349750518799,0.8708708882331848,1e-05,0.75,309.4371781999944,9513.16259765625
grounded,3186,1.6652584075927734,0.9071540832519531,0.7581043839454651,1e-05,0.7890625,309.5328301000409,9513.16259765625
grounded,3187,1.6346689462661743,0.9244474172592163,0.710221529006958,1e-05,0.7578125,309.62782160006464,9513.16259765625
grounded,3188,1.632706642150879,0.8887799382209778,0.7439267635345459,1e-05,0.7890625,309.72317310003564,9513.16259765625
grounded,3189,1.1543569564819336,0.5327377319335938,0.6216192245483398,1e-05,0.875,309.817756799981,9513.16259765625
grounded,3190,1.4892947673797607,0.8634588122367859,0.6258359551429749,1e-05,0.7578125,309.91305229999125,9513.16259765625
grounded,3191,1.536161184310913,0.8409303426742554,0.6952307820320129,1e-05,0.765625,310.0086239000084,9513.16259765625
grounded,3192,1.3040831089019775,0.7381352186203003,0.5659478306770325,1e-05,0.8125,310.10431600001175,9513.16259765625
grounded,3193,1.4214529991149902,0.8123829960823059,0.6090700626373291,1e-05,0.8203125,310.2004526000237,9513.16259765625
grounded,3194,1.202777624130249,0.5746330618858337,0.6281445026397705,1e-05,0.8671875,310.29609050008,9513.16259765625
grounded,3195,1.4349451065063477,0.8223321437835693,0.6126130223274231,1e-05,0.796875,310.3908496000804,9513.16259765625
grounded,3196,1.4029104709625244,0.6368110775947571,0.7660994529724121,1e-05,0.8125,310.48650680005085,9513.16259765625
grounded,3197,1.570189118385315,0.8303303122520447,0.7398588061332703,1e-05,0.7890625,310.58231880003586,9513.16259765625
grounded,3198,1.4519641399383545,0.744860827922821,0.7071032524108887,1e-05,0.859375,310.6770451000193,9513.16259765625
grounded,3199,1.2175897359848022,0.6532987356185913,0.5642910003662109,1e-05,0.859375,310.77319229999557,9513.16259765625
grounded,3200,1.5727896690368652,0.9205987453460693,0.6521909236907959,1e-05,0.796875,310.8685596000869,9513.16259765625
grounded,3201,1.4820556640625,0.8035624623298645,0.6784932613372803,1e-05,0.796875,310.9646393000148,9513.16259765625
grounded,3202,1.0880131721496582,0.5270930528640747,0.5609200596809387,1e-05,0.84375,311.05985650001094,9513.16259765625
grounded,3203,1.5613939762115479,0.8531812429428101,0.708212673664093,1e-05,0.8046875,311.15679530007765,9513.16259765625
grounded,3204,1.5816621780395508,0.7939667701721191,0.7876954674720764,1e-05,0.796875,311.2526175000239,9513.16259765625
grounded,3205,1.301103949546814,0.6821519136428833,0.6189520359039307,1e-05,0.8203125,311.34735619998537,9513.16259765625
grounded,3206,1.3619601726531982,0.7297219038009644,0.6322383284568787,1e-05,0.828125,311.44319760007784,9513.16259765625
grounded,3207,1.3263463973999023,0.6781271696090698,0.6482192277908325,1e-05,0.828125,311.53922739997506,9513.16259765625
grounded,3208,1.3008379936218262,0.7216836214065552,0.579154372215271,1e-05,0.765625,311.63458730001,9513.16259765625
grounded,3209,1.3462049961090088,0.7223176956176758,0.623887300491333,1e-05,0.8125,311.72990230005234,9513.16259765625
grounded,3210,1.4249882698059082,0.6745827794075012,0.7504055500030518,1e-05,0.84375,311.82519900007173,9513.16259765625
grounded,3211,1.597801923751831,0.8057370185852051,0.792064905166626,1e-05,0.796875,311.92099830007646,9513.16259765625
grounded,3212,1.0776774883270264,0.4806404113769531,0.5970370769500732,1e-05,0.8828125,312.0171517999843,9513.16259765625
grounded,3213,1.6893622875213623,0.8813920021057129,0.8079702854156494,1e-05,0.7890625,312.11305809998885,9513.16259765625
grounded,3214,1.7228761911392212,0.9528089761734009,0.7700672149658203,1e-05,0.796875,312.20962770003825,9513.16259765625
grounded,3215,1.2523056268692017,0.5703651905059814,0.6819404363632202,1e-05,0.8515625,312.3053109999746,9513.16259765625
grounded,3216,1.2636997699737549,0.3994317948818207,0.8642679452896118,1e-05,0.890625,312.39989790006075,9513.16259765625
grounded,3217,1.451245665550232,0.7349588871002197,0.7162867784500122,1e-05,0.796875,312.49495890003163,9513.16259765625
grounded,3218,1.8088300228118896,0.971347451210022,0.8374825716018677,1e-05,0.7578125,312.59044180007186,9513.16259765625
grounded,3219,1.6268543004989624,0.8171066045761108,0.8097476959228516,1e-05,0.8046875,312.68464870005846,9513.16259765625
grounded,3220,1.4883129596710205,0.7492721080780029,0.7390407919883728,1e-05,0.796875,312.78056300000753,9513.16259765625
grounded,3221,1.5077300071716309,0.7720184326171875,0.7357115745544434,1e-05,0.875,312.87595020001754,9513.16259765625
grounded,3222,1.2124934196472168,0.49233686923980713,0.7201564908027649,1e-05,0.8828125,312.97166030004155,9513.16259765625
grounded,3223,0.9438994526863098,0.44346439838409424,0.5004350543022156,1e-05,0.875,313.06848550005816,9513.16259765625
grounded,3224,1.1199555397033691,0.5760177969932556,0.5439376831054688,1e-05,0.875,313.16536900005303,9513.16259765625
grounded,3225,1.6487820148468018,0.9946039915084839,0.6541780233383179,1e-05,0.7578125,313.26199030003045,9513.16259765625
grounded,3226,1.4108407497406006,0.7479815483093262,0.6628592610359192,1e-05,0.796875,313.3578033000231,9513.16259765625
grounded,3227,1.3692078590393066,0.6970710754394531,0.6721367239952087,1e-05,0.84375,313.4524935000809,9513.16259765625
grounded,3228,1.2560373544692993,0.6238898038864136,0.6321475505828857,1e-05,0.8359375,313.54873769998085,9513.16259765625
grounded,3229,1.4970619678497314,0.7584558129310608,0.7386060953140259,1e-05,0.8125,313.64350240002386,9513.16259765625
grounded,3230,1.3120454549789429,0.6338074207305908,0.678238034248352,1e-05,0.8515625,313.73869820008986,9513.16259765625
grounded,3231,1.5294582843780518,0.7767794728279114,0.7526788115501404,1e-05,0.8203125,313.83446400007233,9513.16259765625
grounded,3232,1.346169352531433,0.7093696594238281,0.636799693107605,1e-05,0.8046875,313.9297124000732,9513.16259765625
grounded,3233,1.334047794342041,0.6712819337844849,0.6627658605575562,1e-05,0.8203125,314.02469840005506,9513.16259765625
grounded,3234,1.2339730262756348,0.4723505973815918,0.761622428894043,1e-05,0.890625,314.1206167000346,9513.16259765625
grounded,3235,1.2957242727279663,0.5940349102020264,0.7016893625259399,1e-05,0.8671875,314.21662760002073,9513.16259765625
grounded,3236,1.4607553482055664,0.6360567808151245,0.8246985673904419,1e-05,0.84375,314.31257910002023,9513.16259765625
grounded,3237,1.0764203071594238,0.38770395517349243,0.6887164115905762,1e-05,0.8984375,314.40736260009,9513.16259765625
grounded,3238,1.4845070838928223,0.7871009111404419,0.6974061727523804,1e-05,0.7890625,314.5027959999861,9513.16259765625
grounded,3239,0.9727145433425903,0.4428670406341553,0.5298475027084351,1e-05,0.890625,314.59783650003374,9513.16259765625
grounded,3240,1.2705223560333252,0.5540128946304321,0.7165095210075378,1e-05,0.84375,314.69337140000425,9513.16259765625
grounded,3241,1.3574758768081665,0.6393141746520996,0.7181617021560669,1e-05,0.8203125,314.789221300045,9513.16259765625
grounded,3242,1.459486722946167,0.7274779081344604,0.7320088148117065,1e-05,0.8515625,314.8846755999839,9513.16259765625
grounded,3243,1.4122512340545654,0.6978785991668701,0.7143725752830505,1e-05,0.8203125,314.98007150006015,9513.16259765625
grounded,3244,1.1511625051498413,0.5088251829147339,0.6423373222351074,1e-05,0.890625,315.0750110000372,9513.16259765625
grounded,3245,1.2775757312774658,0.5994856953620911,0.67808997631073,1e-05,0.8515625,315.170610900037,9513.16259765625
grounded,3246,0.8952560424804688,0.37472572922706604,0.5205302834510803,1e-05,0.921875,315.2663278999971,9513.16259765625
grounded,3247,1.1692619323730469,0.5768197178840637,0.5924421548843384,1e-05,0.8515625,315.36103570007253,9513.16259765625
grounded,3248,0.9699878096580505,0.4272320866584778,0.5427557229995728,1e-05,0.890625,315.45647540001664,9513.16259765625
grounded,3249,1.1009552478790283,0.41037631034851074,0.6905789971351624,1e-05,0.890625,315.55172940006014,9513.16259765625
grounded,3250,1.0105127096176147,0.4129953682422638,0.5975173115730286,1e-05,0.8828125,315.64688300003763,9513.16259765625
grounded,3251,1.0008091926574707,0.3690229058265686,0.6317862868309021,1e-05,0.8984375,315.743472800008,9513.16259765625
grounded,3252,1.3503468036651611,0.6279178857803345,0.7224289178848267,1e-05,0.859375,315.8389174999902,9513.16259765625
grounded,3253,1.4262617826461792,0.5442330241203308,0.8820287585258484,1e-05,0.875,315.9338904999895,9513.16259765625
grounded,3254,1.0005440711975098,0.46887078881263733,0.5316733121871948,1e-05,0.890625,316.0285067000659,9513.16259765625
grounded,3255,1.1925922632217407,0.4958203136920929,0.6967719793319702,1e-05,0.890625,316.1245533999754,9513.16259765625
grounded,3256,0.906834602355957,0.3369506299495697,0.5698840022087097,1e-05,0.90625,316.22110379999503,9513.16259765625
grounded,3257,1.164599061012268,0.5244442224502563,0.6401548385620117,1e-05,0.875,316.31672050000634,9513.16259765625
grounded,3258,1.1596251726150513,0.4327796995639801,0.7268455028533936,1e-05,0.875,316.4113022000529,9513.16259765625
grounded,3259,1.1846610307693481,0.532615065574646,0.6520459651947021,1e-05,0.8515625,316.5064052999951,9513.16259765625
grounded,3260,1.1748031377792358,0.46126890182495117,0.7135342359542847,1e-05,0.8671875,316.6027223999845,9513.16259765625
grounded,3261,1.453749179840088,0.7535851001739502,0.7001640200614929,1e-05,0.8203125,316.6970610000426,9513.16259765625
grounded,3262,1.4705536365509033,0.7602099180221558,0.7103437185287476,1e-05,0.8203125,316.79223900008947,9513.16259765625
grounded,3263,0.9542436599731445,0.4031832814216614,0.5510603785514832,1e-05,0.90625,316.887965300004,9513.16259765625
grounded,3264,0.8528093099594116,0.3322823941707611,0.5205269455909729,1e-05,0.9140625,316.9825243999949,9513.16259765625
grounded,3265,1.2187241315841675,0.6367560029029846,0.5819681286811829,1e-05,0.8359375,317.0790671000723,9513.16259765625
grounded,3266,1.0088417530059814,0.34356218576431274,0.6652795672416687,1e-05,0.9296875,317.17620540002827,9513.16259765625
grounded,3267,0.9929426908493042,0.40020668506622314,0.592736005783081,1e-05,0.9140625,317.2719075999921,9513.16259765625
grounded,3268,1.3347910642623901,0.5358991622924805,0.7988919019699097,1e-05,0.875,317.36788959999103,9513.16259765625
grounded,3269,1.171125888824463,0.39776772260665894,0.7733581066131592,1e-05,0.8984375,317.4636089000851,9513.16259765625
grounded,3270,1.081834077835083,0.3426731824874878,0.7391608953475952,1e-05,0.9140625,317.5583351000678,9513.16259765625
grounded,3271,1.1480302810668945,0.48161959648132324,0.6664106845855713,1e-05,0.8828125,317.653346600011,9513.16259765625
grounded,3272,1.0879448652267456,0.3601894676685333,0.7277553677558899,1e-05,0.8984375,317.749073300045,9513.16259765625
grounded,3273,1.0007555484771729,0.2783607840538025,0.7223947048187256,1e-05,0.9296875,317.8450732000638,9513.16259765625
grounded,3274,1.1329665184020996,0.4989389181137085,0.6340276002883911,1e-05,0.8984375,317.94086820003577,9513.16259765625
grounded,3275,1.2090256214141846,0.5613690614700317,0.6476565599441528,1e-05,0.8671875,318.0358498999849,9513.16259765625
grounded,3276,1.1995959281921387,0.452572762966156,0.7470231056213379,1e-05,0.8828125,318.132262500003,9513.16259765625
grounded,3277,1.2815179824829102,0.41301339864730835,0.868504524230957,1e-05,0.8984375,318.22838169999886,9513.16259765625
grounded,3278,1.1805322170257568,0.44031020998954773,0.7402219772338867,1e-05,0.890625,318.32390010007657,9513.16259765625
grounded,3279,1.2714102268218994,0.5489124655723572,0.7224977016448975,1e-05,0.875,318.4198200000683,9513.16259765625
grounded,3280,1.04668390750885,0.41301143169403076,0.6336724758148193,1e-05,0.8984375,318.5151999000227,9513.16259765625
grounded,3281,0.9791364073753357,0.35313302278518677,0.6260033845901489,1e-05,0.8828125,318.6097768000327,9513.16259765625
grounded,3282,0.8587673902511597,0.2848207354545593,0.5739466547966003,1e-05,0.8984375,318.70459680003114,9513.16259765625
grounded,3283,1.0174227952957153,0.351586252450943,0.6658365726470947,1e-05,0.8984375,318.8005844000727,9513.16259765625
grounded,3284,1.18815016746521,0.5433945059776306,0.6447557210922241,1e-05,0.890625,318.89582730003167,9513.16259765625
grounded,3285,0.8080130815505981,0.23870500922203064,0.5693080425262451,1e-05,0.921875,318.9908929000376,9513.16259765625
grounded,3286,1.148240566253662,0.5027183294296265,0.6455222368240356,1e-05,0.8984375,319.0867960000178,9513.16259765625
grounded,3287,0.9302496314048767,0.3364657163619995,0.5937839150428772,1e-05,0.8984375,319.1826305000577,9513.16259765625
grounded,3288,0.9853703379631042,0.3649525046348572,0.6204178333282471,1e-05,0.8671875,319.27813870005775,9513.16259765625
grounded,3289,0.9692753553390503,0.3944455087184906,0.5748298168182373,1e-05,0.875,319.3730403999798,9513.16259765625
grounded,3290,1.0459779500961304,0.42687100172042847,0.6191069483757019,1e-05,0.8828125,319.46828730008565,9513.16259765625
grounded,3291,1.0574960708618164,0.43881887197494507,0.6186772584915161,1e-05,0.8671875,319.5636125000892,9513.16259765625
grounded,3292,1.0647680759429932,0.429904043674469,0.634864091873169,1e-05,0.90625,319.65826769999694,9513.16259765625
grounded,3293,1.2342357635498047,0.4958382844924927,0.738397479057312,1e-05,0.875,319.75304350000806,9513.16259765625
grounded,3294,0.9283552765846252,0.3627411723136902,0.5656141042709351,1e-05,0.890625,319.8493540000636,9513.16259765625
grounded,3295,1.3820770978927612,0.5659580230712891,0.8161190748214722,1e-05,0.8828125,319.9439767000731,9513.16259765625
grounded,3296,1.079565405845642,0.3649265766143799,0.7146388292312622,1e-05,0.859375,320.0397303000791,9513.16259765625
grounded,3297,0.7018415927886963,0.19996199011802673,0.5018796324729919,1e-05,0.953125,320.13626430009026,9513.16259765625
grounded,3298,0.7118507623672485,0.20282720029354095,0.5090235471725464,1e-05,0.9296875,320.2321334000444,9513.16259765625
grounded,3299,0.9918999075889587,0.36107760667800903,0.6308223009109497,1e-05,0.875,320.3284927000059,9513.16259765625
grounded,3300,0.7692346572875977,0.2067084014415741,0.5625262260437012,1e-05,0.921875,320.42352349997964,9513.16259765625
grounded,3301,1.0753936767578125,0.47006139159202576,0.6053322553634644,1e-05,0.84375,320.52035650005564,9513.16259765625
grounded,3302,0.9387903809547424,0.2679137587547302,0.6708766222000122,1e-05,0.9140625,320.61546950007323,9513.16259765625
grounded,3303,1.0467480421066284,0.38019147515296936,0.6665565967559814,1e-05,0.890625,320.71024610009044,9513.16259765625
grounded,3304,0.961481511592865,0.3630436062812805,0.5984379053115845,1e-05,0.90625,320.8057472000364,9513.16259765625
grounded,3305,0.9135658144950867,0.2999199628829956,0.6136458516120911,1e-05,0.9140625,320.9009089000756,9513.16259765625
grounded,3306,0.9071319103240967,0.26432254910469055,0.6428093910217285,1e-05,0.9375,320.99666360008996,9513.16259765625
grounded,3307,0.7740667462348938,0.21216773986816406,0.5618990063667297,1e-05,0.9140625,321.0929291000357,9513.16259765625
grounded,3308,1.022910714149475,0.26599976420402527,0.7569109797477722,1e-05,0.9375,321.1893046000041,9513.16259765625
grounded,3309,0.9251716732978821,0.36976057291030884,0.5554111003875732,1e-05,0.9453125,321.2850799000589,9513.16259765625
grounded,3310,0.9647823572158813,0.32472679018974304,0.6400555372238159,1e-05,0.90625,321.3814720000373,9513.16259765625
grounded,3311,0.8461288809776306,0.2442135214805603,0.6019153594970703,1e-05,0.921875,321.47770180006046,9513.16259765625
grounded,3312,1.098323106765747,0.368863582611084,0.7294595241546631,1e-05,0.875,321.5736992000602,9513.16259765625
grounded,3313,0.8826561570167542,0.2889643907546997,0.5936917662620544,1e-05,0.9140625,321.6691710000159,9513.16259765625
grounded,3314,0.7341810464859009,0.20338338613510132,0.5307976603507996,1e-05,0.9375,321.7640595000703,9513.16259765625
grounded,3315,0.876879096031189,0.3007837235927582,0.5760953426361084,1e-05,0.9296875,321.8598516000202,9513.16259765625
grounded,3316,0.9856170415878296,0.3486999273300171,0.6369171142578125,1e-05,0.9140625,321.95496880006976,9513.16259765625
grounded,3317,0.9330341219902039,0.3331596851348877,0.5998744368553162,1e-05,0.90625,322.05117780005094,9513.16259765625
grounded,3318,1.0578371286392212,0.3680903911590576,0.6897467374801636,1e-05,0.90625,322.14755170000717,9513.16259765625
grounded,3319,0.9229532480239868,0.3673170804977417,0.5556361675262451,1e-05,0.9140625,322.2433991000289,9513.16259765625
grounded,3320,0.7327603101730347,0.2540181577205658,0.4787421226501465,1e-05,0.9453125,322.33900769997854,9513.16259765625
grounded,3321,0.9148640036582947,0.309320867061615,0.6055431365966797,1e-05,0.90625,322.43425779999234,9513.16259765625
grounded,3322,1.0091599225997925,0.3516765236854553,0.6574833989143372,1e-05,0.90625,322.5287171000382,9513.16259765625
grounded,3323,0.8213742971420288,0.27280545234680176,0.548568844795227,1e-05,0.9296875,322.6245067000855,9513.16259765625
grounded,3324,0.8708885908126831,0.3271390497684479,0.5437495708465576,1e-05,0.9296875,322.71974049997516,9513.16259765625
grounded,3325,0.8906602263450623,0.30117207765579224,0.58948814868927,1e-05,0.9296875,322.81552960001864,9513.16259765625
grounded,3326,0.7059068083763123,0.1695612668991089,0.5363455414772034,1e-05,0.9296875,322.9102694999892,9513.16259765625
grounded,3327,1.265181541442871,0.5514543056488037,0.7137272357940674,1e-05,0.8828125,323.00591770000756,9513.16259765625
grounded,3328,0.6360512971878052,0.22981564700603485,0.4062356650829315,1e-05,0.9375,323.1020008000778,9513.16259765625
grounded,3329,0.8511148691177368,0.24895213544368744,0.6021627187728882,1e-05,0.921875,323.1974918000633,9513.16259765625
grounded,3330,0.7809116840362549,0.2547946274280548,0.5261170864105225,1e-05,0.9296875,323.2927651000209,9513.16259765625
grounded,3331,0.8835644721984863,0.22109952569007874,0.6624649167060852,1e-05,0.9296875,323.38783140003216,9513.16259765625
grounded,3332,0.9354544878005981,0.2705710828304291,0.6648834347724915,1e-05,0.9375,323.4831867000321,9513.16259765625
grounded,3333,0.8165531158447266,0.27294182777404785,0.5436112880706787,1e-05,0.921875,323.5777887000004,9513.16259765625
grounded,3334,1.0180442333221436,0.3019274175167084,0.7161168456077576,1e-05,0.9375,323.6730753000593,9513.16259765625
grounded,3335,1.1809825897216797,0.4769906997680664,0.7039918899536133,1e-05,0.8671875,323.7679968000157,9513.16259765625
grounded,3336,0.7424822449684143,0.21671909093856812,0.5257631540298462,1e-05,0.9375,323.86361330002546,9513.16259765625
grounded,3337,1.0374068021774292,0.48506098985671997,0.5523458123207092,1e-05,0.90625,323.9594788000686,9513.16259765625
grounded,3338,0.7721209526062012,0.21652796864509583,0.555592954158783,1e-05,0.9453125,324.055851800018,9513.16259765625
grounded,3339,0.9845765829086304,0.40049365162849426,0.5840829610824585,1e-05,0.8984375,324.1521386000095,9513.16259765625
grounded,3340,0.8482362031936646,0.26251399517059326,0.5857222080230713,1e-05,0.9296875,324.24752640002407,9513.16259765625
grounded,3341,0.6597498059272766,0.14821086823940277,0.5115389227867126,1e-05,0.953125,324.34252710000146,9513.16259765625
grounded,3342,0.7574747800827026,0.17243579030036926,0.585038959980011,1e-05,0.953125,324.4380013999762,9513.16259765625
grounded,3343,0.8149123191833496,0.2563672959804535,0.5585449934005737,1e-05,0.9140625,324.53268300008494,9513.16259765625
grounded,3344,0.8001407980918884,0.20533116161823273,0.5948096513748169,1e-05,0.9296875,324.62769420002587,9513.16259765625
grounded,3345,1.1287286281585693,0.49315977096557617,0.6355688571929932,1e-05,0.890625,324.7226871000603,9513.16259765625
grounded,3346,0.9252768754959106,0.3428111970424652,0.582465648651123,1e-05,0.9453125,324.81801280006766,9513.16259765625
grounded,3347,0.9786993265151978,0.2888203561306,0.6898790001869202,1e-05,0.9375,324.91364709998015,9513.16259765625
grounded,3348,0.7917006015777588,0.23537883162498474,0.5563217997550964,1e-05,0.9453125,325.0085876000812,9513.16259765625
grounded,3349,0.9776604771614075,0.2937467694282532,0.6839137077331543,1e-05,0.9375,325.1047984000761,9513.16259765625
grounded,3350,1.0206804275512695,0.3929376006126404,0.6277428269386292,1e-05,0.890625,325.1999452000018,9513.16259765625
grounded,3351,0.7986449003219604,0.23817184567451477,0.5604730248451233,1e-05,0.921875,325.29703610006254,9513.16259765625
grounded,3352,0.6758031845092773,0.1563016176223755,0.5195015668869019,1e-05,0.9375,325.39396190003026,9513.16259765625
grounded,3353,0.840471088886261,0.20733900368213654,0.6331321001052856,1e-05,0.953125,325.48893800005317,9513.16259765625
grounded,3354,0.6696910858154297,0.20566651225090027,0.4640246033668518,1e-05,0.9609375,325.58544729999267,9513.16259765625
grounded,3355,0.8189414739608765,0.243141770362854,0.5757997035980225,1e-05,0.9296875,325.68145809997804,9513.16259765625
grounded,3356,0.8314405083656311,0.1738070845603943,0.6576334238052368,1e-05,0.9453125,325.77637049998157,9513.16259765625
grounded,3357,0.9763834476470947,0.2914332449436188,0.6849502325057983,1e-05,0.9453125,325.87267960002646,9513.16259765625
grounded,3358,0.8459486961364746,0.21650806069374084,0.6294406652450562,1e-05,0.9296875,325.96848929999396,9513.16259765625
grounded,3359,0.6137366890907288,0.10442192107439041,0.509314775466919,1e-05,0.9765625,326.06527710007504,9513.16259765625
grounded,3360,0.9465058445930481,0.32998180389404297,0.6165240406990051,1e-05,0.90625,326.1604679999873,9513.16259765625
grounded,3361,0.8098427057266235,0.12015870958566666,0.6896839737892151,1e-05,0.9609375,326.2568934999872,9513.16259765625
grounded,3362,0.7681340575218201,0.1711243987083435,0.5970096588134766,1e-05,0.953125,326.35184340004344,9513.16259765625
grounded,3363,0.7878409028053284,0.26456505060195923,0.5232758522033691,1e-05,0.9375,326.44734050007537,9513.16259765625
grounded,3364,0.7563117742538452,0.19140291213989258,0.5649088621139526,1e-05,0.9296875,326.5417928000679,9513.16259765625
grounded,3365,0.7085893154144287,0.14586351811885834,0.5627257823944092,1e-05,0.9609375,326.63774220005143,9513.16259765625
grounded,3366,0.631350040435791,0.16516801714897156,0.46618199348449707,1e-05,0.96875,326.7325682999799,9513.16259765625
grounded,3367,0.7926081418991089,0.25385722517967224,0.538750946521759,1e-05,0.921875,326.8276363000041,9513.16259765625
grounded,3368,0.6944605708122253,0.16642482578754425,0.5280357599258423,1e-05,0.953125,326.92259930004366,9513.16259765625
grounded,3369,0.6558784246444702,0.12630857527256012,0.5295698642730713,1e-05,0.96875,327.0171256000176,9513.16259765625
grounded,3370,0.5314319133758545,0.14564111828804016,0.38579076528549194,1e-05,0.9453125,327.113844800042,9513.16259765625
grounded,3371,0.7799906730651855,0.20004607737064362,0.5799446105957031,1e-05,0.953125,327.20967660006136,9513.16259765625
grounded,3372,0.6512887477874756,0.15204505622386932,0.49924370646476746,1e-05,0.9609375,327.3057969000656,9513.16259765625
grounded,3373,0.8512219190597534,0.29868659377098083,0.5525352954864502,1e-05,0.9140625,327.40066759998444,9513.16259765625
grounded,3374,0.7218115329742432,0.1602315902709961,0.5615799427032471,1e-05,0.9765625,327.4956856999779,9513.16259765625
grounded,3375,0.860134482383728,0.2594744861125946,0.600659966468811,1e-05,0.953125,327.5906155999983,9513.16259765625
grounded,3376,0.6478335857391357,0.2067011147737503,0.44113248586654663,1e-05,0.9296875,327.68557049997617,9513.16259765625
grounded,3377,0.730536937713623,0.3149412274360657,0.415595680475235,1e-05,0.9375,327.7812491999939,9513.16259765625
grounded,3378,0.6681712865829468,0.15033206343650818,0.5178391933441162,1e-05,0.9609375,327.87681490008254,9513.16259765625
grounded,3379,0.8379506468772888,0.27120262384414673,0.5667480230331421,1e-05,0.9453125,327.97152710007504,9513.16259765625
grounded,3380,0.8862612247467041,0.25943848490715027,0.6268227100372314,1e-05,0.9375,328.06748060008977,9513.16259765625
grounded,3381,0.7973191738128662,0.24288231134414673,0.5544368624687195,1e-05,0.9609375,328.16251699998975,9513.16259765625
grounded,3382,0.8757780194282532,0.20500993728637695,0.6707680821418762,1e-05,0.9375,328.2582769000437,9513.16259765625
grounded,3383,0.701966404914856,0.2472953498363495,0.4546710252761841,1e-05,0.9453125,328.35439910006244,9513.16259765625
grounded,3384,0.5890344977378845,0.14880794286727905,0.44022655487060547,1e-05,0.953125,328.44906620006077,9513.16259765625
grounded,3385,0.7384985685348511,0.2061542123556137,0.5323443412780762,1e-05,0.953125,328.5446164000314,9513.16259765625
grounded,3386,0.6250722408294678,0.12979447841644287,0.4952777922153473,1e-05,0.953125,328.6398832000559,9513.16259765625
grounded,3387,0.7292898893356323,0.2393028438091278,0.4899870455265045,1e-05,0.921875,328.7355329000857,9513.16259765625
grounded,3388,0.8016254901885986,0.18576067686080933,0.6158648133277893,1e-05,0.9375,328.8306083000498,9513.16259765625
grounded,3389,0.6600959300994873,0.12906622886657715,0.5310297012329102,1e-05,0.9453125,328.92588250001427,9513.16259765625
grounded,3390,0.7788047790527344,0.2706047594547272,0.5082000494003296,1e-05,0.9296875,329.0206212999765,9513.16259765625
grounded,3391,0.6860359907150269,0.24732598662376404,0.43870997428894043,1e-05,0.9609375,329.11661220004316,9513.16259765625
grounded,3392,0.7453386783599854,0.2514324486255646,0.4939062297344208,1e-05,0.9375,329.21237800002564,9513.16259765625
grounded,3393,0.5985798835754395,0.14895766973495483,0.4496222138404846,1e-05,0.96875,329.30833590007387,9513.16259765625
grounded,3394,0.6166731119155884,0.17185895144939423,0.44481414556503296,1e-05,0.96875,329.40343750000466,9513.16259765625
grounded,3395,0.5341522097587585,0.10651755332946777,0.42763465642929077,1e-05,0.9765625,329.5000742999837,9513.16259765625
grounded,3396,0.6470112800598145,0.14082372188568115,0.5061875581741333,1e-05,0.96875,329.5957443000516,9513.16259765625
grounded,3397,0.6235548257827759,0.12451167404651642,0.49904316663742065,1e-05,0.9609375,329.6916459000204,9513.16259765625
grounded,3398,0.6541233062744141,0.2069990336894989,0.44712427258491516,1e-05,0.9375,329.7867500000866,9513.16259765625
grounded,3399,0.6882325410842896,0.2681935727596283,0.42003899812698364,1e-05,0.9296875,329.88223310001194,9513.16259765625
grounded,3400,0.6015558242797852,0.19299447536468506,0.4085613489151001,1e-05,0.9453125,329.97787830000743,9513.16259765625
grounded,3401,0.8146821856498718,0.20642586052417755,0.6082563400268555,1e-05,0.953125,330.0739246000303,9513.16259765625
grounded,3402,0.6556499600410461,0.1873069554567337,0.46834301948547363,1e-05,0.9453125,330.16927359998226,9513.16259765625
grounded,3403,0.6967087388038635,0.21554817259311676,0.48116058111190796,1e-05,0.9375,330.2649099000264,9513.16259765625
grounded,3404,0.7087393999099731,0.23394936323165894,0.4747900664806366,1e-05,0.9375,330.36064010008704,9513.16259765625
grounded,3405,0.5791516304016113,0.15526095032691956,0.4238906800746918,1e-05,0.984375,330.4562610000139,9513.16259765625
grounded,3406,0.4807368218898773,0.07177990674972534,0.408956915140152,1e-05,0.9765625,330.55142849998083,9513.16259765625
grounded,3407,0.5646131038665771,0.08617201447486877,0.47844111919403076,1e-05,0.953125,330.64621849998366,9513.16259765625
grounded,3408,0.5239579081535339,0.11892527341842651,0.4050326347351074,1e-05,0.9765625,330.741858900059,9513.16259765625
grounded,3409,0.7901449203491211,0.2591519355773926,0.5309929847717285,1e-05,0.9296875,330.83697409997694,9513.16259765625
grounded,3410,0.7700228691101074,0.18153440952301025,0.5884884595870972,1e-05,0.9609375,330.93213490000926,9513.16259765625
grounded,3411,0.6823885440826416,0.21111354231834412,0.4712749719619751,1e-05,0.9375,331.026895100018,9513.16259765625
grounded,3412,0.7009395956993103,0.18458546698093414,0.5163541436195374,1e-05,0.9296875,331.12312900007237,9513.16259765625
grounded,3413,0.7667349576950073,0.2174433171749115,0.5492916107177734,1e-05,0.9609375,331.21898640005384,9513.16259765625
grounded,3414,0.7569887638092041,0.21357452869415283,0.5434142351150513,1e-05,0.9609375,331.3145074000349,9513.16259765625
grounded,3415,0.6640593409538269,0.20873062312602997,0.45532870292663574,1e-05,0.9765625,331.40991779998876,9513.16259765625
grounded,3416,0.8157986402511597,0.31681132316589355,0.4989872872829437,1e-05,0.9296875,331.5054918000242,9513.16259765625
grounded,3417,0.534944474697113,0.06961853057146072,0.4653259217739105,1e-05,0.96875,331.60101079999004,9513.16259765625
grounded,3418,0.6122766137123108,0.16165728867053986,0.45061931014060974,1e-05,0.96875,331.6960288999835,9513.16259765625
grounded,3419,0.7706655263900757,0.26116809248924255,0.5094974040985107,1e-05,0.921875,331.79080830002204,9513.16259765625
grounded,3420,0.671707034111023,0.15815231204032898,0.5135546922683716,1e-05,0.96875,331.88608550000936,9513.16259765625
grounded,3421,0.6441604495048523,0.1726866513490677,0.4714738130569458,1e-05,0.953125,331.981230000034,9513.16259765625
grounded,3422,0.5777326822280884,0.16694679856300354,0.4107859134674072,1e-05,0.96875,332.07701360003557,9513.16259765625
grounded,3423,0.654016375541687,0.20530906319618225,0.44870734214782715,1e-05,0.9609375,332.17284380004276,9513.16259765625
grounded,3424,0.7441769242286682,0.23643434047698975,0.5077425837516785,1e-05,0.9296875,332.26879170001484,9513.16259765625
grounded,3425,0.5462613701820374,0.22127220034599304,0.3249891698360443,1e-05,0.953125,332.3639247000683,9513.16259765625
grounded,3426,0.5728470683097839,0.1037815660238266,0.46906548738479614,1e-05,0.96875,332.45900550007354,9513.16259765625
grounded,3427,0.3637877106666565,0.053673155605793,0.3101145625114441,1e-05,0.984375,332.5541801999789,9513.16259765625
grounded,3428,0.47519809007644653,0.06372255831956863,0.4114755392074585,1e-05,0.984375,332.6492879000725,9513.16259765625
grounded,3429,0.5032031536102295,0.14503519237041473,0.35816794633865356,1e-05,0.953125,332.74433690006845,9513.16259765625
grounded,3430,0.6029899716377258,0.19677673280239105,0.4062132239341736,1e-05,0.953125,332.8388516000705,9513.16259765625
grounded,3431,0.622421383857727,0.1288166642189026,0.49360471963882446,1e-05,0.9765625,332.9340002000099,9513.16259765625
grounded,3432,0.6954829096794128,0.23283708095550537,0.46264582872390747,1e-05,0.953125,333.02893090003636,9513.16259765625
grounded,3433,0.48799335956573486,0.13512113690376282,0.35287222266197205,1e-05,0.9609375,333.12515980005264,9513.16259765625
grounded,3434,0.5790025591850281,0.1220163106918335,0.4569862484931946,1e-05,0.96875,333.22059020004235,9513.16259765625
grounded,3435,0.7258265018463135,0.267170786857605,0.4586557447910309,1e-05,0.9296875,333.31596600008197,9513.16259765625
grounded,3436,0.6633907556533813,0.17921116948127747,0.4841795861721039,1e-05,0.9375,333.41136849997565,9513.16259765625
grounded,3437,0.49124276638031006,0.1153283417224884,0.37591442465782166,1e-05,0.96875,333.5074048000388,9513.16259765625
grounded,3438,0.7462472319602966,0.22284744679927826,0.5233997702598572,1e-05,0.9296875,333.6034065000713,9513.16259765625
grounded,3439,0.6385574340820312,0.1919398009777069,0.44661763310432434,1e-05,0.953125,333.6989606000716,9513.16259765625
grounded,3440,0.7360089421272278,0.20910173654556274,0.526907205581665,1e-05,0.9609375,333.7950425000163,9513.16259765625
grounded,3441,0.5382910966873169,0.13830015063285828,0.399990975856781,1e-05,0.96875,333.8913102999795,9513.16259765625
grounded,3442,0.47861140966415405,0.11666633188724518,0.3619450628757477,1e-05,0.9375,333.98598210001364,9513.16259765625
grounded,3443,0.4855498671531677,0.12180130183696747,0.36374858021736145,1e-05,0.96875,334.08245830005035,9513.16259765625
grounded,3444,0.6176551580429077,0.15701362490653992,0.4606415331363678,1e-05,0.9453125,334.17800489999354,9513.16259765625
grounded,3445,0.7376661896705627,0.28301823139190674,0.454647958278656,1e-05,0.9375,334.273868600023,9513.16259765625
grounded,3446,0.681879997253418,0.18049049377441406,0.5013895034790039,1e-05,0.953125,334.3698653000174,9513.16259765625
grounded,3447,0.5620686411857605,0.21491684019565582,0.3471517860889435,1e-05,0.9453125,334.46495020005386,9513.16259765625
grounded,3448,0.3695611357688904,0.05293639749288559,0.3166247308254242,1e-05,0.984375,334.5602757000597,9513.16259765625
grounded,3449,0.7416930198669434,0.2323893904685974,0.509303629398346,1e-05,0.9453125,334.65562760003377,9513.16259765625
grounded,3450,0.4559153914451599,0.06156225502490997,0.39435315132141113,1e-05,0.984375,334.75151450000703,9513.16259765625
grounded,3451,0.6287930011749268,0.15190187096595764,0.4768911600112915,1e-05,0.9453125,334.8474669000134,9513.16259765625
grounded,3452,0.5201201438903809,0.14538437128067017,0.3747357726097107,1e-05,0.953125,334.94211579998955,9513.16259765625
grounded,3453,0.612212061882019,0.1795530468225479,0.4326590299606323,1e-05,0.953125,335.0379442999838,9513.16259765625
grounded,3454,0.5263959765434265,0.10299252718687057,0.42340344190597534,1e-05,0.96875,335.1344081000425,9513.16259765625
grounded,3455,0.3250221610069275,0.018864624202251434,0.30615752935409546,1e-05,0.9921875,335.2293845000677,9513.16259765625
grounded,3456,0.5190993547439575,0.13711321353912354,0.38198617100715637,1e-05,0.9375,335.32519070000853,9513.16259765625
grounded,3457,0.4794056713581085,0.12921950221061707,0.35018616914749146,1e-05,0.9609375,335.4205074000638,9513.16259765625
grounded,3458,0.6739274263381958,0.2286265790462494,0.445300817489624,1e-05,0.921875,335.515477500041,9513.16259765625
grounded,3459,0.489572674036026,0.11448326706886292,0.3750894069671631,1e-05,0.9765625,335.61039220006205,9513.16259765625
grounded,3460,0.5695102214813232,0.16844528913497925,0.401064932346344,1e-05,0.96875,335.7064670000691,9513.16259765625
grounded,3461,0.3887272775173187,0.11012575030326843,0.2786015272140503,1e-05,0.96875,335.8021174999885,9513.16259765625
grounded,3462,0.41087257862091064,0.0888269692659378,0.32204562425613403,1e-05,0.96875,335.8970578000881,9513.16259765625
grounded,3463,0.5362988114356995,0.15108880400657654,0.3852100074291229,1e-05,0.9609375,335.9927784000756,9513.16259765625
grounded,3464,0.8199662566184998,0.3092467188835144,0.5107195377349854,1e-05,0.9375,336.0894885000307,9513.16259765625
grounded,3465,0.5473699569702148,0.13249975442886353,0.41487017273902893,1e-05,0.96875,336.1859102000017,9513.16259765625
grounded,3466,0.4769807755947113,0.05665559321641922,0.4203251898288727,1e-05,0.984375,336.2819681999972,9513.16259765625
grounded,3467,0.404694139957428,0.10193458199501038,0.3027595579624176,1e-05,0.984375,336.3779676000122,9513.16259765625
grounded,3468,0.6715826988220215,0.18707981705665588,0.484502911567688,1e-05,0.9609375,336.47355960006826,9513.16259765625
grounded,3469,0.5184810161590576,0.11003094911575317,0.40845003724098206,1e-05,0.96875,336.56847030005883,9513.16259765625
grounded,3470,0.5348354578018188,0.1293364316225052,0.40549904108047485,1e-05,0.96875,336.6637014000444,9513.16259765625
grounded,3471,0.49114102125167847,0.10985530912876129,0.38128572702407837,1e-05,0.96875,336.7602256999817,9513.16259765625
grounded,3472,0.5639507174491882,0.06191079691052437,0.502039909362793,1e-05,0.9921875,336.85489990003407,9513.16259765625
grounded,3473,0.5112336874008179,0.09499841183423996,0.4162352681159973,1e-05,0.9765625,336.95011229999363,9513.16259765625
grounded,3474,0.6812729835510254,0.21549414098262787,0.46577882766723633,1e-05,0.9453125,337.0459291000152,9513.16259765625
grounded,3475,0.6347096562385559,0.23375314474105835,0.40095651149749756,1e-05,0.9453125,337.14256479998585,9513.16259765625
grounded,3476,0.5572510957717896,0.1964903175830841,0.36076074838638306,1e-05,0.953125,337.2377392000053,9513.16259765625
grounded,3477,0.6433275938034058,0.1911105215549469,0.45221710205078125,1e-05,0.9609375,337.33396070008166,9513.16259765625
grounded,3478,0.5251507759094238,0.18171517550945282,0.3434355854988098,1e-05,0.9375,337.4295497999992,9513.16259765625
grounded,3479,0.6305385828018188,0.2389550358057022,0.39158356189727783,1e-05,0.953125,337.52456769999117,9513.16259765625
grounded,3480,0.4842025637626648,0.10193093121051788,0.3822716176509857,1e-05,0.9453125,337.6197992999805,9513.16259765625
grounded,3481,0.7500312328338623,0.22240008413791656,0.5276311635971069,1e-05,0.9453125,337.7166406000033,9513.16259765625
grounded,3482,0.4099724292755127,0.13327044248580933,0.27670198678970337,1e-05,0.9609375,337.81255190004595,9513.16259765625
grounded,3483,0.4493749439716339,0.0553150400519371,0.3940598964691162,1e-05,0.984375,337.9084049999947,9513.16259765625
grounded,3484,0.5233460664749146,0.10546950995922089,0.41787654161453247,1e-05,0.9609375,338.0051231000107,9513.16259765625
grounded,3485,0.5755869746208191,0.16205929219722748,0.4135276675224304,1e-05,0.9609375,338.1014145000372,9513.16259765625
grounded,3486,0.5414050817489624,0.11141470074653625,0.42999035120010376,1e-05,0.96875,338.1973666000413,9513.16259765625
grounded,3487,0.45332491397857666,0.1018669456243515,0.35145795345306396,1e-05,0.9765625,338.2928039000835,9513.16259765625
grounded,3488,0.426834374666214,0.06734289973974228,0.3594914674758911,1e-05,0.984375,338.3886060999939,9513.16259765625
grounded,3489,0.5748104453086853,0.11327895522117615,0.46153149008750916,1e-05,0.984375,338.48397820000537,9513.16259765625
grounded,3490,0.522310733795166,0.12732526659965515,0.39498549699783325,1e-05,0.9609375,338.5788595000049,9513.16259765625
grounded,3491,0.6467543840408325,0.232951819896698,0.4138025939464569,1e-05,0.9375,338.6742677000584,9513.16259765625
grounded,3492,0.5815650224685669,0.16990697383880615,0.41165801882743835,1e-05,0.96875,338.77068319998216,9513.16259765625
grounded,3493,0.5771235227584839,0.18247106671333313,0.39465248584747314,1e-05,0.9453125,338.8651963000884,9513.16259765625
grounded,3494,0.5463649034500122,0.11328735947608948,0.43307754397392273,1e-05,0.9609375,338.96054980007466,9513.16259765625
grounded,3495,0.7336410284042358,0.20154115557670593,0.5320998430252075,1e-05,0.9609375,339.05665699997917,9513.16259765625
grounded,3496,0.5856584310531616,0.18151426315307617,0.40414416790008545,1e-05,0.953125,339.15279980003834,9513.16259765625
grounded,3497,0.5677692890167236,0.1803053915500641,0.38746392726898193,1e-05,0.9375,339.247877900023,9513.16259765625
grounded,3498,0.7071736454963684,0.2420981526374817,0.4650754928588867,1e-05,0.9296875,339.34359310008585,9513.16259765625
grounded,3499,0.6042986512184143,0.17903068661689758,0.4252679646015167,1e-05,0.9609375,339.43936219997704,9513.16259765625
grounded,3500,0.40678319334983826,0.06989776343107224,0.3368854224681854,1e-05,0.9921875,339.53507540002465,9513.16259765625
grounded,3501,0.5635300874710083,0.11075019091367722,0.4527798891067505,1e-05,0.9765625,339.9442455000244,9513.16259765625
grounded,3502,0.4770742654800415,0.0929509848356247,0.3841232657432556,1e-05,0.984375,340.03961840004195,9513.16259765625
grounded,3503,0.5037947297096252,0.19087600708007812,0.3129187226295471,1e-05,0.9453125,340.1364251000341,9513.16259765625
grounded,3504,0.7694962620735168,0.23671919107437134,0.5327770709991455,1e-05,0.9609375,340.23234850005247,9513.16259765625
grounded,3505,0.2926112115383148,0.018564602360129356,0.2740465998649597,1e-05,0.9921875,340.32761570008006,9513.16259765625
grounded,3506,0.4938179552555084,0.08717557787895203,0.4066423773765564,1e-05,0.9765625,340.4230108000338,9513.16259765625
grounded,3507,0.462578147649765,0.09494093060493469,0.3676372170448303,1e-05,0.96875,340.5185136999935,9513.16259765625
grounded,3508,0.7001174688339233,0.2817874848842621,0.41832995414733887,1e-05,0.9375,340.6139573000837,9513.16259765625
grounded,3509,0.4617597162723541,0.09223175048828125,0.3695279657840729,1e-05,0.9765625,340.7087973000016,9513.16259765625
grounded,3510,0.49165859818458557,0.10477226972579956,0.386886328458786,1e-05,0.9609375,340.80520850000903,9513.16259765625
grounded,3511,0.4285254180431366,0.08301207423210144,0.34551334381103516,1e-05,0.984375,340.90000870008953,9513.16259765625
grounded,3512,0.5175876617431641,0.15285897254943848,0.3647286891937256,1e-05,0.96875,340.9952004000079,9513.16259765625
grounded,3513,0.5266187787055969,0.12468291074037552,0.4019358456134796,1e-05,0.984375,341.09114450006746,9513.16259765625
grounded,3514,0.5550482869148254,0.11744488030672073,0.4376034140586853,1e-05,0.9765625,341.1868575999979,9513.16259765625
grounded,3515,0.6826995611190796,0.2823888659477234,0.4003106653690338,1e-05,0.9453125,341.2829316999996,9513.16259765625
grounded,3516,0.42485204339027405,0.06893903762102127,0.3559130132198334,1e-05,0.984375,341.37813540000934,9513.16259765625
grounded,3517,0.6100559234619141,0.16157212853431702,0.44848382472991943,1e-05,0.953125,341.4735032999888,9513.16259765625
grounded,3518,0.40496790409088135,0.07276205718517303,0.3322058320045471,1e-05,0.9765625,341.568588300026,9513.16259765625
grounded,3519,0.5029362440109253,0.13860616087913513,0.36433011293411255,1e-05,0.9765625,341.6633166000247,9513.16259765625
grounded,3520,0.5045534372329712,0.14906585216522217,0.35548755526542664,1e-05,0.9453125,341.75953809998464,9513.16259765625
grounded,3521,0.47921738028526306,0.05942228063941002,0.41979509592056274,1e-05,0.9921875,341.8548819000134,9513.16259765625
grounded,3522,0.5415939688682556,0.1873498111963272,0.3542441725730896,1e-05,0.953125,341.95089310000185,9513.16259765625
grounded,3523,0.41707706451416016,0.07472221553325653,0.34235483407974243,1e-05,0.984375,342.0470883999951,9513.16259765625
grounded,3524,0.5820398330688477,0.21860045194625854,0.3634393811225891,1e-05,0.9375,342.14343539997935,9513.16259765625
grounded,3525,0.33504733443260193,0.051725417375564575,0.28332191705703735,1e-05,0.984375,342.2388132000342,9513.16259765625
grounded,3526,0.547459065914154,0.13052816689014435,0.4169309139251709,1e-05,0.9609375,342.33416349999607,9513.16259765625
grounded,3527,0.5208447575569153,0.10983411222696304,0.41101062297821045,1e-05,0.96875,342.4294953000499,9513.16259765625
grounded,3528,0.5877538919448853,0.16316130757331848,0.42459261417388916,1e-05,0.9765625,342.52456260006875,9513.16259765625
grounded,3529,0.537114143371582,0.1264248788356781,0.41068923473358154,1e-05,0.96875,342.62022200005595,9513.16259765625
grounded,3530,0.5435340404510498,0.10253185033798218,0.4410021901130676,1e-05,0.9765625,342.71521769999526,9513.16259765625
grounded,3531,0.5075116157531738,0.16557785868644714,0.3419337570667267,1e-05,0.9375,342.81132159999106,9513.16259765625
grounded,3532,0.3293982446193695,0.07389676570892334,0.25550147891044617,1e-05,0.984375,342.90629519999493,9513.16259765625
grounded,3533,0.5415576100349426,0.18355415761470795,0.3580034375190735,1e-05,0.9609375,343.0009839000413,9513.16259765625
grounded,3534,0.4592894911766052,0.13470131158828735,0.32458817958831787,1e-05,0.953125,343.0968012000667,9513.16259765625
grounded,3535,0.48176297545433044,0.12089594453573227,0.3608670234680176,1e-05,0.96875,343.1924797000829,9513.16259765625
grounded,3536,0.7279778718948364,0.26048800349235535,0.4674898386001587,1e-05,0.953125,343.2880480000749,9513.16259765625
grounded,3537,0.6203938126564026,0.17823177576065063,0.44216203689575195,1e-05,0.9609375,343.3836552000139,9513.16259765625
grounded,3538,0.43857336044311523,0.14136791229248047,0.29720544815063477,1e-05,0.953125,343.47874110005796,9513.16259765625
grounded,3539,0.4129362404346466,0.12065831571817398,0.2922779321670532,1e-05,0.9453125,343.574174300069,9513.16259765625
grounded,3540,0.5075029134750366,0.13875840604305267,0.36874452233314514,1e-05,0.9765625,343.6688538000453,9513.16259765625
grounded,3541,0.647017240524292,0.2408323734998703,0.4061848521232605,1e-05,0.953125,343.76465000002645,9513.16259765625
grounded,3542,0.6170622110366821,0.19627702236175537,0.42078518867492676,1e-05,0.9609375,343.85977169999387,9513.16259765625
grounded,3543,0.5424779057502747,0.157304584980011,0.38517332077026367,1e-05,0.9609375,343.95428840001114,9513.16259765625
grounded,3544,0.382548987865448,0.07284645736217499,0.3097025156021118,1e-05,0.984375,344.0505871999776,9513.16259765625
grounded,3545,0.34925535321235657,0.06888831406831741,0.28036704659461975,1e-05,0.9765625,344.14612520008814,9513.16259765625
grounded,3546,0.388094037771225,0.08363375067710876,0.3044602870941162,1e-05,0.984375,344.24239999998827,9513.16259765625
grounded,3547,0.42594778537750244,0.1090799868106842,0.31686779856681824,1e-05,0.984375,344.3377820000751,9513.16259765625
grounded,3548,0.45712000131607056,0.1634669154882431,0.29365307092666626,1e-05,0.9609375,344.43312220007647,9513.16259765625
grounded,3549,0.39523327350616455,0.06249667704105377,0.332736611366272,1e-05,0.9765625,344.52869060006924,9513.16259765625
grounded,3550,0.6073173880577087,0.15464431047439575,0.452673077583313,1e-05,0.96875,344.6231145000784,9513.16259765625
grounded,3551,0.36041826009750366,0.059041786938905716,0.30137646198272705,1e-05,0.9921875,344.71995140006766,9513.16259765625
grounded,3552,0.5285205841064453,0.1698550283908844,0.3586655259132385,1e-05,0.9609375,344.81585090002045,9513.16259765625
grounded,3553,0.4997977316379547,0.1143827736377716,0.3854149580001831,1e-05,0.9609375,344.9098097999813,9513.16259765625
grounded,3554,0.5791922807693481,0.16832759976387024,0.4108646512031555,1e-05,0.9453125,345.0049974999856,9513.16259765625
grounded,3555,0.5877532958984375,0.1790257841348648,0.4087275266647339,1e-05,0.953125,345.10106560005806,9513.16259765625
grounded,3556,0.3955687880516052,0.11741049587726593,0.2781582772731781,1e-05,0.9609375,345.1970408000052,9513.16259765625
grounded,3557,0.3719720244407654,0.08384557068347931,0.28812646865844727,1e-05,0.9765625,345.29291269998066,9513.16259765625
grounded,3558,0.4127051532268524,0.05094962567090988,0.36175552010536194,1e-05,0.9765625,345.3882250000024,9513.16259765625
grounded,3559,0.36697983741760254,0.031154152005910873,0.33582568168640137,1e-05,0.9921875,345.48361160000786,9513.16259765625
grounded,3560,0.31862348318099976,0.04118749871850014,0.2774359881877899,1e-05,0.984375,345.57907179999165,9513.16259765625
grounded,3561,0.5043095350265503,0.13086459040641785,0.37344497442245483,1e-05,0.9609375,345.6740041000303,9513.16259765625
grounded,3562,0.31870827078819275,0.05204572528600693,0.2666625380516052,1e-05,0.9765625,345.7699792999774,9513.16259765625
grounded,3563,0.48789793252944946,0.22035793960094452,0.26753997802734375,1e-05,0.953125,345.865919200005,9513.16259765625
grounded,3564,0.46425867080688477,0.06675045192241669,0.3975082039833069,1e-05,0.984375,345.96183769998606,9513.16259765625
grounded,3565,0.3936513662338257,0.052194103598594666,0.3414572477340698,1e-05,0.984375,346.0592923000222,9513.16259765625
grounded,3566,0.3291112780570984,0.07214538753032684,0.25696587562561035,1e-05,0.96875,346.15659550006967,9513.16259765625
grounded,3567,0.4288235306739807,0.13768969476222992,0.2911338210105896,1e-05,0.953125,346.2525138000492,9513.16259765625
grounded,3568,0.3072463870048523,0.07927010953426361,0.2279762625694275,1e-05,0.953125,346.34884420002345,9513.16259765625
grounded,3569,0.2506413459777832,0.010187068022787571,0.2404542863368988,1e-05,1.0,346.4445886000758,9513.16259765625
grounded,3570,0.4924681782722473,0.09028343856334686,0.40218475461006165,1e-05,0.9765625,346.5397292000707,9513.16259765625
grounded,3571,0.4559670686721802,0.07707003504037857,0.3788970410823822,1e-05,0.9765625,346.63448790006805,9513.16259765625
grounded,3572,0.4089680314064026,0.1628762036561966,0.246091827750206,1e-05,0.984375,346.73098009999376,9513.16259765625
grounded,3573,0.3725581169128418,0.062474921345710754,0.31008318066596985,1e-05,0.9765625,346.8274562000297,9513.16259765625
grounded,3574,0.3558715283870697,0.09144672751426697,0.26442480087280273,1e-05,0.96875,346.92181480000727,9513.16259765625
grounded,3575,0.5635932683944702,0.19587960839271545,0.3677136301994324,1e-05,0.9609375,347.0170306999935,9513.16259765625
grounded,3576,0.3518368601799011,0.05994252860546112,0.2918943166732788,1e-05,0.984375,347.1132639000425,9513.16259765625
grounded,3577,0.41713136434555054,0.10987669229507446,0.3072546720504761,1e-05,0.96875,347.20816919999197,9513.16259765625
grounded,3578,0.43826690316200256,0.15382733941078186,0.2844395637512207,1e-05,0.96875,347.3043634999776,9513.16259765625
grounded,3579,0.3935427665710449,0.048634469509124756,0.34490829706192017,1e-05,0.9765625,347.40014759998303,9513.16259765625
grounded,3580,0.30518537759780884,0.018940024077892303,0.28624534606933594,1e-05,1.0,347.4951937000733,9513.16259765625
grounded,3581,0.49200189113616943,0.15972945094108582,0.3322724401950836,1e-05,0.96875,347.5896321000764,9513.16259765625
grounded,3582,0.49076423048973083,0.2097052037715912,0.28105902671813965,1e-05,0.953125,347.6853129999945,9513.16259765625
grounded,3583,0.5198917984962463,0.15830014646053314,0.361591637134552,1e-05,0.953125,347.7816327000037,9513.16259765625
grounded,3584,0.42150115966796875,0.12602809071540833,0.2954730689525604,1e-05,0.96875,347.876487200032,9513.16259765625
grounded,3585,0.32997754216194153,0.04947059974074364,0.2805069386959076,1e-05,0.9921875,347.9709333999781,9513.16259765625
grounded,3586,0.5878273248672485,0.2023598849773407,0.3854674696922302,1e-05,0.9609375,348.06687099998817,9513.16259765625
grounded,3587,0.2577880620956421,0.03595448285341263,0.22183357179164886,1e-05,0.984375,348.16271260008216,9513.16259765625
grounded,3588,0.45806923508644104,0.10966425389051437,0.34840497374534607,1e-05,0.96875,348.25803830008954,9513.16259765625
grounded,3589,0.448402464389801,0.14013127982616425,0.3082711696624756,1e-05,0.9453125,348.3543389000697,9513.16259765625
grounded,3590,0.4669196605682373,0.13886359333992004,0.32805606722831726,1e-05,0.953125,348.4497349000303,9513.16259765625
grounded,3591,0.3671533465385437,0.08302254974842072,0.2841307818889618,1e-05,0.96875,348.5441894000396,9513.16259765625
grounded,3592,0.40902161598205566,0.09782876074314117,0.3111928403377533,1e-05,0.96875,348.63953360007145,9513.16259765625
grounded,3593,0.6499005556106567,0.27043595910072327,0.3794645667076111,1e-05,0.953125,348.73507010005414,9513.16259765625
grounded,3594,0.44789034128189087,0.17432314157485962,0.27356719970703125,1e-05,0.9453125,348.8301422999939,9513.16259765625
grounded,3595,0.27879899740219116,0.04045644402503967,0.2383425384759903,1e-05,0.9765625,348.9245936999796,9513.16259765625
grounded,3596,0.5876402854919434,0.23144754767417908,0.3561927080154419,1e-05,0.9609375,349.0201806999976,9513.16259765625
grounded,3597,0.4003601670265198,0.10168816149234772,0.29867202043533325,1e-05,0.9765625,349.11626939999405,9513.16259765625
grounded,3598,0.3182658553123474,0.030220307409763336,0.2880455553531647,1e-05,0.9921875,349.21167320001405,9513.16259765625
grounded,3599,0.40732541680336,0.1536857783794403,0.2536396384239197,1e-05,0.9609375,349.307993000024,9513.16259765625
grounded,3600,0.3940544128417969,0.11480937153100967,0.2792450487613678,1e-05,0.96875,349.40283190004993,9513.16259765625
grounded,3601,0.4038213789463043,0.11476325988769531,0.289058119058609,1e-05,0.96875,349.4996595000848,9513.16259765625
grounded,3602,0.5528509020805359,0.16352657973766327,0.3893243074417114,1e-05,0.9609375,349.5946612000698,9513.16259765625
grounded,3603,0.46151402592658997,0.11207476258277893,0.34943926334381104,1e-05,0.953125,349.6905291000148,9513.16259765625
grounded,3604,0.5475027561187744,0.1439872682094574,0.4035155177116394,1e-05,0.9609375,349.785709900083,9513.16259765625
grounded,3605,0.29833555221557617,0.037191979587078094,0.2611435651779175,1e-05,0.984375,349.88165170000866,9513.16259765625
grounded,3606,0.4728288948535919,0.13741353154182434,0.3354153633117676,1e-05,0.96875,349.97759730007965,9513.16259765625
grounded,3607,0.6441061496734619,0.20357075333595276,0.44053542613983154,1e-05,0.9375,350.0743577000685,9513.16259765625
grounded,3608,0.441225528717041,0.11291911453008652,0.3283064067363739,1e-05,0.9765625,350.17017400008626,9513.16259765625
grounded,3609,0.5662646293640137,0.21391914784908295,0.3523454964160919,1e-05,0.953125,350.26632290007547,9513.16259765625
grounded,3610,0.5670889616012573,0.19971750676631927,0.36737146973609924,1e-05,0.9609375,350.36247829999775,9513.16259765625
grounded,3611,0.4309130609035492,0.10998609662055969,0.3209269642829895,1e-05,0.984375,350.4579208000796,9513.16259765625
grounded,3612,0.5583961606025696,0.1974680870771408,0.36092808842658997,1e-05,0.953125,350.55245279998053,9513.16259765625
grounded,3613,0.3771837651729584,0.03295363858342171,0.34423011541366577,1e-05,0.9921875,350.64765449997503,9513.16259765625
grounded,3614,0.4817787706851959,0.15529504418373108,0.32648372650146484,1e-05,0.953125,350.7434571000049,9513.16259765625
grounded,3615,0.4902470111846924,0.12955231964588165,0.3606947064399719,1e-05,0.96875,350.83882579999045,9513.16259765625
grounded,3616,0.3895658254623413,0.08234412968158722,0.3072216808795929,1e-05,0.96875,350.93300070008263,9513.16259765625
grounded,3617,0.30658116936683655,0.07671007513999939,0.22987109422683716,1e-05,0.96875,351.02865120000206,9513.16259765625
grounded,3618,0.5316243171691895,0.174847811460495,0.35677653551101685,1e-05,0.9609375,351.12467849999666,9513.16259765625
grounded,3619,0.35988056659698486,0.07922740280628204,0.280653178691864,1e-05,0.9765625,351.219718700042,9513.16259765625
grounded,3620,0.5172746777534485,0.1727445423603058,0.3445301353931427,1e-05,0.9453125,351.31612099998165,9513.16259765625
grounded,3621,0.34911346435546875,0.025885943323373795,0.32322752475738525,1e-05,0.9921875,351.411898600054,9513.16259765625
grounded,3622,0.4506867527961731,0.12047009915113449,0.330216646194458,1e-05,0.96875,351.5069023000542,9513.16259765625
grounded,3623,0.24947495758533478,0.011698168702423573,0.23777678608894348,1e-05,1.0,351.6022264000494,9513.16259765625
grounded,3624,0.4030318260192871,0.12223359942436218,0.2807982265949249,1e-05,0.9609375,351.69782830006443,9513.16259765625
grounded,3625,0.4445229768753052,0.05889680236577988,0.3856261670589447,1e-05,0.984375,351.7934208000079,9513.16259765625
grounded,3626,0.33358898758888245,0.10481345653533936,0.2287755310535431,1e-05,0.9765625,351.88914370001294,9513.16259765625
grounded,3627,0.4078902006149292,0.11951763927936554,0.28837257623672485,1e-05,0.9765625,351.98385459999554,9513.16259765625
grounded,3628,0.3890887498855591,0.07780534774065018,0.3112834095954895,1e-05,0.984375,352.08032720000483,9513.16259765625
grounded,3629,0.4497185945510864,0.11075416952371597,0.33896443247795105,1e-05,0.96875,352.1755192000419,9513.16259765625
grounded,3630,0.3965494632720947,0.11470596492290497,0.28184348344802856,1e-05,0.984375,352.2715012000408,9513.16259765625
grounded,3631,0.36124515533447266,0.12289951741695404,0.23834562301635742,1e-05,0.9453125,352.36718330008443,9513.16259765625
grounded,3632,0.32132893800735474,0.05589299276471138,0.26543593406677246,1e-05,0.9921875,352.4616827000864,9513.16259765625
grounded,3633,0.3383134603500366,0.04266505688428879,0.29564839601516724,1e-05,0.9921875,352.55719780002255,9513.16259765625
grounded,3634,0.3995853662490845,0.16571873426437378,0.2338666468858719,1e-05,0.9765625,352.6525433000643,9513.16259765625
grounded,3635,0.5109907388687134,0.2514156401157379,0.25957509875297546,1e-05,0.9453125,352.748625200009,9513.16259765625
grounded,3636,0.2928588092327118,0.06488984823226929,0.2279689610004425,1e-05,0.9765625,352.84415760007687,9513.16259765625
grounded,3637,0.46596068143844604,0.09005837142467499,0.37590229511260986,1e-05,0.9765625,352.93897620006464,9513.16259765625
grounded,3638,0.39993995428085327,0.10928728431463242,0.29065266251564026,1e-05,0.9765625,353.03450880001765,9513.16259765625
grounded,3639,0.4092930555343628,0.11875905096530914,0.29053401947021484,1e-05,0.9609375,353.13033170008566,9513.16259765625
grounded,3640,0.3270809054374695,0.11462189257144928,0.2124590277671814,1e-05,0.96875,353.22631790000014,9513.16259765625
grounded,3641,0.2643595337867737,0.05153151601552963,0.21282802522182465,1e-05,0.9921875,353.3225978000555,9513.16259765625
grounded,3642,0.5500147342681885,0.20019471645355225,0.34981998801231384,1e-05,0.953125,353.4179361000424,9513.16259765625
grounded,3643,0.3660958409309387,0.07895247638225555,0.287143349647522,1e-05,0.984375,353.51244169997517,9513.16259765625
grounded,3644,0.5198565721511841,0.18351680040359497,0.3363397717475891,1e-05,0.96875,353.60761479998473,9513.16259765625
grounded,3645,0.43179935216903687,0.07729186117649078,0.3545075058937073,1e-05,0.984375,353.7026461000787,9513.16259765625
grounded,3646,0.2794783115386963,0.04519665241241455,0.23428165912628174,1e-05,0.9921875,353.7985806000652,9513.16259765625
grounded,3647,0.4787527620792389,0.1560337245464325,0.3227190375328064,1e-05,0.96875,353.89459809998516,9513.16259765625
grounded,3648,0.38993918895721436,0.13507391512393951,0.25486525893211365,1e-05,0.9453125,353.9892284000525,9513.16259765625
grounded,3649,0.34511125087738037,0.13293524086475372,0.21217602491378784,1e-05,0.9765625,354.0851932000369,9513.16259765625
grounded,3650,0.3929821848869324,0.09491799026727676,0.2980642020702362,1e-05,0.9609375,354.18074400001206,9513.16259765625
grounded,3651,0.3457278311252594,0.10232657939195633,0.24340125918388367,1e-05,0.96875,354.27765070006717,9513.16259765625
grounded,3652,0.42883190512657166,0.11110267788171768,0.31772923469543457,1e-05,0.9765625,354.3748347000219,9513.16259765625
grounded,3653,0.4559277594089508,0.12336549162864685,0.33256226778030396,1e-05,0.953125,354.47009730001446,9513.16259765625
grounded,3654,0.4380177855491638,0.14595985412597656,0.29205793142318726,1e-05,0.9296875,354.56589249998797,9513.16259765625
grounded,3655,0.38796645402908325,0.10448749363422394,0.2834789752960205,1e-05,0.984375,354.66110460006166,9513.16259765625
grounded,3656,0.3362700343132019,0.08417047560214996,0.25209957361221313,1e-05,0.9765625,354.75673580006696,9513.16259765625
grounded,3657,0.3064579963684082,0.06413864344358444,0.24231936037540436,1e-05,0.984375,354.8520634000888,9513.16259765625
grounded,3658,0.40357646346092224,0.10439842194318771,0.29917803406715393,1e-05,0.9765625,354.9465812999988,9513.16259765625
grounded,3659,0.2850287854671478,0.1238480880856514,0.16118068993091583,1e-05,0.96875,355.04161469999235,9513.16259765625
grounded,3660,0.3978331685066223,0.05409635230898857,0.34373682737350464,1e-05,0.9921875,355.1375676000025,9513.16259765625
grounded,3661,0.7860392928123474,0.31818974018096924,0.4678495526313782,1e-05,0.921875,355.23379219998606,9513.16259765625
grounded,3662,0.30127280950546265,0.04589081183075905,0.2553820013999939,1e-05,0.9921875,355.3299945000326,9513.16259765625
grounded,3663,0.343843549489975,0.05175385996699333,0.29208970069885254,1e-05,0.9921875,355.4256094000302,9513.16259765625
grounded,3664,0.39140811562538147,0.09672555327415466,0.2946825623512268,1e-05,0.9921875,355.52016449999064,9513.16259765625
grounded,3665,0.6448265910148621,0.2194427251815796,0.42538386583328247,1e-05,0.9609375,355.61507930001244,9513.16259765625
grounded,3666,0.2855747938156128,0.06199003756046295,0.22358474135398865,1e-05,0.984375,355.7101996000856,9513.16259765625
grounded,3667,0.3878524899482727,0.09450362622737885,0.29334884881973267,1e-05,0.96875,355.8055336000398,9513.16259765625
grounded,3668,0.3702314794063568,0.0709303617477417,0.2993011176586151,1e-05,0.9765625,355.9010948999785,9513.16259765625
grounded,3669,0.5021179914474487,0.13648340106010437,0.36563462018966675,1e-05,0.953125,355.9954101999756,9513.16259765625
grounded,3670,0.37177005410194397,0.1590345799922943,0.21273547410964966,1e-05,0.9609375,356.0909001000691,9513.16259765625
grounded,3671,0.5461028814315796,0.1433684527873993,0.4027344584465027,1e-05,0.9765625,356.1866059000604,9513.16259765625
grounded,3672,0.2526908218860626,0.04140201956033707,0.21128880977630615,1e-05,0.9921875,356.2824063000735,9513.16259765625
grounded,3673,0.5174766778945923,0.11585856974124908,0.4016181230545044,1e-05,0.96875,356.3779086000286,9513.16259765625
grounded,3674,0.3061804473400116,0.08340529352426529,0.2227751612663269,1e-05,0.984375,356.47305889998097,9513.16259765625
grounded,3675,0.4700790345668793,0.12354298681020737,0.3465360403060913,1e-05,0.96875,356.5678499999922,9513.16259765625
grounded,3676,0.31321316957473755,0.09875388443470001,0.21445927023887634,1e-05,0.9765625,356.66306679998524,9513.16259765625
grounded,3677,0.3745441436767578,0.11542423069477081,0.2591199278831482,1e-05,0.984375,356.7583558000624,9513.16259765625
grounded,3678,0.32238680124282837,0.023288484662771225,0.29909831285476685,1e-05,1.0,356.8542214999907,9513.16259765625
grounded,3679,0.25062423944473267,0.042377859354019165,0.2082463651895523,1e-05,0.9765625,356.9492962000659,9513.16259765625
grounded,3680,0.35339808464050293,0.06144297122955322,0.2919551134109497,1e-05,0.984375,357.04417460004333,9513.16259765625
grounded,3681,0.4270016849040985,0.12937113642692566,0.29763054847717285,1e-05,0.953125,357.1407763999887,9513.16259765625
grounded,3682,0.3990119695663452,0.07834517955780029,0.3206667900085449,1e-05,0.984375,357.23653730005026,9513.16259765625
grounded,3683,0.40275830030441284,0.12751691043376923,0.2752413749694824,1e-05,0.984375,357.33205570001155,9513.16259765625
grounded,3684,0.3086618483066559,0.028323255479335785,0.2803385853767395,1e-05,0.984375,357.4273569000652,9513.16259765625
grounded,3685,0.355324923992157,0.08551682531833649,0.2698081135749817,1e-05,0.9765625,357.52238149999175,9513.16259765625
grounded,3686,0.48888617753982544,0.19467389583587646,0.294212281703949,1e-05,0.953125,357.6178095000796,9513.16259765625
grounded,3687,0.24947306513786316,0.029918497428297997,0.2195545732975006,1e-05,0.9921875,357.7125549999764,9513.16259765625
grounded,3688,0.3165189325809479,0.05908117815852165,0.2574377655982971,1e-05,0.9921875,357.80923240003176,9513.16259765625
grounded,3689,0.3321491479873657,0.08165396749973297,0.25049519538879395,1e-05,0.96875,357.9049375000177,9513.16259765625
grounded,3690,0.3690495789051056,0.11379757523536682,0.25525200366973877,1e-05,0.9609375,357.99932770000305,9513.16259765625
grounded,3691,0.43546250462532043,0.1797540783882141,0.2557084262371063,1e-05,0.9609375,358.0956993000582,9513.16259765625
grounded,3692,0.3554278612136841,0.05589175224304199,0.2995361089706421,1e-05,0.984375,358.1923769999994,9513.16259765625
grounded,3693,0.3467344343662262,0.0685109868645668,0.27822345495224,1e-05,0.984375,358.2881137999939,9513.16259765625
grounded,3694,0.34607747197151184,0.09305983781814575,0.2530176341533661,1e-05,0.96875,358.38416030001827,9513.16259765625
grounded,3695,0.3904784619808197,0.09704678505659103,0.29343166947364807,1e-05,0.9765625,358.4804731999757,9513.16259765625
grounded,3696,0.385456919670105,0.0934232622385025,0.29203367233276367,1e-05,0.9609375,358.5764896000037,9513.16259765625
grounded,3697,0.3451826870441437,0.05800953507423401,0.28717315196990967,1e-05,0.984375,358.67112250009086,9513.16259765625
grounded,3698,0.43697988986968994,0.13682591915130615,0.3001539707183838,1e-05,0.9609375,358.7661358000478,9513.16259765625
grounded,3699,0.48018360137939453,0.13329322636127472,0.3468903601169586,1e-05,0.9609375,358.8617783000227,9513.16259765625
grounded,3700,0.5144463181495667,0.17598994076251984,0.3384563624858856,1e-05,0.9609375,358.95667510002386,9513.16259765625
grounded,3701,0.4424859881401062,0.12173830717802048,0.3207476735115051,1e-05,0.96875,359.0528100000229,9513.16259765625
grounded,3702,0.24479791522026062,0.030553551390767097,0.21424436569213867,1e-05,0.984375,359.14928160002455,9513.16259765625
grounded,3703,0.423959881067276,0.11944764852523804,0.30451223254203796,1e-05,0.9765625,359.24457700003404,9513.16259765625
grounded,3704,0.2769041955471039,0.07966011762619019,0.1972440779209137,1e-05,0.96875,359.3405533999903,9513.16259765625
grounded,3705,0.4548826813697815,0.10124336928129196,0.35363930463790894,1e-05,0.96875,359.4358408000553,9513.16259765625
grounded,3706,0.3264106512069702,0.06643320620059967,0.25997745990753174,1e-05,0.984375,359.5310802999884,9513.16259765625
grounded,3707,0.371164470911026,0.11157801747322083,0.2595864534378052,1e-05,0.96875,359.62588700000197,9513.16259765625
grounded,3708,0.4182814061641693,0.07660844922065735,0.34167295694351196,1e-05,0.96875,359.7218780000694,9513.16259765625
grounded,3709,0.4619106948375702,0.17636018991470337,0.2855505049228668,1e-05,0.9609375,359.8180496999994,9513.16259765625
grounded,3710,0.38525891304016113,0.06245811656117439,0.32280078530311584,1e-05,0.9765625,359.9137815000722,9513.16259765625
grounded,3711,0.45572367310523987,0.1360889971256256,0.31963467597961426,1e-05,0.96875,360.00793269998394,9513.16259765625
grounded,3712,0.4405546188354492,0.09174717217683792,0.3488074541091919,1e-05,0.9765625,360.10465600003954,9513.16259765625
grounded,3713,0.3934761583805084,0.09718230366706848,0.29629385471343994,1e-05,0.9765625,360.2003562999889,9513.16259765625
grounded,3714,0.45039278268814087,0.15347662568092346,0.2969161570072174,1e-05,0.953125,360.2955516000511,9513.16259765625
grounded,3715,0.599580705165863,0.2677593529224396,0.33182135224342346,1e-05,0.9609375,360.3912457000697,9513.16259765625
grounded,3716,0.4357868432998657,0.08398891985416412,0.3517979085445404,1e-05,0.984375,360.48648660001345,9513.16259765625
grounded,3717,0.3783127963542938,0.11502829194068909,0.26328450441360474,1e-05,0.96875,360.5821314000059,9513.16259765625
grounded,3718,0.2964300513267517,0.06119706854224205,0.23523297905921936,1e-05,0.984375,360.67684450000525,9513.16259765625
grounded,3719,0.3184874951839447,0.09466549754142761,0.2238219976425171,1e-05,0.9765625,360.7726434000069,9513.16259765625
grounded,3720,0.37377703189849854,0.10580967366695404,0.2679673433303833,1e-05,0.953125,360.86862020008266,9513.16259765625
grounded,3721,0.350519597530365,0.12330219149589539,0.2272174209356308,1e-05,0.9765625,360.96327629999723,9513.16259765625
grounded,3722,0.3340199589729309,0.08095875382423401,0.2530612051486969,1e-05,0.984375,361.0588286999846,9513.16259765625
grounded,3723,0.37173712253570557,0.08455199003219604,0.2871851325035095,1e-05,0.9765625,361.1550959000597,9513.16259765625
grounded,3724,0.41937536001205444,0.0948794037103653,0.32449597120285034,1e-05,0.9921875,361.2506389999762,9513.16259765625
grounded,3725,0.3203190863132477,0.0372290313243866,0.2830900549888611,1e-05,0.9921875,361.34614929999225,9513.16259765625
grounded,3726,0.3441806435585022,0.05788498371839523,0.28629565238952637,1e-05,0.984375,361.441853400087,9513.16259765625
grounded,3727,0.23739448189735413,0.05259073153138161,0.18480375409126282,1e-05,0.9921875,361.5372991000768,9513.16259765625
grounded,3728,0.39777523279190063,0.07490269094705582,0.3228725492954254,1e-05,0.96875,361.6321524999803,9513.16259765625
grounded,3729,0.37107837200164795,0.14865435659885406,0.22242401540279388,1e-05,0.96875,361.7282828000607,9513.16259765625
grounded,3730,0.4342321753501892,0.12783598899841309,0.3063961863517761,1e-05,0.9609375,361.8249354000436,9513.16259765625
grounded,3731,0.2227156162261963,0.019612891599535942,0.2031027227640152,1e-05,1.0,361.92009490006603,9513.16259765625
grounded,3732,0.42048773169517517,0.0985783264040947,0.3219093978404999,1e-05,0.96875,362.0142589000752,9513.16259765625
grounded,3733,0.37016117572784424,0.16695533692836761,0.20320583879947662,1e-05,0.9609375,362.1104930000147,9513.16259765625
grounded,3734,0.2813163995742798,0.04540006071329117,0.2359163463115692,1e-05,0.984375,362.2061962999869,9513.16259765625
grounded,3735,0.36879488825798035,0.08971507102251053,0.2790798246860504,1e-05,0.9609375,362.30235290003475,9513.16259765625
grounded,3736,0.3135063052177429,0.08798211067914963,0.2255241870880127,1e-05,0.9765625,362.39785240008496,9513.16259765625
grounded,3737,0.42238348722457886,0.18833911418914795,0.2340443730354309,1e-05,0.9453125,362.4924095000606,9513.16259765625
grounded,3738,0.34192273020744324,0.06231305003166199,0.27960968017578125,1e-05,0.984375,362.58892130001914,9513.16259765625
grounded,3739,0.38662683963775635,0.08342768251895905,0.3031991422176361,1e-05,0.984375,362.68416310008615,9513.16259765625
grounded,3740,0.3253740072250366,0.1191701591014862,0.20620384812355042,1e-05,0.96875,362.77989850007,9513.16259765625
grounded,3741,0.19440419971942902,0.020566361024975777,0.1738378405570984,1e-05,0.9921875,362.8754228000762,9513.16259765625
grounded,3742,0.38384494185447693,0.08445533365011215,0.2993896007537842,1e-05,0.9765625,362.9705359999789,9513.16259765625
grounded,3743,0.3789869546890259,0.08955027163028717,0.2894366979598999,1e-05,0.96875,363.066113900044,9513.16259765625
grounded,3744,0.40032538771629333,0.15686236321926117,0.24346302449703217,1e-05,0.984375,363.16151450003963,9513.16259765625
grounded,3745,0.4404536783695221,0.12735962867736816,0.31309404969215393,1e-05,0.9609375,363.25785090005957,9513.16259765625
grounded,3746,0.30833661556243896,0.05546693131327629,0.25286969542503357,1e-05,0.984375,363.35360789997503,9513.16259765625
grounded,3747,0.4009168744087219,0.10260812938213348,0.29830873012542725,1e-05,0.96875,363.449025799986,9513.16259765625
grounded,3748,0.3469783067703247,0.06478306651115417,0.28219524025917053,1e-05,0.9921875,363.5447051000083,9513.16259765625
grounded,3749,0.48057252168655396,0.13533857464790344,0.3452339470386505,1e-05,0.953125,363.63916590006556,9513.16259765625
grounded,3750,0.4661772549152374,0.185825914144516,0.28035134077072144,1e-05,0.96875,363.7350581000792,9513.16259765625
grounded,3751,0.24899032711982727,0.06641130149364471,0.18257902562618256,1e-05,0.984375,363.83126270002685,9513.16259765625
grounded,3752,0.2660503685474396,0.05258767679333687,0.2134626805782318,1e-05,0.984375,363.9272415000014,9513.16259765625
grounded,3753,0.44639426469802856,0.12092407047748566,0.3254701793193817,1e-05,0.96875,364.02153939998243,9513.16259765625
grounded,3754,0.3275725543498993,0.13523298501968384,0.19233956933021545,1e-05,0.9765625,364.1179603000637,9513.16259765625
grounded,3755,0.271579772233963,0.040242746472358704,0.2313370257616043,1e-05,0.9921875,364.2133476000745,9513.16259765625
grounded,3756,0.2914696931838989,0.0681118443608284,0.22335785627365112,1e-05,0.9765625,364.30857810005546,9513.16259765625
grounded,3757,0.6875715255737305,0.3109481632709503,0.37662339210510254,1e-05,0.953125,364.4045371999964,9513.16259765625
grounded,3758,0.41218703985214233,0.09356880187988281,0.3186182379722595,1e-05,0.984375,364.5002306000097,9513.16259765625
grounded,3759,0.49439939856529236,0.1595478057861328,0.33485159277915955,1e-05,0.96875,364.5947921000188,9513.16259765625
grounded,3760,0.3608819246292114,0.07930715382099152,0.2815747857093811,1e-05,0.984375,364.69052180007566,9513.16259765625
grounded,3761,0.2247209995985031,0.010125706903636456,0.21459528803825378,1e-05,1.0,364.78661980002653,9513.16259765625
grounded,3762,0.3600842356681824,0.07349352538585663,0.28659069538116455,1e-05,0.984375,364.88219350005966,9513.16259765625
grounded,3763,0.29655858874320984,0.08401714265346527,0.21254144608974457,1e-05,0.9765625,364.9769274999853,9513.16259765625
grounded,3764,0.220719575881958,0.04555049166083336,0.17516908049583435,1e-05,0.984375,365.0725622000173,9513.16259765625
grounded,3765,0.3498479127883911,0.08441781997680664,0.2654300928115845,1e-05,0.9765625,365.1684106000466,9513.16259765625
grounded,3766,0.2143372893333435,0.041323281824588776,0.17301400005817413,1e-05,0.9921875,365.2631976000266,9513.16259765625
grounded,3767,0.39494144916534424,0.09473355114459991,0.3002079129219055,1e-05,0.984375,365.3592439000495,9513.16259765625
grounded,3768,0.3516026437282562,0.1054908037185669,0.24611184000968933,1e-05,0.9765625,365.45526610000525,9513.16259765625
grounded,3769,0.3175203204154968,0.10208729654550552,0.2154330313205719,1e-05,0.9765625,365.5498450000305,9513.16259765625
grounded,3770,0.3060873746871948,0.08179968595504761,0.22428767383098602,1e-05,0.96875,365.64518730004784,9513.16259765625
grounded,3771,0.5110554695129395,0.26286008954048157,0.24819539487361908,1e-05,0.96875,365.74046380002983,9513.16259765625
grounded,3772,0.4309670031070709,0.22250886261463165,0.20845814049243927,1e-05,0.96875,365.83664790005423,9513.16259765625
grounded,3773,0.5142459869384766,0.1795855462551117,0.33466047048568726,1e-05,0.9609375,365.9318940000376,9513.16259765625
grounded,3774,0.30712735652923584,0.09649382531642914,0.2106335163116455,1e-05,0.96875,366.0271278000437,9513.16259765625
grounded,3775,0.38297316431999207,0.11859146505594254,0.2643817067146301,1e-05,0.9765625,366.1239245000761,9513.16259765625
grounded,3776,0.3174125552177429,0.08708973228931427,0.23032282292842865,1e-05,0.9765625,366.21879539999645,9513.16259765625
grounded,3777,0.2983471155166626,0.08522355556488037,0.21312355995178223,1e-05,0.984375,366.31527290004306,9513.16259765625
grounded,3778,0.26912856101989746,0.0588228665292263,0.21030570566654205,1e-05,0.984375,366.4111800000537,9513.16259765625
grounded,3779,0.26645320653915405,0.0432155504822731,0.22323766350746155,1e-05,0.9921875,366.50675749999937,9513.16259765625
grounded,3780,0.39448729157447815,0.08831068128347397,0.3061766028404236,1e-05,0.9921875,366.6031884000404,9513.16259765625
grounded,3781,0.3964768052101135,0.09233827888965607,0.30413851141929626,1e-05,0.96875,366.6998268000316,9513.16259765625
grounded,3782,0.3644639849662781,0.07264380156993866,0.2918201982975006,1e-05,0.9921875,366.7958010000875,9513.16259765625
grounded,3783,0.2597363591194153,0.07539678364992142,0.18433958292007446,1e-05,0.9765625,366.89152940001804,9513.16259765625
grounded,3784,0.42440199851989746,0.11640776693820953,0.3079942464828491,1e-05,0.96875,366.98764619999565,9513.16259765625
grounded,3785,0.30034542083740234,0.09093306213617325,0.2094123512506485,1e-05,0.953125,367.08254890004173,9513.16259765625
grounded,3786,0.26462188363075256,0.04333779960870743,0.22128409147262573,1e-05,0.9765625,367.17845270002726,9513.16259765625
grounded,3787,0.3301750421524048,0.05375732481479645,0.27641773223876953,1e-05,0.984375,367.27362049999647,9513.16259765625
grounded,3788,0.34748145937919617,0.11582872271537781,0.23165273666381836,1e-05,0.9765625,367.3696005999809,9513.16259765625
grounded,3789,0.2648892104625702,0.032758526504039764,0.23213067650794983,1e-05,0.9921875,367.4648582000518,9513.16259765625
grounded,3790,0.2939969599246979,0.026605457067489624,0.26739150285720825,1e-05,0.984375,367.55938900006004,9513.16259765625
grounded,3791,0.36423930525779724,0.11309989541769028,0.25113940238952637,1e-05,0.96875,367.65418549999595,9513.16259765625
grounded,3792,0.36447498202323914,0.11098315566778183,0.2534918189048767,1e-05,0.9609375,367.74925500003155,9513.16259765625
grounded,3793,0.24357707798480988,0.02639477327466011,0.21718230843544006,1e-05,0.984375,367.8453614000464,9513.16259765625
grounded,3794,0.3886571228504181,0.15308251976966858,0.2355746030807495,1e-05,0.9765625,367.9403602000093,9513.16259765625
grounded,3795,0.31245100498199463,0.07894883304834366,0.23350217938423157,1e-05,0.984375,368.0353537000483,9513.16259765625
grounded,3796,0.3779183626174927,0.10459406673908234,0.27332428097724915,1e-05,0.9765625,368.131922999979,9513.16259765625
grounded,3797,0.3646974563598633,0.10220740735530853,0.26249006390571594,1e-05,0.96875,368.22688600001857,9513.16259765625
grounded,3798,0.3708012104034424,0.11131053417921066,0.2594906687736511,1e-05,0.9765625,368.3229953000555,9513.16259765625
grounded,3799,0.5055243372917175,0.13520558178424835,0.37031877040863037,1e-05,0.9609375,368.4187054000795,9513.16259765625
grounded,3800,0.24245549738407135,0.054760564118623734,0.18769493699073792,1e-05,0.984375,368.51421639998443,9513.16259765625
grounded,3801,0.39488470554351807,0.11805124580860138,0.2768334746360779,1e-05,0.9765625,368.6094668000005,9513.16259765625
grounded,3802,0.3920568525791168,0.13388189673423767,0.25817495584487915,1e-05,0.96875,368.7044240999967,9513.16259765625
grounded,3803,0.3319735527038574,0.06698806583881378,0.26498550176620483,1e-05,0.984375,368.8000296000391,9513.16259765625
grounded,3804,0.4067789912223816,0.12690605223178864,0.27987295389175415,1e-05,0.96875,368.8952834000811,9513.16259765625
grounded,3805,0.2854245901107788,0.04280874878168106,0.24261584877967834,1e-05,0.984375,368.9900104000699,9513.16259765625
grounded,3806,0.2019425928592682,0.023539960384368896,0.1784026324748993,1e-05,0.9921875,369.08488540002145,9513.16259765625
grounded,3807,0.2450767159461975,0.03350400924682617,0.21157270669937134,1e-05,0.984375,369.17975440004375,9513.16259765625
grounded,3808,0.3431515693664551,0.10922223329544067,0.2339293509721756,1e-05,0.9765625,369.27489120000973,9513.16259765625
grounded,3809,0.3189427852630615,0.08939136564731598,0.22955141961574554,1e-05,0.9765625,369.3710899000289,9513.16259765625
grounded,3810,0.4921113848686218,0.1700334995985031,0.3220779001712799,1e-05,0.96875,369.4663800999988,9513.16259765625
grounded,3811,0.2799317240715027,0.03468884155154228,0.2452428936958313,1e-05,0.984375,369.5609896000242,9513.16259765625
grounded,3812,0.33813580870628357,0.0794738233089447,0.25866198539733887,1e-05,0.984375,369.6568008000031,9513.16259765625
grounded,3813,0.28654158115386963,0.07717760652303696,0.20936396718025208,1e-05,0.96875,369.7519193000626,9513.16259765625
grounded,3814,0.2270142138004303,0.046734295785427094,0.1802799105644226,1e-05,0.984375,369.84727660007775,9513.16259765625
grounded,3815,0.3621719181537628,0.0903581902384758,0.2718137204647064,1e-05,0.9609375,369.94212380005047,9513.16259765625
grounded,3816,0.22665005922317505,0.014680900610983372,0.21196915209293365,1e-05,1.0,370.03705620008986,9513.16259765625
grounded,3817,0.27974754571914673,0.06490073353052139,0.21484681963920593,1e-05,0.984375,370.13271969999187,9513.16259765625
grounded,3818,0.38169801235198975,0.11972410976886749,0.26197388768196106,1e-05,0.9921875,370.22816830000374,9513.16259765625
grounded,3819,0.23990526795387268,0.026723193004727364,0.21318207681179047,1e-05,0.9921875,370.3244123000186,9513.16259765625
grounded,3820,0.2909924387931824,0.05592074245214462,0.23507168889045715,1e-05,0.9921875,370.41994450008497,9513.16259765625
grounded,3821,0.3552412986755371,0.04521085321903229,0.310030460357666,1e-05,0.9921875,370.5159671000438,9513.16259765625
grounded,3822,0.29215705394744873,0.08131611347198486,0.21084095537662506,1e-05,0.984375,370.61230060004164,9513.16259765625
grounded,3823,0.35139408707618713,0.07373758405447006,0.2776564955711365,1e-05,0.9921875,370.70703649998177,9513.16259765625
grounded,3824,0.3572302460670471,0.10804592818021774,0.24918431043624878,1e-05,0.9609375,370.8036315999925,9513.16259765625
grounded,3825,0.31162452697753906,0.08680176734924316,0.2248227447271347,1e-05,0.9765625,370.89953000005335,9513.16259765625
grounded,3826,0.2752673923969269,0.027960265055298805,0.24730712175369263,1e-05,0.9921875,370.99491050001234,9513.16259765625
grounded,3827,0.365028440952301,0.08618219196796417,0.27884623408317566,1e-05,0.984375,371.0901847999776,9513.16259765625
grounded,3828,0.34588393568992615,0.06918642669916153,0.2766975164413452,1e-05,0.984375,371.18568960006814,9513.16259765625
grounded,3829,0.4624817371368408,0.165474072098732,0.29700765013694763,1e-05,0.953125,371.28139430005103,9513.16259765625
grounded,3830,0.4252322316169739,0.18440216779708862,0.24083007872104645,1e-05,0.9453125,371.37783060001675,9513.16259765625
grounded,3831,0.3694070279598236,0.13169464468955994,0.23771238327026367,1e-05,0.9609375,371.47247660008725,9513.16259765625
grounded,3832,0.3074856102466583,0.07485548406839371,0.23263011872768402,1e-05,0.984375,371.56751159997657,9513.16259765625
grounded,3833,0.274492472410202,0.05431248992681503,0.2201799750328064,1e-05,0.9921875,371.6629104000749,9513.16259765625
grounded,3834,0.25526049733161926,0.05475497990846634,0.20050552487373352,1e-05,0.984375,371.75739040004555,9513.16259765625
grounded,3835,0.25264817476272583,0.03349163010716438,0.21915654838085175,1e-05,0.9921875,371.8537026999984,9513.16259765625
grounded,3836,0.4998086094856262,0.23480387032032013,0.2650047540664673,1e-05,0.953125,371.9494001000421,9513.16259765625
grounded,3837,0.41762620210647583,0.1444871872663498,0.27313899993896484,1e-05,0.9609375,372.0450668000849,9513.16259765625
grounded,3838,0.3437612056732178,0.07092206180095673,0.27283915877342224,1e-05,0.9765625,372.14139460003935,9513.16259765625
grounded,3839,0.3236739933490753,0.11576443910598755,0.20790955424308777,1e-05,0.96875,372.23732100008056,9513.16259765625
grounded,3840,0.298478901386261,0.05230825021862984,0.24617063999176025,1e-05,0.9921875,372.33323079999536,9513.16259765625
grounded,3841,0.3490195870399475,0.05775259807705879,0.2912669777870178,1e-05,0.984375,372.4287636000663,9513.16259765625
grounded,3842,0.36778250336647034,0.13133499026298523,0.2364475131034851,1e-05,0.9765625,372.524044000078,9513.16259765625
grounded,3843,0.37388113141059875,0.12325546145439148,0.2506256699562073,1e-05,0.9609375,372.61903729999904,9513.16259765625
grounded,3844,0.23142728209495544,0.042649541050195694,0.18877774477005005,1e-05,0.9921875,372.71401440002955,9513.16259765625
grounded,3845,0.2969481348991394,0.08565565198659897,0.21129247546195984,1e-05,0.9609375,372.80960160004906,9513.16259765625
grounded,3846,0.4122573137283325,0.1338353306055069,0.27842196822166443,1e-05,0.96875,372.9052902000258,9513.16259765625
grounded,3847,0.3146619200706482,0.039201609790325165,0.27546030282974243,1e-05,0.9921875,373.00026200001594,9513.16259765625
grounded,3848,0.23287460207939148,0.04858577996492386,0.18428881466388702,1e-05,0.9921875,373.0958269999828,9513.16259765625
grounded,3849,0.19890901446342468,0.021106958389282227,0.17780205607414246,1e-05,0.9921875,373.1917970000068,9513.16259765625
grounded,3850,0.35437148809432983,0.08357099443674088,0.27080050110816956,1e-05,0.9765625,373.2873405000428,9513.16259765625
grounded,3851,0.26609712839126587,0.08455972373485565,0.18153738975524902,1e-05,0.984375,373.3843012000434,9513.16259765625
grounded,3852,0.3768368363380432,0.12270762026309967,0.25412923097610474,1e-05,0.96875,373.47918200003915,9513.16259765625
grounded,3853,0.25319579243659973,0.09758592396974564,0.1556098759174347,1e-05,0.984375,373.57465660001617,9513.16259765625
grounded,3854,0.33495429158210754,0.08853065967559814,0.2464236319065094,1e-05,0.984375,373.6691836999962,9513.16259765625
grounded,3855,0.3531949520111084,0.11181573569774628,0.24137920141220093,1e-05,0.9765625,373.7640996000264,9513.16259765625
grounded,3856,0.5232846736907959,0.23044353723526,0.2928411662578583,1e-05,0.96875,373.8606381000718,9513.16259765625
grounded,3857,0.2736024856567383,0.0713120549917221,0.20229041576385498,1e-05,0.984375,373.95590960001573,9513.16259765625
grounded,3858,0.42217499017715454,0.17546671628952026,0.24670827388763428,1e-05,0.96875,374.0514995000558,9513.16259765625
grounded,3859,0.32402610778808594,0.14202958345413208,0.18199652433395386,1e-05,0.96875,374.14721129997633,9513.16259765625
grounded,3860,0.40115028619766235,0.09950791299343109,0.30164238810539246,1e-05,0.984375,374.242693600012,9513.16259765625
grounded,3861,0.29217419028282166,0.07989534735679626,0.2122788429260254,1e-05,0.984375,374.338772600051,9513.16259765625
grounded,3862,0.2591685652732849,0.0538218654692173,0.2053467035293579,1e-05,0.9921875,374.43426190002356,9513.16259765625
grounded,3863,0.2586691379547119,0.014228325337171555,0.24444082379341125,1e-05,0.9921875,374.52953170007095,9513.16259765625
grounded,3864,0.22395092248916626,0.02317381277680397,0.2007771134376526,1e-05,0.9921875,374.62516749999486,9513.16259765625
grounded,3865,0.5689749717712402,0.23304912447929382,0.335925817489624,1e-05,0.953125,374.7205833999906,9513.16259765625
grounded,3866,0.2392989993095398,0.0328872911632061,0.2064117044210434,1e-05,0.9921875,374.81610729999375,9513.16259765625
grounded,3867,0.3796624541282654,0.05945141613483429,0.3202110230922699,1e-05,0.9765625,374.91322700004093,9513.16259765625
grounded,3868,0.4057462513446808,0.1120552122592926,0.2936910390853882,1e-05,0.9609375,375.0093454000307,9513.16259765625
grounded,3869,0.6967889070510864,0.26135390996932983,0.4354349672794342,1e-05,0.953125,375.1042360999854,9513.16259765625
grounded,3870,0.21682076156139374,0.02386285737156868,0.19295790791511536,1e-05,0.984375,375.1994632000569,9513.16259765625
grounded,3871,0.3638209104537964,0.146627277135849,0.2171936333179474,1e-05,0.9765625,375.29459990002215,9513.16259765625
grounded,3872,0.22248674929141998,0.040775880217552185,0.1817108690738678,1e-05,0.9921875,375.3902533000801,9513.16259765625
grounded,3873,0.3430446982383728,0.09498567879199982,0.2480590045452118,1e-05,0.984375,375.48592180002015,9513.16259765625
grounded,3874,0.39058488607406616,0.1212162896990776,0.26936858892440796,1e-05,0.96875,375.58122520009056,9513.16259765625
grounded,3875,0.26104536652565,0.03387608751654625,0.22716927528381348,1e-05,0.9921875,375.6761342000682,9513.16259765625
grounded,3876,0.3099113404750824,0.07586079090833664,0.23405055701732635,1e-05,0.9765625,375.7713071000762,9513.16259765625
grounded,3877,0.3275953531265259,0.07581432163715363,0.25178104639053345,1e-05,0.984375,375.8674199000234,9513.16259765625
grounded,3878,0.24483129382133484,0.05416426062583923,0.1906670331954956,1e-05,0.984375,375.9629264000105,9513.16259765625
grounded,3879,0.3204019069671631,0.11357764899730682,0.20682427287101746,1e-05,0.9765625,376.0578671999974,9513.16259765625
grounded,3880,0.3124919533729553,0.07828426361083984,0.23420768976211548,1e-05,0.984375,376.1537721999921,9513.16259765625
grounded,3881,0.35230717062950134,0.13325846195220947,0.21904870867729187,1e-05,0.9765625,376.2494930999819,9513.16259765625
grounded,3882,0.33236968517303467,0.08125519752502441,0.25111448764801025,1e-05,0.984375,376.3452784999972,9513.16259765625
grounded,3883,0.3267807364463806,0.08785206079483032,0.2389286756515503,1e-05,0.9765625,376.4410585000878,9513.16259765625
grounded,3884,0.2551118731498718,0.03179837763309479,0.22331351041793823,1e-05,1.0,376.53646920004394,9513.16259765625
grounded,3885,0.25464093685150146,0.07019763439893723,0.18444330990314484,1e-05,0.96875,376.6309036000166,9513.16259765625
grounded,3886,0.19868122041225433,0.01543564721941948,0.18324556946754456,1e-05,0.9921875,376.72625419998076,9513.16259765625
grounded,3887,0.21138204634189606,0.04342907667160034,0.16795296967029572,1e-05,0.9921875,376.82152940006927,9513.16259765625
grounded,3888,0.3024299740791321,0.087621308863163,0.21480867266654968,1e-05,0.9765625,376.9174039000645,9513.16259765625
grounded,3889,0.2364198863506317,0.045323558151721954,0.19109633564949036,1e-05,0.984375,377.01234970008954,9513.16259765625
grounded,3890,0.24765732884407043,0.05575215071439743,0.1919051855802536,1e-05,0.984375,377.1076395000564,9513.16259765625
grounded,3891,0.14822687208652496,0.003009459003806114,0.1452174186706543,1e-05,1.0,377.20245680003427,9513.16259765625
grounded,3892,0.29455626010894775,0.02078116312623024,0.2737751007080078,1e-05,1.0,377.2979877999751,9513.16259765625
grounded,3893,0.26663899421691895,0.03257821127772331,0.23406079411506653,1e-05,1.0,377.39437049999833,9513.16259765625
grounded,3894,0.2100214660167694,0.019970087334513664,0.1900513768196106,1e-05,1.0,377.48990130005404,9513.16259765625
grounded,3895,0.19073089957237244,0.009758884087204933,0.18097200989723206,1e-05,1.0,377.5855269000167,9513.16259765625
grounded,3896,0.1465226262807846,0.01543403510004282,0.13108858466148376,1e-05,0.9921875,377.6801100000739,9513.16259765625
grounded,3897,0.23402783274650574,0.07273874431848526,0.16128909587860107,1e-05,0.984375,377.7760075000115,9513.16259765625
grounded,3898,0.22295525670051575,0.034544751048088074,0.18841050565242767,1e-05,0.9921875,377.87213230005,9513.16259765625
grounded,3899,0.3260861933231354,0.06218239665031433,0.26390379667282104,1e-05,0.984375,377.96755200007465,9513.16259765625
grounded,3900,0.22943012416362762,0.02894214354455471,0.20048798620700836,1e-05,0.984375,378.06355439999606,9513.16259765625
grounded,3901,0.19985665380954742,0.012535525485873222,0.18732112646102905,1e-05,1.0,378.1599428000627,9513.16259765625
grounded,3902,0.23262625932693481,0.04393526539206505,0.18869099020957947,1e-05,0.9921875,378.2552380000707,9513.16259765625
grounded,3903,0.309972882270813,0.06584140658378601,0.24413147568702698,1e-05,0.984375,378.35131860000547,9513.16259765625
grounded,3904,0.2136753350496292,0.002472056308761239,0.21120327711105347,1e-05,1.0,378.447047600057,9513.16259765625
grounded,3905,0.2386305332183838,0.0605706050992012,0.17805993556976318,1e-05,0.9921875,378.54217660008,9513.16259765625
grounded,3906,0.16894124448299408,0.019343728199601173,0.14959751069545746,1e-05,0.9921875,378.6365780000342,9513.16259765625
grounded,3907,0.26247847080230713,0.007853343151509762,0.254625141620636,1e-05,1.0,378.7324208000209,9513.16259765625
grounded,3908,0.36537405848503113,0.12021389603614807,0.24516016244888306,1e-05,0.96875,378.82882400008384,9513.16259765625
grounded,3909,0.22196678817272186,0.003239431418478489,0.21872735023498535,1e-05,1.0,378.92503600008786,9513.16259765625
grounded,3910,0.3522826135158539,0.1345795840024948,0.21770302951335907,1e-05,0.9453125,379.0206048000837,9513.16259765625
grounded,3911,0.23219040036201477,0.07490288466215134,0.15728750824928284,1e-05,0.9921875,379.1167516000569,9513.16259765625
grounded,3912,0.3525448441505432,0.11670438945293427,0.23584043979644775,1e-05,0.96875,379.2121693000663,9513.16259765625
grounded,3913,0.2417808622121811,0.017348963767290115,0.22443190217018127,1e-05,1.0,379.30703580006957,9513.16259765625
grounded,3914,0.1273590475320816,0.009602244943380356,0.11775679886341095,1e-05,1.0,379.4029029000085,9513.16259765625
grounded,3915,0.20687437057495117,0.03076770156621933,0.17610666155815125,1e-05,0.984375,379.497984000016,9513.16259765625
grounded,3916,0.1682191789150238,0.03875723108649254,0.12946194410324097,1e-05,0.984375,379.59326840005815,9513.16259765625
grounded,3917,0.32792600989341736,0.12665864825248718,0.20126736164093018,1e-05,0.96875,379.6880021999823,9513.16259765625
grounded,3918,0.21123231947422028,0.006182956509292126,0.20504936575889587,1e-05,1.0,379.78310860006604,9513.16259765625
grounded,3919,0.17256379127502441,0.03282759338617325,0.13973619043827057,1e-05,0.9921875,379.8788755000569,9513.16259765625
grounded,3920,0.22288084030151367,0.08185143023729324,0.14102940261363983,1e-05,0.984375,379.97356010007206,9513.16259765625
grounded,3921,0.3196762800216675,0.10256431996822357,0.21711194515228271,1e-05,0.96875,380.07015070004854,9513.16259765625
grounded,3922,0.1939382404088974,0.02133018709719181,0.17260804772377014,1e-05,0.9921875,380.1648376000812,9513.16259765625
grounded,3923,0.17241270840168,0.016898320987820625,0.15551438927650452,1e-05,0.9921875,380.2603397000348,9513.16259765625
grounded,3924,0.1988859325647354,0.010159831494092941,0.18872609734535217,1e-05,0.9921875,380.3558846000815,9513.16259765625
grounded,3925,0.25905734300613403,0.055858734995126724,0.2031986117362976,1e-05,0.9765625,380.45110449998174,9513.16259765625
grounded,3926,0.3160063624382019,0.10353612899780273,0.21247023344039917,1e-05,0.9765625,380.5471363000106,9513.16259765625
grounded,3927,0.188711479306221,0.0258854441344738,0.1628260314464569,1e-05,0.9921875,380.64177159999963,9513.16259765625
grounded,3928,0.24075689911842346,0.06689850240945816,0.1738584041595459,1e-05,0.984375,380.7373191000661,9513.16259765625
grounded,3929,0.33050838112831116,0.14600908756256104,0.18449929356575012,1e-05,0.953125,380.8334074000595,9513.16259765625
grounded,3930,0.19729024171829224,0.020785480737686157,0.17650476098060608,1e-05,0.9921875,380.9287413000129,9513.16259765625
grounded,3931,0.21929557621479034,0.04631713405251503,0.1729784458875656,1e-05,0.9921875,381.0244375000475,9513.16259765625
grounded,3932,0.19435656070709229,0.0014606381300836802,0.19289591908454895,1e-05,1.0,381.11988590005785,9513.16259765625
grounded,3933,0.24367089569568634,0.06484568119049072,0.17882521450519562,1e-05,0.9765625,381.2143429000862,9513.16259765625
grounded,3934,0.2223658263683319,0.05056538060307503,0.17180044949054718,1e-05,0.984375,381.30921900004614,9513.16259765625
grounded,3935,0.3565247654914856,0.09571556746959686,0.2608092129230499,1e-05,0.9765625,381.4051763000898,9513.16259765625
grounded,3936,0.16395258903503418,0.001766381785273552,0.16218620538711548,1e-05,1.0,381.50076750002336,9513.16259765625
grounded,3937,0.21741211414337158,0.045247580856084824,0.17216452956199646,1e-05,0.9921875,381.59560860006604,9513.16259765625
grounded,3938,0.2394428849220276,0.09417542070150375,0.14526747167110443,1e-05,0.9609375,381.69127750000916,9513.16259765625
grounded,3939,0.19399744272232056,0.04635389894247055,0.1476435363292694,1e-05,0.9921875,381.7876886000158,9513.16259765625
grounded,3940,0.1870848387479782,0.03456306457519531,0.1525217741727829,1e-05,0.984375,381.8831908000866,9513.16259765625
grounded,3941,0.20217283070087433,0.07361377775669098,0.12855905294418335,1e-05,0.9921875,381.97895610006526,9513.16259765625
grounded,3942,0.15460532903671265,0.01597374863922596,0.13863158226013184,1e-05,0.9921875,382.07475080003496,9513.16259765625
grounded,3943,0.18541757762432098,0.019348125904798508,0.16606944799423218,1e-05,0.9921875,382.17013029998634,9513.16259765625
grounded,3944,0.3361068069934845,0.09512843191623688,0.24097837507724762,1e-05,0.9765625,382.26584300003015,9513.16259765625
grounded,3945,0.24741537868976593,0.10192777216434479,0.14548760652542114,1e-05,0.9765625,382.3624213000294,9513.16259765625
grounded,3946,0.1786266416311264,0.0036863209679722786,0.1749403178691864,1e-05,1.0,382.45808360003866,9513.16259765625
grounded,3947,0.2946862578392029,0.09701509773731232,0.19767116010189056,1e-05,0.9765625,382.5527189000277,9513.16259765625
grounded,3948,0.31555047631263733,0.11096464842557907,0.20458583533763885,1e-05,0.96875,382.64730990002863,9513.16259765625
grounded,3949,0.2259853035211563,0.04614655300974846,0.17983874678611755,1e-05,0.984375,382.7424319999991,9513.16259765625
grounded,3950,0.28452593088150024,0.10893316566944122,0.17559278011322021,1e-05,0.984375,382.83835520001594,9513.16259765625
grounded,3951,0.21194186806678772,0.03715508431196213,0.1747867912054062,1e-05,0.984375,382.9350714000175,9513.16259765625
grounded,3952,0.3307567834854126,0.13432449102401733,0.19643229246139526,1e-05,0.96875,383.03149930003565,9513.16259765625
grounded,3953,0.2822580933570862,0.10574478656053543,0.17651329934597015,1e-05,0.9921875,383.12791859998833,9513.16259765625
grounded,3954,0.21710558235645294,0.04281531274318695,0.174290269613266,1e-05,0.984375,383.2232713000849,9513.16259765625
grounded,3955,0.292400062084198,0.0982419028878212,0.1941581666469574,1e-05,0.984375,383.31834320002235,9513.16259765625
grounded,3956,0.2712756097316742,0.09660211205482483,0.17467349767684937,1e-05,0.984375,383.4144491000334,9513.16259765625
grounded,3957,0.25531458854675293,0.08247384428977966,0.17284072935581207,1e-05,0.984375,383.5098847000627,9513.16259765625
grounded,3958,0.19402234256267548,0.06080623343586922,0.13321611285209656,1e-05,0.984375,383.6046937999781,9513.16259765625
grounded,3959,0.19346117973327637,0.0358620285987854,0.15759915113449097,1e-05,0.9921875,383.69996840006206,9513.16259765625
grounded,3960,0.32103872299194336,0.09269516170024872,0.22834357619285583,1e-05,0.984375,383.79541900008917,9513.16259765625
grounded,3961,0.34292730689048767,0.06032388657331467,0.2826034128665924,1e-05,0.9765625,383.89112809998915,9513.16259765625
grounded,3962,0.24663427472114563,0.05750516802072525,0.18912911415100098,1e-05,0.984375,383.98721520008985,9513.16259765625
grounded,3963,0.16563470661640167,0.011115627363324165,0.15451908111572266,1e-05,1.0,384.08396409999114,9513.16259765625
grounded,3964,0.14208169281482697,0.05701841413974762,0.08506327867507935,1e-05,0.984375,384.1783770000329,9513.16259765625
grounded,3965,0.19061493873596191,0.057709939777851105,0.1329050064086914,1e-05,0.984375,384.2740143000847,9513.16259765625
grounded,3966,0.384096622467041,0.14072778820991516,0.24336881935596466,1e-05,0.9609375,384.36997050000355,9513.16259765625
grounded,3967,0.23568230867385864,0.07566377520561218,0.16001853346824646,1e-05,0.9765625,384.46603770006914,9513.16259765625
grounded,3968,0.4063247740268707,0.1979677677154541,0.20835700631141663,1e-05,0.9609375,384.56044560007285,9513.16259765625
grounded,3969,0.2408086657524109,0.09332755208015442,0.14748111367225647,1e-05,0.984375,384.655808600015,9513.16259765625
grounded,3970,0.21590110659599304,0.023161374032497406,0.19273972511291504,1e-05,0.9921875,384.75158839998767,9513.16259765625
grounded,3971,0.20593181252479553,0.03581332787871361,0.17011848092079163,1e-05,0.9921875,384.84668130008504,9513.16259765625
grounded,3972,0.2600545585155487,0.0447043739259243,0.2153501808643341,1e-05,0.9765625,384.9424817999825,9513.16259765625
grounded,3973,0.21576142311096191,0.041841886937618256,0.17391952872276306,1e-05,0.9921875,385.03811149997637,9513.16259765625
grounded,3974,0.2036537230014801,0.020615065470337868,0.1830386519432068,1e-05,0.9921875,385.1336234000046,9513.16259765625
grounded,3975,0.1782165765762329,0.026188960298895836,0.15202762186527252,1e-05,0.9921875,385.2280523000518,9513.16259765625
grounded,3976,0.22201523184776306,0.06849829107522964,0.15351693332195282,1e-05,0.9765625,385.3233321000589,9513.16259765625
grounded,3977,0.17077115178108215,0.024619203060865402,0.14615194499492645,1e-05,0.9921875,385.4192781000165,9513.16259765625
grounded,3978,0.22040238976478577,0.03454992547631264,0.18585246801376343,1e-05,0.9921875,385.51413330005016,9513.16259765625
grounded,3979,0.15203207731246948,0.00859912671148777,0.14343294501304626,1e-05,1.0,385.60913240001537,9513.16259765625
grounded,3980,0.22979392111301422,0.08996406197547913,0.1398298591375351,1e-05,0.9609375,385.7037984000053,9513.16259765625
grounded,3981,0.2876027822494507,0.07631340622901917,0.21128936111927032,1e-05,0.984375,385.7993943999754,9513.16259765625
grounded,3982,0.23882651329040527,0.09111172705888748,0.1477147936820984,1e-05,0.96875,385.8958495000843,9513.16259765625
grounded,3983,0.2519949674606323,0.04732440412044525,0.20467057824134827,1e-05,0.984375,385.9913412000751,9513.16259765625
grounded,3984,0.2363196462392807,0.056934013962745667,0.17938563227653503,1e-05,0.984375,386.08766830002423,9513.16259765625
grounded,3985,0.1805429458618164,0.04179847240447998,0.13874447345733643,1e-05,0.984375,386.1820929000387,9513.16259765625
grounded,3986,0.2255806177854538,0.007493245881050825,0.21808737516403198,1e-05,1.0,386.27785850001965,9513.16259765625
grounded,3987,0.13534024357795715,0.002753116190433502,0.13258713483810425,1e-05,1.0,386.37372570007574,9513.16259765625
grounded,3988,0.17037707567214966,0.005168629810214043,0.16520844399929047,1e-05,1.0,386.47029289999045,9513.16259765625
grounded,3989,0.17000703513622284,0.00686592236161232,0.16314111649990082,1e-05,1.0,386.56492130004335,9513.16259765625
grounded,3990,0.2236827164888382,0.024748545140028,0.1989341676235199,1e-05,0.9921875,386.6599071000237,9513.16259765625
grounded,3991,0.2771877646446228,0.09572279453277588,0.18146497011184692,1e-05,0.96875,386.7559867000673,9513.16259765625
grounded,3992,0.21410079300403595,0.011637766845524311,0.2024630308151245,1e-05,0.9921875,386.8513516000239,9513.16259765625
grounded,3993,0.2881224453449249,0.08880725502967834,0.19931519031524658,1e-05,0.984375,386.9486320000142,9513.16259765625
grounded,3994,0.2786521017551422,0.06868696212768555,0.20996513962745667,1e-05,0.984375,387.0449853000464,9513.16259765625
grounded,3995,0.2018461525440216,0.010435990989208221,0.19141016900539398,1e-05,1.0,387.1410700000124,9513.16259765625
grounded,3996,0.23926372826099396,0.06098252534866333,0.17828120291233063,1e-05,0.9765625,387.23706230008975,9513.16259765625
grounded,3997,0.17584004998207092,0.012177770026028156,0.16366228461265564,1e-05,1.0,387.3336983000627,9513.16259765625
grounded,3998,0.2626752555370331,0.10091192275285721,0.16176332533359528,1e-05,0.9765625,387.4300309000537,9513.16259765625
grounded,3999,0.17827920615673065,0.03980361297726631,0.13847559690475464,1e-05,0.9921875,387.5249063000083,9513.16259765625
grounded,4000,0.2833923101425171,0.08603093773126602,0.19736137986183167,1e-05,0.984375,387.620174300042,9513.16259765625
grounded,4001,0.23265895247459412,0.015838300809264183,0.21682065725326538,1e-05,1.0,388.030923500075,9513.16259765625
grounded,4002,0.2920982241630554,0.07568897306919098,0.21640925109386444,1e-05,0.984375,388.1278588999994,9513.16259765625
grounded,4003,0.18716652691364288,0.006605067756026983,0.18056145310401917,1e-05,1.0,388.2221665000543,9513.16259765625
grounded,4004,0.20379255712032318,0.07550925016403198,0.1282833069562912,1e-05,0.984375,388.31851790007204,9513.16259765625
grounded,4005,0.24680815637111664,0.0647796243429184,0.18202853202819824,1e-05,0.9921875,388.41373869997915,9513.16259765625
grounded,4006,0.16142860054969788,0.02866438403725624,0.13276422023773193,1e-05,0.9921875,388.50896140001714,9513.16259765625
grounded,4007,0.28826576471328735,0.09293390810489655,0.195331871509552,1e-05,0.984375,388.60430180002004,9513.16259765625
grounded,4008,0.17659316956996918,0.021270381286740303,0.15532279014587402,1e-05,0.9921875,388.69898780004587,9513.16259765625
grounded,4009,0.12458113580942154,0.013737003318965435,0.11084413528442383,1e-05,1.0,388.7947905000765,9513.16259765625
grounded,4010,0.23853814601898193,0.07027768343687057,0.16826045513153076,1e-05,0.9921875,388.8911865000846,9513.16259765625
grounded,4011,0.21644192934036255,0.05592713505029678,0.16051478683948517,1e-05,0.9921875,388.98680399998557,9513.16259765625
grounded,4012,0.3067297041416168,0.11153531074523926,0.19519439339637756,1e-05,0.953125,389.0825542000821,9513.16259765625
grounded,4013,0.15745435655117035,0.022977909073233604,0.1344764530658722,1e-05,0.9921875,389.1775033000158,9513.16259765625
grounded,4014,0.1834232658147812,0.010436972603201866,0.17298629879951477,1e-05,1.0,389.27300120005384,9513.16259765625
grounded,4015,0.3205299973487854,0.10521095246076584,0.21531903743743896,1e-05,0.96875,389.3683089000406,9513.16259765625
grounded,4016,0.25274255871772766,0.10173121839761734,0.15101133286952972,1e-05,0.9765625,389.4641670000274,9513.16259765625
grounded,4017,0.290088415145874,0.05768401175737381,0.23240439593791962,1e-05,0.9765625,389.55937160004396,9513.16259765625
grounded,4018,0.35837194323539734,0.13486962020397186,0.22350232303142548,1e-05,0.9765625,389.65379610005766,9513.16259765625
grounded,4019,0.16604721546173096,0.042706068605184555,0.1233411431312561,1e-05,0.984375,389.74886460008565,9513.16259765625
grounded,4020,0.15988516807556152,0.025551332160830498,0.13433383405208588,1e-05,1.0,389.84462490002625,9513.16259765625
grounded,4021,0.28643158078193665,0.13534003496170044,0.1510915458202362,1e-05,0.96875,389.9407084999839,9513.16259765625
grounded,4022,0.1297844797372818,0.017785528674721718,0.11199894547462463,1e-05,0.9921875,390.03582129999995,9513.16259765625
grounded,4023,0.17300572991371155,0.040156543254852295,0.13284918665885925,1e-05,0.9921875,390.1316438000649,9513.16259765625
grounded,4024,0.25110262632369995,0.048773594200611115,0.20232903957366943,1e-05,0.984375,390.2259382000193,9513.16259765625
grounded,4025,0.2630936801433563,0.06148379296064377,0.20160989463329315,1e-05,0.9765625,390.32161970005836,9513.16259765625
grounded,4026,0.26756787300109863,0.06894777715206146,0.19862008094787598,1e-05,0.984375,390.4175777999917,9513.16259765625
grounded,4027,0.2765660285949707,0.06775858253240585,0.20880745351314545,1e-05,0.984375,390.5128099999856,9513.16259765625
grounded,4028,0.20942376554012299,0.03701894357800484,0.17240482568740845,1e-05,0.9921875,390.60764250007924,9513.16259765625
grounded,4029,0.41986674070358276,0.1776421070098877,0.24222464859485626,1e-05,0.953125,390.7030512000201,9513.16259765625
grounded,4030,0.2004779428243637,0.046628665179014206,0.1538492739200592,1e-05,0.9765625,390.79906210000627,9513.16259765625
grounded,4031,0.12291310727596283,0.0088005680590868,0.11411254107952118,1e-05,1.0,390.8947903000517,9513.16259765625
grounded,4032,0.21329933404922485,0.05456006899476051,0.15873926877975464,1e-05,0.984375,390.98962760006543,9513.16259765625
grounded,4033,0.23886016011238098,0.022829260677099228,0.21603089570999146,1e-05,0.9921875,391.08686779998243,9513.16259765625
grounded,4034,0.4462381899356842,0.23273229598999023,0.21350589394569397,1e-05,0.953125,391.18236570002045,9513.16259765625
grounded,4035,0.21877998113632202,0.05985763296484947,0.15892234444618225,1e-05,0.984375,391.2773496999871,9513.16259765625
grounded,4036,0.3420122563838959,0.1579924076795578,0.18401984870433807,1e-05,0.9609375,391.37362790002953,9513.16259765625
grounded,4037,0.34426525235176086,0.06868812441825867,0.2755771279335022,1e-05,0.9921875,391.46924670005683,9513.16259765625
grounded,4038,0.19757197797298431,0.08067457377910614,0.11689740419387817,1e-05,0.9921875,391.5641650999896,9513.16259765625
grounded,4039,0.16145223379135132,0.014807543717324734,0.1466446965932846,1e-05,1.0,391.6590350000188,9513.16259765625
grounded,4040,0.19952276349067688,0.03947906941175461,0.16004368662834167,1e-05,0.984375,391.7544697000412,9513.16259765625
grounded,4041,0.20128154754638672,0.03905821591615677,0.16222333908081055,1e-05,0.984375,391.8500221000286,9513.16259765625
grounded,4042,0.1076066717505455,0.010353031568229198,0.09725364297628403,1e-05,1.0,391.9453387000831,9513.16259765625
grounded,4043,0.150360107421875,0.02262473665177822,0.12773537635803223,1e-05,0.9921875,392.04088149999734,9513.16259765625
grounded,4044,0.24366804957389832,0.08658064156770706,0.15708741545677185,1e-05,0.9765625,392.13738540001214,9513.16259765625
grounded,4045,0.2036789506673813,0.06371869146823883,0.13996025919914246,1e-05,0.9765625,392.2317725000903,9513.16259765625
grounded,4046,0.21908187866210938,0.07055056095123291,0.14853131771087646,1e-05,0.96875,392.32763920002617,9513.16259765625
grounded,4047,0.15597163140773773,0.06388150155544281,0.09209012985229492,1e-05,0.9609375,392.4237515000859,9513.16259765625
grounded,4048,0.2168656289577484,0.06387843191623688,0.15298719704151154,1e-05,0.984375,392.51881340006366,9513.16259765625
grounded,4049,0.23832227289676666,0.02941502258181572,0.20890724658966064,1e-05,0.984375,392.6133186999941,9513.16259765625
grounded,4050,0.14836052060127258,0.012272767722606659,0.13608774542808533,1e-05,1.0,392.7080232000444,9513.16259765625
grounded,4051,0.09895175695419312,0.00257705757394433,0.09637469798326492,1e-05,1.0,392.8043018000899,9513.16259765625
grounded,4052,0.2578648328781128,0.12137743830680847,0.13648739457130432,1e-05,0.9765625,392.89978219999466,9513.16259765625
grounded,4053,0.2937634289264679,0.08376806229352951,0.2099953591823578,1e-05,0.984375,392.995974700083,9513.16259765625
grounded,4054,0.16234973073005676,0.050838954746723175,0.11151078343391418,1e-05,0.984375,393.0918393000029,9513.16259765625
grounded,4055,0.2057885378599167,0.05446632578969002,0.15132221579551697,1e-05,0.984375,393.1876570000313,9513.16259765625
grounded,4056,0.1961088329553604,0.030624110251665115,0.1654847264289856,1e-05,0.984375,393.28269330004696,9513.16259765625
grounded,4057,0.27993184328079224,0.06686684489250183,0.2130649983882904,1e-05,0.9765625,393.3786933000665,9513.16259765625
grounded,4058,0.3122076988220215,0.1510196179151535,0.1611880660057068,1e-05,0.953125,393.47409020003397,9513.16259765625
grounded,4059,0.2163441777229309,0.011526721529662609,0.20481745898723602,1e-05,0.9921875,393.56895089999307,9513.16259765625
grounded,4060,0.1541663408279419,0.003943677991628647,0.15022265911102295,1e-05,1.0,393.6637213000795,9513.16259765625
grounded,4061,0.16735397279262543,0.011088508181273937,0.1562654674053192,1e-05,1.0,393.7589885999914,9513.16259765625
grounded,4062,0.23074722290039062,0.06987582892179489,0.16087138652801514,1e-05,0.984375,393.8539505000226,9513.16259765625
grounded,4063,0.24894645810127258,0.11169775575399399,0.137248694896698,1e-05,0.9921875,393.9489624000853,9513.16259765625
grounded,4064,0.18476009368896484,0.03210745006799698,0.15265265107154846,1e-05,0.984375,394.04439910000656,9513.16259765625
grounded,4065,0.2567441761493683,0.06047782674431801,0.19626635313034058,1e-05,0.984375,394.1405246000504,9513.16259765625
grounded,4066,0.2533586323261261,0.04778175428509712,0.20557686686515808,1e-05,0.984375,394.2346394000342,9513.16259765625
grounded,4067,0.36478012800216675,0.05956904962658882,0.30521106719970703,1e-05,0.9921875,394.3306314999936,9513.16259765625
grounded,4068,0.33169469237327576,0.14341536164283752,0.18827933073043823,1e-05,0.96875,394.426438500057,9513.16259765625
grounded,4069,0.14333388209342957,0.01016501896083355,0.13316886126995087,1e-05,1.0,394.5211750000017,9513.16259765625
grounded,4070,0.2189779430627823,0.07352288067340851,0.14545506238937378,1e-05,0.984375,394.61566970008425,9513.16259765625
grounded,4071,0.21390169858932495,0.03352319449186325,0.1803784966468811,1e-05,0.984375,394.7107101000147,9513.16259765625
grounded,4072,0.17723990976810455,0.026423053815960884,0.15081685781478882,1e-05,0.9921875,394.80525810003746,9513.16259765625
grounded,4073,0.3187367916107178,0.1370961219072342,0.1816406548023224,1e-05,0.9609375,394.90098350006156,9513.16259765625
grounded,4074,0.19283869862556458,0.04686421900987625,0.14597447216510773,1e-05,0.9921875,394.99628530000336,9513.16259765625
grounded,4075,0.2277194857597351,0.06888659298419952,0.15883289277553558,1e-05,0.96875,395.0923356000567,9513.16259765625
grounded,4076,0.1881321370601654,0.04300057142972946,0.14513155817985535,1e-05,0.9921875,395.18841170007363,9513.16259765625
grounded,4077,0.2126947045326233,0.03614043444395065,0.17655426263809204,1e-05,0.984375,395.2835399999749,9513.16259765625
grounded,4078,0.2137482762336731,0.08534219115972519,0.1284060925245285,1e-05,0.96875,395.3801519999979,9513.16259765625
grounded,4079,0.16002461314201355,0.030430525541305542,0.129594087600708,1e-05,0.9921875,395.4756353000412,9513.16259765625
grounded,4080,0.16881033778190613,0.04245990514755249,0.12635043263435364,1e-05,0.984375,395.571047800011,9513.16259765625
grounded,4081,0.20432287454605103,0.04459308832883835,0.15972977876663208,1e-05,0.984375,395.6665408000117,9513.16259765625
grounded,4082,0.17465367913246155,0.04602615907788277,0.12862752377986908,1e-05,0.9921875,395.76191060000565,9513.16259765625
grounded,4083,0.15407118201255798,0.03437713533639908,0.1196940541267395,1e-05,0.984375,395.8566172000719,9513.16259765625
grounded,4084,0.196254700422287,0.022295517846941948,0.1739591807126999,1e-05,0.9921875,395.95157590007875,9513.16259765625
grounded,4085,0.22848442196846008,0.05115261673927307,0.177331805229187,1e-05,0.96875,396.04706970008556,9513.16259765625
grounded,4086,0.12901970744132996,0.014171503484249115,0.11484820395708084,1e-05,0.9921875,396.1426953000482,9513.16259765625
grounded,4087,0.15316979587078094,0.05042855814099312,0.10274124145507812,1e-05,0.984375,396.237703800085,9513.16259765625
grounded,4088,0.24848154187202454,0.06969409435987473,0.1787874400615692,1e-05,0.9921875,396.33331440004986,9513.16259765625
grounded,4089,0.21026918292045593,0.05605575442314148,0.15421342849731445,1e-05,0.984375,396.429002400022,9513.16259765625
grounded,4090,0.2868082523345947,0.052419230341911316,0.2343890368938446,1e-05,0.9921875,396.523893399979,9513.16259765625
grounded,4091,0.16973578929901123,0.02765926718711853,0.1420765221118927,1e-05,0.9921875,396.61913870007265,9513.16259765625
grounded,4092,0.1853862851858139,0.019980331882834435,0.16540595889091492,1e-05,0.9921875,396.7145077000605,9513.16259765625
grounded,4093,0.14982521533966064,0.031713515520095825,0.11811169981956482,1e-05,0.9921875,396.809244700009,9513.16259765625
grounded,4094,0.280171662569046,0.07672688364982605,0.20344477891921997,1e-05,0.984375,396.9057848000666,9513.16259765625
grounded,4095,0.2670177221298218,0.028950409963726997,0.23806731402873993,1e-05,0.984375,397.0013801000314,9513.16259765625
grounded,4096,0.17810901999473572,0.05442971736192703,0.12367929518222809,1e-05,0.9921875,397.09748720005155,9513.16259765625
grounded,4097,0.25702202320098877,0.07664430141448975,0.18037772178649902,1e-05,0.9765625,397.19335379998665,9513.16259765625
grounded,4098,0.22237801551818848,0.11172030121088028,0.1106577217578888,1e-05,0.984375,397.2879163000034,9513.16259765625
grounded,4099,0.1694607138633728,0.004673289600759745,0.1647874265909195,1e-05,1.0,397.38461519998964,9513.16259765625
grounded,4100,0.16087493300437927,0.009825145825743675,0.15104979276657104,1e-05,0.9921875,397.4799423000077,9513.16259765625
grounded,4101,0.2444240152835846,0.09285876899957657,0.15156525373458862,1e-05,0.96875,397.5760169000132,9513.16259765625
grounded,4102,0.21524189412593842,0.056258395314216614,0.1589834988117218,1e-05,0.984375,397.6714489000151,9513.16259765625
grounded,4103,0.21429231762886047,0.03249568119645119,0.18179664015769958,1e-05,0.9921875,397.7660858000163,9513.16259765625
grounded,4104,0.20512065291404724,0.022399861365556717,0.18272079527378082,1e-05,0.9921875,397.8619514000602,9513.16259765625
grounded,4105,0.23054414987564087,0.04071858525276184,0.18982556462287903,1e-05,0.984375,397.95791620004456,9513.16259765625
grounded,4106,0.17820420861244202,0.0212533101439476,0.15695089101791382,1e-05,0.9921875,398.05347500008065,9513.16259765625
grounded,4107,0.23221203684806824,0.07185383886098862,0.16035820543766022,1e-05,0.984375,398.1489053000696,9513.16259765625
grounded,4108,0.3557240664958954,0.18327637016773224,0.17244769632816315,1e-05,0.9609375,398.2435406000586,9513.16259765625
grounded,4109,0.2087295800447464,0.04611091688275337,0.16261866688728333,1e-05,0.9921875,398.3390077999793,9513.16259765625
grounded,4110,0.2100166231393814,0.08134819567203522,0.1286684274673462,1e-05,0.96875,398.4347118000733,9513.16259765625
grounded,4111,0.13791729509830475,0.000825835217256099,0.13709145784378052,1e-05,1.0,398.5296674000565,9513.16259765625
grounded,4112,0.2742505669593811,0.07175102829933167,0.20249952375888824,1e-05,0.9765625,398.62513110006694,9513.16259765625
grounded,4113,0.14775288105010986,0.04419807344675064,0.10355481505393982,1e-05,0.9921875,398.7198913000757,9513.16259765625
grounded,4114,0.23950324952602386,0.06361190974712372,0.17589133977890015,1e-05,0.9765625,398.8148598000407,9513.16259765625
grounded,4115,0.1613146811723709,0.009458133019506931,0.15185654163360596,1e-05,0.9921875,398.91102570004296,9513.16259765625
grounded,4116,0.21806450188159943,0.08887778222560883,0.1291867196559906,1e-05,0.984375,399.00671310001053,9513.16259765625
grounded,4117,0.2763660252094269,0.07886527478694916,0.19750075042247772,1e-05,0.984375,399.1022843000246,9513.16259765625
grounded,4118,0.19140128791332245,0.0705716609954834,0.12082962691783905,1e-05,0.9765625,399.1980511000147,9513.16259765625
grounded,4119,0.22745412588119507,0.07713042944669724,0.15032368898391724,1e-05,0.9921875,399.294092600001,9513.16259765625
grounded,4120,0.20210584998130798,0.05476876720786095,0.14733707904815674,1e-05,0.984375,399.3901148000732,9513.16259765625
grounded,4121,0.18759046494960785,0.025630256161093712,0.16196021437644958,1e-05,1.0,399.48634220007807,9513.16259765625
grounded,4122,0.17679241299629211,0.02133861742913723,0.15545380115509033,1e-05,1.0,399.5824506999925,9513.16259765625
grounded,4123,0.18728134036064148,0.06395461410284042,0.12332671880722046,1e-05,0.9765625,399.6767364999978,9513.16259765625
grounded,4124,0.167432501912117,0.022886794060468674,0.14454570412635803,1e-05,0.9921875,399.772181599983,9513.16259765625
grounded,4125,0.28902947902679443,0.08262956142425537,0.20639993250370026,1e-05,0.984375,399.8680291000055,9513.16259765625
grounded,4126,0.2837519645690918,0.12662319839000702,0.15712876617908478,1e-05,0.9765625,399.9635672000004,9513.16259765625
grounded,4127,0.22070468962192535,0.07826365530490875,0.1424410343170166,1e-05,0.96875,400.05873569997493,9513.16259765625
grounded,4128,0.22818684577941895,0.06512667238712311,0.16306017339229584,1e-05,0.984375,400.15434230002575,9513.16259765625
grounded,4129,0.16599154472351074,0.032815493643283844,0.1331760436296463,1e-05,0.9921875,400.2492239000276,9513.16259765625
grounded,4130,0.320849746465683,0.11542057991027832,0.20542916655540466,1e-05,0.96875,400.34506469999906,9513.16259765625
grounded,4131,0.16671523451805115,0.0073791444301605225,0.15933609008789062,1e-05,1.0,400.4415780000854,9513.16259765625
grounded,4132,0.18844875693321228,0.014077190309762955,0.17437157034873962,1e-05,1.0,400.53747690003365,9513.16259765625
grounded,4133,0.16472232341766357,0.027777742594480515,0.13694457709789276,1e-05,0.9921875,400.6327048999956,9513.16259765625
grounded,4134,0.18493478000164032,0.0376456081867218,0.14728917181491852,1e-05,0.984375,400.72733490006067,9513.16259765625
grounded,4135,0.19684359431266785,0.026836039498448372,0.17000755667686462,1e-05,0.9921875,400.82259039999917,9513.16259765625
grounded,4136,0.1240929439663887,0.0030224164947867393,0.12107052654027939,1e-05,1.0,400.91907419997733,9513.16259765625
grounded,4137,0.13774654269218445,0.027290556579828262,0.11045598983764648,1e-05,0.9921875,401.0144576000748,9513.16259765625
grounded,4138,0.2862979471683502,0.0880068689584732,0.19829107820987701,1e-05,0.984375,401.110633000033,9513.16259765625
grounded,4139,0.1039871945977211,0.004238496534526348,0.09974870085716248,1e-05,1.0,401.20623950008303,9513.16259765625
grounded,4140,0.18191787600517273,0.05496726930141449,0.12695060670375824,1e-05,0.9765625,401.30062750005163,9513.16259765625
grounded,4141,0.15281420946121216,0.01961362548172474,0.13320058584213257,1e-05,0.9921875,401.396559100016,9513.16259765625
grounded,4142,0.15277676284313202,0.0412723682820797,0.11150439828634262,1e-05,0.984375,401.4921927000396,9513.16259765625
grounded,4143,0.21848267316818237,0.03647603839635849,0.18200664222240448,1e-05,0.984375,401.5876954999985,9513.16259765625
grounded,4144,0.3944573402404785,0.04603242874145508,0.34842491149902344,1e-05,0.984375,401.6824729000218,9513.16259765625
grounded,4145,0.16481153666973114,0.027441322803497314,0.13737021386623383,1e-05,0.9921875,401.77824380004313,9513.16259765625
grounded,4146,0.221029132604599,0.08358856290578842,0.13744057714939117,1e-05,0.9765625,401.87434580002446,9513.16259765625
grounded,4147,0.4201086759567261,0.1535671055316925,0.26654157042503357,1e-05,0.9609375,401.9702261000639,9513.16259765625
grounded,4148,0.13311350345611572,0.004600354935973883,0.1285131424665451,1e-05,1.0,402.06591250002384,9513.16259765625
grounded,4149,0.17229315638542175,0.03770817071199417,0.13458499312400818,1e-05,0.984375,402.16091520001646,9513.16259765625
grounded,4150,0.16624638438224792,0.03138174116611481,0.13486464321613312,1e-05,0.984375,402.255865400075,9513.16259765625
grounded,4151,0.17022112011909485,0.008332695811986923,0.16188842058181763,1e-05,1.0,402.3518880000338,9513.16259765625
grounded,4152,0.14438876509666443,0.017581306397914886,0.12680745124816895,1e-05,0.9921875,402.4482200000202,9513.16259765625
grounded,4153,0.21902310848236084,0.05365630239248276,0.16536679863929749,1e-05,0.9921875,402.5432867000345,9513.16259765625
grounded,4154,0.1873498111963272,0.037418827414512634,0.14993098378181458,1e-05,0.984375,402.6379063000204,9513.16259765625
grounded,4155,0.23677502572536469,0.06930454075336456,0.16747048497200012,1e-05,0.984375,402.73234650003724,9513.16259765625
grounded,4156,0.1883123815059662,0.0223906971514225,0.16592168807983398,1e-05,0.9921875,402.8277180000441,9513.16259765625
grounded,4157,0.1588677018880844,0.01350086648017168,0.145366832613945,1e-05,0.9921875,402.92393020004965,9513.16259765625
grounded,4158,0.4087691903114319,0.13891471922397614,0.26985445618629456,1e-05,0.9765625,403.0185130999889,9513.16259765625
grounded,4159,0.16810595989227295,0.029807351529598236,0.1382986158132553,1e-05,0.9921875,403.114929900039,9513.16259765625
grounded,4160,0.14494596421718597,0.003714164951816201,0.14123180508613586,1e-05,1.0,403.2101331000449,9513.16259765625
grounded,4161,0.1450035125017166,0.017948785796761513,0.12705472111701965,1e-05,0.9921875,403.30498910008464,9513.16259765625
grounded,4162,0.16768182814121246,0.036710113286972046,0.13097171485424042,1e-05,0.9921875,403.40148620004766,9513.16259765625
grounded,4163,0.25700581073760986,0.09586286544799805,0.16114294528961182,1e-05,0.9765625,403.49725870008115,9513.16259765625
grounded,4164,0.16522522270679474,0.007833072915673256,0.15739214420318604,1e-05,1.0,403.59294240002055,9513.16259765625
grounded,4165,0.1267879605293274,0.01906208135187626,0.10772587358951569,1e-05,0.9921875,403.6886324000079,9513.16259765625
grounded,4166,0.2526659369468689,0.07451558858156204,0.17815035581588745,1e-05,0.96875,403.78430000005756,9513.16259765625
grounded,4167,0.1316104531288147,0.006364484783262014,0.12524597346782684,1e-05,1.0,403.8804087000899,9513.16259765625
grounded,4168,0.14287525415420532,0.007864409126341343,0.13501083850860596,1e-05,1.0,403.9754947000183,9513.16259765625
grounded,4169,0.10936609655618668,0.005546971224248409,0.10381912440061569,1e-05,1.0,404.07152740005404,9513.16259765625
grounded,4170,0.28705111145973206,0.10518147796392441,0.18186962604522705,1e-05,0.96875,404.16713419998996,9513.16259765625
grounded,4171,0.2988940477371216,0.13918569684028625,0.15970835089683533,1e-05,0.96875,404.2617319000419,9513.16259765625
grounded,4172,0.20912347733974457,0.05623801052570343,0.15288546681404114,1e-05,0.984375,404.356705000042,9513.16259765625
grounded,4173,0.14798730611801147,0.036935076117515564,0.11105223000049591,1e-05,0.9921875,404.4523591999896,9513.16259765625
grounded,4174,0.2512393891811371,0.08327746391296387,0.16796192526817322,1e-05,0.9765625,404.54718540003523,9513.16259765625
grounded,4175,0.15933117270469666,0.011277609504759312,0.14805355668067932,1e-05,0.9921875,404.64194280002266,9513.16259765625
grounded,4176,0.12213673442602158,0.0033004190772771835,0.11883631348609924,1e-05,1.0,404.7371780000394,9513.16259765625
grounded,4177,0.26192647218704224,0.07500427216291428,0.18692219257354736,1e-05,0.9921875,404.83221250004135,9513.16259765625
grounded,4178,0.31410253047943115,0.10919877886772156,0.2049037367105484,1e-05,0.9765625,404.92758940008935,9513.16259765625
grounded,4179,0.13590914011001587,0.0024300268851220608,0.13347911834716797,1e-05,1.0,405.0230497000739,9513.16259765625
grounded,4180,0.17056158185005188,0.02211162820458412,0.14844995737075806,1e-05,0.9921875,405.119349500048,9513.16259765625
grounded,4181,0.17457515001296997,0.04298000410199165,0.13159514963626862,1e-05,0.9921875,405.21394629997667,9513.16259765625
grounded,4182,0.10880093276500702,0.012252981774508953,0.09654795378446579,1e-05,1.0,405.30856130004395,9513.16259765625
grounded,4183,0.22310252487659454,0.05650041997432709,0.16660210490226746,1e-05,0.9921875,405.40505380008835,9513.16259765625
grounded,4184,0.19826720654964447,0.03822152689099312,0.16004568338394165,1e-05,0.9921875,405.50034680007957,9513.16259765625
grounded,4185,0.18259337544441223,0.03140592575073242,0.1511874496936798,1e-05,0.9921875,405.59576230007224,9513.16259765625
grounded,4186,0.13113801181316376,0.008618434891104698,0.1225195825099945,1e-05,1.0,405.69112960004713,9513.16259765625
grounded,4187,0.1854538917541504,0.02077329345047474,0.1646806001663208,1e-05,0.9921875,405.78653180005495,9513.16259765625
grounded,4188,0.2323562502861023,0.09776192903518677,0.13459432125091553,1e-05,0.9765625,405.88197850005236,9513.16259765625
grounded,4189,0.1627173125743866,0.055058956146240234,0.10765836387872696,1e-05,0.9765625,405.9775231999811,9513.16259765625
grounded,4190,0.2224739044904709,0.052253607660532,0.1702203005552292,1e-05,0.984375,406.0739279000554,9513.16259765625
grounded,4191,0.16868174076080322,0.006219854578375816,0.16246189177036285,1e-05,1.0,406.1692458000034,9513.16259765625
grounded,4192,0.19788959622383118,0.04630342498421669,0.15158617496490479,1e-05,0.9921875,406.2644863000605,9513.16259765625
grounded,4193,0.2280811071395874,0.061412252485752106,0.1666688621044159,1e-05,0.984375,406.36006700003054,9513.16259765625
grounded,4194,0.39014410972595215,0.2129003405570984,0.17724376916885376,1e-05,0.96875,406.4559667999856,9513.16259765625
grounded,4195,0.254472017288208,0.1030263677239418,0.1514456421136856,1e-05,0.96875,406.5508163999766,9513.16259765625
grounded,4196,0.28264614939689636,0.11304289847612381,0.16960325837135315,1e-05,0.9609375,406.6461785000283,9513.16259765625
grounded,4197,0.22938591241836548,0.08051206916570663,0.14887385070323944,1e-05,0.984375,406.7410823000828,9513.16259765625
grounded,4198,0.13210934400558472,0.005738137289881706,0.12637120485305786,1e-05,1.0,406.8365365000209,9513.16259765625
grounded,4199,0.14543062448501587,0.03766084834933281,0.10776977986097336,1e-05,0.9921875,406.9319729000563,9513.16259765625
grounded,4200,0.16672952473163605,0.04067138954997063,0.12605813145637512,1e-05,0.9921875,407.0275941999862,9513.16259765625
grounded,4201,0.20931799709796906,0.015383411198854446,0.1939345896244049,1e-05,1.0,407.12451890006196,9513.16259765625
grounded,4202,0.188626229763031,0.05796650052070618,0.13065972924232483,1e-05,0.984375,407.2189370000269,9513.16259765625
grounded,4203,0.19636157155036926,0.04513182491064072,0.15122973918914795,1e-05,0.9921875,407.3136736000888,9513.16259765625
grounded,4204,0.1159214973449707,0.007677067071199417,0.10824442654848099,1e-05,1.0,407.40999309998006,9513.16259765625
grounded,4205,0.2850631773471832,0.10746380686759949,0.17759937047958374,1e-05,0.984375,407.5064086000202,9513.16259765625
grounded,4206,0.21634218096733093,0.0226694718003273,0.19367270171642303,1e-05,0.9921875,407.6014663000824,9513.16259765625
grounded,4207,0.19252091646194458,0.03240272402763367,0.1601181924343109,1e-05,0.9921875,407.69741840008646,9513.16259765625
grounded,4208,0.32399457693099976,0.10098294913768768,0.22301162779331207,1e-05,0.9765625,407.79364960000385,9513.16259765625
grounded,4209,0.2554055452346802,0.09986642003059387,0.1555391401052475,1e-05,0.9765625,407.8892897000769,9513.16259765625
grounded,4210,0.29481878876686096,0.11933673918247223,0.17548204958438873,1e-05,0.96875,407.9847732000053,9513.16259765625
grounded,4211,0.1722424477338791,0.053234826773405075,0.11900761723518372,1e-05,0.984375,408.0808926000027,9513.16259765625
grounded,4212,0.11559626460075378,0.007567345164716244,0.10802891850471497,1e-05,1.0,408.1758718000492,9513.16259765625
grounded,4213,0.23389580845832825,0.10207222402095795,0.1318235844373703,1e-05,0.96875,408.27111630002037,9513.16259765625
grounded,4214,0.1558476686477661,0.017401225864887238,0.13844645023345947,1e-05,1.0,408.36651159997564,9513.16259765625
grounded,4215,0.2899785041809082,0.09947409480810165,0.19050441682338715,1e-05,0.96875,408.46160360006616,9513.16259765625
grounded,4216,0.2021668255329132,0.057973481714725494,0.1441933512687683,1e-05,0.984375,408.5567535000155,9513.16259765625
grounded,4217,0.1723487824201584,0.023468483239412308,0.14888030290603638,1e-05,1.0,408.6520351000363,9513.16259765625
grounded,4218,0.20315340161323547,0.06307964026927948,0.140073761343956,1e-05,0.9765625,408.74724260007497,9513.16259765625
grounded,4219,0.09571634232997894,0.008883875794708729,0.08683246374130249,1e-05,1.0,408.8426106000552,9513.16259765625
grounded,4220,0.14333687722682953,0.0010725059546530247,0.14226436614990234,1e-05,1.0,408.93851440004073,9513.16259765625
grounded,4221,0.15535695850849152,0.03525710478425026,0.12009985744953156,1e-05,0.984375,409.0339001000393,9513.16259765625
grounded,4222,0.14361433684825897,0.01963850110769272,0.12397583574056625,1e-05,0.9921875,409.1292706000386,9513.16259765625
grounded,4223,0.2148512303829193,0.02610907144844532,0.18874216079711914,1e-05,0.9921875,409.22438700008206,9513.16259765625
grounded,4224,0.15963727235794067,0.0029140193946659565,0.1567232459783554,1e-05,1.0,409.31948960002046,9513.16259765625
grounded,4225,0.22891885042190552,0.051997896283864975,0.17692095041275024,1e-05,0.984375,409.41529520007316,9513.16259765625
grounded,4226,0.15603813529014587,0.05628826469182968,0.0997498631477356,1e-05,0.984375,409.5101736000506,9513.16259765625
grounded,4227,0.1807163804769516,0.020624974742531776,0.16009140014648438,1e-05,0.9921875,409.605180600076,9513.16259765625
grounded,4228,0.15554621815681458,0.009819328784942627,0.14572688937187195,1e-05,1.0,409.6997136999853,9513.16259765625
grounded,4229,0.17260032892227173,0.04259888455271721,0.13000144064426422,1e-05,0.9921875,409.79516310000326,9513.16259765625
grounded,4230,0.12174917757511139,0.025358781218528748,0.09639039635658264,1e-05,0.9921875,409.8912550000241,9513.16259765625
grounded,4231,0.25675609707832336,0.05631541833281517,0.2004406899213791,1e-05,0.9921875,409.9869559999788,9513.16259765625
grounded,4232,0.17788931727409363,0.022569915279746056,0.15531940758228302,1e-05,0.9921875,410.08299730008,9513.16259765625
grounded,4233,0.13864055275917053,0.01506926491856575,0.12357128411531448,1e-05,1.0,410.1785594000248,9513.16259765625
grounded,4234,0.13907811045646667,0.011797768995165825,0.1272803395986557,1e-05,1.0,410.2739933000412,9513.16259765625
grounded,4235,0.15600386261940002,0.021878205239772797,0.13412564992904663,1e-05,0.9921875,410.3688978999853,9513.16259765625
grounded,4236,0.21317841112613678,0.059474602341651917,0.15370380878448486,1e-05,0.984375,410.4653460000409,9513.16259765625
grounded,4237,0.09624484181404114,0.007503848988562822,0.0887409895658493,1e-05,1.0,410.5611883000238,9513.16259765625
grounded,4238,0.26278966665267944,0.059878576546907425,0.20291107892990112,1e-05,0.9921875,410.6565065000905,9513.16259765625
grounded,4239,0.22454912960529327,0.035405680537223816,0.18914344906806946,1e-05,0.9921875,410.7509458999848,9513.16259765625
grounded,4240,0.2634044289588928,0.07390502840280533,0.1894994080066681,1e-05,0.984375,410.84672190004494,9513.16259765625
grounded,4241,0.13901033997535706,0.017357654869556427,0.12165269255638123,1e-05,0.9921875,410.94264020002447,9513.16259765625
grounded,4242,0.3087107539176941,0.1633245348930359,0.1453862339258194,1e-05,0.9609375,411.0380361999851,9513.16259765625
grounded,4243,0.1250157505273819,0.009567485190927982,0.11544826626777649,1e-05,1.0,411.13414069998544,9513.16259765625
grounded,4244,0.21459998190402985,0.02014528401196003,0.19445469975471497,1e-05,0.9921875,411.2295047000516,9513.16259765625
grounded,4245,0.40389543771743774,0.20982050895690918,0.19407491385936737,1e-05,0.984375,411.325219499995,9513.16259765625
grounded,4246,0.12087321281433105,0.004065792076289654,0.11680742353200912,1e-05,1.0,411.42061360005755,9513.16259765625
grounded,4247,0.2441520392894745,0.06484398245811462,0.17930805683135986,1e-05,0.9921875,411.5166737000691,9513.16259765625
grounded,4248,0.11908897757530212,0.026080969721078873,0.09300800412893295,1e-05,0.9921875,411.6126471000025,9513.16259765625
grounded,4249,0.12321019917726517,0.005907736718654633,0.11730246245861053,1e-05,1.0,411.70775320008397,9513.16259765625
grounded,4250,0.09808555245399475,0.008970413357019424,0.08911514282226562,1e-05,1.0,411.8029828000581,9513.16259765625
grounded,4251,0.261724591255188,0.1050274521112442,0.15669715404510498,1e-05,0.984375,411.8999146000715,9513.16259765625
grounded,4252,0.3009416162967682,0.09136991947889328,0.2095716893672943,1e-05,0.9765625,411.99478920002,9513.16259765625
grounded,4253,0.13300912082195282,0.0003088920784648508,0.13270023465156555,1e-05,1.0,412.09183190006297,9513.16259765625
grounded,4254,0.211103618144989,0.06018339842557907,0.15092022716999054,1e-05,0.9921875,412.1875308000017,9513.16259765625
grounded,4255,0.13717591762542725,0.05351290851831436,0.08366300165653229,1e-05,0.984375,412.2829335000133,9513.16259765625
grounded,4256,0.19807155430316925,0.0768948346376419,0.12117671966552734,1e-05,0.984375,412.3782554999925,9513.16259765625
grounded,4257,0.12478376924991608,0.02988344244658947,0.09490032494068146,1e-05,0.984375,412.47442089999095,9513.16259765625
grounded,4258,0.17062892019748688,0.03634457290172577,0.1342843472957611,1e-05,0.984375,412.57111670007,9513.16259765625
grounded,4259,0.1657739281654358,0.0563308447599411,0.10944309085607529,1e-05,0.984375,412.6673809000058,9513.16259765625
grounded,4260,0.20053020119667053,0.04397127032279968,0.15655893087387085,1e-05,0.9921875,412.7629418000579,9513.16259765625
grounded,4261,0.23047730326652527,0.0702625960111618,0.16021470725536346,1e-05,0.9921875,412.8592536000069,9513.16259765625
grounded,4262,0.10748359560966492,0.007405634969472885,0.10007796436548233,1e-05,1.0,412.9550070000114,9513.16259765625
grounded,4263,0.205546036362648,0.030846785753965378,0.17469924688339233,1e-05,0.9921875,413.05139070004225,9513.16259765625
grounded,4264,0.18427622318267822,0.049396686255931854,0.13487954437732697,1e-05,0.984375,413.1467335000634,9513.16259765625
grounded,4265,0.14837512373924255,0.014015701599419117,0.1343594193458557,1e-05,1.0,413.2419172000373,9513.16259765625
grounded,4266,0.23896600306034088,0.09267748892307281,0.14628851413726807,1e-05,0.9765625,413.3372418000363,9513.16259765625
grounded,4267,0.16106611490249634,0.031114548444747925,0.1299515664577484,1e-05,0.9921875,413.43267620005645,9513.16259765625
grounded,4268,0.17469410598278046,0.044758815318346024,0.12993529438972473,1e-05,0.9921875,413.5279026000062,9513.16259765625
grounded,4269,0.11166659742593765,0.0020893863402307034,0.10957720875740051,1e-05,1.0,413.6229227000149,9513.16259765625
grounded,4270,0.17372213304042816,0.01636360213160515,0.15735852718353271,1e-05,1.0,413.7175356000662,9513.16259765625
grounded,4271,0.1434120535850525,0.011319106444716454,0.13209295272827148,1e-05,1.0,413.81208539998624,9513.16259765625
grounded,4272,0.15086902678012848,0.010486623272299767,0.14038240909576416,1e-05,1.0,413.90736339997966,9513.16259765625
grounded,4273,0.19050513207912445,0.038179684430360794,0.15232545137405396,1e-05,0.9921875,414.0035684000468,9513.16259765625
grounded,4274,0.20347483456134796,0.07453106343746185,0.1289437711238861,1e-05,0.9921875,414.09940559999086,9513.16259765625
grounded,4275,0.0935877338051796,0.0020898091606795788,0.09149792790412903,1e-05,1.0,414.1950018000789,9513.16259765625
grounded,4276,0.1804356575012207,0.00481713842600584,0.175618514418602,1e-05,1.0,414.29068360000383,9513.16259765625
grounded,4277,0.13521267473697662,0.005377596709877253,0.1298350840806961,1e-05,1.0,414.3857779999962,9513.16259765625
grounded,4278,0.20587754249572754,0.06574860960245132,0.1401289403438568,1e-05,0.984375,414.48164490005,9513.16259765625
grounded,4279,0.3177124559879303,0.11222869157791138,0.20548376441001892,1e-05,0.984375,414.5770122000249,9513.16259765625
grounded,4280,0.17457807064056396,0.04132919758558273,0.13324886560440063,1e-05,0.984375,414.6722611000296,9513.16259765625
grounded,4281,0.12278001755475998,0.0060508642345666885,0.11672915518283844,1e-05,1.0,414.7666667000158,9513.16259765625
grounded,4282,0.12388867884874344,0.008028514683246613,0.11586016416549683,1e-05,1.0,414.8620215000119,9513.16259765625
grounded,4283,0.1590496152639389,0.03963867947459221,0.119410939514637,1e-05,0.984375,414.9579040000681,9513.16259765625
grounded,4284,0.23262768983840942,0.05275248736143112,0.1798751950263977,1e-05,0.984375,415.05344699998386,9513.16259765625
grounded,4285,0.1917896717786789,0.025679608806967735,0.1661100685596466,1e-05,0.9921875,415.1499789999798,9513.16259765625
grounded,4286,0.13265544176101685,0.01181269995868206,0.12084273993968964,1e-05,1.0,415.244399700081,9513.16259765625
grounded,4287,0.11883403360843658,0.004355291835963726,0.11447874456644058,1e-05,1.0,415.3400296000764,9513.16259765625
grounded,4288,0.20708614587783813,0.03330863267183304,0.1737775057554245,1e-05,0.9765625,415.43566110008396,9513.16259765625
grounded,4289,0.18276256322860718,0.03827734291553497,0.1444852203130722,1e-05,0.984375,415.53122190001886,9513.16259765625
grounded,4290,0.21090874075889587,0.0848621353507042,0.12604659795761108,1e-05,0.9765625,415.6271403999999,9513.16259765625
grounded,4291,0.23908492922782898,0.10460805892944336,0.13447687029838562,1e-05,0.96875,415.72230510006193,9513.16259765625
grounded,4292,0.1494261473417282,0.026424959301948547,0.12300118803977966,1e-05,0.984375,415.8178728000494,9513.16259765625
grounded,4293,0.14187350869178772,0.012861184775829315,0.1290123164653778,1e-05,0.9921875,415.91483340004925,9513.16259765625
grounded,4294,0.13025203347206116,0.003774472512304783,0.12647755444049835,1e-05,1.0,416.0104005000321,9513.16259765625
grounded,4295,0.1173519492149353,0.016359318047761917,0.10099262744188309,1e-05,0.9921875,416.1063165999949,9513.16259765625
grounded,4296,0.18270640075206757,0.01211355160921812,0.17059284448623657,1e-05,1.0,416.2009336000774,9513.16259765625
grounded,4297,0.12382164597511292,0.0056794174015522,0.11814222484827042,1e-05,1.0,416.2970423999941,9513.16259765625
grounded,4298,0.21520470082759857,0.05678044632077217,0.1584242582321167,1e-05,0.9921875,416.3922583999811,9513.16259765625
grounded,4299,0.1690816432237625,0.0703938752412796,0.09868776798248291,1e-05,0.9921875,416.48743330000434,9513.16259765625
grounded,4300,0.11080469191074371,0.00279211881570518,0.10801257193088531,1e-05,1.0,416.5828079000348,9513.16259765625
grounded,4301,0.08161167800426483,0.0009129939135164022,0.08069868385791779,1e-05,1.0,416.67855409998447,9513.16259765625
grounded,4302,0.12454760074615479,0.01731906831264496,0.10722853243350983,1e-05,0.9921875,416.7732569000218,9513.16259765625
grounded,4303,0.1487451046705246,0.0015060139121487737,0.147239089012146,1e-05,1.0,416.86905280000065,9513.16259765625
grounded,4304,0.09619241207838058,0.0068626925349235535,0.08932971954345703,1e-05,1.0,416.96514580002986,9513.16259765625
grounded,4305,0.23251698911190033,0.024071142077445984,0.20844584703445435,1e-05,1.0,417.0602447000565,9513.16259765625
grounded,4306,0.14676433801651,0.014317726716399193,0.13244661688804626,1e-05,0.9921875,417.1560117000481,9513.16259765625
grounded,4307,0.16442237794399261,0.04056927189230919,0.12385310232639313,1e-05,0.9921875,417.25100629997905,9513.16259765625
grounded,4308,0.14100494980812073,0.005124920513480902,0.1358800232410431,1e-05,1.0,417.3459758000681,9513.16259765625
grounded,4309,0.2374299019575119,0.033542782068252563,0.20388711988925934,1e-05,0.984375,417.4418698999798,9513.16259765625
grounded,4310,0.16145464777946472,0.014609966427087784,0.14684468507766724,1e-05,0.9921875,417.5369140000548,9513.16259765625
grounded,4311,0.12538990378379822,0.016112854704260826,0.10927705466747284,1e-05,1.0,417.6314990000101,9513.16259765625
grounded,4312,0.17111870646476746,0.05353927984833717,0.11757943034172058,1e-05,0.984375,417.7266824999824,9513.16259765625
grounded,4313,0.1640227884054184,0.034210581332445145,0.12981221079826355,1e-05,0.9921875,417.8220771000488,9513.16259765625
grounded,4314,0.19875839352607727,0.03518492728471756,0.1635734587907791,1e-05,0.9921875,417.91726130002644,9513.16259765625
grounded,4315,0.2500164210796356,0.1436973512172699,0.10631906986236572,1e-05,0.984375,418.01205290004145,9513.16259765625
grounded,4316,0.18383139371871948,0.07180637121200562,0.11202502995729446,1e-05,0.984375,418.1082661000546,9513.16259765625
grounded,4317,0.30361852049827576,0.11613116413354874,0.18748734891414642,1e-05,0.9609375,418.20349330001045,9513.16259765625
grounded,4318,0.30686718225479126,0.14423532783985138,0.1626318395137787,1e-05,0.96875,418.2986624999903,9513.16259765625
grounded,4319,0.1620599329471588,0.02450954169034958,0.13755038380622864,1e-05,1.0,418.39469830004964,9513.16259765625
grounded,4320,0.1569768786430359,0.00511605478823185,0.1518608182668686,1e-05,1.0,418.49042929999996,9513.16259765625
grounded,4321,0.23519322276115417,0.07788476347923279,0.1573084592819214,1e-05,0.9765625,418.585215200088,9513.16259765625
grounded,4322,0.1720731407403946,0.018563851714134216,0.15350928902626038,1e-05,0.9921875,418.67999710002914,9513.16259765625
grounded,4323,0.16982990503311157,0.0109327407553792,0.15889716148376465,1e-05,1.0,418.7752124000108,9513.16259765625
grounded,4324,0.38144657015800476,0.16021904349327087,0.2212275266647339,1e-05,0.96875,418.8709372000303,9513.16259765625
grounded,4325,0.10366544127464294,0.007351410109549761,0.09631402790546417,1e-05,1.0,418.9660593000008,9513.16259765625
grounded,4326,0.15925699472427368,0.0021811663173139095,0.15707582235336304,1e-05,1.0,419.0621301999781,9513.16259765625
grounded,4327,0.1454608291387558,0.04766739532351494,0.09779343008995056,1e-05,0.9921875,419.15749000001233,9513.16259765625
grounded,4328,0.15327918529510498,0.02583649940788746,0.12744268774986267,1e-05,0.9921875,419.25240320002194,9513.16259765625
grounded,4329,0.25571006536483765,0.08120878785848618,0.17450128495693207,1e-05,0.9765625,419.348086800077,9513.16259765625
grounded,4330,0.15341602265834808,0.048561446368694305,0.10485457628965378,1e-05,0.9921875,419.4437978999922,9513.16259765625
grounded,4331,0.09323687106370926,0.01330556720495224,0.07993130385875702,1e-05,0.9921875,419.5385492000496,9513.16259765625
grounded,4332,0.14302614331245422,0.037138305604457855,0.10588783025741577,1e-05,0.984375,419.6340183999855,9513.16259765625
grounded,4333,0.1855212152004242,0.01174589991569519,0.173775315284729,1e-05,1.0,419.72936330002267,9513.16259765625
grounded,4334,0.13277526199817657,0.006685911677777767,0.12608934938907623,1e-05,1.0,419.8254576000618,9513.16259765625
grounded,4335,0.223617821931839,0.10288442671298981,0.12073339521884918,1e-05,0.9765625,419.9207757000113,9513.16259765625
grounded,4336,0.14692027866840363,0.017251310870051384,0.1296689659357071,1e-05,1.0,420.0166191000026,9513.16259765625
grounded,4337,0.08961890637874603,0.03193124383687973,0.057687658816576004,1e-05,0.984375,420.1137565000681,9513.16259765625
grounded,4338,0.08315202593803406,0.0030248004477471113,0.08012722432613373,1e-05,1.0,420.2084915000014,9513.16259765625
grounded,4339,0.16139943897724152,0.02916002832353115,0.1322394162416458,1e-05,0.9921875,420.30373400007375,9513.16259765625
grounded,4340,0.11409987509250641,0.030555691570043564,0.08354417979717255,1e-05,0.984375,420.39939160004724,9513.16259765625
grounded,4341,0.1652018278837204,0.05637378618121147,0.10882803797721863,1e-05,0.9765625,420.4946794999996,9513.16259765625
grounded,4342,0.12696412205696106,0.04324419051408768,0.08371992409229279,1e-05,0.9765625,420.5897390000755,9513.16259765625
grounded,4343,0.22935721278190613,0.08528298139572144,0.1440742313861847,1e-05,0.9765625,420.68544330005534,9513.16259765625
grounded,4344,0.1813700646162033,0.002700181445106864,0.17866988480091095,1e-05,1.0,420.7805167000042,9513.16259765625
grounded,4345,0.14091700315475464,0.04532327130436897,0.09559373557567596,1e-05,0.9921875,420.87568110006396,9513.16259765625
grounded,4346,0.22993238270282745,0.055153537541627884,0.17477884888648987,1e-05,0.9921875,420.97119329997804,9513.16259765625
grounded,4347,0.12556250393390656,0.019623126834630966,0.10593937337398529,1e-05,0.9921875,421.06736960005946,9513.16259765625
grounded,4348,0.12271690368652344,0.014110948890447617,0.10860595107078552,1e-05,0.9921875,421.163146100007,9513.16259765625
grounded,4349,0.12945438921451569,0.024025809019804,0.10542857646942139,1e-05,0.9921875,421.2589232000755,9513.16259765625
grounded,4350,0.2830326557159424,0.10441694408655167,0.17861570417881012,1e-05,0.96875,421.3546838000184,9513.16259765625
grounded,4351,0.13450582325458527,0.01170231495052576,0.12280350923538208,1e-05,1.0,421.4505231999792,9513.16259765625
grounded,4352,0.1300262212753296,0.02999202162027359,0.1000341922044754,1e-05,0.984375,421.54585550003685,9513.16259765625
grounded,4353,0.11903726309537888,0.04528682678937912,0.07375043630599976,1e-05,0.9921875,421.641310099978,9513.16259765625
grounded,4354,0.13208095729351044,0.0014984526205807924,0.1305825114250183,1e-05,1.0,421.7365256000776,9513.16259765625
grounded,4355,0.30041882395744324,0.15869341790676117,0.14172540605068207,1e-05,0.984375,421.8311223000055,9513.16259765625
grounded,4356,0.31837937235832214,0.1109793409705162,0.20740002393722534,1e-05,0.9765625,421.9273523000302,9513.16259765625
grounded,4357,0.19135598838329315,0.057695165276527405,0.13366082310676575,1e-05,0.9765625,422.0228442000225,9513.16259765625
grounded,4358,0.18378788232803345,0.06095929071307182,0.12282858788967133,1e-05,0.984375,422.1193799000466,9513.16259765625
grounded,4359,0.09088696539402008,0.017850521951913834,0.07303644716739655,1e-05,0.9921875,422.21416470000986,9513.16259765625
grounded,4360,0.25572341680526733,0.10240703821182251,0.15331637859344482,1e-05,0.984375,422.30906350002624,9513.16259765625
grounded,4361,0.16149938106536865,0.03953072428703308,0.12196866422891617,1e-05,0.9921875,422.4048395000864,9513.16259765625
grounded,4362,0.10806115716695786,0.023030078038573265,0.08503107726573944,1e-05,0.984375,422.4997209000867,9513.16259765625
grounded,4363,0.10762278735637665,0.0032589081674814224,0.10436388105154037,1e-05,1.0,422.5949689000845,9513.16259765625
grounded,4364,0.16494828462600708,0.03296641260385513,0.13198187947273254,1e-05,0.9921875,422.6904919000808,9513.16259765625
grounded,4365,0.09742242097854614,0.007062376476824284,0.09036004543304443,1e-05,1.0,422.78523200005293,9513.16259765625
grounded,4366,0.14652059972286224,0.0018526398343965411,0.14466795325279236,1e-05,1.0,422.8807277000742,9513.16259765625
grounded,4367,0.1795354187488556,0.03668896108865738,0.1428464651107788,1e-05,0.9921875,422.9762100999942,9513.16259765625
grounded,4368,0.26086580753326416,0.12046714127063751,0.14039865136146545,1e-05,0.9765625,423.07222690002527,9513.16259765625
grounded,4369,0.09926710277795792,0.0027437866665422916,0.09652331471443176,1e-05,1.0,423.1674043000676,9513.16259765625
grounded,4370,0.10724709928035736,0.034706030040979385,0.07254106551408768,1e-05,0.984375,423.26215169997886,9513.16259765625
grounded,4371,0.10913251340389252,0.032446686178445816,0.076685830950737,1e-05,0.9921875,423.35752010007855,9513.16259765625
grounded,4372,0.15016970038414001,0.035815101116895676,0.11435459554195404,1e-05,0.984375,423.452402700088,9513.16259765625
grounded,4373,0.14568088948726654,0.04930054396390915,0.09638034552335739,1e-05,0.9921875,423.5476347000804,9513.16259765625
grounded,4374,0.14542832970619202,0.021561840549111366,0.1238664835691452,1e-05,0.9921875,423.6430320000509,9513.16259765625
grounded,4375,0.12579259276390076,0.008195252157747746,0.11759734153747559,1e-05,1.0,423.73847099998966,9513.16259765625
grounded,4376,0.09684975445270538,0.015372383408248425,0.08147737383842468,1e-05,1.0,423.8338580999989,9513.16259765625
grounded,4377,0.0813632532954216,0.009511531330645084,0.07185172289609909,1e-05,1.0,423.9299775999971,9513.16259765625
grounded,4378,0.07300318032503128,0.001863594981841743,0.07113958895206451,1e-05,1.0,424.0254268000135,9513.16259765625
grounded,4379,0.14925529062747955,0.004099501296877861,0.14515578746795654,1e-05,1.0,424.1218102000421,9513.16259765625
grounded,4380,0.1150365024805069,0.03250284865498543,0.08253365010023117,1e-05,0.9765625,424.2174422000535,9513.16259765625
grounded,4381,0.11928223818540573,0.007457636762410402,0.11182460188865662,1e-05,1.0,424.31347659998573,9513.16259765625
grounded,4382,0.15109917521476746,0.023068012669682503,0.1280311644077301,1e-05,0.984375,424.4085046000546,9513.16259765625
grounded,4383,0.21296876668930054,0.0434943363070488,0.16947442293167114,1e-05,0.9921875,424.50384150003083,9513.16259765625
grounded,4384,0.13552913069725037,0.04151804372668266,0.0940110832452774,1e-05,0.9921875,424.59926520008594,9513.16259765625
grounded,4385,0.21331293880939484,0.019381241872906685,0.1939316987991333,1e-05,0.9921875,424.6948849000037,9513.16259765625
grounded,4386,0.07183922827243805,0.0019491721177473664,0.06989005953073502,1e-05,1.0,424.78949910006486,9513.16259765625
grounded,4387,0.09086501598358154,0.0011049057357013226,0.08976010978221893,1e-05,1.0,424.8848233000608,9513.16259765625
grounded,4388,0.18398335576057434,0.08344076573848724,0.1005425825715065,1e-05,0.984375,424.98090279998723,9513.16259765625
grounded,4389,0.13485932350158691,0.07396211475133896,0.060897208750247955,1e-05,0.9921875,425.0775433999952,9513.16259765625
grounded,4390,0.07218043506145477,0.0043693725019693375,0.06781106442213058,1e-05,1.0,425.17279520002194,9513.16259765625
grounded,4391,0.11634068936109543,0.007867319509387016,0.10847336798906326,1e-05,1.0,425.2682964000851,9513.16259765625
grounded,4392,0.10739310830831528,0.013339364901185036,0.09405374526977539,1e-05,0.9921875,425.3639068000484,9513.16259765625
grounded,4393,0.18379738926887512,0.03643209487199783,0.14736530184745789,1e-05,0.9765625,425.45881109999027,9513.16259765625
grounded,4394,0.07910126447677612,0.0028625037521123886,0.07623875886201859,1e-05,1.0,425.55413960001897,9513.16259765625
grounded,4395,0.09831538051366806,0.007843725383281708,0.09047165513038635,1e-05,1.0,425.64926920004655,9513.16259765625
grounded,4396,0.07608870416879654,0.009184983558952808,0.06690371781587601,1e-05,0.9921875,425.74415010004304,9513.16259765625
grounded,4397,0.09059732407331467,0.011213724501430988,0.07938359677791595,1e-05,0.9921875,425.8389705000445,9513.16259765625
grounded,4398,0.0860828310251236,0.0157183688133955,0.07036446034908295,1e-05,0.9921875,425.9350336000789,9513.16259765625
grounded,4399,0.1027226448059082,0.0069327098317444324,0.09578993171453476,1e-05,0.9921875,426.0297481000889,9513.16259765625
grounded,4400,0.17770007252693176,0.04376467317342758,0.13393539190292358,1e-05,0.984375,426.12494120001793,9513.16259765625
grounded,4401,0.07797896862030029,0.009155744686722755,0.06882322579622269,1e-05,0.9921875,426.2210030000424,9513.16259765625
grounded,4402,0.0989210456609726,0.0038102937396615744,0.09511075168848038,1e-05,1.0,426.31624130008277,9513.16259765625
grounded,4403,0.12858526408672333,0.03778312727808952,0.0908021330833435,1e-05,0.9921875,426.4116784000071,9513.16259765625
grounded,4404,0.17835450172424316,0.042534224689006805,0.13582028448581696,1e-05,0.9921875,426.50667090003844,9513.16259765625
grounded,4405,0.14749008417129517,0.007234600372612476,0.14025548100471497,1e-05,1.0,426.601939800079,9513.16259765625
grounded,4406,0.09305079281330109,0.008660197257995605,0.08439059555530548,1e-05,1.0,426.69831750006415,9513.16259765625
grounded,4407,0.09979348629713058,0.007761145941913128,0.09203234314918518,1e-05,1.0,426.79324000002816,9513.16259765625
grounded,4408,0.14450617134571075,0.043564096093177795,0.10094207525253296,1e-05,0.9765625,426.88911340001505,9513.16259765625
grounded,4409,0.21141831576824188,0.05743760988116264,0.15398070216178894,1e-05,0.9921875,426.9851452000439,9513.16259765625
grounded,4410,0.13724541664123535,0.03288084268569946,0.10436457395553589,1e-05,0.9921875,427.08033420005813,9513.16259765625
grounded,4411,0.10609731078147888,0.005398689769208431,0.10069862008094788,1e-05,1.0,427.17570939997677,9513.16259765625
grounded,4412,0.1036180630326271,0.023952817544341087,0.07966524362564087,1e-05,0.9921875,427.2729473999934,9513.16259765625
grounded,4413,0.09739801287651062,0.017177192494273186,0.08022081851959229,1e-05,0.9921875,427.3691562000895,9513.16259765625
grounded,4414,0.07065475732088089,0.0018715154146775603,0.068783238530159,1e-05,1.0,427.46428970003035,9513.16259765625
grounded,4415,0.13745830953121185,0.02913563884794712,0.10832266509532928,1e-05,0.9921875,427.55924299999606,9513.16259765625
grounded,4416,0.15633928775787354,0.046479448676109314,0.10985984653234482,1e-05,0.9921875,427.65497949998826,9513.16259765625
grounded,4417,0.2568521499633789,0.11006063967943192,0.1467915028333664,1e-05,0.984375,427.7498218000401,9513.16259765625
grounded,4418,0.14924123883247375,0.031818799674510956,0.1174224466085434,1e-05,0.9921875,427.84550870000385,9513.16259765625
grounded,4419,0.28735682368278503,0.11059421300888062,0.17676261067390442,1e-05,0.9765625,427.94242660002783,9513.16259765625
grounded,4420,0.1890418529510498,0.04495483264327049,0.144087016582489,1e-05,0.9921875,428.03813230001833,9513.16259765625
grounded,4421,0.20034733414649963,0.05891767516732216,0.14142966270446777,1e-05,0.984375,428.13484240008984,9513.16259765625
grounded,4422,0.07512485980987549,0.005090638063848019,0.0700342208147049,1e-05,1.0,428.23141820007004,9513.16259765625
grounded,4423,0.16120249032974243,0.06582413613796234,0.0953783467411995,1e-05,0.984375,428.3276433000574,9513.16259765625
grounded,4424,0.10748008638620377,0.003124051261693239,0.10435603559017181,1e-05,1.0,428.4232902000658,9513.16259765625
grounded,4425,0.14862531423568726,0.03935752436518669,0.10926779359579086,1e-05,0.984375,428.5181212000316,9513.16259765625
grounded,4426,0.09272610396146774,0.005120106041431427,0.08760599792003632,1e-05,1.0,428.6131369000068,9513.16259765625
grounded,4427,0.15733204782009125,0.01221221312880516,0.1451198309659958,1e-05,1.0,428.7078069000272,9513.16259765625
grounded,4428,0.10885727405548096,0.014865280129015446,0.09399199485778809,1e-05,0.9921875,428.80308460001834,9513.16259765625
grounded,4429,0.12637022137641907,0.018665067851543427,0.10770514607429504,1e-05,0.9921875,428.8993878000183,9513.16259765625
grounded,4430,0.21031451225280762,0.054424215108156204,0.1558903008699417,1e-05,0.9921875,428.99459220003337,9513.16259765625
grounded,4431,0.21558845043182373,0.03830959275364876,0.17727886140346527,1e-05,0.9921875,429.0903699999908,9513.16259765625
grounded,4432,0.08713947981595993,0.0063614621758461,0.08077801764011383,1e-05,1.0,429.1855273999972,9513.16259765625
grounded,4433,0.06232861056923866,0.007819448597729206,0.05450916290283203,1e-05,1.0,429.2810639999807,9513.16259765625
grounded,4434,0.08698754757642746,0.012619485147297382,0.07436805963516235,1e-05,0.9921875,429.3767985000741,9513.16259765625
grounded,4435,0.30960118770599365,0.13115194439888,0.17844924330711365,1e-05,0.984375,429.4725249999901,9513.16259765625
grounded,4436,0.09425757825374603,0.01011459156870842,0.08414299041032791,1e-05,1.0,429.56789539998863,9513.16259765625
grounded,4437,0.15316066145896912,0.008176885545253754,0.14498376846313477,1e-05,1.0,429.66279930004384,9513.16259765625
grounded,4438,0.16988785564899445,0.017123090103268623,0.15276476740837097,1e-05,0.9921875,429.757819200051,9513.16259765625
grounded,4439,0.052174367010593414,0.0008286867523565888,0.05134567990899086,1e-05,1.0,429.853114400059,9513.16259765625
grounded,4440,0.0622645728290081,0.0015531990211457014,0.06071137264370918,1e-05,1.0,429.9488824000582,9513.16259765625
grounded,4441,0.08590153604745865,0.009624995291233063,0.07627654075622559,1e-05,1.0,430.04393340006936,9513.16259765625
grounded,4442,0.10264906287193298,0.009195180609822273,0.09345388412475586,1e-05,0.9921875,430.1401578000514,9513.16259765625
grounded,4443,0.12720423936843872,0.03350016474723816,0.09370407462120056,1e-05,0.984375,430.23565510008484,9513.16259765625
grounded,4444,0.08758534491062164,0.009044330567121506,0.07854101806879044,1e-05,1.0,430.3310872000875,9513.16259765625
grounded,4445,0.2701714336872101,0.08676518499851227,0.18340624868869781,1e-05,0.984375,430.4274330000626,9513.16259765625
grounded,4446,0.08357832580804825,0.0024971431121230125,0.08108118176460266,1e-05,1.0,430.52235410001595,9513.16259765625
grounded,4447,0.11024423688650131,0.0018649374833330512,0.1083792969584465,1e-05,1.0,430.6181864000391,9513.16259765625
grounded,4448,0.08861498534679413,0.003898545168340206,0.08471643924713135,1e-05,1.0,430.714605199988,9513.16259765625
grounded,4449,0.10631658136844635,0.030640138313174248,0.07567644119262695,1e-05,0.9921875,430.8106935999822,9513.16259765625
grounded,4450,0.14674457907676697,0.03460923209786415,0.11213535070419312,1e-05,0.984375,430.90697920008097,9513.16259765625
grounded,4451,0.1621311753988266,0.01948719285428524,0.1426439881324768,1e-05,0.984375,431.0033365000272,9513.16259765625
grounded,4452,0.080422043800354,0.0014105206355452538,0.07901152223348618,1e-05,1.0,431.0998154000845,9513.16259765625
grounded,4453,0.10744594037532806,0.01961970515549183,0.08782623708248138,1e-05,0.9921875,431.1955175000476,9513.16259765625
grounded,4454,0.2633386552333832,0.11906404048204422,0.14427462220191956,1e-05,0.984375,431.29175930004567,9513.16259765625
grounded,4455,0.10352414101362228,0.01555321179330349,0.08797092735767365,1e-05,0.9921875,431.38687639997806,9513.16259765625
grounded,4456,0.1018659695982933,0.021501056849956512,0.08036491274833679,1e-05,0.9921875,431.4825184000656,9513.16259765625
grounded,4457,0.2239675372838974,0.03629078343510628,0.18767675757408142,1e-05,0.9921875,431.5778158000903,9513.16259765625
grounded,4458,0.13838614523410797,0.007078241556882858,0.13130789995193481,1e-05,1.0,431.6730140000582,9513.16259765625
grounded,4459,0.17263811826705933,0.04347043111920357,0.12916769087314606,1e-05,0.9921875,431.7682149000466,9513.16259765625
grounded,4460,0.11241583526134491,0.001781070837751031,0.11063476651906967,1e-05,1.0,431.8636316000484,9513.16259765625
grounded,4461,0.18702900409698486,0.07551003992557526,0.1115189716219902,1e-05,0.984375,431.9592633000575,9513.16259765625
grounded,4462,0.11755076795816422,0.016371408477425575,0.10117936134338379,1e-05,1.0,432.0553568000905,9513.16259765625
grounded,4463,0.15941660106182098,0.04914461448788643,0.11027199029922485,1e-05,0.9921875,432.1511746000033,9513.16259765625
grounded,4464,0.11892255395650864,0.03262954205274582,0.08629301190376282,1e-05,0.9921875,432.2466499999864,9513.16259765625
grounded,4465,0.14739173650741577,0.040367286652326584,0.10702444612979889,1e-05,0.984375,432.3426000000909,9513.16259765625
grounded,4466,0.15727943181991577,0.01293465867638588,0.1443447768688202,1e-05,1.0,432.43930470000487,9513.16259765625
grounded,4467,0.1111319363117218,0.021940108388662338,0.08919183164834976,1e-05,0.9921875,432.53430749999825,9513.16259765625
grounded,4468,0.09720072150230408,0.014085173606872559,0.08311554789543152,1e-05,1.0,432.62877830001526,9513.16259765625
grounded,4469,0.056974537670612335,0.0022481889463961124,0.05472634732723236,1e-05,1.0,432.72421830007806,9513.16259765625
grounded,4470,0.13961614668369293,0.02130945585668087,0.11830669641494751,1e-05,0.9921875,432.81956390000414,9513.16259765625
grounded,4471,0.0861952155828476,0.0067829228937625885,0.0794122964143753,1e-05,1.0,432.9156250000233,9513.16259765625
grounded,4472,0.09540797770023346,0.03223757445812225,0.0631704032421112,1e-05,0.9921875,433.0107569000684,9513.16259765625
grounded,4473,0.15524552762508392,0.042164936661720276,0.11308059096336365,1e-05,0.984375,433.10700750001706,9513.16259765625
grounded,4474,0.08993847668170929,0.021537141874432564,0.06840133666992188,1e-05,1.0,433.2027372000739,9513.16259765625
grounded,4475,0.11300384998321533,0.01186811551451683,0.1011357307434082,1e-05,1.0,433.29769380006474,9513.16259765625
grounded,4476,0.09368936717510223,0.014547523111104965,0.07914184778928757,1e-05,0.9921875,433.39323410007637,9513.16259765625
grounded,4477,0.1579292118549347,0.04829917848110199,0.1096300333738327,1e-05,0.9921875,433.4892600000603,9513.16259765625
grounded,4478,0.14157164096832275,0.021222345530986786,0.12034928798675537,1e-05,0.9921875,433.58403780008666,9513.16259765625
grounded,4479,0.12439382076263428,0.016689224168658257,0.10770459473133087,1e-05,0.9921875,433.67944209999405,9513.16259765625
grounded,4480,0.1356891244649887,0.009616862051188946,0.1260722577571869,1e-05,0.9921875,433.77467850001995,9513.16259765625
grounded,4481,0.2195267677307129,0.07068099081516266,0.14884577691555023,1e-05,0.9921875,433.8703566000331,9513.16259765625
grounded,4482,0.09069877862930298,0.007977880537509918,0.08272089809179306,1e-05,1.0,433.9667584000854,9513.16259765625
grounded,4483,0.06138728931546211,0.00011850927694467828,0.06126878038048744,1e-05,1.0,434.06176770001184,9513.16259765625
grounded,4484,0.1651526689529419,0.07753448933362961,0.08761817216873169,1e-05,0.984375,434.15772150002886,9513.16259765625
grounded,4485,0.22157061100006104,0.04773443192243576,0.17383618652820587,1e-05,0.984375,434.2534274000209,9513.16259765625
grounded,4486,0.09620046615600586,0.012581301853060722,0.08361916244029999,1e-05,0.9921875,434.3481961999787,9513.16259765625
grounded,4487,0.10556741058826447,0.013788742013275623,0.09177866578102112,1e-05,1.0,434.4443089000415,9513.16259765625
grounded,4488,0.09648584574460983,0.006440750323235989,0.09004509449005127,1e-05,1.0,434.5386569000548,9513.16259765625
grounded,4489,0.1916034072637558,0.030865147709846497,0.1607382595539093,1e-05,0.9921875,434.6340665000025,9513.16259765625
grounded,4490,0.07444100826978683,0.003251400776207447,0.07118960469961166,1e-05,1.0,434.72941330005415,9513.16259765625
grounded,4491,0.09516515582799911,0.0033705781679600477,0.09179458022117615,1e-05,1.0,434.8246654000832,9513.16259765625
grounded,4492,0.15427587926387787,0.03468751907348633,0.11958836019039154,1e-05,0.9921875,434.92057299998123,9513.16259765625
grounded,4493,0.08680429309606552,0.0035758251324295998,0.0832284688949585,1e-05,1.0,435.0160074000014,9513.16259765625
grounded,4494,0.16869834065437317,0.0275367833673954,0.14116156101226807,1e-05,0.9921875,435.11235720000695,9513.16259765625
grounded,4495,0.0821399912238121,0.037729229778051376,0.04441076144576073,1e-05,0.9921875,435.20718280004803,9513.16259765625
grounded,4496,0.09964165091514587,0.009365977719426155,0.09027567505836487,1e-05,1.0,435.3021485999925,9513.16259765625
grounded,4497,0.12074975669384003,0.011200920678675175,0.10954883694648743,1e-05,1.0,435.3977900000755,9513.16259765625
grounded,4498,0.22436264157295227,0.07648280262947083,0.14787983894348145,1e-05,0.984375,435.49350560002495,9513.16259765625
grounded,4499,0.06412238627672195,0.014173668809235096,0.049948714673519135,1e-05,0.9921875,435.58817670005374,9513.16259765625
grounded,4500,0.07975507527589798,0.002607426606118679,0.07714764773845673,1e-05,1.0,435.68386009999085,9513.16259765625
grounded,4501,0.1875198632478714,0.07231874763965607,0.11520111560821533,1e-05,0.9921875,436.0972034999868,9513.16259765625
grounded,4502,0.09634016454219818,0.027291927486658096,0.06904823333024979,1e-05,0.984375,436.1933169000549,9513.16259765625
grounded,4503,0.13601697981357574,0.0026552288327366114,0.13336175680160522,1e-05,1.0,436.2892035000259,9513.16259765625
grounded,4504,0.13462799787521362,0.028058500960469246,0.10656949877738953,1e-05,0.9921875,436.38527570001315,9513.16259765625
grounded,4505,0.09261546283960342,0.004062359221279621,0.08855310082435608,1e-05,1.0,436.48225360002834,9513.16259765625
grounded,4506,0.08741026371717453,0.003149585798382759,0.08426067978143692,1e-05,1.0,436.57908499997575,9513.16259765625
grounded,4507,0.07881798595190048,0.01130848377943039,0.06750950217247009,1e-05,1.0,436.67588380002417,9513.16259765625
grounded,4508,0.06311051547527313,0.0007605132996104658,0.06235000118613243,1e-05,1.0,436.7716957000084,9513.16259765625
grounded,4509,0.09595933556556702,0.028056692332029343,0.06790263950824738,1e-05,1.0,436.8665358000435,9513.16259765625
grounded,4510,0.0887027382850647,0.04642824828624725,0.042274486273527145,1e-05,0.9921875,436.9626262000529,9513.16259765625
grounded,4511,0.07133633643388748,0.0009293265175074339,0.07040701061487198,1e-05,1.0,437.05869660002645,9513.16259765625
grounded,4512,0.08159207552671432,0.015430544503033161,0.06616152822971344,1e-05,1.0,437.1547225000104,9513.16259765625
grounded,4513,0.07910749316215515,0.0006263090181164443,0.07848118245601654,1e-05,1.0,437.2501828999957,9513.16259765625
grounded,4514,0.14651601016521454,0.039401229470968246,0.107114776968956,1e-05,0.9921875,437.3445665000472,9513.16259765625
grounded,4515,0.08951769024133682,0.0049788858741521835,0.08453880250453949,1e-05,1.0,437.44046379998326,9513.16259765625
grounded,4516,0.10182975977659225,0.0026661872398108244,0.09916356950998306,1e-05,1.0,437.535303200013,9513.16259765625
grounded,4517,0.212354838848114,0.03723128139972687,0.17512355744838715,1e-05,0.9921875,437.6308061000891,9513.16259765625
grounded,4518,0.20302565395832062,0.0676584392786026,0.13536721467971802,1e-05,0.96875,437.7256829000544,9513.16259765625
grounded,4519,0.10466597229242325,0.03704989701509476,0.06761607527732849,1e-05,0.9921875,437.8203111999901,9513.16259765625
grounded,4520,0.179258331656456,0.049399033188819885,0.1298592984676361,1e-05,0.984375,437.9165414000163,9513.16259765625
grounded,4521,0.20569062232971191,0.04826709255576134,0.15742352604866028,1e-05,0.9921875,438.0117216000799,9513.16259765625
grounded,4522,0.07898028194904327,0.009000808000564575,0.0699794739484787,1e-05,0.9921875,438.1076832000399,9513.16259765625
grounded,4523,0.16207358241081238,0.05533263459801674,0.10674095153808594,1e-05,0.984375,438.20368110004347,9513.16259765625
grounded,4524,0.1234118640422821,0.02896992489695549,0.09444193542003632,1e-05,0.984375,438.29911929997616,9513.16259765625
grounded,4525,0.11241036653518677,0.03677324950695038,0.07563711702823639,1e-05,0.984375,438.39407470007427,9513.16259765625
grounded,4526,0.11228784918785095,0.02430178038775921,0.0879860669374466,1e-05,0.984375,438.49010799999814,9513.16259765625
grounded,4527,0.10818341374397278,0.014109980314970016,0.09407342970371246,1e-05,0.9921875,438.58494880003855,9513.16259765625
grounded,4528,0.07510708272457123,0.0029741250909864902,0.07213295996189117,1e-05,1.0,438.68009719997644,9513.16259765625
grounded,4529,0.1558205634355545,0.038521911948919296,0.11729864776134491,1e-05,0.9921875,438.7745831999928,9513.16259765625
grounded,4530,0.08740455657243729,0.010415114462375641,0.07698944211006165,1e-05,1.0,438.86988880007993,9513.16259765625
grounded,4531,0.08307342231273651,0.00030813764897175133,0.08276528120040894,1e-05,1.0,438.9660411999794,9513.16259765625
grounded,4532,0.11864867806434631,0.012919929809868336,0.10572874546051025,1e-05,0.9921875,439.06142689997796,9513.16259765625
grounded,4533,0.14967432618141174,0.053658872842788696,0.09601544588804245,1e-05,0.984375,439.1568639000179,9513.16259765625
grounded,4534,0.0983971506357193,0.014898386783897877,0.0834987610578537,1e-05,0.9921875,439.25211320002563,9513.16259765625
grounded,4535,0.1658637970685959,0.03862670063972473,0.12723709642887115,1e-05,0.9921875,439.3469112000894,9513.16259765625
grounded,4536,0.12675268948078156,0.046069491654634476,0.08068319410085678,1e-05,0.984375,439.44274760002736,9513.16259765625
grounded,4537,0.14418475329875946,0.010944003239274025,0.13324074447155,1e-05,0.9921875,439.5379026000155,9513.16259765625
grounded,4538,0.11820273101329803,0.03201880678534508,0.08618392050266266,1e-05,0.984375,439.6331409000559,9513.16259765625
grounded,4539,0.12529078125953674,0.048406388610601425,0.07688438892364502,1e-05,0.984375,439.7279520999873,9513.16259765625
grounded,4540,0.06032125651836395,0.0009949043160304427,0.059326350688934326,1e-05,1.0,439.8228900000686,9513.16259765625
grounded,4541,0.20133709907531738,0.03905663639307022,0.16228047013282776,1e-05,0.9921875,439.91902550007217,9513.16259765625
grounded,4542,0.08765482902526855,0.013816047459840775,0.07383878529071808,1e-05,0.9921875,440.01416670007166,9513.16259765625
grounded,4543,0.2665022015571594,0.11759978532791138,0.14890243113040924,1e-05,0.984375,440.11065789998975,9513.16259765625
grounded,4544,0.15687289834022522,0.06629685312509537,0.09057603776454926,1e-05,0.9921875,440.2072771000676,9513.16259765625
grounded,4545,0.1891602724790573,0.0420038066804409,0.1471564620733261,1e-05,0.9921875,440.3042947000358,9513.16259765625
grounded,4546,0.13831393420696259,0.03225307539105415,0.10606086254119873,1e-05,0.9921875,440.4000657000579,9513.16259765625
grounded,4547,0.08289951086044312,0.015832964330911636,0.06706655025482178,1e-05,0.9921875,440.4962043000851,9513.16259765625
grounded,4548,0.10068310797214508,0.010293612256646156,0.09038949757814407,1e-05,1.0,440.59158120001666,9513.16259765625
grounded,4549,0.1705946922302246,0.014051340520381927,0.15654334425926208,1e-05,1.0,440.6869562000502,9513.16259765625
grounded,4550,0.0735807791352272,0.0011119128903374076,0.07246886938810349,1e-05,1.0,440.78161130007356,9513.16259765625
grounded,4551,0.0958859920501709,0.0017192085506394506,0.09416678547859192,1e-05,1.0,440.8779836000176,9513.16259765625
grounded,4552,0.11639586091041565,0.0394357405602932,0.07696012407541275,1e-05,0.984375,440.97335340001155,9513.16259765625
grounded,4553,0.1148356944322586,0.0455554760992527,0.0692802146077156,1e-05,0.9921875,441.0696812000824,9513.16259765625
grounded,4554,0.16499289870262146,0.04148887097835541,0.12350402027368546,1e-05,0.984375,441.1655818000436,9513.16259765625
grounded,4555,0.1060945987701416,0.0012622626964002848,0.10483233630657196,1e-05,1.0,441.26113440003246,9513.16259765625
grounded,4556,0.0877428948879242,0.014498978853225708,0.07324391603469849,1e-05,1.0,441.35599309997633,9513.16259765625
grounded,4557,0.08643773198127747,0.002861771732568741,0.08357596397399902,1e-05,1.0,441.4522451000521,9513.16259765625
grounded,4558,0.13013668358325958,0.046715542674064636,0.08342114090919495,1e-05,0.9765625,441.5476440000348,9513.16259765625
grounded,4559,0.1592419445514679,0.034188590943813324,0.12505334615707397,1e-05,0.984375,441.643272300018,9513.16259765625
grounded,4560,0.07987109571695328,0.004470715299248695,0.07540038228034973,1e-05,1.0,441.7379444000544,9513.16259765625
grounded,4561,0.1775396764278412,0.046748191118240356,0.13079148530960083,1e-05,0.9921875,441.8334529000567,9513.16259765625
grounded,4562,0.1129399836063385,0.023689348250627518,0.08925063908100128,1e-05,0.984375,441.92942790000234,9513.16259765625
grounded,4563,0.12679585814476013,0.03339694067835808,0.09339891374111176,1e-05,0.984375,442.0240828000242,9513.16259765625
grounded,4564,0.09561268985271454,0.002149570267647505,0.09346312284469604,1e-05,1.0,442.12074460007716,9513.16259765625
grounded,4565,0.12873506546020508,0.04133031144738197,0.0874047577381134,1e-05,0.9921875,442.21624980005436,9513.16259765625
grounded,4566,0.08404981344938278,0.0019526754040271044,0.0820971354842186,1e-05,1.0,442.3113790000789,9513.16259765625
grounded,4567,0.15722611546516418,0.01544296182692051,0.14178314805030823,1e-05,0.9921875,442.4081491000252,9513.16259765625
grounded,4568,0.20280903577804565,0.05754175782203674,0.1452672779560089,1e-05,0.984375,442.5041855000891,9513.16259765625
grounded,4569,0.07482431083917618,0.007965252734720707,0.06685905903577805,1e-05,1.0,442.59900490008295,9513.16259765625
grounded,4570,0.16269829869270325,0.057214874774217606,0.10548342764377594,1e-05,0.9921875,442.6935951000778,9513.16259765625
grounded,4571,0.07552649080753326,0.0029782666824758053,0.07254822552204132,1e-05,1.0,442.78935320000164,9513.16259765625
grounded,4572,0.05077904090285301,0.0020503662526607513,0.04872867465019226,1e-05,1.0,442.88507670001127,9513.16259765625
grounded,4573,0.06919801235198975,0.007256189826875925,0.06194182485342026,1e-05,1.0,442.9805606000591,9513.16259765625
grounded,4574,0.12272096425294876,0.020764775574207306,0.10195618867874146,1e-05,0.9921875,443.07755310006905,9513.16259765625
grounded,4575,0.11284364759922028,0.004063977859914303,0.1087796688079834,1e-05,1.0,443.17352299997583,9513.16259765625
grounded,4576,0.10322034358978271,0.03281989321112633,0.07040044665336609,1e-05,0.9921875,443.26936560007744,9513.16259765625
grounded,4577,0.10928867757320404,0.006945062428712845,0.1023436188697815,1e-05,1.0,443.36407930008136,9513.16259765625
grounded,4578,0.10864928364753723,0.042526714503765106,0.06612256914377213,1e-05,0.984375,443.4602163999807,9513.16259765625
grounded,4579,0.12065569311380386,0.0008440520032308996,0.11981163918972015,1e-05,1.0,443.5555928000249,9513.16259765625
grounded,4580,0.08321993052959442,0.006832861341536045,0.07638707011938095,1e-05,1.0,443.6501749000745,9513.16259765625
grounded,4581,0.06287279725074768,0.0205963384360075,0.04227645695209503,1e-05,0.9921875,443.74499090004247,9513.16259765625
grounded,4582,0.10466961562633514,0.05210033431649208,0.052569277584552765,1e-05,0.9921875,443.8399465000257,9513.16259765625
grounded,4583,0.10003315657377243,0.004703836049884558,0.09532932192087173,1e-05,1.0,443.93538670009,9513.16259765625
grounded,4584,0.06525993347167969,0.0019603269174695015,0.06329960376024246,1e-05,1.0,444.0303180000046,9513.16259765625
grounded,4585,0.1691082864999771,0.019888874143362045,0.14921940863132477,1e-05,0.9921875,444.12620170006994,9513.16259765625
grounded,4586,0.08035025745630264,0.00972577091306448,0.07062448561191559,1e-05,0.9921875,444.22147560003214,9513.16259765625
grounded,4587,0.10384872555732727,0.03794807568192482,0.06590064615011215,1e-05,0.9921875,444.3169071000302,9513.16259765625
grounded,4588,0.19543319940567017,0.052187785506248474,0.1432454138994217,1e-05,0.9921875,444.4136046000058,9513.16259765625
grounded,4589,0.08856745064258575,0.004455997608602047,0.08411145210266113,1e-05,1.0,444.50977850006893,9513.16259765625
grounded,4590,0.12352606654167175,0.024398770183324814,0.09912729263305664,1e-05,1.0,444.6038753000321,9513.16259765625
grounded,4591,0.14672419428825378,0.0434134267270565,0.10331077128648758,1e-05,0.984375,444.7010537000606,9513.16259765625
grounded,4592,0.12165500223636627,0.055156346410512924,0.06649865210056305,1e-05,0.9921875,444.7974199000746,9513.16259765625
grounded,4593,0.09229789674282074,0.0018904234748333693,0.09040747582912445,1e-05,1.0,444.89292450004723,9513.16259765625
grounded,4594,0.10272684693336487,0.0020516328513622284,0.10067521035671234,1e-05,1.0,444.9885979000246,9513.16259765625
grounded,4595,0.07609211653470993,0.008757857605814934,0.06733425706624985,1e-05,1.0,445.0842809000751,9513.16259765625
grounded,4596,0.09758032858371735,0.03675992041826248,0.060820404440164566,1e-05,0.9921875,445.1798044000752,9513.16259765625
grounded,4597,0.12762996554374695,0.01919238269329071,0.10843757539987564,1e-05,0.9921875,445.27490900002886,9513.16259765625
grounded,4598,0.08048252016305923,0.011124891228973866,0.06935762614011765,1e-05,0.9921875,445.3698690000456,9513.16259765625
grounded,4599,0.08020569384098053,0.015177017077803612,0.06502867490053177,1e-05,0.9921875,445.46638070000336,9513.16259765625
grounded,4600,0.1549561321735382,0.046333253383636475,0.10862287133932114,1e-05,0.984375,445.5618535000831,9513.16259765625
grounded,4601,0.079170823097229,0.002523526782169938,0.07664729654788971,1e-05,1.0,445.6571879000403,9513.16259765625
grounded,4602,0.11000066250562668,0.0010386917274445295,0.10896196961402893,1e-05,1.0,445.7525329000782,9513.16259765625
grounded,4603,0.11281047761440277,0.009859698824584484,0.10295078158378601,1e-05,1.0,445.8474048000062,9513.16259765625
grounded,4604,0.16248464584350586,0.05490114539861679,0.10758349299430847,1e-05,0.984375,445.94284440006595,9513.16259765625
grounded,4605,0.1711822748184204,0.07680012285709381,0.0943821519613266,1e-05,0.984375,446.0385686000809,9513.16259765625
grounded,4606,0.08725789189338684,0.0013425461947917938,0.08591534197330475,1e-05,1.0,446.1353253000416,9513.16259765625
grounded,4607,0.09056424349546432,0.012564064003527164,0.07800018042325974,1e-05,1.0,446.2307251000311,9513.16259765625
grounded,4608,0.07544150948524475,0.011243250221014023,0.06419825553894043,1e-05,1.0,446.3256147999782,9513.16259765625
grounded,4609,0.09800874441862106,0.035941075533628464,0.0620676688849926,1e-05,0.9921875,446.42176360008307,9513.16259765625
grounded,4610,0.10917441546916962,0.012780728749930859,0.09639368951320648,1e-05,0.9921875,446.51800949999597,9513.16259765625
grounded,4611,0.07986368983983994,0.0007231186609715223,0.0791405737400055,1e-05,1.0,446.6121302000247,9513.16259765625
grounded,4612,0.10686938464641571,0.0335925929248333,0.07327678799629211,1e-05,0.9921875,446.7072760000592,9513.16259765625
grounded,4613,0.1082642450928688,0.01653364859521389,0.09173059463500977,1e-05,1.0,446.80251559999306,9513.16259765625
grounded,4614,0.10887839645147324,0.009933016262948513,0.09894537925720215,1e-05,1.0,446.8977808000054,9513.16259765625
grounded,4615,0.08986964821815491,0.002915365854278207,0.0869542807340622,1e-05,1.0,446.9933975000167,9513.16259765625
grounded,4616,0.1032538115978241,0.028327105566859245,0.0749267041683197,1e-05,0.9921875,447.0896715000272,9513.16259765625
grounded,4617,0.08452145755290985,0.0072021884843707085,0.07731927186250687,1e-05,1.0,447.1854558000341,9513.16259765625
grounded,4618,0.17219296097755432,0.020818594843149185,0.15137436985969543,1e-05,0.9921875,447.28088430000935,9513.16259765625
grounded,4619,0.11026452481746674,0.02431328035891056,0.08595124632120132,1e-05,0.9921875,447.3754733999958,9513.16259765625
grounded,4620,0.1715313196182251,0.03331334516406059,0.1382179707288742,1e-05,0.9921875,447.4713968000142,9513.16259765625
grounded,4621,0.1739462912082672,0.04383189231157303,0.13011440634727478,1e-05,0.9921875,447.5665347999893,9513.16259765625
grounded,4622,0.06172734126448631,0.009659625589847565,0.05206771567463875,1e-05,0.9921875,447.66152369999327,9513.16259765625
grounded,4623,0.052264414727687836,0.002416625153273344,0.049847789108753204,1e-05,1.0,447.75697980006225,9513.16259765625
grounded,4624,0.06129840761423111,0.001957336673513055,0.05934106931090355,1e-05,1.0,447.8522341999924,9513.16259765625
grounded,4625,0.10907988995313644,0.004838625900447369,0.1042412668466568,1e-05,1.0,447.94791330001317,9513.16259765625
grounded,4626,0.11522240191698074,0.024290217086672783,0.09093218296766281,1e-05,0.9921875,448.04437690007035,9513.16259765625
grounded,4627,0.08449000865221024,0.009260077960789204,0.07522992789745331,1e-05,0.9921875,448.1406770000467,9513.16259765625
grounded,4628,0.11170052736997604,0.046496376395225525,0.06520415097475052,1e-05,0.9921875,448.23583770007826,9513.16259765625
grounded,4629,0.0906805694103241,0.002831367077305913,0.0878491997718811,1e-05,1.0,448.33049740002025,9513.16259765625
grounded,4630,0.09693191200494766,0.012177402153611183,0.08475451171398163,1e-05,1.0,448.4263649000786,9513.16259765625
grounded,4631,0.1367264837026596,0.08400198817253113,0.05272449553012848,1e-05,0.984375,448.5231641000137,9513.16259765625
grounded,4632,0.16300395131111145,0.06652899831533432,0.09647494554519653,1e-05,0.984375,448.6178796000313,9513.16259765625
grounded,4633,0.08495134115219116,0.03579781576991081,0.04915352165699005,1e-05,0.984375,448.7134976000525,9513.16259765625
grounded,4634,0.05633779615163803,0.016739586368203163,0.03959820792078972,1e-05,0.9921875,448.8096030000597,9513.16259765625
grounded,4635,0.12051163613796234,0.02378258854150772,0.09672904759645462,1e-05,0.9921875,448.90564370003995,9513.16259765625
grounded,4636,0.08933540433645248,0.014418886043131351,0.07491651922464371,1e-05,1.0,449.0017706999788,9513.16259765625
grounded,4637,0.08628895878791809,0.019325407221913338,0.0669635534286499,1e-05,1.0,449.0977842999855,9513.16259765625
grounded,4638,0.12507818639278412,0.028491562232375145,0.09658662974834442,1e-05,0.984375,449.1935343000805,9513.16259765625
grounded,4639,0.08229727298021317,0.0016915107844397426,0.08060576021671295,1e-05,1.0,449.28899510006886,9513.16259765625
grounded,4640,0.0938933864235878,0.0006307923467829823,0.09326259046792984,1e-05,1.0,449.3846621999983,9513.16259765625
grounded,4641,0.10137199610471725,0.02247656136751175,0.0788954347372055,1e-05,1.0,449.4813349000178,9513.16259765625
grounded,4642,0.1274043768644333,0.031744588166475296,0.09565979242324829,1e-05,0.9921875,449.57643880008254,9513.16259765625
grounded,4643,0.13834093511104584,0.056385934352874756,0.08195500075817108,1e-05,0.9921875,449.6710766000906,9513.16259765625
grounded,4644,0.0811847373843193,0.003541653510183096,0.07764308154582977,1e-05,1.0,449.7663958000485,9513.16259765625
grounded,4645,0.09630350023508072,0.0032700865995138884,0.09303341060876846,1e-05,1.0,449.86139730003197,9513.16259765625
grounded,4646,0.11696595698595047,0.006287953816354275,0.11067800223827362,1e-05,1.0,449.9573259000899,9513.16259765625
grounded,4647,0.12380656599998474,0.01359807513654232,0.11020848900079727,1e-05,0.9921875,450.05355830001645,9513.16259765625
grounded,4648,0.10285624116659164,0.00868829246610403,0.09416794776916504,1e-05,1.0,450.14923290000297,9513.16259765625
grounded,4649,0.13590672612190247,0.01128026656806469,0.12462646514177322,1e-05,1.0,450.24407530005556,9513.16259765625
grounded,4650,0.08363937586545944,0.004281408619135618,0.07935796678066254,1e-05,1.0,450.33977090008557,9513.16259765625
grounded,4651,0.09488329291343689,0.001732545206323266,0.09315074980258942,1e-05,1.0,450.4365346999839,9513.16259765625
grounded,4652,0.07637999206781387,0.0020903954282402992,0.07428959757089615,1e-05,1.0,450.5319556000177,9513.16259765625
grounded,4653,0.08820585906505585,0.007099903654307127,0.08110595494508743,1e-05,1.0,450.6263166000135,9513.16259765625
grounded,4654,0.09983353316783905,0.0034740245901048183,0.0963595062494278,1e-05,1.0,450.72098350001033,9513.16259765625
grounded,4655,0.09806407243013382,0.011661594733595848,0.08640247583389282,1e-05,1.0,450.81608580006287,9513.16259765625
grounded,4656,0.07899101823568344,0.004513194318860769,0.07447782158851624,1e-05,1.0,450.91122310003266,9513.16259765625
grounded,4657,0.089316226541996,0.03619175776839256,0.05312446877360344,1e-05,0.984375,451.00707140006125,9513.16259765625
grounded,4658,0.0903196930885315,0.005444193724542856,0.08487550169229507,1e-05,1.0,451.10347800003365,9513.16259765625
grounded,4659,0.10055810213088989,0.0012964415363967419,0.09926166385412216,1e-05,1.0,451.1985903000459,9513.16259765625
grounded,4660,0.08246965706348419,0.011942397803068161,0.07052725553512573,1e-05,0.9921875,451.29366540000774,9513.16259765625
grounded,4661,0.11475233733654022,0.006138773635029793,0.10861356556415558,1e-05,1.0,451.38970900001004,9513.16259765625
grounded,4662,0.09422846883535385,0.017548903822898865,0.07667956501245499,1e-05,0.9921875,451.48566150001716,9513.16259765625
grounded,4663,0.13889363408088684,0.06178600341081619,0.07710762321949005,1e-05,0.9921875,451.58033800008707,9513.16259765625
grounded,4664,0.13430273532867432,0.010856055654585361,0.12344667315483093,1e-05,1.0,451.6753005000064,9513.16259765625
grounded,4665,0.1542624682188034,0.05099673196673393,0.10326573252677917,1e-05,0.9921875,451.7702608000254,9513.16259765625
grounded,4666,0.14626461267471313,0.006406163331121206,0.1398584544658661,1e-05,1.0,451.865050900029,9513.16259765625
grounded,4667,0.09637994319200516,0.007192065007984638,0.0891878753900528,1e-05,1.0,451.96114130003843,9513.16259765625
grounded,4668,0.15189829468727112,0.07117027789354324,0.08072801679372787,1e-05,0.984375,452.05710149998777,9513.16259765625
grounded,4669,0.13112151622772217,0.045999884605407715,0.08512163907289505,1e-05,0.984375,452.1525593000697,9513.16259765625
grounded,4670,0.1559707522392273,0.05831582099199295,0.09765492379665375,1e-05,0.984375,452.24722010002006,9513.16259765625
grounded,4671,0.07273969799280167,0.019876353442668915,0.05286334455013275,1e-05,0.9921875,452.3427601000294,9513.16259765625
grounded,4672,0.15267111361026764,0.029124349355697632,0.12354676425457001,1e-05,0.9921875,452.43862530007027,9513.16259765625
grounded,4673,0.13060741126537323,0.06399593502283096,0.06661147624254227,1e-05,0.9765625,452.53381280007306,9513.16259765625
grounded,4674,0.06489505618810654,0.004864457529038191,0.06003059819340706,1e-05,1.0,452.6296474999981,9513.16259765625
grounded,4675,0.14319461584091187,0.005596212111413479,0.1375984102487564,1e-05,1.0,452.72565240005497,9513.16259765625
grounded,4676,0.0642050951719284,0.0075350794941186905,0.056670017540454865,1e-05,1.0,452.8204029999906,9513.16259765625
grounded,4677,0.1168929859995842,0.04490852355957031,0.07198446244001389,1e-05,0.9921875,452.9164671000326,9513.16259765625
grounded,4678,0.12210606038570404,0.025006670504808426,0.09709939360618591,1e-05,0.9921875,453.012192800059,9513.16259765625
grounded,4679,0.08537539839744568,0.007515393663197756,0.07786000519990921,1e-05,1.0,453.10746810003184,9513.16259765625
grounded,4680,0.10772465914487839,0.024663100019097328,0.08306156098842621,1e-05,0.9921875,453.2028704000404,9513.16259765625
grounded,4681,0.18318066000938416,0.09214513748884201,0.09103551506996155,1e-05,0.9921875,453.29885650007054,9513.16259765625
grounded,4682,0.2411191761493683,0.10453464090824127,0.13658453524112701,1e-05,0.9765625,453.3949069000082,9513.16259765625
grounded,4683,0.1158401295542717,0.025364503264427185,0.09047562628984451,1e-05,0.9921875,453.49034450005274,9513.16259765625
grounded,4684,0.09811142832040787,0.0020365207456052303,0.0960749089717865,1e-05,1.0,453.5857300000498,9513.16259765625
grounded,4685,0.13128700852394104,0.004936073441058397,0.12635093927383423,1e-05,1.0,453.68015010003,9513.16259765625
grounded,4686,0.09405282139778137,0.011388936080038548,0.0826638862490654,1e-05,0.9921875,453.77454630006105,9513.16259765625
grounded,4687,0.07739564776420593,0.005486185196787119,0.07190946489572525,1e-05,1.0,453.86961480008904,9513.16259765625
grounded,4688,0.1184534877538681,0.0005494552897289395,0.11790402978658676,1e-05,1.0,453.96608550008386,9513.16259765625
grounded,4689,0.24118927121162415,0.06339449435472488,0.17779476940631866,1e-05,0.9921875,454.06144369998947,9513.16259765625
grounded,4690,0.06140977889299393,0.010481199249625206,0.05092858150601387,1e-05,0.9921875,454.15793370001484,9513.16259765625
grounded,4691,0.0959647074341774,0.02384190261363983,0.07212280482053757,1e-05,0.9921875,454.25383160007186,9513.16259765625
grounded,4692,0.07685598731040955,0.000507801363710314,0.0763481855392456,1e-05,1.0,454.34944570006337,9513.16259765625
grounded,4693,0.10467257350683212,0.02633674442768097,0.07833582907915115,1e-05,0.984375,454.4453159000259,9513.16259765625
grounded,4694,0.07302072644233704,0.00044522027019411325,0.07257550954818726,1e-05,1.0,454.5414845000487,9513.16259765625
grounded,4695,0.10049104690551758,0.037521328777074814,0.06296972185373306,1e-05,0.9921875,454.63657010009047,9513.16259765625
grounded,4696,0.20004479587078094,0.03802730515599251,0.16201749444007874,1e-05,0.9921875,454.73148800001945,9513.16259765625
grounded,4697,0.04652228206396103,0.00020554475486278534,0.046316735446453094,1e-05,1.0,454.82620410004165,9513.16259765625
grounded,4698,0.07877621054649353,0.002164862584322691,0.07661134749650955,1e-05,1.0,454.9217599000549,9513.16259765625
grounded,4699,0.08987905085086823,0.00042696428135968745,0.08945208787918091,1e-05,1.0,455.017422700068,9513.16259765625
grounded,4700,0.08291636407375336,0.011419849470257759,0.07149651646614075,1e-05,0.9921875,455.1132041000528,9513.16259765625
grounded,4701,0.08819018304347992,0.001421642955392599,0.08676853775978088,1e-05,1.0,455.20957130007446,9513.16259765625
grounded,4702,0.10469552874565125,0.003831159556284547,0.10086436569690704,1e-05,1.0,455.30566230008844,9513.16259765625
grounded,4703,0.10777077823877335,0.0034391297958791256,0.10433164983987808,1e-05,1.0,455.4009650000371,9513.16259765625
grounded,4704,0.09651917219161987,0.017759572714567184,0.07875959575176239,1e-05,0.9921875,455.49730210006237,9513.16259765625
grounded,4705,0.1112605482339859,0.020849183201789856,0.09041136503219604,1e-05,0.9921875,455.59288630005904,9513.16259765625
grounded,4706,0.09270184487104416,0.0003973575367126614,0.09230449050664902,1e-05,1.0,455.68708130007144,9513.16259765625
grounded,4707,0.13063713908195496,0.03660796210169792,0.09402918070554733,1e-05,0.984375,455.782753800042,9513.16259765625
grounded,4708,0.11408659815788269,0.012268786318600178,0.10181780904531479,1e-05,1.0,455.87856620003004,9513.16259765625
grounded,4709,0.10610055923461914,0.010423809289932251,0.09567674994468689,1e-05,0.9921875,455.9744175000815,9513.16259765625
grounded,4710,0.1329449564218521,0.05659535527229309,0.07634960114955902,1e-05,0.984375,456.0698492000811,9513.16259765625
grounded,4711,0.04636504501104355,0.0011294502764940262,0.04523559659719467,1e-05,1.0,456.16568640002515,9513.16259765625
grounded,4712,0.13312721252441406,0.039634328335523605,0.09349288046360016,1e-05,0.984375,456.261489000055,9513.16259765625
grounded,4713,0.09538889676332474,0.0005725625669583678,0.09481633454561234,1e-05,1.0,456.35648850002326,9513.16259765625
grounded,4714,0.0737389400601387,0.007195896003395319,0.06654304265975952,1e-05,1.0,456.45241470006295,9513.16259765625
grounded,4715,0.12875977158546448,0.0314834788441658,0.09727629274129868,1e-05,0.9921875,456.54799830005504,9513.16259765625
grounded,4716,0.09903953224420547,0.007237067446112633,0.09180246293544769,1e-05,1.0,456.64279200008605,9513.16259765625
grounded,4717,0.13016174733638763,0.025471670553088188,0.1046900823712349,1e-05,0.9921875,456.738263700041,9513.16259765625
grounded,4718,0.06443344056606293,0.0021955508273094893,0.06223789229989052,1e-05,1.0,456.83387450000737,9513.16259765625
grounded,4719,0.09381230175495148,0.0029338342137634754,0.09087846428155899,1e-05,1.0,456.92947029997595,9513.16259765625
grounded,4720,0.1494213491678238,0.02856057696044445,0.12086077034473419,1e-05,0.9921875,457.02637440001126,9513.16259765625
grounded,4721,0.12079876661300659,0.010830611921846867,0.1099681556224823,1e-05,1.0,457.1226396000711,9513.16259765625
grounded,4722,0.09364230930805206,0.013180279172956944,0.0804620310664177,1e-05,0.9921875,457.2179575000191,9513.16259765625
grounded,4723,0.09627655148506165,0.030569706112146378,0.06570684164762497,1e-05,0.9921875,457.3136249000672,9513.16259765625
grounded,4724,0.11843241751194,0.00658411206677556,0.11184830218553543,1e-05,0.9921875,457.40903820004314,9513.16259765625
grounded,4725,0.09398116171360016,0.012347277253866196,0.08163388073444366,1e-05,0.9921875,457.5049506999785,9513.16259765625
grounded,4726,0.1050536036491394,0.007294016424566507,0.09775958955287933,1e-05,1.0,457.601566700032,9513.16259765625
grounded,4727,0.08082617074251175,0.007131015416234732,0.07369515299797058,1e-05,1.0,457.6961044999771,9513.16259765625
grounded,4728,0.14341378211975098,0.05811261385679245,0.08530116081237793,1e-05,0.984375,457.7914430000819,9513.16259765625
grounded,4729,0.1199643686413765,0.026346512138843536,0.09361785650253296,1e-05,0.984375,457.88734240003396,9513.16259765625
grounded,4730,0.07113276422023773,0.00030307655106298625,0.07082968950271606,1e-05,1.0,457.98348180006724,9513.16259765625
grounded,4731,0.11158036440610886,0.006268956232815981,0.10531140863895416,1e-05,1.0,458.078931700089,9513.16259765625
grounded,4732,0.10465757548809052,0.032430969178676605,0.07222660630941391,1e-05,0.9921875,458.17379720008466,9513.16259765625
grounded,4733,0.05680040270090103,0.003560128388926387,0.053240273147821426,1e-05,1.0,458.26882610004395,9513.16259765625
grounded,4734,0.10562051087617874,0.010977158322930336,0.09464335441589355,1e-05,1.0,458.3646300000837,9513.16259765625
grounded,4735,0.07823435217142105,0.007218924816697836,0.07101542502641678,1e-05,1.0,458.46036330005154,9513.16259765625
grounded,4736,0.05122143402695656,0.0027547096833586693,0.048466723412275314,1e-05,1.0,458.55623280000873,9513.16259765625
grounded,4737,0.06417157500982285,0.00115734594874084,0.06301423162221909,1e-05,1.0,458.65085049998015,9513.16259765625
grounded,4738,0.061904631555080414,0.0029324181377887726,0.05897221341729164,1e-05,1.0,458.74546750006266,9513.16259765625
grounded,4739,0.08438529074192047,0.0009269542060792446,0.08345833420753479,1e-05,1.0,458.840853300062,9513.16259765625
grounded,4740,0.1130990982055664,0.002320004627108574,0.11077909171581268,1e-05,1.0,458.93679609999526,9513.16259765625
grounded,4741,0.0695081353187561,0.0043699853122234344,0.06513814628124237,1e-05,1.0,459.03222779999487,9513.16259765625
grounded,4742,0.1509566456079483,0.04356003925204277,0.10739660263061523,1e-05,0.9921875,459.12800909997895,9513.16259765625
grounded,4743,0.0652863085269928,0.01747077889740467,0.047815531492233276,1e-05,0.9921875,459.2226371000288,9513.16259765625
grounded,4744,0.1299450397491455,0.012855920009315014,0.11708912253379822,1e-05,0.9921875,459.31824390008114,9513.16259765625
grounded,4745,0.09937196224927902,0.0019124012906104326,0.09745956212282181,1e-05,1.0,459.4135093999794,9513.16259765625
grounded,4746,0.04838351905345917,0.0002521785208955407,0.04813133925199509,1e-05,1.0,459.5095172000583,9513.16259765625
grounded,4747,0.06385774910449982,0.022035319358110428,0.04182243347167969,1e-05,0.9921875,459.604655800038,9513.16259765625
grounded,4748,0.0976996049284935,0.0009070569067262113,0.0967925488948822,1e-05,1.0,459.698960000067,9513.16259765625
grounded,4749,0.054504819214344025,0.005259441211819649,0.049245379865169525,1e-05,1.0,459.7940525000449,9513.16259765625
grounded,4750,0.09957471489906311,0.024195540696382523,0.07537917792797089,1e-05,0.9921875,459.88953460007906,9513.16259765625
grounded,4751,0.13237592577934265,0.03225361183285713,0.10012231022119522,1e-05,0.9921875,459.9861967000179,9513.16259765625
grounded,4752,0.0563342422246933,0.002619379200041294,0.05371486395597458,1e-05,1.0,460.0817554000532,9513.16259765625
grounded,4753,0.042475324124097824,0.0007856178563088179,0.04168970510363579,1e-05,1.0,460.1776632000692,9513.16259765625
grounded,4754,0.11611834168434143,0.013086249120533466,0.10303208976984024,1e-05,0.9921875,460.2726057000691,9513.16259765625
grounded,4755,0.1524159163236618,0.010545363649725914,0.14187055826187134,1e-05,0.9921875,460.3673248999985,9513.16259765625
grounded,4756,0.09803928434848785,0.021457035094499588,0.07658225297927856,1e-05,0.9921875,460.4636006000219,9513.16259765625
grounded,4757,0.10008302330970764,0.007567788008600473,0.0925152376294136,1e-05,0.9921875,460.55877110001165,9513.16259765625
grounded,4758,0.1510186791419983,0.06779517978429794,0.08322350680828094,1e-05,0.984375,460.6534772000741,9513.16259765625
grounded,4759,0.17600449919700623,0.08722243458032608,0.08878205716609955,1e-05,0.984375,460.7485698000528,9513.16259765625
grounded,4760,0.21591168642044067,0.0550718829035759,0.16083979606628418,1e-05,0.984375,460.84478190005757,9513.16259765625
grounded,4761,0.16225600242614746,0.050482239574193954,0.1117737665772438,1e-05,0.984375,460.9402552000247,9513.16259765625
grounded,4762,0.10130337625741959,0.012502983212471008,0.08880039304494858,1e-05,0.9921875,461.0355124999769,9513.16259765625
grounded,4763,0.06633872538805008,0.0013685472076758742,0.06497018039226532,1e-05,1.0,461.1331845000386,9513.16259765625
grounded,4764,0.11227162927389145,0.017328793182969093,0.0949428379535675,1e-05,0.9921875,461.2292484000791,9513.16259765625
grounded,4765,0.11978825181722641,0.04073882848024368,0.07904942333698273,1e-05,0.9921875,461.3245696000522,9513.16259765625
grounded,4766,0.08507004380226135,0.0008396952180191875,0.08423034846782684,1e-05,1.0,461.42005339998286,9513.16259765625
grounded,4767,0.14216306805610657,0.035525426268577576,0.10663764178752899,1e-05,0.984375,461.51581760006957,9513.16259765625
grounded,4768,0.20973753929138184,0.08613717555999756,0.12360035628080368,1e-05,0.9765625,461.6111396000488,9513.16259765625
grounded,4769,0.11179351806640625,0.030759351328015327,0.08103416860103607,1e-05,0.984375,461.7056562000653,9513.16259765625
grounded,4770,0.06420515477657318,0.011650756001472473,0.052554402500391006,1e-05,1.0,461.80057830002625,9513.16259765625
grounded,4771,0.17189159989356995,0.05641825497150421,0.11547334492206573,1e-05,0.9921875,461.8959540000651,9513.16259765625
grounded,4772,0.08293598890304565,0.005545951891690493,0.07739003747701645,1e-05,1.0,461.9918310000794,9513.16259765625
grounded,4773,0.205245241522789,0.07453744113445282,0.13070780038833618,1e-05,0.984375,462.08857800008263,9513.16259765625
grounded,4774,0.06284722685813904,0.010912429541349411,0.051934801042079926,1e-05,1.0,462.1840113999788,9513.16259765625
grounded,4775,0.12376739829778671,0.050635069608688354,0.07313232868909836,1e-05,0.984375,462.27876980009023,9513.16259765625
grounded,4776,0.15792223811149597,0.045492880046367645,0.11242935061454773,1e-05,0.984375,462.3737277999753,9513.16259765625
grounded,4777,0.13561555743217468,0.017473315820097923,0.11814224720001221,1e-05,0.9921875,462.46980090008583,9513.16259765625
grounded,4778,0.14658120274543762,0.0019703961443156004,0.14461080729961395,1e-05,1.0,462.56566459999885,9513.16259765625
grounded,4779,0.07122547179460526,0.0016885609365999699,0.06953690946102142,1e-05,1.0,462.6607493000338,9513.16259765625
grounded,4780,0.06369730085134506,0.003292169887572527,0.06040513142943382,1e-05,1.0,462.7556402999908,9513.16259765625
grounded,4781,0.09672943502664566,0.0017295818543061614,0.09499984979629517,1e-05,1.0,462.8514190000715,9513.16259765625
grounded,4782,0.16662271320819855,0.037567127496004105,0.12905558943748474,1e-05,0.9921875,462.9473314000061,9513.16259765625
grounded,4783,0.11898406594991684,0.022671140730381012,0.09631292521953583,1e-05,0.9921875,463.04362760006916,9513.16259765625
grounded,4784,0.15708258748054504,0.06196112185716629,0.09512147307395935,1e-05,0.96875,463.1397285000421,9513.16259765625
grounded,4785,0.04635637253522873,0.001725848764181137,0.04463052377104759,1e-05,1.0,463.2351347000804,9513.16259765625
grounded,4786,0.05313758924603462,0.001927856937982142,0.05120973289012909,1e-05,1.0,463.33008400001563,9513.16259765625
grounded,4787,0.1153748631477356,0.023868190124630928,0.09150667488574982,1e-05,0.9921875,463.4260506000137,9513.16259765625
grounded,4788,0.09643656760454178,0.007860950194299221,0.08857561647891998,1e-05,1.0,463.5217389999889,9513.16259765625
grounded,4789,0.20326074957847595,0.12328647822141647,0.07997427135705948,1e-05,0.984375,463.6163032000186,9513.16259765625
grounded,4790,0.12749645113945007,0.022333448752760887,0.10516300797462463,1e-05,0.9921875,463.71065020002425,9513.16259765625
grounded,4791,0.07433124631643295,0.004632900469005108,0.06969834864139557,1e-05,1.0,463.80602470005397,9513.16259765625
grounded,4792,0.0654323622584343,0.0071770669892430305,0.05825529247522354,1e-05,1.0,463.9009334000293,9513.16259765625
grounded,4793,0.06660033762454987,0.0011381511576473713,0.06546218693256378,1e-05,1.0,463.9967232000781,9513.16259765625
grounded,4794,0.1789768487215042,0.02471284009516239,0.15426400303840637,1e-05,0.9921875,464.0928619999904,9513.16259765625
grounded,4795,0.0887894257903099,0.003053106367588043,0.08573631942272186,1e-05,1.0,464.1887639000779,9513.16259765625
grounded,4796,0.07169771194458008,0.009447375312447548,0.06225033849477768,1e-05,1.0,464.2836544000311,9513.16259765625
grounded,4797,0.2022334337234497,0.09866371005773544,0.10356971621513367,1e-05,0.984375,464.37967559997924,9513.16259765625
grounded,4798,0.19620190560817719,0.06049446389079094,0.13570743799209595,1e-05,0.984375,464.47554870008025,9513.16259765625
grounded,4799,0.10369612276554108,0.018872901797294617,0.08482322096824646,1e-05,0.9921875,464.57034470001236,9513.16259765625
grounded,4800,0.05107870697975159,0.0034819599241018295,0.04759674519300461,1e-05,1.0,464.66551429999527,9513.16259765625
grounded,4801,0.06698166579008102,0.0002731012646108866,0.06670856475830078,1e-05,1.0,464.7604353000643,9513.16259765625
grounded,4802,0.16939133405685425,0.05122823640704155,0.1181630939245224,1e-05,0.9921875,464.8553964000894,9513.16259765625
grounded,4803,0.11084164679050446,0.008516042493283749,0.10232560336589813,1e-05,0.9921875,464.95143640006427,9513.16259765625
grounded,4804,0.09737560898065567,0.002333754440769553,0.09504185616970062,1e-05,1.0,465.04729580006097,9513.16259765625
grounded,4805,0.07725207507610321,0.003539256751537323,0.07371281832456589,1e-05,1.0,465.14397540001664,9513.16259765625
grounded,4806,0.057884581387043,0.0018300265073776245,0.056054554879665375,1e-05,1.0,465.239894600003,9513.16259765625
grounded,4807,0.16498377919197083,0.055310122668743134,0.10967366397380829,1e-05,0.984375,465.33543490001466,9513.16259765625
grounded,4808,0.30871421098709106,0.11305248737335205,0.19566170871257782,1e-05,0.96875,465.4304593000561,9513.16259765625
grounded,4809,0.05368362367153168,0.0006916202255524695,0.05299200490117073,1e-05,1.0,465.5271772000706,9513.16259765625
grounded,4810,0.07566662132740021,0.020480584353208542,0.05518603324890137,1e-05,0.9921875,465.6222007999895,9513.16259765625
grounded,4811,0.060774169862270355,0.015112215653061867,0.04566195234656334,1e-05,0.9921875,465.7167265000753,9513.16259765625
grounded,4812,0.11743760108947754,0.053894903510808945,0.0635426938533783,1e-05,0.9921875,465.811913200072,9513.16259765625
grounded,4813,0.08379894495010376,0.028110064566135406,0.05568888038396835,1e-05,0.9921875,465.906837800052,9513.16259765625
grounded,4814,0.06761172413825989,0.020138263702392578,0.04747346043586731,1e-05,0.9921875,466.00217059999704,9513.16259765625
grounded,4815,0.13487210869789124,0.01429520919919014,0.1205768957734108,1e-05,0.9921875,466.0981864000205,9513.16259765625
grounded,4816,0.04886279255151749,0.001129913842305541,0.0477328784763813,1e-05,1.0,466.19366069999523,9513.16259765625
grounded,4817,0.13532505929470062,0.0331711620092392,0.10215389728546143,1e-05,0.9921875,466.2887301000301,9513.16259765625
grounded,4818,0.130221426486969,0.041300561279058456,0.08892086893320084,1e-05,0.984375,466.38418589998037,9513.16259765625
grounded,4819,0.08260270953178406,0.008286598138511181,0.0743161141872406,1e-05,1.0,466.47996979998425,9513.16259765625
grounded,4820,0.08069920539855957,0.006282704416662455,0.07441650331020355,1e-05,1.0,466.5746879000217,9513.16259765625
grounded,4821,0.18733057379722595,0.05145847424864769,0.13587209582328796,1e-05,0.984375,466.67036760004703,9513.16259765625
grounded,4822,0.1070021539926529,0.00999520905315876,0.09700694680213928,1e-05,1.0,466.7644166999962,9513.16259765625
grounded,4823,0.06851295381784439,0.009916255250573158,0.05859670042991638,1e-05,0.9921875,466.859191800002,9513.16259765625
grounded,4824,0.08687126636505127,0.0011998279951512814,0.08567143976688385,1e-05,1.0,466.95466659998056,9513.16259765625
grounded,4825,0.11877528578042984,0.025222882628440857,0.09355240315198898,1e-05,0.984375,467.0513440000359,9513.16259765625
grounded,4826,0.08217605948448181,0.04830971732735634,0.033866338431835175,1e-05,0.9765625,467.1467986999778,9513.16259765625
grounded,4827,0.08038850873708725,0.016564061865210533,0.06382444500923157,1e-05,0.9921875,467.24222490005195,9513.16259765625
grounded,4828,0.08134941011667252,0.017744310200214386,0.06360509991645813,1e-05,0.9921875,467.33747320005205,9513.16259765625
grounded,4829,0.12360730767250061,0.022823411971330643,0.10078389942646027,1e-05,0.9921875,467.43352890003007,9513.16259765625
grounded,4830,0.042955510318279266,0.008187143132090569,0.03476836532354355,1e-05,0.9921875,467.5289877000032,9513.16259765625
grounded,4831,0.15731626749038696,0.06805375218391418,0.08926251530647278,1e-05,0.984375,467.62416260002647,9513.16259765625
grounded,4832,0.040359027683734894,0.0002511717611923814,0.040107857435941696,1e-05,1.0,467.71867540001404,9513.16259765625
grounded,4833,0.11852008104324341,0.020107794553041458,0.09841229021549225,1e-05,0.9921875,467.8130583000602,9513.16259765625
grounded,4834,0.0484967865049839,0.002305724425241351,0.04619106277823448,1e-05,1.0,467.9085747000063,9513.16259765625
grounded,4835,0.08202043175697327,0.005657900590449572,0.07636252790689468,1e-05,1.0,468.0046136000892,9513.16259765625
grounded,4836,0.14077228307724,0.03901047259569168,0.1017618179321289,1e-05,0.9921875,468.1009182999842,9513.16259765625
grounded,4837,0.0922568291425705,0.018594376742839813,0.07366245239973068,1e-05,0.9921875,468.19589710002765,9513.16259765625
grounded,4838,0.09379548579454422,0.0046182190999388695,0.08917726576328278,1e-05,1.0,468.29214869998395,9513.16259765625
grounded,4839,0.08744748681783676,0.0030354023911058903,0.08441208302974701,1e-05,1.0,468.38812840008177,9513.16259765625
grounded,4840,0.06168755516409874,0.0011803307570517063,0.06050722301006317,1e-05,1.0,468.4836604000302,9513.16259765625
grounded,4841,0.11593295633792877,0.032358571887016296,0.08357438445091248,1e-05,0.9921875,468.5786469000159,9513.16259765625
grounded,4842,0.07253505289554596,0.0029362731147557497,0.06959877908229828,1e-05,1.0,468.6745200000005,9513.16259765625
grounded,4843,0.1256658136844635,0.03991078957915306,0.08575502038002014,1e-05,0.9921875,468.76869589998387,9513.16259765625
grounded,4844,0.11949347704648972,0.030181830748915672,0.0893116444349289,1e-05,0.9921875,468.86414900003,9513.16259765625
grounded,4845,0.07831095904111862,0.0024106577038764954,0.07590030133724213,1e-05,1.0,468.96013140003197,9513.16259765625
grounded,4846,0.08921042084693909,0.004999813623726368,0.084210604429245,1e-05,1.0,469.0566319000209,9513.16259765625
grounded,4847,0.05850379541516304,0.002286713570356369,0.05621708184480667,1e-05,1.0,469.1525202000048,9513.16259765625
grounded,4848,0.05139382183551788,0.0009879167191684246,0.05040590465068817,1e-05,1.0,469.2478397000814,9513.16259765625
grounded,4849,0.05332238972187042,9.310316090704873e-05,0.05322928726673126,1e-05,1.0,469.3445195000386,9513.16259765625
grounded,4850,0.13739611208438873,0.013195001520216465,0.12420110404491425,1e-05,1.0,469.44123640004545,9513.16259765625
grounded,4851,0.04781468212604523,0.00044550729217007756,0.04736917465925217,1e-05,1.0,469.53774210007396,9513.16259765625
grounded,4852,0.04960913211107254,0.004647830501198769,0.04496130347251892,1e-05,1.0,469.6333904999774,9513.16259765625
grounded,4853,0.0743715912103653,0.008867350406944752,0.06550423800945282,1e-05,1.0,469.7281507999869,9513.16259765625
grounded,4854,0.06614016741514206,0.008321129716932774,0.05781903490424156,1e-05,0.9921875,469.8228776999749,9513.16259765625
grounded,4855,0.0811244323849678,0.005219332408159971,0.07590509951114655,1e-05,1.0,469.917953300057,9513.16259765625
grounded,4856,0.07106110453605652,0.007675893604755402,0.06338521093130112,1e-05,1.0,470.01412479998544,9513.16259765625
grounded,4857,0.0598163977265358,0.0011265717912465334,0.05868982523679733,1e-05,1.0,470.1102016000077,9513.16259765625
grounded,4858,0.05825364217162132,0.00712778652086854,0.05112585425376892,1e-05,1.0,470.205131100025,9513.16259765625
grounded,4859,0.08595874905586243,0.013120187446475029,0.07283855974674225,1e-05,0.9921875,470.30066419998184,9513.16259765625
grounded,4860,0.12697112560272217,0.01018682960420847,0.11678429692983627,1e-05,0.9921875,470.3966854000464,9513.16259765625
grounded,4861,0.04537201300263405,0.0007375296554528177,0.04463448375463486,1e-05,1.0,470.4923617000459,9513.16259765625
grounded,4862,0.09922321140766144,0.01109742745757103,0.0881257876753807,1e-05,1.0,470.58721710008103,9513.16259765625
grounded,4863,0.061373934149742126,0.00023000786313787103,0.06114392727613449,1e-05,1.0,470.6829218000639,9513.16259765625
grounded,4864,0.10446839034557343,0.03625427186489105,0.06821411848068237,1e-05,0.9921875,470.7770486000227,9513.16259765625
grounded,4865,0.06226831674575806,0.005606636870652437,0.05666168034076691,1e-05,1.0,470.8722766999854,9513.16259765625
grounded,4866,0.06264504790306091,0.009095294401049614,0.05354975163936615,1e-05,1.0,470.9688188000582,9513.16259765625
grounded,4867,0.05135231837630272,0.007382964249700308,0.04396935552358627,1e-05,1.0,471.06615309999324,9513.16259765625
grounded,4868,0.09649614989757538,0.009195231832563877,0.08730091899633408,1e-05,0.9921875,471.16193180007394,9513.16259765625
grounded,4869,0.0865577831864357,0.016489917412400246,0.0700678676366806,1e-05,0.9921875,471.2584598000394,9513.16259765625
grounded,4870,0.044858142733573914,0.0016938286134973168,0.04316431283950806,1e-05,1.0,471.3558150000172,9513.16259765625
grounded,4871,0.07705692201852798,0.0019765859469771385,0.07508033514022827,1e-05,1.0,471.451438600081,9513.16259765625
grounded,4872,0.05182284489274025,0.002062698360532522,0.04976014792919159,1e-05,1.0,471.5472773000365,9513.16259765625
grounded,4873,0.06527873128652573,0.0006114455172792077,0.06466728448867798,1e-05,1.0,471.6428654000629,9513.16259765625
grounded,4874,0.05704671889543533,0.006784990429878235,0.0502617284655571,1e-05,1.0,471.73771560005844,9513.16259765625
grounded,4875,0.09992367774248123,0.029605234041810036,0.07031844556331635,1e-05,0.9921875,471.83228700002655,9513.16259765625
grounded,4876,0.06857562065124512,0.01490603294223547,0.05366959050297737,1e-05,0.9921875,471.9280922000762,9513.16259765625
grounded,4877,0.0630655363202095,0.0041025434620678425,0.05896299332380295,1e-05,1.0,472.02331209997647,9513.16259765625
grounded,4878,0.093146912753582,0.00994349829852581,0.08320341259241104,1e-05,1.0,472.11959200003184,9513.16259765625
grounded,4879,0.04826429858803749,0.001319471513852477,0.04694482684135437,1e-05,1.0,472.21518260007724,9513.16259765625
grounded,4880,0.08052975684404373,0.018367262557148933,0.06216249242424965,1e-05,1.0,472.3100387000013,9513.16259765625
grounded,4881,0.06038087606430054,0.0014517251402139664,0.05892915278673172,1e-05,1.0,472.4049849000294,9513.16259765625
grounded,4882,0.15884214639663696,0.05889526754617691,0.09994687139987946,1e-05,0.984375,472.5005861000391,9513.16259765625
grounded,4883,0.07518719881772995,0.008052998222410679,0.06713420152664185,1e-05,1.0,472.59648330009077,9513.16259765625
grounded,4884,0.05991027504205704,0.006564890965819359,0.05334538593888283,1e-05,1.0,472.69121000007726,9513.16259765625
grounded,4885,0.07916378229856491,0.0017543097492307425,0.07740947604179382,1e-05,1.0,472.78748599998653,9513.16259765625
grounded,4886,0.13721385598182678,0.012098855338990688,0.12511500716209412,1e-05,1.0,472.8829967000056,9513.16259765625
grounded,4887,0.07804574072360992,0.008731662295758724,0.06931407749652863,1e-05,1.0,472.97893780004233,9513.16259765625
grounded,4888,0.055823735892772675,0.003285821992903948,0.052537914365530014,1e-05,1.0,473.07585939997807,9513.16259765625
grounded,4889,0.09245943278074265,0.010751551948487759,0.08170787990093231,1e-05,0.9921875,473.17208260006737,9513.16259765625
grounded,4890,0.07417751848697662,0.01862674579024315,0.05555077642202377,1e-05,0.9921875,473.2677448000759,9513.16259765625
grounded,4891,0.06479421257972717,0.0015952426474541426,0.06319896876811981,1e-05,1.0,473.3634968000697,9513.16259765625
grounded,4892,0.14291983842849731,0.03930015489459038,0.10361967980861664,1e-05,0.9921875,473.45995140005834,9513.16259765625
grounded,4893,0.16847309470176697,0.05183912441134453,0.11663396656513214,1e-05,0.9921875,473.5555199000519,9513.16259765625
grounded,4894,0.08074875175952911,0.008550819009542465,0.07219793647527695,1e-05,0.9921875,473.6506395000033,9513.16259765625
grounded,4895,0.06223775073885918,0.000782547052949667,0.06145520508289337,1e-05,1.0,473.7452609000029,9513.16259765625
grounded,4896,0.22037345170974731,0.11071130633354187,0.10966214537620544,1e-05,0.9765625,473.83960609999485,9513.16259765625
grounded,4897,0.09856601059436798,0.0017553397919982672,0.09681066870689392,1e-05,1.0,473.93486010003835,9513.16259765625
grounded,4898,0.04606937617063522,0.0005882620462216437,0.0454811155796051,1e-05,1.0,474.0307199000381,9513.16259765625
grounded,4899,0.10993398725986481,0.012786909937858582,0.09714707732200623,1e-05,0.9921875,474.1260510000866,9513.16259765625
grounded,4900,0.08779077976942062,0.001037636655382812,0.08675314486026764,1e-05,1.0,474.2214944000589,9513.16259765625
grounded,4901,0.12207107990980148,0.0360177606344223,0.08605331927537918,1e-05,0.9921875,474.3180505000055,9513.16259765625
grounded,4902,0.08435036242008209,0.037855979055166245,0.04649437963962555,1e-05,0.9921875,474.4132079000119,9513.16259765625
grounded,4903,0.08403171598911285,0.016546839848160744,0.06748487800359726,1e-05,0.9921875,474.50884420005605,9513.16259765625
grounded,4904,0.08550923317670822,0.006221537012606859,0.07928769290447235,1e-05,1.0,474.6046709000366,9513.16259765625
grounded,4905,0.039225734770298004,0.0025424000341445208,0.0366833359003067,1e-05,1.0,474.69983180006966,9513.16259765625
grounded,4906,0.07181674987077713,0.0018377122469246387,0.06997903436422348,1e-05,1.0,474.7938885000767,9513.16259765625
grounded,4907,0.036461662501096725,0.001074302475899458,0.03538735955953598,1e-05,1.0,474.8891009000363,9513.16259765625
grounded,4908,0.1096632331609726,0.0032167162280529737,0.1064465194940567,1e-05,1.0,474.98505400004797,9513.16259765625
grounded,4909,0.03487513214349747,0.0005343864904716611,0.0343407467007637,1e-05,1.0,475.0815471999813,9513.16259765625
grounded,4910,0.053143128752708435,0.008588755503296852,0.04455437511205673,1e-05,1.0,475.17698009999003,9513.16259765625
grounded,4911,0.10107141733169556,0.00012290547601878643,0.1009485125541687,1e-05,1.0,475.2722889999859,9513.16259765625
grounded,4912,0.04620260000228882,0.0004127821302972734,0.045789819210767746,1e-05,1.0,475.3675795000745,9513.16259765625
grounded,4913,0.11643485724925995,0.004681427963078022,0.1117534264922142,1e-05,1.0,475.462737700087,9513.16259765625
grounded,4914,0.09867136180400848,0.022314773872494698,0.07635658979415894,1e-05,1.0,475.5585862000007,9513.16259765625
grounded,4915,0.14305353164672852,0.03881692886352539,0.10423661023378372,1e-05,0.9921875,475.6539074999746,9513.16259765625
grounded,4916,0.0748535618185997,0.020547276362776756,0.054306283593177795,1e-05,0.9921875,475.748442400014,9513.16259765625
grounded,4917,0.04856656864285469,0.002506268210709095,0.04606030136346817,1e-05,1.0,475.84310609998647,9513.16259765625
grounded,4918,0.12949667870998383,0.015571309253573418,0.11392537504434586,1e-05,0.9921875,475.93840930005535,9513.16259765625
grounded,4919,0.06722504645586014,0.0014550130581483245,0.06577003002166748,1e-05,1.0,476.0339817000786,9513.16259765625
grounded,4920,0.08060995489358902,0.013613397255539894,0.06699655950069427,1e-05,0.9921875,476.12949830002617,9513.16259765625
grounded,4921,0.060888998210430145,0.005698280408978462,0.05519071966409683,1e-05,1.0,476.2251623000484,9513.16259765625
grounded,4922,0.06431324034929276,0.005697040818631649,0.05861619859933853,1e-05,1.0,476.32039030001033,9513.16259765625
grounded,4923,0.09318610280752182,0.0031499257311224937,0.09003617614507675,1e-05,1.0,476.4152073999867,9513.16259765625
grounded,4924,0.06285122036933899,0.029394052922725677,0.03345716372132301,1e-05,0.984375,476.51093830005266,9513.16259765625
grounded,4925,0.10747682303190231,0.03863631188869476,0.06884051114320755,1e-05,0.984375,476.6063541000476,9513.16259765625
grounded,4926,0.052693452686071396,0.0009089183295145631,0.05178453400731087,1e-05,1.0,476.70098229998257,9513.16259765625
grounded,4927,0.07637278735637665,0.0013777344720438123,0.07499505579471588,1e-05,1.0,476.79583150008693,9513.16259765625
grounded,4928,0.08932380378246307,0.004511785693466663,0.08481201529502869,1e-05,1.0,476.891456100042,9513.16259765625
grounded,4929,0.042592864483594894,0.005581696052104235,0.03701116889715195,1e-05,1.0,476.9868854000233,9513.16259765625
grounded,4930,0.04929189756512642,0.005065913312137127,0.04422598332166672,1e-05,1.0,477.0836788000306,9513.16259765625
grounded,4931,0.11423051357269287,0.04495854303240776,0.06927196681499481,1e-05,0.9921875,477.17945170006715,9513.16259765625
grounded,4932,0.07823152095079422,0.0010158221703022718,0.07721570134162903,1e-05,1.0,477.27662900008727,9513.16259765625
grounded,4933,0.06338702887296677,0.002123821759596467,0.061263203620910645,1e-05,1.0,477.37189639999997,9513.16259765625
grounded,4934,0.13353078067302704,0.023497967049479485,0.110032819211483,1e-05,1.0,477.46801900002174,9513.16259765625
grounded,4935,0.10035181790590286,0.026162849739193916,0.0741889700293541,1e-05,0.9921875,477.56523930002004,9513.16259765625
grounded,4936,0.0759136825799942,0.0014481223188340664,0.0744655579328537,1e-05,1.0,477.6607231000671,9513.16259765625
grounded,4937,0.046523820608854294,0.005028117913752794,0.04149570316076279,1e-05,1.0,477.75685930007603,9513.16259765625
grounded,4938,0.08649412542581558,0.00404260354116559,0.08245152235031128,1e-05,1.0,477.851689800038,9513.16259765625
grounded,4939,0.03696659579873085,0.0015669516287744045,0.03539964556694031,1e-05,1.0,477.9468377000885,9513.16259765625
grounded,4940,0.05853107571601868,0.027652226388454437,0.03087884932756424,1e-05,0.9921875,478.04225739999674,9513.16259765625
grounded,4941,0.05680248886346817,0.001267563900910318,0.05553492531180382,1e-05,1.0,478.13858740008436,9513.16259765625
grounded,4942,0.07860121876001358,0.003648306941613555,0.07495291531085968,1e-05,1.0,478.23395780008286,9513.16259765625
grounded,4943,0.056919097900390625,0.0026069304440170527,0.05431216582655907,1e-05,1.0,478.3287405000301,9513.16259765625
grounded,4944,0.0824449360370636,0.015495789237320423,0.06694914400577545,1e-05,0.9921875,478.42364230006933,9513.16259765625
grounded,4945,0.11445488035678864,0.05665447190403938,0.057800404727458954,1e-05,0.984375,478.5197633000789,9513.16259765625
grounded,4946,0.08854790031909943,0.014143958687782288,0.07440394163131714,1e-05,0.9921875,478.6145612000255,9513.16259765625
grounded,4947,0.07672533392906189,0.018155833706259727,0.05856949836015701,1e-05,0.9921875,478.70910870004445,9513.16259765625
grounded,4948,0.036820732057094574,0.004097624681890011,0.03272310644388199,1e-05,1.0,478.8037766000489,9513.16259765625
grounded,4949,0.05652530863881111,0.0015232140431180596,0.05500209331512451,1e-05,1.0,478.89928630006034,9513.16259765625
grounded,4950,0.04342592880129814,0.0004580358508974314,0.042967893183231354,1e-05,1.0,478.9946834000293,9513.16259765625
grounded,4951,0.12404219806194305,0.03304631635546684,0.09099587798118591,1e-05,0.9921875,479.09221789997537,9513.16259765625
grounded,4952,0.05399417132139206,0.01324909832328558,0.040745072066783905,1e-05,0.9921875,479.1874107000185,9513.16259765625
grounded,4953,0.06268934160470963,0.0007268995395861566,0.061962440609931946,1e-05,1.0,479.2826926000416,9513.16259765625
grounded,4954,0.05441848188638687,0.0027884182054549456,0.051630064845085144,1e-05,1.0,479.3782147000311,9513.16259765625
grounded,4955,0.07186166942119598,0.004590142518281937,0.06727152317762375,1e-05,1.0,479.4751356000779,9513.16259765625
grounded,4956,0.08713322877883911,0.015628140419721603,0.0715050920844078,1e-05,1.0,479.5714168000268,9513.16259765625
grounded,4957,0.07322706282138824,0.0011326828971505165,0.0720943808555603,1e-05,1.0,479.66724990005605,9513.16259765625
grounded,4958,0.03541289269924164,0.0015286655398085713,0.03388422727584839,1e-05,1.0,479.7635619000066,9513.16259765625
grounded,4959,0.09157560020685196,0.0005381416413001716,0.09103745967149734,1e-05,1.0,479.85835210001096,9513.16259765625
grounded,4960,0.08252808451652527,0.007063419558107853,0.07546466588973999,1e-05,1.0,479.954829000053,9513.16259765625
grounded,4961,0.06080642342567444,0.0067030806094408035,0.054103340953588486,1e-05,1.0,480.0511390999891,9513.16259765625
grounded,4962,0.05571727082133293,0.0006333169876597822,0.055083952844142914,1e-05,1.0,480.1470378000522,9513.16259765625
grounded,4963,0.07609157264232635,0.018355315551161766,0.05773625522851944,1e-05,0.9921875,480.24365820002276,9513.16259765625
grounded,4964,0.029530446976423264,0.005107501987367868,0.024422945454716682,1e-05,1.0,480.3389540000353,9513.16259765625
grounded,4965,0.023743050172924995,5.4507447202922776e-05,0.02368854358792305,1e-05,1.0,480.4350299000507,9513.16259765625
grounded,4966,0.08781436085700989,0.030696585774421692,0.057117778807878494,1e-05,1.0,480.53070530004334,9513.16259765625
grounded,4967,0.06369152665138245,0.024538259953260422,0.03915327042341232,1e-05,0.9921875,480.6262015000684,9513.16259765625
grounded,4968,0.039858486503362656,0.0015281708911061287,0.0383303165435791,1e-05,1.0,480.72157589998096,9513.16259765625
grounded,4969,0.05552833899855614,0.0017787020187824965,0.05374963581562042,1e-05,1.0,480.8164943000302,9513.16259765625
grounded,4970,0.0702388808131218,0.009279604069888592,0.06095927953720093,1e-05,0.9921875,480.9119125000434,9513.16259765625
grounded,4971,0.058983344584703445,0.00023216688714455813,0.0587511770427227,1e-05,1.0,481.00738470000215,9513.16259765625
grounded,4972,0.08834391832351685,0.01840752735733986,0.06993638724088669,1e-05,0.9921875,481.1041868000757,9513.16259765625
grounded,4973,0.0768011063337326,0.01734105870127678,0.05946004390716553,1e-05,1.0,481.19969390006736,9513.16259765625
grounded,4974,0.05871422216296196,0.004442892037332058,0.05427132919430733,1e-05,1.0,481.2947647999972,9513.16259765625
grounded,4975,0.06035008653998375,0.004690567497164011,0.055659517645835876,1e-05,1.0,481.39108069997746,9513.16259765625
grounded,4976,0.09670345485210419,0.02316185273230076,0.07354160398244858,1e-05,0.9921875,481.4874598000897,9513.16259765625
grounded,4977,0.059038568288087845,0.016405794769525528,0.04263277351856232,1e-05,0.9921875,481.5832732000854,9513.16259765625
grounded,4978,0.045116547495126724,0.00622512074187398,0.03889142721891403,1e-05,1.0,481.6789663999807,9513.16259765625
grounded,4979,0.06480561941862106,0.006327994633466005,0.05847762152552605,1e-05,1.0,481.77479420008603,9513.16259765625
grounded,4980,0.0548735186457634,0.00545815285295248,0.04941536486148834,1e-05,1.0,481.86907740007155,9513.16259765625
grounded,4981,0.06316552311182022,0.0017769259866327047,0.06138859689235687,1e-05,1.0,481.96507490007207,9513.16259765625
grounded,4982,0.057065244764089584,0.0008601436857134104,0.05620510131120682,1e-05,1.0,482.06094930006657,9513.16259765625
grounded,4983,0.0865691527724266,0.00397381791844964,0.0825953334569931,1e-05,1.0,482.1574285000097,9513.16259765625
grounded,4984,0.06256723403930664,0.0038020885549485683,0.058765146881341934,1e-05,1.0,482.25298950006254,9513.16259765625
grounded,4985,0.0593750923871994,0.0013875806471332908,0.0579875111579895,1e-05,1.0,482.3477387999883,9513.16259765625
grounded,4986,0.14461646974086761,0.0519072525203228,0.09270922094583511,1e-05,0.9921875,482.4437710000202,9513.16259765625
grounded,4987,0.051854945719242096,0.011249963194131851,0.040604982525110245,1e-05,0.9921875,482.54040980001446,9513.16259765625
grounded,4988,0.029575558379292488,0.0005289111286401749,0.029046647250652313,1e-05,1.0,482.63554450008087,9513.16259765625
grounded,4989,0.06923308223485947,0.005260534584522247,0.06397254765033722,1e-05,1.0,482.73006400000304,9513.16259765625
grounded,4990,0.04245060309767723,0.00113685114774853,0.04131375253200531,1e-05,1.0,482.82461270003114,9513.16259765625
grounded,4991,0.05681343749165535,0.00342211639508605,0.05339132249355316,1e-05,1.0,482.91942579997703,9513.16259765625
grounded,4992,0.1338251382112503,0.03819067403674126,0.09563446044921875,1e-05,0.9921875,483.0152623000322,9513.16259765625
grounded,4993,0.084804467856884,0.009069688618183136,0.07573477923870087,1e-05,1.0,483.11182840005495,9513.16259765625
grounded,4994,0.0594528391957283,0.012810036540031433,0.04664280265569687,1e-05,0.9921875,483.20730180002283,9513.16259765625
grounded,4995,0.07648327201604843,0.031781964004039764,0.04470130801200867,1e-05,0.984375,483.3021786999889,9513.16259765625
grounded,4996,0.11250042915344238,0.04539910703897476,0.06710132211446762,1e-05,0.9921875,483.39765370008536,9513.16259765625
grounded,4997,0.1042870506644249,0.014844916760921478,0.08944213390350342,1e-05,1.0,483.4937015000032,9513.16259765625
grounded,4998,0.10687002539634705,0.03620469942688942,0.07066532969474792,1e-05,0.9921875,483.5888419999974,9513.16259765625
grounded,4999,0.04501752927899361,0.001972266472876072,0.04304526373744011,1e-05,1.0,483.68319570005406,9513.16259765625
grounded,5000,0.051751334220170975,0.003051280276849866,0.04870005324482918,1e-05,1.0,483.7784560000291,9513.16259765625
